platform,assessment_type,company,year,track,round,post_id,post_title,source_post_url,problem_index,lesson_id,problem_id,problem_title,problem_name,problem_url,clean_text,clean_text_len,bullet_count,section_titles,selected_section_titles,difficulty,difficulty_100,ai_tags,ai_tag_count,contest_points,parser_version,crawl_time
kakao_programmers,public_official_release,kakao,2021,recruitment,R1,420,2021 카카오 신입공채 1차 온라인 코딩 테스트 for Tech developers 문제해설,https://tech.kakao.com/posts/420,1,72410,kakao_2021_420_1_72410,신규 아이디 추천,신규 아이디 추천,https://school.programmers.co.kr/learn/courses/30/lessons/72410,"카카오에 입사한 신입 개발자 네오 는 ""카카오계정개발팀""에 배치되어, 카카오 서비스에 가입하는 유저들의 아이디를 생성하는 업무를 담당하게 되었습니다. ""네오""에게 주어진 첫 업무는 새로 가입하는 유저들이 카카오 아이디 규칙에 맞지 않는 아이디를 입력했을 때, 입력된 아이디와 유사하면서 규칙에 맞는 아이디를 추천해주는 프로그램을 개발하는 것입니다. 다음은 카카오 아이디의 규칙입니다. 아이디의 길이는 3자 이상 15자 이하여야 합니다. 아이디는 알파벳 소문자, 숫자, 빼기( - ), 밑줄( _ ), 마침표( . ) 문자만 사용할 수 있습니다. 단, 마침표( . )는 처음과 끝에 사용할 수 없으며 또한 연속으로 사용할 수 없습니다. ""네오""는 다음과 같이 7단계의 순차적인 처리 과정을 통해 신규 유저가 입력한 아이디가 카카오 아이디 규칙에 맞는 지 검사하고 규칙에 맞지 않은 경우 규칙에 맞는 새로운 아이디를 추천해 주려고 합니다. 신규 유저가 입력한 아이디가 new_id 라고 한다면, 1단계 new_id의 모든 대문자를 대응되는 소문자로 치환합니다. 2단계 new_id에서 알파벳 소문자, 숫자, 빼기(-), 밑줄(_), 마침표(.)를 제외한 모든 문자를 제거합니다. 3단계 new_id에서 마침표(.)가 2번 이상 연속된 부분을 하나의 마침표(.)로 치환합니다. 4단계 new_id에서 마침표(.)가 처음이나 끝에 위치한다면 제거합니다. 5단계 new_id가 빈 문자열이라면, new_id에 ""a""를 대입합니다. 6단계 new_id의 길이가 16자 이상이면, new_id의 첫 15개의 문자를 제외한 나머지 문자들을 모두 제거합니다. 만약 제거 후 마침표(.)가 new_id의 끝에 위치한다면 끝에 위치한 마침표(.) 문자를 제거합니다. 7단계 new_id의 길이가 2자 이하라면, new_id의 마지막 문자를 new_id의 길이가 3이 될 때까지 반복해서 끝에 붙입니다.",941,3,['문제 설명'],['문제 설명'],,,[],,,1.0.0-kakao-official-2021-2025,2026-06-04T18:22:03.753309+00:00
kakao_programmers,public_official_release,kakao,2021,recruitment,R1,420,2021 카카오 신입공채 1차 온라인 코딩 테스트 for Tech developers 문제해설,https://tech.kakao.com/posts/420,2,72411,kakao_2021_420_2_72411,메뉴 리뉴얼,메뉴 리뉴얼,https://school.programmers.co.kr/learn/courses/30/lessons/72411,"레스토랑을 운영하던 스카피 는 코로나19로 인한 불경기를 극복하고자 메뉴를 새로 구성하려고 고민하고 있습니다. 기존에는 단품으로만 제공하던 메뉴를 조합해서 코스요리 형태로 재구성해서 새로운 메뉴를 제공하기로 결정했습니다. 어떤 단품메뉴들을 조합해서 코스요리 메뉴로 구성하면 좋을 지 고민하던 ""스카피""는 이전에 각 손님들이 주문할 때 가장 많이 함께 주문한 단품메뉴들을 코스요리 메뉴로 구성하기로 했습니다. 단, 코스요리 메뉴는 최소 2가지 이상의 단품메뉴로 구성하려고 합니다. 또한, 최소 2명 이상의 손님으로부터 주문된 단품메뉴 조합에 대해서만 코스요리 메뉴 후보에 포함하기로 했습니다. 예를 들어, 손님 6명이 주문한 단품메뉴들의 조합이 다음과 같다면, (각 손님은 단품메뉴를 2개 이상 주문해야 하며, 각 단품메뉴는 A ~ Z의 알파벳 대문자로 표기합니다.) 손님 번호 주문한 단품메뉴 조합 1번 손님 A, B, C, F, G 2번 손님 A, C 3번 손님 C, D, E 4번 손님 A, C, D, E 5번 손님 B, C, F, G 6번 손님 A, C, D, E, H 가장 많이 함께 주문된 단품메뉴 조합에 따라 ""스카피""가 만들게 될 코스요리 메뉴 구성 후보는 다음과 같습니다. 코스 종류 메뉴 구성 설명 요리 2개 코스 A, C 1번, 2번, 4번, 6번 손님으로부터 총 4번 주문됐습니다. 요리 3개 코스 C, D, E 3번, 4번, 6번 손님으로부터 총 3번 주문됐습니다. 요리 4개 코스 B, C, F, G 1번, 5번 손님으로부터 총 2번 주문됐습니다. 요리 4개 코스 A, C, D, E 4번, 6번 손님으로부터 총 2번 주문됐습니다. [문제] 각 손님들이 주문한 단품메뉴들이 문자열 형식으로 담긴 배열 orders, ""스카피""가 추가하고 싶어하는 코스요리를 구성하는 단품메뉴들의 갯수가 담긴 배열 course가 매개변수로 주어질 때, ""스카피""가 새로 추가하게 될 코스요리의 메뉴 구성을 문자열 형태로 배열에 담아 return 하도록 solution 함수를 완성해 주세요. [제한사항] orders 배열의 크기는 2 이상 20 이하입니다. orders 배열의 각 원소는 크기가 2 이상 10 이하인 문자열입니다. 각 문자열은 알파벳 대문자로만 이루어져 있습니다. 각 문자열에는 같은 알파벳이 중복해서 들어있지 않습니다. course 배열의 크기는 1 이상 10 이하입니다. course 배열의 각 원소는 2 이상 10 이하인 자연수가 오름차순 으로 정렬되어 있습니다. course 배열에는 같은 값이 중복해서 들어있지 않습니다. 정답은 각 코스요리 메뉴의 구성을 문자열 형식으로 배열에 담아 사전 순으로 오름차순 정렬해서 return 해주세요. 배열의 각 원소에 저장된 문자열 또한 알파벳 오름차순 으로 정렬되어야 합니다. 만약 가장 많이 함께 주문된 메뉴 구성이 여러 개라면, 모두 배열에 담아 return 하면 됩니다. orders와 course 매개변수는 return 하는 배열의 길이가 1 이상이 되도록 주어집니다. [입출력 예] orders course result [""ABCFG"", ""AC"", ""CDE"", ""ACDE"", ""BCFG"", ""ACDEH""] [2,3,4] [""AC"", ""ACDE"", ""BCFG"", ""CDE""] [""ABCDE"", ""AB"", ""CD"", ""ADE"", ""XYZ"", ""XYZ"", ""ACD""] [2,3,5] [""ACD"", ""AD"", ""ADE"", ""CD"", ""XYZ""] [""XYZ"", ""XWY"", ""WXA""] [2,3,4] [""WX"", ""XY""] 입출력 예에 대한 설명 입출력 예 #1 문제의 예시와 같습니다. 입출력 예 #2 AD가 세 번, CD가 세 번, ACD가 두 번, ADE가 두 번, XYZ 가 두 번 주문됐습니다. 요리 5개를 주문한 손님이 1명 있지만, 최소 2명 이상의 손님에게서 주문된 구성만 코스요리 후보에 들어가므로, 요리 5개로 구성된 코스요리는 새로 추가하지 않습니다. 입출력 예 #3 WX가 두 번, XY가 두 번 주문됐습니다. 3명의 손님 모두 단품메뉴를 3개씩 주문했지만, 최소 2명 이상의 손님에게서 주문된 구성만 코스요리 후보에 들어가므로, 요리 3개로 구성된 코스요리는 새로 추가하지 않습니다. 또, 단품메뉴를 4개 이상 주문한 손님은 없으므로, 요리 4개로 구성된 코스요리 또한 새로 추가하지 않습니다.",2119,11,['문제 설명'],['문제 설명'],,,[],,,1.0.0-kakao-official-2021-2025,2026-06-04T18:22:03.753309+00:00
kakao_programmers,public_official_release,kakao,2021,recruitment,R1,420,2021 카카오 신입공채 1차 온라인 코딩 테스트 for Tech developers 문제해설,https://tech.kakao.com/posts/420,3,72412,kakao_2021_420_3_72412,순위 검색,순위 검색,https://school.programmers.co.kr/learn/courses/30/lessons/72412,"[본 문제는 정확성과 효율성 테스트 각각 점수가 있는 문제입니다.] 카카오는 하반기 경력 개발자 공개채용을 진행 중에 있으며 현재 지원서 접수와 코딩테스트가 종료되었습니다. 이번 채용에서 지원자는 지원서 작성 시 아래와 같이 4가지 항목을 반드시 선택하도록 하였습니다. 코딩테스트 참여 개발언어 항목에 cpp, java, python 중 하나를 선택해야 합니다. 지원 직군 항목에 backend와 frontend 중 하나를 선택해야 합니다. 지원 경력구분 항목에 junior와 senior 중 하나를 선택해야 합니다. 선호하는 소울푸드로 chicken과 pizza 중 하나를 선택해야 합니다. 인재영입팀에 근무하고 있는 니니즈 는 코딩테스트 결과를 분석하여 채용에 참여한 개발팀들에 제공하기 위해 지원자들의 지원 조건을 선택하면 해당 조건에 맞는 지원자가 몇 명인 지 쉽게 알 수 있는 도구를 만들고 있습니다. 예를 들어, 개발팀에서 궁금해하는 문의사항은 다음과 같은 형태가 될 수 있습니다. 코딩테스트에 java로 참여했으며, backend 직군을 선택했고, junior 경력이면서, 소울푸드로 pizza를 선택한 사람 중 코딩테스트 점수를 50점 이상 받은 지원자는 몇 명인가? 물론 이 외에도 각 개발팀의 상황에 따라 아래와 같이 다양한 형태의 문의가 있을 수 있습니다. 코딩테스트에 python으로 참여했으며, frontend 직군을 선택했고, senior 경력이면서, 소울푸드로 chicken을 선택한 사람 중 코딩테스트 점수를 100점 이상 받은 사람은 모두 몇 명인가? 코딩테스트에 cpp로 참여했으며, senior 경력이면서, 소울푸드로 pizza를 선택한 사람 중 코딩테스트 점수를 100점 이상 받은 사람은 모두 몇 명인가? backend 직군을 선택했고, senior 경력이면서 코딩테스트 점수를 200점 이상 받은 사람은 모두 몇 명인가? 소울푸드로 chicken을 선택한 사람 중 코딩테스트 점수를 250점 이상 받은 사람은 모두 몇 명인가? 코딩테스트 점수를 150점 이상 받은 사람은 모두 몇 명인가? 즉, 개발팀에서 궁금해하는 내용은 다음과 같은 형태를 갖습니다. * [조건]을 만족하는 사람 중 코딩테스트 점수를 X점 이상 받은 사람은 모두 몇 명인가?",1110,9,['문제 설명'],['문제 설명'],,,[],,,1.0.0-kakao-official-2021-2025,2026-06-04T18:22:03.753309+00:00
kakao_programmers,public_official_release,kakao,2021,recruitment,R1,420,2021 카카오 신입공채 1차 온라인 코딩 테스트 for Tech developers 문제해설,https://tech.kakao.com/posts/420,4,72413,kakao_2021_420_4_72413,합승 택시 요금,합승 택시 요금,https://school.programmers.co.kr/learn/courses/30/lessons/72413,"[본 문제는 정확성과 효율성 테스트 각각 점수가 있는 문제입니다.] 밤늦게 귀가할 때 안전을 위해 항상 택시를 이용하던 무지 는 최근 야근이 잦아져 택시를 더 많이 이용하게 되어 택시비를 아낄 수 있는 방법을 고민하고 있습니다. ""무지""는 자신이 택시를 이용할 때 동료인 어피치 역시 자신과 비슷한 방향으로 가는 택시를 종종 이용하는 것을 알게 되었습니다. ""무지""는 ""어피치""와 귀가 방향이 비슷하여 택시 합승을 적절히 이용하면 택시요금을 얼마나 아낄 수 있을 지 계산해 보고 ""어피치""에게 합승을 제안해 보려고 합니다. 위 예시 그림은 택시가 이동 가능한 반경에 있는 6개 지점 사이의 이동 가능한 택시노선과 예상요금을 보여주고 있습니다. 그림에서 A 와 B 두 사람은 출발지점인 4번 지점에서 출발해서 택시를 타고 귀가하려고 합니다. A 의 집은 6번 지점에 있으며 B 의 집은 2번 지점에 있고 두 사람이 모두 귀가하는 데 소요되는 예상 최저 택시요금이 얼마인 지 계산하려고 합니다. 그림의 원은 지점을 나타내며 원 안의 숫자는 지점 번호를 나타냅니다. 지점이 n개일 때, 지점 번호는 1부터 n까지 사용됩니다. 지점 간에 택시가 이동할 수 있는 경로를 간선이라 하며, 간선에 표시된 숫자는 두 지점 사이의 예상 택시요금을 나타냅니다. 간선은 편의 상 직선으로 표시되어 있습니다. 위 그림 예시에서, 4번 지점에서 1번 지점으로(4→1) 가거나, 1번 지점에서 4번 지점으로(1→4) 갈 때 예상 택시요금은 10 원으로 동일하며 이동 방향에 따라 달라지지 않습니다. 예상되는 최저 택시요금은 다음과 같이 계산됩니다. 4→1→5 : A , B 가 합승하여 택시를 이용합니다. 예상 택시요금은 10 + 24 = 34 원 입니다. 5→6 : A 가 혼자 택시를 이용합니다. 예상 택시요금은 2 원 입니다. 5→3→2 : B 가 혼자 택시를 이용합니다. 예상 택시요금은 24 + 22 = 46 원 입니다. A , B 모두 귀가 완료까지 예상되는 최저 택시요금은 34 + 2 + 46 = 82 원 입니다. [문제] 지점의 개수 n, 출발지점을 나타내는 s, A 의 도착지점을 나타내는 a, B 의 도착지점을 나타내는 b, 지점 사이의 예상 택시요금을 나타내는 fares가 매개변수로 주어집니다. 이때, A , B 두 사람이 s에서 출발해서 각각의 도착 지점까지 택시를 타고 간다고 가정할 때, 최저 예상 택시요금을 계산해서 return 하도록 solution 함수를 완성해 주세요. 만약, 아예 합승을 하지 않고 각자 이동하는 경우의 예상 택시요금이 더 낮다면, 합승을 하지 않아도 됩니다. [제한사항] 지점갯수 n은 3 이상 200 이하인 자연수입니다. 지점 s, a, b는 1 이상 n 이하인 자연수이며, 각기 서로 다른 값입니다. 즉, 출발지점, A 의 도착지점, B 의 도착지점은 서로 겹치지 않습니다. fares는 2차원 정수 배열입니다. fares 배열의 크기는 2 이상 n x (n-1) / 2 이하입니다. 예를들어, n = 6이라면 fares 배열의 크기는 2 이상 15 이하입니다. ( 6 x 5 / 2 = 15 ) fares 배열의 각 행은 [c, d, f] 형태입니다. c지점과 d지점 사이의 예상 택시요금이 f 원이라는 뜻입니다. 지점 c, d는 1 이상 n 이하인 자연수이며, 각기 서로 다른 값입니다. 요금 f는 1 이상 100,000 이하인 자연수입니다. fares 배열에 두 지점 간 예상 택시요금은 1개만 주어집니다. 즉, [c, d, f]가 있다면 [d, c, f]는 주어지지 않습니다. 출발지점 s에서 도착지점 a와 b로 가는 경로가 존재하는 경우만 입력으로 주어집니다. [입출력 예] n s a b fares result 6 4 6 2 [[4, 1, 10], [3, 5, 24], [5, 6, 2], [3, 1, 41], [5, 1, 24], [4, 6, 50], [2, 4, 66], [2, 3, 22], [1, 6, 25]] 82 7 3 4 1 [[5, 7, 9], [4, 6, 4], [3, 6, 1], [3, 2, 3], [2, 1, 6]] 14 6 4 5 6 [[2,6,6], [6,3,7], [4,6,7], [6,5,11], [2,5,12], [5,3,20], [2,4,8], [4,3,9]] 18 입출력 예에 대한 설명 입출력 예 #1 문제 예시와 같습니다. 입출력 예 #2 합승을 하지 않고, B 는 3→2→1 , A 는 3→6→4 경로로 각자 택시를 타고 가는 것이 최저 예상 택시요금입니다. 따라서 최저 예상 택시요금은 (3 + 6) + (1 + 4) = 14 원 입니다. 입출력 예 #3 A 와 B 가 4→6 구간을 합승하고 B 가 6번 지점에서 내린 후, A가 6→5` 구간을 혼자 타고 가는 것이 최저 예상 택시요금입니다. 따라서 최저 예상 택시요금은 7 + 11 = 18 원 입니다.",2375,26,['문제 설명'],['문제 설명'],,,[],,,1.0.0-kakao-official-2021-2025,2026-06-04T18:22:03.753309+00:00
kakao_programmers,public_official_release,kakao,2021,recruitment,R1,420,2021 카카오 신입공채 1차 온라인 코딩 테스트 for Tech developers 문제해설,https://tech.kakao.com/posts/420,5,72414,kakao_2021_420_5_72414,광고 삽입,광고 삽입,https://school.programmers.co.kr/learn/courses/30/lessons/72414,"카카오TV 에서 유명한 크리에이터로 활동 중인 죠르디 는 환경 단체로부터 자신의 가장 인기있는 동영상에 지구온난화의 심각성을 알리기 위한 공익광고를 넣어 달라는 요청을 받았습니다. 평소에 환경 문제에 관심을 가지고 있던 ""죠르디""는 요청을 받아들였고 광고효과를 높이기 위해 시청자들이 가장 많이 보는 구간에 공익광고를 넣으려고 합니다. ""죠르디""는 시청자들이 해당 동영상의 어떤 구간을 재생했는 지 알 수 있는 재생구간 기록을 구했고, 해당 기록을 바탕으로 공익광고가 삽입될 최적의 위치를 고를 수 있었습니다. 참고로 광고는 재생 중인 동영상의 오른쪽 아래에서 원래 영상과 동시에 재생되는 PIP(Picture in Picture) 형태로 제공됩니다. 다음은 ""죠르디""가 공익광고가 삽입될 최적의 위치를 고르는 과정을 그림으로 설명한 것입니다. 그림의 파란색 선은 광고를 검토 중인 ""죠르디"" 동영상의 전체 재생 구간을 나타냅니다. 위 그림에서, ""죠르디"" 동영상의 총 재생시간은 02시간 03분 55초 입니다. 그림의 검은색 선들은 각 시청자들이 ""죠르디""의 동영상을 재생한 구간의 위치를 표시하고 있습니다. 검은색 선의 가운데 숫자는 각 재생 기록을 구분하는 ID를 나타냅니다. 검은색 선에 표기된 왼쪽 끝 숫자와 오른쪽 끝 숫자는 시청자들이 재생한 동영상 구간의 시작 시각과 종료 시각을 나타냅니다. 위 그림에서, 3번 재생 기록은 00시 25분 50초 부터 00시 48분 29초 까지 총 00시간 22분 39초 동안 죠르디의 동영상을 재생했습니다. 1 위 그림에서, 1번 재생 기록은 01시 20분 15초 부터 01시 45분 14초 까지 총 00시간 24분 59초 동안 죠르디의 동영상을 재생했습니다. 그림의 빨간색 선은 ""죠르디""가 선택한 최적의 공익광고 위치를 나타냅니다. 만약 공익광고의 재생시간이 00시간 14분 15초 라면, 위의 그림처럼 01시 30분 59초 부터 01시 45분 14초 까지 공익광고를 삽입하는 것이 가장 좋습니다. 이 구간을 시청한 시청자들의 누적 재생시간이 가장 크기 때문입니다. 01시 30분 59초 부터 01시 45분 14초 까지의 누적 재생시간은 다음과 같이 계산됩니다. 01시 30분 59초 부터 01시 37분 44초 까지 : 4번, 1번 재생 기록이 두차례 있으므로 재생시간의 합은 00시간 06분 45초 X 2 = 00시간 13분 30초 01시 37분 44초 부터 01시 45분 14초 까지 : 4번, 1번, 5번 재생 기록이 세차례 있으므로 재생시간의 합은 00시간 07분 30초 X 3 = 00시간 22분 30초 따라서, 이 구간 시청자들의 누적 재생시간은 00시간 13분 30초 + 00시간 22분 30초 = 00시간 36분 00초 입니다. [문제] ""죠르디""의 동영상 재생시간 길이 play_time, 공익광고의 재생시간 길이 adv_time, 시청자들이 해당 동영상을 재생했던 구간 정보 logs가 매개변수로 주어질 때, 시청자들의 누적 재생시간이 가장 많이 나오는 곳에 공익광고를 삽입하려고 합니다. 이때, 공익광고가 들어갈 시작 시각 을 구해서 return 하도록 solution 함수를 완성해주세요. 만약, 시청자들의 누적 재생시간이 가장 많은 곳이 여러 곳이라면, 그 중에서 가장 빠른 시작 시각 을 return 하도록 합니다. [제한사항] play_time, adv_time은 길이 8로 고정된 문자열입니다. play_time, adv_time은 HH:MM:SS 형식이며, 00:00:01 이상 99:59:59 이하입니다. 즉, 동영상 재생시간과 공익광고 재생시간은 00시간 00분 01초 이상 99시간 59분 59초 이하입니다. 공익광고 재생시간은 동영상 재생시간보다 짧거나 같게 주어집니다. logs는 크기가 1 이상 300,000 이하인 문자열 배열입니다. logs 배열의 각 원소는 시청자의 재생 구간을 나타냅니다. logs 배열의 각 원소는 길이가 17로 고정된 문자열입니다. logs 배열의 각 원소는 H1:M1:S1-H2:M2:S2 형식입니다. H1:M1:S1 은 동영상이 시작된 시각, H2:M2:S2 는 동영상이 종료된 시각을 나타냅니다. H1:M1:S1 는 H2:M2:S2 보다 1초 이상 이전 시각으로 주어집니다. H1:M1:S1 와 H2:M2:S2 는 play_time 이내의 시각입니다. 시간을 나타내는 HH, H1, H2 의 범위는 00~99, 분을 나타내는 MM, M1, M2 의 범위는 00~59, 초를 나타내는 SS, S1, S2 의 범위는 00~59까지 사용됩니다. 잘못된 시각은 입력으로 주어지지 않습니다. (예: 04:60:24 , 11:12:78 , 123:12:45 등) return 값의 형식 공익광고를 삽입할 시각을 HH:MM:SS 형식의 8자리 문자열로 반환합니다. [입출력 예] play_time adv_time logs result ""02:03:55"" ""00:14:15"" [""01:20:15-01:45:14"", ""00:40:31-01:00:00"", ""00:25:50-00:48:29"", ""01:30:59-01:53:29"", ""01:37:44-02:02:30""] ""01:30:59"" ""99:59:59"" ""25:00:00"" [""69:59:59-89:59:59"", ""01:00:00-21:00:00"", ""79:59:59-99:59:59"", ""11:00:00-31:00:00""] ""01:00:00"" ""50:00:00"" ""50:00:00"" [""15:36:51-38:21:49"", ""10:14:18-15:36:51"", ""38:21:49-42:51:45""] ""00:00:00"" 입출력 예에 대한 설명 입출력 예 #1 문제 예시와 같습니다. 입출력 예 #2 01:00:00 에 공익광고를 삽입하면 26:00:00 까지 재생되며, 이곳이 가장 좋은 위치입니다. 이 구간의 시청자 누적 재생시간은 다음과 같습니다. 01:00:00-11:00:00 : 해당 구간이 1회(2번 기록) 재생되었으므로 누적 재생시간은 10시간 00분 00초 입니다. 11:00:00-21:00:00 : 해당 구간이 2회(2번, 4번 기록) 재생되었으므로 누적 재생시간은 20시간 00분 00초 입니다. 21:00:00-26:00:00 : 해당 구간이 1회(4번 기록) 재생되었으므로 누적 재생시간은 05시간 00분 00초 입니다. 따라서, 이 구간의 시청자 누적 재생시간은 10시간 00분 00초 + 20시간 00분 00초 + 05시간 00분 00초 = 35시간 00분 00초 입니다. 초록색으로 표시된 구간( 69:59:59-94:59:59 )에 광고를 삽입해도 동일한 결과를 얻을 수 있으나, 01:00:00 이 69:59:59 보다 빠른 시각이므로, ""01:00:00"" 을 return 합니다. 입출력 예 #3 동영상 재생시간과 공익광고 재생시간이 같으므로, 삽입할 수 있는 위치는 맨 처음( 00:00:00 )이 유일합니다. 동영상 재생시간 = 재생이 종료된 시각 - 재생이 시작된 시각 (예를 들어, 00시 00분 01초 부터 00시 00분 10초 까지 동영상이 재생되었다면, 동영상 재생시간은 9초 입니다.) ↩",3469,33,['문제 설명'],['문제 설명'],,,[],,,1.0.0-kakao-official-2021-2025,2026-06-04T18:22:03.753309+00:00
kakao_programmers,public_official_release,kakao,2021,recruitment,R1,420,2021 카카오 신입공채 1차 온라인 코딩 테스트 for Tech developers 문제해설,https://tech.kakao.com/posts/420,6,72415,kakao_2021_420_6_72415,카드 짝 맞추기,카드 짝 맞추기,https://school.programmers.co.kr/learn/courses/30/lessons/72415,"게임 개발자인 베로니 는 개발 연습을 위해 다음과 같은 간단한 카드 짝맞추기 보드 게임을 개발해 보려고 합니다. 게임이 시작되면 화면에는 카드 16장이 뒷면을 위로하여 4 x 4 크기의 격자 형태로 표시되어 있습니다. 각 카드의 앞면에는 카카오프렌즈 캐릭터 그림이 그려져 있으며, 8가지의 캐릭터 그림이 그려진 카드가 각기 2장씩 화면에 무작위로 배치되어 있습니다. 유저가 카드를 2장 선택하여 앞면으로 뒤집었을 때 같은 그림이 그려진 카드면 해당 카드는 게임 화면에서 사라지며, 같은 그림이 아니라면 원래 상태로 뒷면이 보이도록 뒤집힙니다. 이와 같은 방법으로 모든 카드를 화면에서 사라지게 하면 게임이 종료됩니다. 게임에서 카드를 선택하는 방법은 다음과 같습니다. 카드는 커서 를 이용해서 선택할 수 있습니다. 커서는 4 x 4 화면에서 유저가 선택한 현재 위치를 표시하는 ""굵고 빨간 테두리 상자""를 의미합니다. 커서는 [Ctrl] 키와 방향키에 의해 이동되며 키 조작법은 다음과 같습니다. 방향키 ←, ↑, ↓, → 중 하나를 누르면, 커서가 누른 키 방향으로 1칸 이동합니다. [Ctrl] 키를 누른 상태에서 방향키 ←, ↑, ↓, → 중 하나를 누르면, 누른 키 방향에 있는 가장 가까운 카드로 한번에 이동합니다. 만약, 해당 방향에 카드가 하나도 없다면 그 방향의 가장 마지막 칸으로 이동합니다. 만약, 누른 키 방향으로 이동 가능한 카드 또는 빈 공간이 없어 이동할 수 없다면 커서는 움직이지 않습니다. 커서가 위치한 카드를 뒤집기 위해서는 [Enter] 키를 입력합니다. [Enter] 키를 입력해서 카드를 뒤집었을 때 앞면이 보이는 카드가 1장 뿐이라면 그림을 맞출 수 없으므로 두번째 카드를 뒤집을 때 까지 앞면을 유지합니다. 앞면이 보이는 카드가 2장이 된 경우, 두개의 카드에 그려진 그림이 같으면 해당 카드들이 화면에서 사라지며, 그림이 다르다면 두 카드 모두 뒷면이 보이도록 다시 뒤집힙니다. ""베로니""는 게임 진행 중 카드의 짝을 맞춰 몇 장 제거된 상태에서 카드 앞면의 그림을 알고 있다면, 남은 카드를 모두 제거하는데 필요한 키 조작 횟수의 최솟값을 구해 보려고 합니다. 키 조작 횟수는 방향키와 [Enter] 키를 누르는 동작을 각각 조작 횟수 1 로 계산하며, [Ctrl] 키와 방향키를 함께 누르는 동작 또한 조작 횟수 1 로 계산합니다. 다음은 카드가 몇 장 제거된 상태의 게임 화면에서 커서를 이동하는 예시입니다. 아래 그림에서 빈 칸은 이미 카드가 제거되어 없어진 칸을 의미하며, 그림이 그려진 칸은 카드 앞 면에 그려진 그림을 나타냅니다. 예시에서 커서는 두번째 행, 첫번째 열 위치에서 시작하였습니다. [Enter] 입력, ↓ 이동, [Ctrl]+→ 이동, [Enter] 입력 = 키 조작 4회 [Ctrl]+↑ 이동, [Enter] 입력, [Ctrl]+← 이동, [Ctrl]+↓ 이동, [Enter] 입력 = 키 조작 5회 [Ctrl]+→ 이동, [Enter] 입력, [Ctrl]+↑ 이동, [Ctrl]+← 이동, [Enter] 입력 = 키 조작 5회 위와 같은 방법으로 커서를 이동하여 카드를 선택하고 그림을 맞추어 카드를 모두 제거하기 위해서는 총 14번(방향 이동 8번, [Enter] 키 입력 6번)의 키 조작 횟수가 필요합니다. [문제] 현재 카드가 놓인 상태를 나타내는 2차원 배열 board와 커서의 처음 위치 r, c가 매개변수로 주어질 때, 모든 카드를 제거하기 위한 키 조작 횟수의 최솟값을 return 하도록 solution 함수를 완성해 주세요. [제한사항] board는 4 x 4 크기의 2차원 배열입니다. board 배열의 각 원소는 0 이상 6 이하인 자연수입니다. 0은 카드가 제거된 빈 칸을 나타냅니다. 1 부터 6까지의 자연수는 2개씩 들어있으며 같은 숫자는 같은 그림의 카드를 의미합니다. 뒤집을 카드가 없는 경우(board의 모든 원소가 0인 경우)는 입력으로 주어지지 않습니다. r은 커서의 최초 세로(행) 위치를 의미합니다. c는 커서의 최초 가로(열) 위치를 의미합니다. r과 c는 0 이상 3 이하인 정수입니다. 게임 화면의 좌측 상단이 (0, 0), 우측 하단이 (3, 3) 입니다. [입출력 예] board r c result [[1,0,0,3],[2,0,0,0],[0,0,0,2],[3,0,1,0]] 1 0 14 [[3,0,0,2],[0,0,1,0],[0,1,0,0],[2,0,0,3]] 0 1 16 입출력 예에 대한 설명 입출력 예 #1 문제의 예시와 같습니다. 입출력 예 #2 입력으로 주어진 게임 화면은 아래 그림과 같습니다. 위 게임 화면에서 모든 카드를 제거하기 위한 키 조작 횟수의 최솟값은 16번 입니다.",2302,20,['문제 설명'],['문제 설명'],,,[],,,1.0.0-kakao-official-2021-2025,2026-06-04T18:22:03.753309+00:00
kakao_programmers,public_official_release,kakao,2021,recruitment,R1,420,2021 카카오 신입공채 1차 온라인 코딩 테스트 for Tech developers 문제해설,https://tech.kakao.com/posts/420,7,72416,kakao_2021_420_7_72416,매출 하락 최소화,매출 하락 최소화,https://school.programmers.co.kr/learn/courses/30/lessons/72416,"유통전문회사 카카오상사 의 오너인 제이지 는 새로운 사업 아이템을 구상하기 위해 전문경영인(CEO)인 프로도 에게 회사의 경영을 부탁하였습니다. ""카카오상사""는 직원들을 여러 개의 팀 단위로 조직을 구성하고 있으며 아래 그림은 CEO를 포함하여 10명의 직원과 4개의 팀으로 구성되어 있는 회사 조직도를 보여주고 있습니다. 그림의 조직도는 다음과 같이 설명할 수 있습니다. 그림의 각 원들은 각각의 직원 1명을 표시하고 있으며, CEO를 포함하여 총 10명의 직원을 표시하고 있습니다. 원 안에 적힌 두 개의 숫자는 직원의 정보를 담고 있습니다. 왼쪽 숫자는 직원번호 이며 직원을 식별할 수 있도록 1번부터 순서대로 발급되는 일련번호이며, 오른쪽 숫자는 해당 직원의 하루평균 매출액 을 나타냅니다. 위 그림에서 1번 직원은 14원을, 9번 직원은 28원의 하루평균 매출액을 기록하고 있습니다. CEO를 포함하여 모든 직원은 팀장 또는 팀원이라는 직위를 가지고 있으며 그림에서는 팀장과 팀원의 관계를 화살표로 표시하고 있습니다. 화살표가 시작되는 쪽의 직원은 팀장, 화살표를 받는 쪽의 직원은 팀원을 의미합니다. 3-1. 직원번호 1번 은 회사의 CEO로 고정되어 있으며, CEO는 항상 팀장이고 팀원일 수 없어 화살표를 받는 쪽이 될 수 없습니다. 3-2. 반면에 CEO를 제외한 나머지 모든 직원들은 다른 누군가로부터 정확히 1개의 화살표를 받게 됩니다. 3-3. 한 직원은 최대 2개의 팀에 소속될 수 있습니다. 만약 어떤 직원이 두 개의 팀에 소속되어 있다면, 반드시 하나의 팀에서는 팀장, 나머지 팀에서는 팀원이어야 합니다. 팀장을 겸임하거나, 두 개의 팀에서 팀원이 될 수는 없습니다. 예를들어 10번 직원은 D팀 의 팀장이면서 동시에 5번 직원이 팀장으로 있는 C팀 에 속한 팀원입니다. 3-4. 5번, 9번, 10번 직원은 받는 쪽의 화살표와 시작하는 화살표가 모두 있으므로 팀장인 동시에 팀원입니다. 3-5. 2번, 3번, 4번, 6번, 7번, 8번 직원은 시작하는 화살표가 없고 받는 쪽의 화살표만 있으므로 팀장이 아니며 오직 팀원입니다. 3-6. 1번 직원인 CEO는 받는 쪽의 화살표가 없고 시작하는 화살표만 있으며 항상 팀원이 아닌 팀장입니다. 3-7. 그림의 조직도에는 A, B, C, D 총 4개의 팀이 존재하며, 각각 1번, 9번, 5번, 10번 직원이 팀장 직위를 담당하게 됩니다. ""제이지""는 자신이 구상한 새로운 사업 아이템에 대해 직원들에게 설명하고자 하루 일정으로 워크숍을 계획하고 있습니다. 단, 모든 직원을 참석시킬 수 없어 아래와 같은 기준으로 워크숍에 참석할 직원들을 선발하려고 합니다. 워크숍에서 교육받은 내용은 전 직원들에게 공유되어야 하므로 모든 팀은 최소 1명 이상 의 직원을 워크숍에 참석시켜야 합니다. 워크숍 기간 동안, 회사의 매출 손실을 최소화하는 것이 중요하므로 워크숍에 참석하는 직원들의 하루평균 매출액의 합이 최소가 되어야 합니다. 위 그림의 조직도에서 회색으로 색칠된 1번, 7번, 10번 직원을 워크숍에 참석시키면 모든 팀에서 최소 한 명 이상의 직원을 참석시킨 것이 되며, 해당 직원들의 하루평균 매출액의 합은 44(14+13+17)원 입니다. 10번 직원은 C팀과 D팀 모두에 속해 있으므로, 두 팀에서 모두 참석한 것으로 인정됩니다. [문제] 직원들의 하루평균 매출액 값을 담은 배열 sales, 직원들의 팀장-팀원 의 관계를 나타내는 2차원 배열 links가 매개변수로 주어집니다. 이때, 모든 팀에서 최소 한 명 이상 워크숍에 참석하면서, 참석하는 직원들의 하루평균 매출액의 합을 최소로 하려고 합니다. 그렇게 최소화된 매출액의 합을 구해서 return 하도록 solution 함수를 완성해 주세요. [제한사항] sales 배열의 크기는 2 이상 300,000 이하입니다. sales 배열의 크기는 CEO를 포함한 전체 직원 수와 같습니다. sales 배열은 각 직원들의 하루평균 매출액을 담고 있으며, 1번 직원부터 직원번호 순서대로 주어집니다. sales 배열의 각 원소의 값은 0 이상 10,000 이하인 정수입니다. links 배열의 크기는 sales 배열의 크기 - 1 입니다. 즉, 전체 직원 수보다 1이 작습니다. links 배열의 각 원소는 [a, b] 형식입니다. a는 팀장의 직원번호, b는 a팀장이 관리하는 팀원의 직원번호이며, a와 b는 서로 다른 자연수입니다. 1 ≤ a ≤ sales 배열의 크기 입니다. 2 ≤ b ≤ sales 배열의 크기 입니다. 직원번호 1은 CEO로 정해져 있고 CEO는 항상 팀장으므로 b ≠ 1 입니다. links 배열로 만들어지는 조직도는 하나의 트리 구조 형태입니다. 정답으로 return 되는 값은 2 31 - 1 이하인 자연수임이 보장됩니다. [입출력 예] sales links result [14, 17, 15, 18, 19, 14, 13, 16, 28, 17] [[10, 8], [1, 9], [9, 7], [5, 4], [1, 5], [5, 10], [10, 6], [1, 3], [10, 2]] 44 [5, 6, 5, 3, 4] [[2,3], [1,4], [2,5], [1,2]] 6 [5, 6, 5, 1, 4] [[2,3], [1,4], [2,5], [1,2]] 5 [10, 10, 1, 1] [[3,2], [4,3], [1,4]] 2 입출력 예에 대한 설명 입출력 예 #1 문제 예시와 같습니다. 입출력 예 #2 직원번호가 2인 직원 한 명을 워크숍에 참석시키는 것이 최선이며, 2번 직원의 하루평균 매출액은 6원입니다. 따라서 6을 return 해주어야 합니다. 입출력 예 #3 직원번호가 4, 5인 직원 두 명을 워크숍에 참석시키는 것이 최선이며, 4번, 5번 직원의 하루평균 매출액의 합은 5(1+4)원 입니다. 따라서 5를 return 해주어야 합니다. 입출력 예 #4 직원번호가 3, 4인 직원 두 명을 워크숍에 참석시키는 것이 최선이며, 3번, 4번 직원의 하루평균 매출액의 합은 2(1+1)원 입니다. 따라서 2를 return 해주어야 합니다.",2969,16,['문제 설명'],['문제 설명'],,,[],,,1.0.0-kakao-official-2021-2025,2026-06-04T18:22:03.753309+00:00
kakao_programmers,public_official_release,kakao,2021,internship,INTERN,448,2021 카카오 인턴십 for Tech developers 코딩 테스트 해설,https://tech.kakao.com/posts/448,1,81301,kakao_2021_448_1_81301,숫자 문자열과 영단어,숫자 문자열과 영단어,https://school.programmers.co.kr/learn/courses/30/lessons/81301,"네오와 프로도가 숫자놀이를 하고 있습니다. 네오가 프로도에게 숫자를 건넬 때 일부 자릿수를 영단어로 바꾼 카드를 건네주면 프로도는 원래 숫자를 찾는 게임입니다. 다음은 숫자의 일부 자릿수를 영단어로 바꾸는 예시입니다. 1478 → ""one4seveneight"" 234567 → ""23four5six7"" 10203 → ""1zerotwozero3"" 이렇게 숫자의 일부 자릿수가 영단어로 바뀌어졌거나, 혹은 바뀌지 않고 그대로인 문자열 s 가 매개변수로 주어집니다. s 가 의미하는 원래 숫자를 return 하도록 solution 함수를 완성해주세요. 참고로 각 숫자에 대응되는 영단어는 다음 표와 같습니다. 숫자 영단어 0 zero 1 one 2 two 3 three 4 four 5 five 6 six 7 seven 8 eight 9 nine 제한사항 1 ≤ s 의 길이 ≤ 50 s 가 ""zero"" 또는 ""0""으로 시작하는 경우는 주어지지 않습니다. return 값이 1 이상 2,000,000,000 이하의 정수가 되는 올바른 입력만 s 로 주어집니다. 입출력 예 s result ""one4seveneight"" 1478 ""23four5six7"" 234567 ""2three45sixseven"" 234567 ""123"" 123 입출력 예 설명 입출력 예 #1 문제 예시와 같습니다. 입출력 예 #2 문제 예시와 같습니다. 입출력 예 #3 ""three""는 3, ""six""는 6, ""seven""은 7에 대응되기 때문에 정답은 입출력 예 #2와 같은 234567이 됩니다. 입출력 예 #2와 #3과 같이 같은 정답을 가리키는 문자열이 여러 가지가 나올 수 있습니다. 입출력 예 #4 s 에는 영단어로 바뀐 부분이 없습니다. 제한시간 안내 정확성 테스트 : 10초",869,12,['문제 설명'],['문제 설명'],,,[],,,1.0.0-kakao-official-2021-2025,2026-06-04T18:22:03.753309+00:00
kakao_programmers,public_official_release,kakao,2021,internship,INTERN,448,2021 카카오 인턴십 for Tech developers 코딩 테스트 해설,https://tech.kakao.com/posts/448,2,81302,kakao_2021_448_2_81302,거리두기 확인하기,거리두기 확인하기,https://school.programmers.co.kr/learn/courses/30/lessons/81302,"개발자를 희망하는 죠르디가 카카오에 면접을 보러 왔습니다. 코로나 바이러스 감염 예방을 위해 응시자들은 거리를 둬서 대기를 해야하는데 개발 직군 면접인 만큼 아래와 같은 규칙으로 대기실에 거리를 두고 앉도록 안내하고 있습니다. 대기실은 5개이며, 각 대기실은 5x5 크기입니다. 거리두기를 위하여 응시자들 끼리는 맨해튼 거리 1 가 2 이하로 앉지 말아 주세요. 단 응시자가 앉아있는 자리 사이가 파티션으로 막혀 있을 경우에는 허용합니다. 예를 들어, 위 그림처럼 자리 사이에 파티션이 존재한다면 맨해튼 거리가 2여도 거리두기를 지킨 것입니다. 위 그림처럼 파티션을 사이에 두고 앉은 경우도 거리두기를 지킨 것입니다. 위 그림처럼 자리 사이가 맨해튼 거리 2이고 사이에 빈 테이블이 있는 경우는 거리두기를 지키지 않은 것입니다. 응시자가 앉아있는 자리( P )를 의미합니다. 빈 테이블( O )을 의미합니다. 파티션( X )을 의미합니다. 5개의 대기실을 본 죠르디는 각 대기실에서 응시자들이 거리두기를 잘 기키고 있는지 알고 싶어졌습니다. 자리에 앉아있는 응시자들의 정보와 대기실 구조를 대기실별로 담은 2차원 문자열 배열 places 가 매개변수로 주어집니다. 각 대기실별로 거리두기를 지키고 있으면 1을, 한 명이라도 지키지 않고 있으면 0을 배열에 담아 return 하도록 solution 함수를 완성해 주세요. 제한사항 places 의 행 길이(대기실 개수) = 5 places 의 각 행은 하나의 대기실 구조를 나타냅니다. places 의 열 길이(대기실 세로 길이) = 5 places 의 원소는 P , O , X 로 이루어진 문자열입니다. places 원소의 길이(대기실 가로 길이) = 5 P 는 응시자가 앉아있는 자리를 의미합니다. O 는 빈 테이블을 의미합니다. X 는 파티션을 의미합니다. 입력으로 주어지는 5개 대기실의 크기는 모두 5x5 입니다. return 값 형식 1차원 정수 배열에 5개의 원소를 담아서 return 합니다. places 에 담겨 있는 5개 대기실의 순서대로, 거리두기 준수 여부를 차례대로 배열에 담습니다. 각 대기실 별로 모든 응시자가 거리두기를 지키고 있으면 1을, 한 명이라도 지키지 않고 있으면 0을 담습니다. 입출력 예 places result [[""POOOP"", ""OXXOX"", ""OPXPX"", ""OOXOX"", ""POXXP""], [""POOPX"", ""OXPXP"", ""PXXXO"", ""OXXXO"", ""OOOPP""], [""PXOPX"", ""OXOXP"", ""OXPOX"", ""OXXOP"", ""PXPOX""], [""OOOXX"", ""XOOOX"", ""OOOXX"", ""OXOOX"", ""OOOOO""], [""PXPXP"", ""XPXPX"", ""PXPXP"", ""XPXPX"", ""PXPXP""]] [1, 0, 1, 1, 1] 입출력 예 설명 입출력 예 #1 첫 번째 대기실 No. 0 1 2 3 4 0 P O O O P 1 O X X O X 2 O P X P X 3 O O X O X 4 P O X X P 모든 응시자가 거리두기를 지키고 있습니다. 두 번째 대기실 No. 0 1 2 3 4 0 P O O P X 1 O X P X P 2 P X X X O 3 O X X X O 4 O O O P P (0, 0) 자리의 응시자와 (2, 0) 자리의 응시자가 거리두기를 지키고 있지 않습니다. (1, 2) 자리의 응시자와 (0, 3) 자리의 응시자가 거리두기를 지키고 있지 않습니다. (4, 3) 자리의 응시자와 (4, 4) 자리의 응시자가 거리두기를 지키고 있지 않습니다. 세 번째 대기실 No. 0 1 2 3 4 0 P X O P X 1 O X O X P 2 O X P O X 3 O X X O P 4 P X P O X 모든 응시자가 거리두기를 지키고 있습니다. 네 번째 대기실 No. 0 1 2 3 4 0 O O O X X 1 X O O O X 2 O O O X X 3 O X O O X 4 O O O O O 대기실에 응시자가 없으므로 거리두기를 지키고 있습니다. 다섯 번째 대기실 No. 0 1 2 3 4 0 P X P X P 1 X P X P X 2 P X P X P 3 X P X P X 4 P X P X P 모든 응시자가 거리두기를 지키고 있습니다. 두 번째 대기실을 제외한 모든 대기실에서 거리두기가 지켜지고 있으므로, 배열 [1, 0, 1, 1, 1]을 return 합니다. 제한시간 안내 정확성 테스트 : 10초 ※ 공지 - 2022년 4월 25일 테스트케이스가 추가되었습니다. 두 테이블 T1, T2가 행렬 (r1, c1), (r2, c2)에 각각 위치하고 있다면, T1, T2 사이의 맨해튼 거리는 |r1 - r2| + |c1 - c2| 입니다. ↩",2291,25,['문제 설명'],['문제 설명'],,,[],,,1.0.0-kakao-official-2021-2025,2026-06-04T18:22:03.753309+00:00
kakao_programmers,public_official_release,kakao,2021,internship,INTERN,448,2021 카카오 인턴십 for Tech developers 코딩 테스트 해설,https://tech.kakao.com/posts/448,3,81303,kakao_2021_448_3_81303,표 편집,표 편집,https://school.programmers.co.kr/learn/courses/30/lessons/81303,"[본 문제는 정확성과 효율성 테스트 각각 점수가 있는 문제입니다.] 업무용 소프트웨어를 개발하는 니니즈웍스의 인턴인 앙몬드는 명령어 기반으로 표의 행을 선택, 삭제, 복구하는 프로그램을 작성하는 과제를 맡았습니다. 세부 요구 사항은 다음과 같습니다 위 그림에서 파란색으로 칠해진 칸은 현재 선택된 행 을 나타냅니다. 단, 한 번에 한 행만 선택할 수 있으며, 표의 범위(0행 ~ 마지막 행)를 벗어날 수 없습니다. 이때, 다음과 같은 명령어를 이용하여 표를 편집합니다. ""U X"" : 현재 선택된 행에서 X칸 위에 있는 행을 선택합니다. ""D X"" : 현재 선택된 행에서 X칸 아래에 있는 행을 선택합니다. ""C"" : 현재 선택된 행을 삭제한 후, 바로 아래 행을 선택합니다. 단, 삭제된 행이 가장 마지막 행인 경우 바로 윗 행을 선택합니다. ""Z"" : 가장 최근에 삭제된 행을 원래대로 복구합니다. 단, 현재 선택된 행은 바뀌지 않습니다. 예를 들어 위 표에서 ""D 2"" 를 수행할 경우 아래 그림의 왼쪽처럼 4행이 선택되며, ""C"" 를 수행하면 선택된 행을 삭제하고, 바로 아래 행이었던 ""네오""가 적힌 행을 선택합니다(4행이 삭제되면서 아래 있던 행들이 하나씩 밀려 올라오고, 수정된 표에서 다시 4행을 선택하는 것과 동일합니다). 다음으로 ""U 3"" 을 수행한 다음 ""C"" 를 수행한 후의 표 상태는 아래 그림과 같습니다. 다음으로 ""D 4"" 를 수행한 다음 ""C"" 를 수행한 후의 표 상태는 아래 그림과 같습니다. 5행이 표의 마지막 행 이므로, 이 경우 바로 윗 행을 선택하는 점에 주의합니다. 다음으로 ""U 2"" 를 수행하면 현재 선택된 행은 2행이 됩니다. 위 상태에서 ""Z"" 를 수행할 경우 가장 최근에 제거된 ""라이언"" 이 적힌 행이 원래대로 복구됩니다. 다시한번 ""Z"" 를 수행하면 그 다음으로 최근에 제거된 ""콘"" 이 적힌 행이 원래대로 복구됩니다. 이때, 현재 선택된 행은 바뀌지 않는 점에 주의하세요. 이때, 최종 표의 상태와 처음 주어진 표의 상태를 비교하여 삭제되지 않은 행은 ""O"" , 삭제된 행은 ""X"" 로 표시하면 다음과 같습니다. 처음 표의 행 개수를 나타내는 정수 n, 처음에 선택된 행의 위치를 나타내는 정수 k, 수행한 명령어들이 담긴 문자열 배열 cmd가 매개변수로 주어질 때, 모든 명령어를 수행한 후 표의 상태와 처음 주어진 표의 상태를 비교하여 삭제되지 않은 행은 O, 삭제된 행은 X로 표시하여 문자열 형태로 return 하도록 solution 함수를 완성해주세요. 제한사항 5 ≤ n ≤ 1,000,000 0 ≤ k < n 1 ≤ cmd 의 원소 개수 ≤ 200,000 cmd 의 각 원소는 ""U X"" , ""D X"" , ""C"" , ""Z"" 중 하나입니다. X는 1 이상 300,000 이하인 자연수이며 0으로 시작하지 않습니다. X가 나타내는 자연수에 ',' 는 주어지지 않습니다. 예를 들어 123,456의 경우 123456으로 주어집니다. cmd 에 등장하는 모든 X들의 값을 합친 결과가 1,000,000 이하인 경우만 입력으로 주어집니다. 표의 모든 행을 제거하여, 행이 하나도 남지 않는 경우는 입력으로 주어지지 않습니다. 본문에서 각 행이 제거되고 복구되는 과정을 보다 자연스럽게 보이기 위해 ""이름"" 열을 사용하였으나, ""이름"" 열의 내용이 실제 문제를 푸는 과정에 필요하지는 않습니다. ""이름"" 열에는 서로 다른 이름들이 중복없이 채워져 있다고 가정하고 문제를 해결해 주세요. 표의 범위를 벗어나는 이동은 입력으로 주어지지 않습니다. 원래대로 복구할 행이 없을 때(즉, 삭제된 행이 없을 때) ""Z""가 명령어로 주어지는 경우는 없습니다. 정답은 표의 0행부터 n - 1행까지에 해당되는 O, X를 순서대로 이어붙인 문자열 형태로 return 해주세요. 정확성 테스트 케이스 제한 사항 5 ≤ n ≤ 1,000 1 ≤ cmd 의 원소 개수 ≤ 1,000 효율성 테스트 케이스 제한 사항 주어진 조건 외 추가 제한사항 없습니다. 입출력 예 n k cmd result 8 2 [""D 2"",""C"",""U 3"",""C"",""D 4"",""C"",""U 2"",""Z"",""Z""] ""OOOOXOOO"" 8 2 [""D 2"",""C"",""U 3"",""C"",""D 4"",""C"",""U 2"",""Z"",""Z"",""U 1"",""C""] ""OOXOXOOO"" 입출력 예 설명 입출력 예 #1 문제의 예시와 같습니다. 입출력 예 #2 다음은 9번째 명령어까지 수행한 후의 표 상태이며, 이는 입출력 예 #1과 같습니다. 10번째 명령어 ""U 1"" 을 수행하면 ""어피치"" 가 적힌 2행이 선택되며, 마지막 명령어 ""C"" 를 수행하면 선택된 행을 삭제하고, 바로 아래 행이었던 ""제이지"" 가 적힌 행을 선택합니다. 따라서 처음 주어진 표의 상태와 최종 표의 상태를 비교하면 다음과 같습니다. 제한시간 안내 정확성 테스트 : 10초 효율성 테스트 : 언어별로 작성된 정답 코드의 실행 시간의 적정 배수",2407,21,['문제 설명'],['문제 설명'],,,[],,,1.0.0-kakao-official-2021-2025,2026-06-04T18:22:03.753309+00:00
kakao_programmers,public_official_release,kakao,2021,internship,INTERN,448,2021 카카오 인턴십 for Tech developers 코딩 테스트 해설,https://tech.kakao.com/posts/448,4,81304,kakao_2021_448_4_81304,미로 탈출,미로 탈출,https://school.programmers.co.kr/learn/courses/30/lessons/81304,"신규 게임 ‘카카오 미로 탈출’이 출시되어, 라이언 이 베타테스터로 참가했습니다. 위 예시 그림은 카카오 미로 탈출의 초기 상태를 나타냅니다. 1번부터 3번까지 번호가 붙어있는 3개의 방이 있고, 방과 방 사이를 연결하는 길에는 이동하는데 걸리는 시간이 표시되어 있습니다. 길은 화살표가 가리키는 방향으로만 이동할 수 있습니다. 미로에는 함정이 존재하며, 함정으로 이동하면, 이동한 함정과 연결된 모든 화살표의 방향이 바뀝니다. 출발지점인 1 번 방에서 탈출이 가능한 3 번 방까지 이동해야 합니다. 탈출하는데 걸리는 최소 시간을 구하려고 합니다. 그림의 원은 방을 나타내며 원 안의 숫자는 방 번호를 나타냅니다. 방이 n 개일 때, 방 번호는 1부터 n 까지 사용됩니다. 화살표에 표시된 숫자는 방과 방 사이를 이동할 때 걸리는 시간을 나타냅니다. 화살표가 가리키고 있는 방향으로만 이동이 가능합니다. 즉, 위 그림에서 2번 방에서 1번 방으로는 이동할 수 없습니다. 그림에 표시된 빨간색 방인 2 번 방은 함정입니다. 함정 방으로 이동하는 순간, 이동한 함정 방과 연결되어있는 모든 길의 방향이 반대가 됩니다. 위 그림 1 번 방에서 2 번 방으로 이동하는 순간 1 에서 2 로 이동할 수 있던 길은 2 에서 1 로 이동할 수 있는 길로 바뀌고, 3 에서 2 로 이동할 수 있던 길은 2 에서 3 으로 이동할 수 있는 길로 바뀝니다. 똑같은 함정 방을 두 번째 방문하게 되면 원래 방향의 길로 돌아옵니다. 즉, 여러 번 방문하여 계속 길의 방향을 반대로 뒤집을 수 있습니다. 미로를 탈출하는데 필요한 최단 시간은 다음과 같습니다. 1→2: 2번 방으로 이동합니다. 이동 시간은 2입니다. 함정 발동: 2번 방과 연결된 모든 길의 방향이 반대가 됩니다. 2→3: 3번 방으로 이동합니다. 이동 시간은 3입니다. 탈출에 성공했습니다. 총 이동시간은 5입니다. 방의 개수를 나타내는 정수 n , 출발 방의 번호 start , 도착 방의 번호 end , 통로와 이동시간을 나타내는 2차원 정수 배열 roads , 함정 방의 번호를 담은 정수 배열 traps 이 매개변수로 주어질 때, 미로를 탈출하는데 필요한 최단 시간을 return 하도록 solution 함수를 완성해주세요. 제한사항 2 ≤ n ≤ 1,000 1 ≤ start ≤ n 1 ≤ end ≤ n 1 ≤ roads 의 행 길이 ≤ 3,000 roads 의 행은 [P, Q, S]로 이루어져 있습니다. P 에서 Q 로 갈 수 있는 길이 있으며, 길을 따라 이동하는데 S 만큼 시간이 걸립니다. 1 ≤ P ≤ n 1 ≤ Q ≤ n P ≠ Q 1 ≤ S ≤ 3,000 서로 다른 두 방 사이에 직접 연결된 길이 여러 개 존재할 수도 있습니다. 0 ≤ traps 의 길이 ≤ 10 1 ≤ traps 의 원소 ≤ n 시작 방과 도착 방은 함정이 아닙니다. 항상 미로를 탈출할 수 있는 경우만 주어집니다. 입출력 예 n start end roads traps result 3 1 3 [[1, 2, 2], [3, 2, 3]] [2] 5 4 1 4 [[1, 2, 1], [3, 2, 1], [2, 4, 1]] [2, 3] 4 입출력 예 설명 입출력 예 #1 문제 예시와 같습니다. 입출력 예 #2 1 → 2 → 3 → 2 → 4 순서로 이동하면 됩니다. 총 이동시간은 4입니다. 제한시간 안내 정확성 테스트 : 10초",1658,29,['문제 설명'],['문제 설명'],,,[],,,1.0.0-kakao-official-2021-2025,2026-06-04T18:22:03.753309+00:00
kakao_programmers,public_official_release,kakao,2021,internship,INTERN,448,2021 카카오 인턴십 for Tech developers 코딩 테스트 해설,https://tech.kakao.com/posts/448,5,81305,kakao_2021_448_5_81305,시험장 나누기,시험장 나누기,https://school.programmers.co.kr/learn/courses/30/lessons/81305,"[본 문제는 정확성과 효율성 테스트 각각 점수가 있는 문제입니다.] 카카오 인턴을 선발하는 코딩 테스트 시험장이 하나의 이진 트리 1 형태로 연결되어 있습니다. 아래 그림은 12개의 시험장이 연결된 예시입니다. 하나의 노드는 하나의 시험장을 나타냅니다. 검은 바탕의 흰 숫자는 해당 시험장의 고유 번호(ID)를 나타냅니다. 2-1. 시험장이 n개 있다면, 시험장의 고유 번호는 0부터 n-1까지 부여됩니다. 노드 안의 빨간 숫자는, 해당 시험장의 응시자 수를 나타냅니다. 3-1. 위의 그림에서, 9번 시험장에는 10명, 4번 시험장에는 8명, 6번 시험장에는 20명의 응시자가 시험을 볼 예정입니다. 노드 사이의 간선은 해당 시험장이 연결되어 있음을 의미합니다. 4-1. 위의 그림에서, 9번 시험장은 7번 시험장과, 7번 시험장은 6번 시험장과 연결되어 있습니다. 코딩 테스트를 총괄하는 무지는 안정적인 시험을 위해, 시험장에서 오는 트래픽을 k 개의 그룹으로 나누어 각 그룹별 서버로 분산시키기로 하였습니다. 시험장 사이를 연결한 간선들 중 k-1 개를 끊어서 시험장을 k 개의 그룹으로 나눌 계획입니다. 이때, 그룹별 최대 트래픽을 최소화하기 위하여 가장 큰 그룹의 인원을 최소화시켜야 합니다. 위의 그림에서 7번과 6번 시험장을 잇는 간선을 끊고, 9번과 7번 시험장을 잇는 간선을 끊는다면, 전체 시험장은 3개의 그룹으로 나누어집니다. 주황색 노드로 표시된 A그룹의 인원은 35명(10+8+5+6+1+1+4) 보라색 노드로 표시된 B그룹의 인원은 37명(7+30) 녹색 노드로 표시된 C그룹의 인원은 40명(20+8+12) 즉, 인원이 가장 많은 그룹은 40명입니다. 다른 어떤 방법으로 시험장을 3개의 그룹으로 나눈다고 해도, 인원이 가장 많은 그룹의 인원이 40명 미만이 되도록 나눌 수는 없습니다. 나눌 그룹의 수를 나타내는 정수 k , 각 시험장의 응시자 수를 나타내는 1차원 정수 배열 num , 시험장의 연결 상태를 나타내는 2차원 정수 배열 links 가 매개변수로 주어집니다. 인원이 가장 많은 그룹의 인원이 최소화되도록 k 개의 그룹으로 나누었을 때, 최소화된 최대 그룹의 인원을 return 하도록 solution 함수를 완성해주세요. 제한사항 1 ≤ k ≤ 10,000 k ≤ num 의 길이 ≤ 10,000 num[i] 에는 i번 시험장의 응시자 수가 담겨있습니다. 1 ≤ num 의 원소 ≤ 10,000 links 의 길이 = num 의 길이 links 의 i번째 행은 i번 노드(시험장)의 [왼쪽 자식 노드 번호, 오른쪽 자식 노드 번호]입니다. 해당 위치에 자식 노드가 없는 경우 -1 이 담겨있습니다. 잘못된 노드 번호나, 하나의 이진 트리 구조가 아닌 입력은 주어지지 않습니다. 정확성 테스트 케이스 제한 사항 1 ≤ k ≤ 20 k ≤ num 의 길이 ≤ 20 효율성 테스트 케이스 제한 사항 주어진 조건 외 추가 제한사항 없습니다. 입출력 예 k num links result 3 [12, 30, 1, 8, 8, 6, 20, 7, 5, 10, 4, 1] [[-1, -1], [-1, -1], [-1, -1], [-1, -1], [8, 5], [2, 10], [3, 0], [6, 1], [11, -1], [7, 4], [-1, -1], [-1, -1]] 40 1 [6, 9, 7, 5] [[-1, -1], [-1, -1], [-1, 0], [2, 1]] 27 2 [6, 9, 7, 5] [[-1, -1], [-1, -1], [-1, 0], [2, 1]] 14 4 [6, 9, 7, 5] [[-1, -1], [-1, -1], [-1, 0], [2, 1]] 9 입출력 예 설명 입출력 예 #1 문제 예시와 같습니다. 입출력 예 #2 나눌 그룹의 수가 1개 이므로, 주어진 트리를 나눌 수 없습니다. 보라색 노드로 표시된 유일한 그룹의 인원은 27명입니다. 입출력 예 #3 나눌 그룹의 수가 2개 이므로, 그림과 같이 1개의 간선을 끊어서 2개의 그룹으로 나눌 수 있습니다. 보라색 노드로 표시된 그룹은 13명, 주황색 노드로 표시된 그룹은 14명입니다. 따라서, 최대 그룹의 인원은 14명입니다. 입출력 예 #4 나늘 그룹의 수가 4개 이므로, 그림과 같이 3개의 모든 간선을 끊어서 4개의 그룹으로 나눌 수 있습니다. 최대 그룹의 인원은 9명입니다. 제한시간 안내 정확성 테스트 : 10초 효율성 테스트 : 언어별로 작성된 정답 코드의 실행 시간의 적정 배수 이진 트리 : 모든 노드들의 자식 노드가 두 개 이하인 트리 ↩",2220,28,['문제 설명'],['문제 설명'],,,[],,,1.0.0-kakao-official-2021-2025,2026-06-04T18:22:03.753309+00:00
kakao_programmers,public_official_release,kakao,2022,recruitment,R1,488,2022 카카오 신입 공채 1차 온라인 코딩테스트 for Tech developers 문제해설,https://tech.kakao.com/posts/488,1,92334,kakao_2022_488_1_92334,신고 결과 받기,신고 결과 받기,https://school.programmers.co.kr/learn/courses/30/lessons/92334,"문제 설명 신입사원 무지는 게시판 불량 이용자를 신고하고 처리 결과를 메일로 발송하는 시스템을 개발하려 합니다. 무지가 개발하려는 시스템은 다음과 같습니다. 각 유저는 한 번에 한 명의 유저를 신고할 수 있습니다. 신고 횟수에 제한은 없습니다. 서로 다른 유저를 계속해서 신고할 수 있습니다. 한 유저를 여러 번 신고할 수도 있지만, 동일한 유저에 대한 신고 횟수는 1회로 처리됩니다. k번 이상 신고된 유저는 게시판 이용이 정지되며, 해당 유저를 신고한 모든 유저에게 정지 사실을 메일로 발송합니다. 유저가 신고한 모든 내용을 취합하여 마지막에 한꺼번에 게시판 이용 정지를 시키면서 정지 메일을 발송합니다. 다음은 전체 유저 목록이 [""muzi"", ""frodo"", ""apeach"", ""neo""]이고, k = 2(즉, 2번 이상 신고당하면 이용 정지)인 경우의 예시입니다. 유저 ID 유저가 신고한 ID 설명 ""muzi"" ""frodo"" ""muzi""가 ""frodo""를 신고했습니다. ""apeach"" ""frodo"" ""apeach""가 ""frodo""를 신고했습니다. ""frodo"" ""neo"" ""frodo""가 ""neo""를 신고했습니다. ""muzi"" ""neo"" ""muzi""가 ""neo""를 신고했습니다. ""apeach"" ""muzi"" ""apeach""가 ""muzi""를 신고했습니다. 각 유저별로 신고당한 횟수는 다음과 같습니다. 유저 ID 신고당한 횟수 ""muzi"" 1 ""frodo"" 2 ""apeach"" 0 ""neo"" 2 위 예시에서는 2번 이상 신고당한 ""frodo""와 ""neo""의 게시판 이용이 정지됩니다. 이때, 각 유저별로 신고한 아이디와 정지된 아이디를 정리하면 다음과 같습니다. 유저 ID 유저가 신고한 ID 정지된 ID ""muzi"" [""frodo"", ""neo""] [""frodo"", ""neo""] ""frodo"" [""neo""] [""neo""] ""apeach"" [""muzi"", ""frodo""] [""frodo""] ""neo"" 없음 없음 따라서 ""muzi""는 처리 결과 메일을 2회, ""frodo""와 ""apeach""는 각각 처리 결과 메일을 1회 받게 됩니다. 이용자의 ID가 담긴 문자열 배열 id_list , 각 이용자가 신고한 이용자의 ID 정보가 담긴 문자열 배열 report , 정지 기준이 되는 신고 횟수 k 가 매개변수로 주어질 때, 각 유저별로 처리 결과 메일을 받은 횟수를 배열에 담아 return 하도록 solution 함수를 완성해주세요. 제한사항 2 ≤ id_list 의 길이 ≤ 1,000 1 ≤ id_list 의 원소 길이 ≤ 10 id_list 의 원소는 이용자의 id를 나타내는 문자열이며 알파벳 소문자로만 이루어져 있습니다. id_list 에는 같은 아이디가 중복해서 들어있지 않습니다. 1 ≤ report 의 길이 ≤ 200,000 3 ≤ report 의 원소 길이 ≤ 21 report 의 원소는 ""이용자id 신고한id""형태의 문자열입니다. 예를 들어 ""muzi frodo""의 경우 ""muzi""가 ""frodo""를 신고했다는 의미입니다. id는 알파벳 소문자로만 이루어져 있습니다. 이용자id와 신고한id는 공백(스페이스)하나로 구분되어 있습니다. 자기 자신을 신고하는 경우는 없습니다. 1 ≤ k ≤ 200, k 는 자연수입니다. return 하는 배열은 id_list 에 담긴 id 순서대로 각 유저가 받은 결과 메일 수를 담으면 됩니다. 입출력 예 id_list report k result [""muzi"", ""frodo"", ""apeach"", ""neo""] [""muzi frodo"",""apeach frodo"",""frodo neo"",""muzi neo"",""apeach muzi""] 2 [2,1,1,0] [""con"", ""ryan""] [""ryan con"", ""ryan con"", ""ryan con"", ""ryan con""] 3 [0,0] 입출력 예 설명 입출력 예 #1 문제의 예시와 같습니다. 입출력 예 #2 ""ryan""이 ""con""을 4번 신고했으나, 주어진 조건에 따라 한 유저가 같은 유저를 여러 번 신고한 경우는 신고 횟수 1회로 처리합니다. 따라서 ""con""은 1회 신고당했습니다. 3번 이상 신고당한 이용자는 없으며, ""con""과 ""ryan""은 결과 메일을 받지 않습니다. 따라서 [0, 0]을 return 합니다. 제한시간 안내 정확성 테스트 : 10초",2113,19,['문제 설명'],['문제 설명'],,,[],,,1.0.0-kakao-official-2021-2025,2026-06-04T18:22:03.753309+00:00
kakao_programmers,public_official_release,kakao,2022,recruitment,R1,488,2022 카카오 신입 공채 1차 온라인 코딩테스트 for Tech developers 문제해설,https://tech.kakao.com/posts/488,2,92335,kakao_2022_488_2_92335,k진수에서 소수 개수 구하기,k진수에서 소수 개수 구하기,https://school.programmers.co.kr/learn/courses/30/lessons/92335,"문제 설명 양의 정수 n 이 주어집니다. 이 숫자를 k 진수로 바꿨을 때, 변환된 수 안에 아래 조건에 맞는 소수(Prime number)가 몇 개인지 알아보려 합니다. 0P0 처럼 소수 양쪽에 0이 있는 경우 P0 처럼 소수 오른쪽에만 0이 있고 왼쪽에는 아무것도 없는 경우 0P 처럼 소수 왼쪽에만 0이 있고 오른쪽에는 아무것도 없는 경우 P 처럼 소수 양쪽에 아무것도 없는 경우 단, P 는 각 자릿수에 0을 포함하지 않는 소수입니다. 예를 들어, 101은 P 가 될 수 없습니다. 예를 들어, 437674을 3진수로 바꾸면 211 0 2 01010 11 입니다. 여기서 찾을 수 있는 조건에 맞는 소수는 왼쪽부터 순서대로 211, 2, 11이 있으며, 총 3개입니다. (211, 2, 11을 k 진법으로 보았을 때가 아닌, 10진법으로 보았을 때 소수여야 한다는 점에 주의합니다.) 211은 P0 형태에서 찾을 수 있으며, 2는 0P0 에서, 11은 0P 에서 찾을 수 있습니다. 정수 n 과 k 가 매개변수로 주어집니다. n 을 k 진수로 바꿨을 때, 변환된 수 안에서 찾을 수 있는 위 조건에 맞는 소수 의 개수를 return 하도록 solution 함수를 완성해 주세요. 제한사항 1 ≤ n ≤ 1,000,000 3 ≤ k ≤ 10 입출력 예 n k result 437674 3 3 110011 10 2 입출력 예 설명 입출력 예 #1 문제 예시와 같습니다. 입출력 예 #2 110011을 10진수로 바꾸면 110011입니다. 여기서 찾을 수 있는 조건에 맞는 소수는 11, 11 2개입니다. 이와 같이, 중복되는 소수를 발견하더라도 모두 따로 세어야 합니다. 문제가 잘 안풀린다면😢 힌트가 필요한가요? [코딩테스트 연습 힌트 모음집]으로 오세요! → 클릭",878,8,['문제 설명'],['문제 설명'],,,[],,,1.0.0-kakao-official-2021-2025,2026-06-04T18:22:03.753309+00:00
kakao_programmers,public_official_release,kakao,2022,recruitment,R1,488,2022 카카오 신입 공채 1차 온라인 코딩테스트 for Tech developers 문제해설,https://tech.kakao.com/posts/488,3,92341,kakao_2022_488_3_92341,주차 요금 계산,주차 요금 계산,https://school.programmers.co.kr/learn/courses/30/lessons/92341,"문제 설명 주차장의 요금표와 차량이 들어오고(입차) 나간(출차) 기록이 주어졌을 때, 차량별로 주차 요금을 계산하려고 합니다. 아래는 하나의 예시를 나타냅니다. 요금표 기본 시간(분) 기본 요금(원) 단위 시간(분) 단위 요금(원) 180 5000 10 600 입/출차 기록 시각(시:분) 차량 번호 내역 05:34 5961 입차 06:00 0000 입차 06:34 0000 출차 07:59 5961 출차 07:59 0148 입차 18:59 0000 입차 19:09 0148 출차 22:59 5961 입차 23:00 5961 출차 자동차별 주차 요금 차량 번호 누적 주차 시간(분) 주차 요금(원) 0000 34 + 300 = 334 5000 + ⌈ (334 - 180) / 10 ⌉ x 600 = 14600 0148 670 5000 + ⌈ (670 - 180) / 10 ⌉ x 600 = 34400 5961 145 + 1 = 146 5000 어떤 차량이 입차된 후에 출차된 내역이 없다면, 23:59에 출차된 것으로 간주합니다. 0000 번 차량은 18:59에 입차된 이후, 출차된 내역이 없습니다. 따라서, 23:59에 출차된 것으로 간주합니다. 00:00부터 23:59까지의 입/출차 내역을 바탕으로 차량별 누적 주차 시간을 계산하여 요금을 일괄로 정산합니다. 누적 주차 시간이 기본 시간 이하라면, 기본 요금 을 청구합니다. 누적 주차 시간이 기본 시간 을 초과하면, 기본 요금 에 더해서, 초과한 시간에 대해서 단위 시간 마다 단위 요금 을 청구합니다. 초과한 시간이 단위 시간 으로 나누어 떨어지지 않으면, 올림 합니다. ⌈ a ⌉ : a보다 작지 않은 최소의 정수를 의미합니다. 즉, 올림 을 의미합니다. 주차 요금을 나타내는 정수 배열 fees , 자동차의 입/출차 내역을 나타내는 문자열 배열 records 가 매개변수로 주어집니다. 차량 번호가 작은 자동차부터 청구할 주차 요금을 차례대로 정수 배열에 담아서 return 하도록 solution 함수를 완성해주세요. 제한사항 fees 의 길이 = 4 fees[0] = 기본 시간(분) 1 ≤ fees[0] ≤ 1,439 fees[1] = 기본 요금(원) 0 ≤ fees[1] ≤ 100,000 fees[2] = 단위 시간(분) 1 ≤ fees[2] ≤ 1,439 fees[3] = 단위 요금(원) 1 ≤ fees[3] ≤ 10,000 1 ≤ records 의 길이 ≤ 1,000 records 의 각 원소는 ""시각 차량번호 내역"" 형식의 문자열입니다. 시각 , 차량번호 , 내역 은 하나의 공백으로 구분되어 있습니다. 시각 은 차량이 입차되거나 출차된 시각을 나타내며, HH:MM 형식의 길이 5인 문자열입니다. HH:MM 은 00:00부터 23:59까지 주어집니다. 잘못된 시각(""25:22"", ""09:65"" 등)은 입력으로 주어지지 않습니다. 차량번호 는 자동차를 구분하기 위한, `0'~'9'로 구성된 길이 4인 문자열입니다. 내역 은 길이 2 또는 3인 문자열로, IN 또는 OUT 입니다. IN 은 입차를, OUT 은 출차를 의미합니다. records 의 원소들은 시각을 기준으로 오름차순으로 정렬되어 주어집니다. records 는 하루 동안의 입/출차된 기록만 담고 있으며, 입차된 차량이 다음날 출차되는 경우는 입력으로 주어지지 않습니다. 같은 시각에, 같은 차량번호의 내역이 2번 이상 나타내지 않습니다. 마지막 시각(23:59)에 입차되는 경우는 입력으로 주어지지 않습니다. 아래의 예를 포함하여, 잘못된 입력은 주어지지 않습니다. 주차장에 없는 차량이 출차되는 경우 주차장에 이미 있는 차량(차량번호가 같은 차량)이 다시 입차되는 경우 입출력 예 fees records result [180, 5000, 10, 600] [""05:34 5961 IN"", ""06:00 0000 IN"", ""06:34 0000 OUT"", ""07:59 5961 OUT"", ""07:59 0148 IN"", ""18:59 0000 IN"", ""19:09 0148 OUT"", ""22:59 5961 IN"", ""23:00 5961 OUT""] [14600, 34400, 5000] [120, 0, 60, 591] [""16:00 3961 IN"",""16:00 0202 IN"",""18:00 3961 OUT"",""18:00 0202 OUT"",""23:58 3961 IN""] [0, 591] [1, 461, 1, 10] [""00:00 1234 IN""] [14841] 입출력 예 설명 입출력 예 #1 문제 예시와 같습니다. 입출력 예 #2 요금표 기본 시간(분) 기본 요금(원) 단위 시간(분) 단위 요금(원) 120 0 60 591 입/출차 기록 시각(시:분) 차량 번호 내역 16:00 3961 입차 16:00 0202 입차 18:00 3961 출차 18:00 0202 출차 23:58 3961 입차 자동차별 주차 요금 차량 번호 누적 주차 시간(분) 주차 요금(원) 0202 120 0 3961 120 + 1 = 121 0 + ⌈ (121 - 120) / 60 ⌉ x 591 = 591 3961 번 차량은 2번째 입차된 후에는 출차된 내역이 없으므로, 23:59에 출차되었다고 간주합니다. 입출력 예 #3 요금표 기본 시간(분) 기본 요금(원) 단위 시간(분) 단위 요금(원) 1 461 1 10 입/출차 기록 시각(시:분) 차량 번호 내역 00:00 1234 입차 자동차별 주차 요금 차량 번호 누적 주차 시간(분) 주차 요금(원) 1234 1439 461 + ⌈ (1439 - 1) / 1 ⌉ x 10 = 14841 1234 번 차량은 출차 내역이 없으므로, 23:59에 출차되었다고 간주합니다. ​ 제한시간 안내 정확성 테스트 : 10초",2787,43,['문제 설명'],['문제 설명'],,,[],,,1.0.0-kakao-official-2021-2025,2026-06-04T18:22:03.753309+00:00
kakao_programmers,public_official_release,kakao,2022,recruitment,R1,488,2022 카카오 신입 공채 1차 온라인 코딩테스트 for Tech developers 문제해설,https://tech.kakao.com/posts/488,4,92342,kakao_2022_488_4_92342,양궁대회,양궁대회,https://school.programmers.co.kr/learn/courses/30/lessons/92342,"문제 설명 카카오배 양궁대회가 열렸습니다. 라이언 은 저번 카카오배 양궁대회 우승자이고 이번 대회에도 결승전까지 올라왔습니다. 결승전 상대는 어피치 입니다. 카카오배 양궁대회 운영위원회는 한 선수의 연속 우승보다는 다양한 선수들이 양궁대회에서 우승하기를 원합니다. 따라서, 양궁대회 운영위원회는 결승전 규칙을 전 대회 우승자인 라이언에게 불리하게 다음과 같이 정했습니다. 어피치가 화살 n 발을 다 쏜 후에 라이언이 화살 n 발을 쏩니다. 점수를 계산합니다. 과녁판은 아래 사진처럼 생겼으며 가장 작은 원의 과녁 점수는 10점이고 가장 큰 원의 바깥쪽은 과녁 점수가 0점입니다. 만약, k(k는 1~10사이의 자연수)점을 어피치가 a발을 맞혔고 라이언이 b발을 맞혔을 경우 더 많은 화살을 k점에 맞힌 선수가 k 점을 가져갑니다. 단, a = b일 경우는 어피치가 k점을 가져갑니다. k점을 여러 발 맞혀도 k점 보다 많은 점수를 가져가는 게 아니고 k점만 가져가는 것을 유의하세요. 또한 a = b = 0 인 경우, 즉, 라이언과 어피치 모두 k점에 단 하나의 화살도 맞히지 못한 경우는 어느 누구도 k점을 가져가지 않습니다. 예를 들어, 어피치가 10점을 2발 맞혔고 라이언도 10점을 2발 맞혔을 경우 어피치가 10점을 가져갑니다. 다른 예로, 어피치가 10점을 0발 맞혔고 라이언이 10점을 2발 맞혔을 경우 라이언이 10점을 가져갑니다. 모든 과녁 점수에 대하여 각 선수의 최종 점수를 계산합니다. 최종 점수가 더 높은 선수를 우승자로 결정합니다. 단, 최종 점수가 같을 경우 어피치를 우승자로 결정합니다. 현재 상황은 어피치가 화살 n 발을 다 쏜 후이고 라이언이 화살을 쏠 차례입니다. 라이언은 어피치를 가장 큰 점수 차이로 이기기 위해서 n 발의 화살을 어떤 과녁 점수에 맞혀야 하는지를 구하려고 합니다. 화살의 개수를 담은 자연수 n , 어피치가 맞힌 과녁 점수의 개수를 10점부터 0점까지 순서대로 담은 정수 배열 info 가 매개변수로 주어집니다. 이때, 라이언이 가장 큰 점수 차이로 우승하기 위해 n 발의 화살을 어떤 과녁 점수에 맞혀야 하는지를 10점부터 0점까지 순서대로 정수 배열에 담아 return 하도록 solution 함수를 완성해 주세요. 만약, 라이언이 우승할 수 없는 경우(무조건 지거나 비기는 경우)는 [-1] 을 return 해주세요. 제한사항 1 ≤ n ≤ 10 info 의 길이 = 11 0 ≤ info 의 원소 ≤ n info 의 원소 총합 = n info 의 i번째 원소는 과녁의 10 - i 점을 맞힌 화살 개수입니다. ( i는 0~10 사이의 정수입니다.) 라이언이 우승할 방법이 있는 경우, return 할 정수 배열의 길이는 11입니다. 0 ≤ return할 정수 배열의 원소 ≤ n return할 정수 배열의 원소 총합 = n (꼭 n발을 다 쏴야 합니다.) return할 정수 배열의 i번째 원소는 과녁의 10 - i 점을 맞힌 화살 개수입니다. ( i는 0~10 사이의 정수입니다.) 라이언이 가장 큰 점수 차이로 우승할 수 있는 방법이 여러 가지 일 경우, 가장 낮은 점수를 더 많이 맞힌 경우를 return 해주세요. 가장 낮은 점수를 맞힌 개수가 같을 경우 계속해서 그다음으로 낮은 점수를 더 많이 맞힌 경우를 return 해주세요. 예를 들어, [2,3,1,0,0,0,0,1,3,0,0] 과 [2,1,0,2,0,0,0,2,3,0,0] 를 비교하면 [2,1,0,2,0,0,0,2,3,0,0] 를 return 해야 합니다. 다른 예로, [0,0,2,3,4,1,0,0,0,0,0] 과 [9,0,0,0,0,0,0,0,1,0,0] 를 비교하면 [9,0,0,0,0,0,0,0,1,0,0] 를 return 해야 합니다. 라이언이 우승할 방법이 없는 경우, return 할 정수 배열의 길이는 1입니다. 라이언이 어떻게 화살을 쏘든 라이언의 점수가 어피치의 점수보다 낮거나 같으면 [-1] 을 return 해야 합니다. 입출력 예 n info result 5 [2,1,1,1,0,0,0,0,0,0,0] [0,2,2,0,1,0,0,0,0,0,0] 1 [1,0,0,0,0,0,0,0,0,0,0] [-1] 9 [0,0,1,2,0,1,1,1,1,1,1] [1,1,2,0,1,2,2,0,0,0,0] 10 [0,0,0,0,0,0,0,0,3,4,3] [1,1,1,1,1,1,1,1,0,0,2] 입출력 예 설명 입출력 예 #1 어피치와 라이언이 아래와 같이 화살을 맞힐 경우, 과녁 점수 어피치가 맞힌 화살 개수 라이언이 맞힌 화살 개수 결과 10 2 3 라이언이 10점 획득 9 1 2 라이언이 9점 획득 8 1 0 어피치가 8점 획득 7 1 0 어피치가 7점 획득 6 0 0 5 0 0 4 0 0 3 0 0 2 0 0 1 0 0 0 0 0 어피치의 최종 점수는 15점, 라이언의 최종 점수는 19점입니다. 4점 차이로 라이언이 우승합니다. 하지만, 라이언이 아래와 같이 화살을 맞힐 경우 더 큰 점수 차로 우승할 수 있습니다. 과녁 점수 어피치가 맞힌 화살 개수 라이언이 맞힌 화살 개수 결과 10 2 0 어피치가 10점 획득 9 1 2 라이언이 9점 획득 8 1 2 라이언이 8점 획득 7 1 0 어피치가 7점 획득 6 0 1 라이언이 6점 획득 5 0 0 4 0 0 3 0 0 2 0 0 1 0 0 0 0 0 어피치의 최종 점수는 17점, 라이언의 최종 점수는 23점입니다. 6점 차이로 라이언이 우승합니다. 따라서 [0,2,2,0,1,0,0,0,0,0,0] 을 return 해야 합니다. 입출력 예 #2 라이언이 10점을 맞혀도 어피치가 10점을 가져가게 됩니다. 따라서, 라이언은 우승할 수 없기 때문에 [-1] 을 return 해야 합니다. 입출력 예 #3 어피치와 라이언이 아래와 같이 화살을 맞힐 경우, 과녁 점수 어피치가 맞힌 화살 개수 라이언이 맞힌 화살 개수 결과 10 0 1 라이언이 10점 획득 9 0 1 라이언이 9점 획득 8 1 2 라이언이 8점 획득 7 2 3 라이언이 7점 획득 6 0 0 5 1 2 라이언이 5점 획득 4 1 0 어피치가 4점 획득 3 1 0 어피치가 3점 획득 2 1 0 어피치가 2점 획득 1 1 0 어피치가 1점 획득 0 1 0 어피치가 0점 획득 어피치의 최종 점수는 10점, 라이언의 최종 점수는 39점입니다. 29점 차이로 라이언이 우승합니다. 하지만 라이언이 아래와 같이 화살을 맞힐 경우, 과녁 점수 어피치가 맞힌 화살 개수 라이언이 맞힌 화살 개수 결과 10 0 1 라이언이 10점 획득 9 0 1 라이언이 9점 획득 8 1 2 라이언이 8점 획득 7 2 0 어피치가 7점 획득 6 0 1 라이언이 6점 획득 5 1 2 라이언이 5점 획득 4 1 2 라이언이 4점 획득 3 1 0 어피치가 3점 획득 2 1 0 어피치가 2점 획득 1 1 0 어피치가 1점 획득 0 1 0 어피치가 0점 획득 어피치의 최종 점수는 13점, 라이언의 최종 점수는 42점입니다. 이 경우도 29점 차이로 라이언이 우승합니다. 하지만, 첫 번째 경우와 두 번째 경우를 비교했을 때, 두 번째 경우가 두 경우 중 가장 낮은 점수인 4점을 더 많이 맞혔기 때문에 [1,1,2,3,0,2,0,0,0,0,0] 이 아닌 [1,1,2,0,1,2,2,0,0,0,0] 을 return 해야 합니다. 입출력 예 #4 가장 큰 점수 차이로 이기는 경우 중에서 가장 낮은 점수를 가장 많이 맞힌, 10~3점을 한 발씩 맞히고 나머지 두 발을 0점에 맞히는 경우인 [1,1,1,1,1,1,1,1,0,0,2] 를 return 해야 합니다. 제한시간 안내 정확성 테스트 : 10초",3717,24,['문제 설명'],['문제 설명'],,,[],,,1.0.0-kakao-official-2021-2025,2026-06-04T18:22:03.753309+00:00
kakao_programmers,public_official_release,kakao,2022,recruitment,R1,488,2022 카카오 신입 공채 1차 온라인 코딩테스트 for Tech developers 문제해설,https://tech.kakao.com/posts/488,5,92343,kakao_2022_488_5_92343,양과 늑대,양과 늑대,https://school.programmers.co.kr/learn/courses/30/lessons/92343,"문제 설명 2진 트리 모양 초원의 각 노드에 늑대와 양이 한 마리씩 놓여 있습니다. 이 초원의 루트 노드에서 출발하여 각 노드를 돌아다니며 양을 모으려 합니다. 각 노드를 방문할 때 마다 해당 노드에 있던 양과 늑대가 당신을 따라오게 됩니다. 이때, 늑대는 양을 잡아먹을 기회를 노리고 있으며, 당신이 모은 양의 수보다 늑대의 수가 같거나 더 많아지면 바로 모든 양을 잡아먹어 버립니다. 당신은 중간에 양이 늑대에게 잡아먹히지 않도록 하면서 최대한 많은 수의 양을 모아서 다시 루트 노드로 돌아오려 합니다. 예를 들어, 위 그림의 경우(루트 노드에는 항상 양이 있습니다) 0번 노드(루트 노드)에서 출발하면 양을 한마리 모을 수 있습니다. 다음으로 1번 노드로 이동하면 당신이 모은 양은 두 마리가 됩니다. 이때, 바로 4번 노드로 이동하면 늑대 한 마리가 당신을 따라오게 됩니다. 아직은 양 2마리, 늑대 1마리로 양이 잡아먹히지 않지만, 이후에 갈 수 있는 아직 방문하지 않은 모든 노드(2, 3, 6, 8번)에는 늑대가 있습니다. 이어서 늑대가 있는 노드로 이동한다면(예를 들어 바로 6번 노드로 이동한다면) 양 2마리, 늑대 2마리가 되어 양이 모두 잡아먹힙니다. 여기서는 0번, 1번 노드를 방문하여 양을 2마리 모은 후, 8번 노드로 이동한 후(양 2마리 늑대 1마리) 이어서 7번, 9번 노드를 방문하면 양 4마리 늑대 1마리가 됩니다. 이제 4번, 6번 노드로 이동하면 양 4마리, 늑대 3마리가 되며, 이제 5번 노드로 이동할 수 있게 됩니다. 따라서 양을 최대 5마리 모을 수 있습니다. 각 노드에 있는 양 또는 늑대에 대한 정보가 담긴 배열 info , 2진 트리의 각 노드들의 연결 관계를 담은 2차원 배열 edges 가 매개변수로 주어질 때, 문제에 제시된 조건에 따라 각 노드를 방문하면서 모을 수 있는 양은 최대 몇 마리인지 return 하도록 solution 함수를 완성해주세요. 제한사항 2 ≤ info 의 길이 ≤ 17 info 의 원소는 0 또는 1 입니다. info[i]는 i번 노드에 있는 양 또는 늑대를 나타냅니다. 0은 양, 1은 늑대를 의미합니다. info[0]의 값은 항상 0입니다. 즉, 0번 노드(루트 노드)에는 항상 양이 있습니다. edges 의 세로(행) 길이 = info 의 길이 - 1 edges 의 가로(열) 길이 = 2 edges 의 각 행은 [부모 노드 번호, 자식 노드 번호] 형태로, 서로 연결된 두 노드를 나타냅니다. 동일한 간선에 대한 정보가 중복해서 주어지지 않습니다. 항상 하나의 이진 트리 형태로 입력이 주어지며, 잘못된 데이터가 주어지는 경우는 없습니다. 0번 노드는 항상 루트 노드입니다. 입출력 예 info edges result [0,0,1,1,1,0,1,0,1,0,1,1] [[0,1],[1,2],[1,4],[0,8],[8,7],[9,10],[9,11],[4,3],[6,5],[4,6],[8,9]] 5 [0,1,0,1,1,0,1,0,0,1,0] [[0,1],[0,2],[1,3],[1,4],[2,5],[2,6],[3,7],[4,8],[6,9],[9,10]] 5 입출력 예 설명 입출력 예 #1 문제의 예시와 같습니다. 입출력 예 #2 주어진 입력은 다음 그림과 같습니다. 0번 - 2번 - 5번 - 1번 - 4번 - 8번 - 3번 - 7번 노드 순으로 이동하면 양 5마리 늑대 3마리가 됩니다. 여기서 6번, 9번 노드로 이동하면 양 5마리, 늑대 5마리가 되어 양이 모두 잡아먹히게 됩니다. 따라서 늑대에게 잡아먹히지 않도록 하면서 최대로 모을 수 있는 양은 5마리입니다. 제한시간 안내 정확성 테스트 : 10초",1789,12,['문제 설명'],['문제 설명'],,,[],,,1.0.0-kakao-official-2021-2025,2026-06-04T18:22:03.753309+00:00
kakao_programmers,public_official_release,kakao,2022,recruitment,R1,488,2022 카카오 신입 공채 1차 온라인 코딩테스트 for Tech developers 문제해설,https://tech.kakao.com/posts/488,6,92344,kakao_2022_488_6_92344,파괴되지 않은 건물,파괴되지 않은 건물,https://school.programmers.co.kr/learn/courses/30/lessons/92344,"문제 설명 [본 문제는 정확성과 효율성 테스트 각각 점수가 있는 문제입니다.] N x M 크기의 행렬 모양의 게임 맵이 있습니다. 이 맵에는 내구도를 가진 건물이 각 칸마다 하나씩 있습니다. 적은 이 건물들을 공격하여 파괴하려고 합니다. 건물은 적의 공격을 받으면 내구도가 감소하고 내구도가 0이하가 되면 파괴됩니다. 반대로, 아군은 회복 스킬을 사용하여 건물들의 내구도를 높이려고 합니다. 적의 공격과 아군의 회복 스킬은 항상 직사각형 모양입니다. 예를 들어, 아래 사진은 크기가 4 x 5인 맵에 내구도가 5인 건물들이 있는 상태입니다. 첫 번째로 적이 맵의 (0,0)부터 (3,4)까지 공격하여 4만큼 건물의 내구도를 낮추면 아래와 같은 상태가 됩니다. 두 번째로 적이 맵의 (2,0)부터 (2,3)까지 공격하여 2만큼 건물의 내구도를 낮추면 아래와 같이 4개의 건물이 파괴되는 상태가 됩니다. 세 번째로 아군이 맵의 (1,0)부터 (3,1)까지 회복하여 2만큼 건물의 내구도를 높이면 아래와 같이 2개의 건물이 파괴되었다가 복구 되고 2개의 건물만 파괴되어있는 상태가 됩니다. 마지막으로 적이 맵의 (0,1)부터 (3,3)까지 공격하여 1만큼 건물의 내구도를 낮추면 아래와 같이 8개의 건물이 더 파괴되어 총 10개의 건물이 파괴된 상태가 됩니다. (내구도가 0 이하가 된 이미 파괴된 건물도, 공격을 받으면 계속해서 내구도가 하락하는 것에 유의해주세요.) 최종적으로 총 10개의 건물이 파괴되지 않았습니다. 건물의 내구도를 나타내는 2차원 정수 배열 board 와 적의 공격 혹은 아군의 회복 스킬을 나타내는 2차원 정수 배열 skill 이 매개변수로 주어집니다. 적의 공격 혹은 아군의 회복 스킬이 모두 끝난 뒤 파괴되지 않은 건물의 개수를 return하는 solution함수를 완성해 주세요. 제한사항 1 ≤ board 의 행의 길이 (= N ) ≤ 1,000 1 ≤ board 의 열의 길이 (= M ) ≤ 1,000 1 ≤ board 의 원소 (각 건물의 내구도) ≤ 1,000 1 ≤ skill 의 행의 길이 ≤ 250,000 skill 의 열의 길이 = 6 skill 의 각 행은 [type, r1, c1, r2, c2, degree] 형태를 가지고 있습니다. type은 1 혹은 2입니다. type이 1일 경우는 적의 공격을 의미합니다. 건물의 내구도를 낮춥니다. type이 2일 경우는 아군의 회복 스킬을 의미합니다. 건물의 내구도를 높입니다. (r1, c1)부터 (r2, c2)까지 직사각형 모양의 범위 안에 있는 건물의 내구도를 degree 만큼 낮추거나 높인다는 뜻입니다. 0 ≤ r1 ≤ r2 < board 의 행의 길이 0 ≤ c1 ≤ c2 < board 의 열의 길이 1 ≤ degree ≤ 500 type이 1이면 degree만큼 건물의 내구도를 낮춥니다. type이 2이면 degree만큼 건물의 내구도를 높입니다. 건물은 파괴되었다가 회복 스킬을 받아 내구도가 1이상이 되면 파괴되지 않은 상태가 됩니다. 즉, 최종적으로 건물의 내구도가 1이상이면 파괴되지 않은 건물입니다. 정확성 테스트 케이스 제한 사항 1 ≤ board 의 행의 길이 (= N ) ≤ 100 1 ≤ board 의 열의 길이 (= M ) ≤ 100 1 ≤ board 의 원소 (각 건물의 내구도) ≤ 100 1 ≤ skill 의 행의 길이 ≤ 100 1 ≤ degree ≤ 100 효율성 테스트 케이스 제한 사항 주어진 조건 외 추가 제한사항 없습니다. 입출력 예 board skill result [[5,5,5,5,5],[5,5,5,5,5],[5,5,5,5,5],[5,5,5,5,5]] [[1,0,0,3,4,4],[1,2,0,2,3,2],[2,1,0,3,1,2],[1,0,1,3,3,1]] 10 [[1,2,3],[4,5,6],[7,8,9]] [[1,1,1,2,2,4],[1,0,0,1,1,2],[2,2,0,2,0,100]] 6 입출력 예 설명 입출력 예 #1 문제 예시와 같습니다. 입출력 예 #2 <초기 맵 상태> 첫 번째로 적이 맵의 (1,1)부터 (2,2)까지 공격하여 4만큼 건물의 내구도를 낮추면 아래와 같은 상태가 됩니다. 두 번째로 적이 맵의 (0,0)부터 (1,1)까지 공격하여 2만큼 건물의 내구도를 낮추면 아래와 같은 상태가 됩니다. 마지막으로 아군이 맵의 (2,0)부터 (2,0)까지 회복하여 100만큼 건물의 내구도를 높이면 아래와 같은 상황이 됩니다. 총, 6개의 건물이 파괴되지 않았습니다. 따라서 6을 return 해야 합니다. 제한시간 안내 정확성 테스트 : 10초 효율성 테스트 : 언어별로 작성된 정답 코드의 실행 시간의 적정 배수",2281,24,['문제 설명'],['문제 설명'],,,[],,,1.0.0-kakao-official-2021-2025,2026-06-04T18:22:03.753309+00:00
kakao_programmers,public_official_release,kakao,2022,recruitment,R1,488,2022 카카오 신입 공채 1차 온라인 코딩테스트 for Tech developers 문제해설,https://tech.kakao.com/posts/488,7,92345,kakao_2022_488_7_92345,사라지는 발판,사라지는 발판,https://school.programmers.co.kr/learn/courses/30/lessons/92345,"문제 설명 플레이어 A와 플레이어 B가 서로 게임을 합니다. 당신은 이 게임이 끝날 때까지 양 플레이어가 캐릭터를 몇 번 움직이게 될지 예측하려고 합니다. 각 플레이어는 자신의 캐릭터 하나를 보드 위에 올려놓고 게임을 시작합니다. 게임 보드는 1x1 크기 정사각 격자로 이루어져 있으며, 보드 안에는 발판이 있는 부분과 없는 부분이 있습니다. 발판이 있는 곳에만 캐릭터가 서있을 수 있으며, 처음 캐릭터를 올려놓는 곳은 항상 발판이 있는 곳입니다. 캐릭터는 발판이 있는 곳으로만 이동할 수 있으며, 보드 밖으로 이동할 수 없습니다. 밟고 있던 발판은 그 위에 있던 캐릭터가 다른 곳으로 이동하여 다른 발판을 밞음과 동시에 사라집니다. 양 플레이어는 번갈아가며 자기 차례에 자신의 캐릭터를 상하좌우로 인접한 4개의 칸 중에서 발판이 있는 칸으로 옮겨야 합니다. 다음과 같은 2가지 상황에서 패자와 승자가 정해지며, 게임이 종료됩니다. 움직일 차례인데 캐릭터의 상하좌우 주변 4칸이 모두 발판이 없거나 보드 밖이라서 이동할 수 없는 경우, 해당 차례 플레이어는 패배합니다. 두 캐릭터가 같은 발판 위에 있을 때, 상대 플레이어의 캐릭터가 다른 발판으로 이동하여 자신의 캐릭터가 서있던 발판이 사라지게 되면 패배합니다. 게임은 항상 플레이어 A가 먼저 시작합니다. 양 플레이어는 최적의 플레이를 합니다. 즉, 이길 수 있는 플레이어는 최대한 빨리 승리하도록 플레이하고, 질 수밖에 없는 플레이어는 최대한 오래 버티도록 플레이합니다. '이길 수 있는 플레이어'는 실수만 하지 않는다면 항상 이기는 플레이어를 의미하며, '질 수밖에 없는 플레이어'는 최선을 다해도 상대가 실수하지 않으면 항상 질 수밖에 없는 플레이어를 의미합니다. 최대한 오래 버틴다는 것은 양 플레이어가 캐릭터를 움직이는 횟수를 최대화한다는 것을 의미합니다. 아래 그림은 초기 보드의 상태와 각 플레이어의 위치를 나타내는 예시입니다. 위와 같은 경우, 플레이어 A는 실수만 하지 않는다면 항상 이길 수 있습니다. 따라서 플레이어 A는 이길 수 있는 플레이어이며, B는 질 수밖에 없는 플레이어입니다. 다음은 A와 B가 최적의 플레이를 하는 과정을 나타냅니다. 플레이어 A가 초기 위치 (1, 0)에서 (1, 1)로 이동합니다. 플레이어 A가 (0, 0)이나 (2, 0)으로 이동할 경우 승리를 보장할 수 없습니다. 따라서 무조건 이길 방법이 있는 (1, 1)로 이동합니다. 플레이어 B는 (1, 1)로 이동할 경우, 바로 다음 차례에 A가 위 또는 아래 방향으로 이동하면 발판이 없어져 패배하게 됩니다. 질 수밖에 없는 플레이어는 최대한 오래 버티도록 플레이하기 때문에 (1, 1)로 이동하지 않습니다. (1, 2)에서 위쪽 칸인 (0, 2)로 이동합니다. A가 (1, 1)에서 (0, 1)로 이동합니다. B에게는 남은 선택지가 (0, 1)밖에 없습니다. 따라서 (0, 2)에서 (0, 1)로 이동합니다. A가 (0, 1)에서 (0, 0)으로 이동합니다. 이동을 완료함과 동시에 B가 서있던 (0, 1)의 발판이 사라집니다. B가 패배합니다. 만약 과정 2에서 B가 아래쪽 칸인 (2, 2)로 이동하더라도 A는 (2, 1)로 이동하면 됩니다. 이후 B가 (2, 1)로 이동, 다음 차례에 A가 (2, 0)으로 이동하면 B가 패배합니다. 위 예시에서 양 플레이어가 최적의 플레이를 했을 경우, 캐릭터의 이동 횟수 합은 5입니다. 최적의 플레이를 하는 방법은 여러 가지일 수 있으나, 이동한 횟수는 모두 5로 같습니다. 게임 보드의 초기 상태를 나타내는 2차원 정수 배열 board 와 플레이어 A의 캐릭터 초기 위치를 나타내는 정수 배열 aloc , 플레이어 B의 캐릭터 초기 위치를 나타내는 정수 배열 bloc 이 매개변수로 주어집니다. 양 플레이어가 최적의 플레이를 했을 때, 두 캐릭터가 움직인 횟수의 합을 return 하도록 solution 함수를 완성해주세요. 제한사항 1 ≤ board 의 세로 길이 ≤ 5 1 ≤ board 의 가로 길이 ≤ 5 board 의 원소는 0 또는 1입니다. 0은 발판이 없음을, 1은 발판이 있음을 나타냅니다. 게임 보드의 좌측 상단 좌표는 (0, 0), 우측 하단 좌표는 ( board 의 세로 길이 - 1, board 의 가로 길이 - 1)입니다. aloc 과 bloc 은 각각 플레이어 A의 캐릭터와 플레이어 B의 캐릭터 초기 위치를 나타내는 좌표값이며 [r, c] 형태입니다. r은 몇 번째 행인지를 나타냅니다. 0 ≤ r < board 의 세로 길이 c는 몇 번째 열인지를 나타냅니다. 0 ≤ c < board 의 가로 길이 초기 보드의 aloc 과 bloc 위치는 항상 발판이 있는 곳입니다. aloc 과 bloc 이 같을 수 있습니다. 상대 플레이어의 캐릭터가 있는 칸으로 이동할 수 있습니다. 입출력 예 board aloc bloc result [[1, 1, 1], [1, 1, 1], [1, 1, 1]] [1, 0] [1, 2] 5 [[1, 1, 1], [1, 0, 1], [1, 1, 1]] [1, 0] [1, 2] 4 [[1, 1, 1, 1, 1]] [0, 0] [0, 4] 4 [[1]] [0, 0] [0, 0] 0 입출력 예 설명 입출력 예 #1 문제 예시와 같습니다. 입출력 예 #2 주어진 조건을 그림으로 나타내면 아래와 같습니다. 항상 이기는 플레이어는 B, 항상 지는 플레이어는 A입니다. 다음은 B가 이기는 방법 중 하나입니다. A가 (1, 0)에서 (0, 0)으로 이동 B가 (1, 2)에서 (2, 2)로 이동 A가 (0, 0)에서 (0, 1)로 이동 B가 (2, 2)에서 (2, 1)로 이동 A가 (0, 1)에서 (0, 2)로 이동 B가 (2, 1)에서 (2, 0)으로 이동 A는 더 이상 이동할 수 없어 패배합니다. 위와 같이 플레이할 경우 이동 횟수 6번 만에 게임을 B의 승리로 끝낼 수 있습니다. B가 다음과 같이 플레이할 경우 게임을 더 빨리 끝낼 수 있습니다. 이길 수 있는 플레이어는 최대한 빨리 게임을 끝내려 하기 때문에 위 방법 대신 아래 방법을 선택합니다. A가 (1, 0)에서 (0, 0)으로 이동 B가 (1, 2)에서 (0, 2)로 이동 A가 (0, 0)에서 (0, 1)로 이동 B가 (0, 2)에서 (0, 1)로 이동 A는 더 이상 이동할 수 없어 패배합니다. 위와 같이 플레이할 경우 이동 횟수 4번 만에 게임을 B의 승리로 끝낼 수 있습니다. 따라서 4를 return 합니다. 입출력 예 #3 양 플레이어는 매 차례마다 한 가지 선택지밖에 고를 수 없습니다. 그 결과, (0, 2)에서 어디로도 이동할 수 없는 A가 패배합니다. 양 플레이어가 캐릭터를 움직인 횟수의 합은 4입니다. 입출력 예 #4 게임을 시작하는 플레이어 A가 처음부터 어디로도 이동할 수 없는 상태입니다. 따라서 A의 패배이며, 이동 횟수의 합은 0입니다. 제한시간 안내 정확성 테스트 : 10초",3375,34,['문제 설명'],['문제 설명'],,,[],,,1.0.0-kakao-official-2021-2025,2026-06-04T18:22:03.753309+00:00
kakao_programmers,public_official_release,kakao,2023,recruitment,R1,567,2023 카카오 신입 공채 1차 온라인 코딩 테스트 for Tech developers 문제해설,https://tech.kakao.com/posts/567,1,150364,kakao_2023_567_1_150364,"1,2,3 떨어트리기","1,2,3 떨어트리기",https://school.programmers.co.kr/learn/courses/30/lessons/150364,"춘식이 는 트리의 1번 노드에 숫자 1, 2, 3 중 하나씩을 계속해서 떨어트려 트리의 리프 노드 1 에 숫자를 쌓는 게임을 하려고 합니다. 아래 그림은 게임의 예시를 나타냅니다. 트리의 모든 간선은 부모 노드가 자식 노드를 가리키는 단방향 간선입니다. 모든 부모 노드는 자식 노드와 연결된 간선 중 하나를 길로 설정합니다. 실선 화살표는 길인 간선입니다. 점선 화살표는 길이 아닌 간선입니다. 모든 부모 노드는 자신의 자식 노드 중 가장 번호가 작은 노드를 가리키는 간선을 초기 길로 설정합니다. [게임의 규칙]은 아래와 같습니다. 1번 노드(루트 노드)에 숫자 1, 2, 3 중 하나를 떨어트립니다. 숫자는 길인 간선을 따라 리프 노드까지 떨어집니다. 숫자가 리프 노드에 도착하면, 숫자가 지나간 각 노드는 현재 길로 연결된 자식 노드 다음으로 번호가 큰 자식 노드 를 가리키는 간선을 새로운 길로 설정하고 기존의 길은 끊습니다. 만약 현재 길로 연결된 노드의 번호가 가장 크면, 번호가 가장 작은 노드를 가리키는 간선을 길로 설정합니다. 노드의 간선이 하나라면 계속 하나의 간선을 길로 설정합니다. 원하는 만큼 계속해서 루트 노드에 숫자를 떨어트릴 수 있습니다. 단, 앞서 떨어트린 숫자가 리프 노드까지 떨어진 후에 새로운 숫자를 떨어트려야 합니다. [게임의 목표]는 각각의 리프 노드에 쌓인 숫자의 합을 target 에서 가리키는 값과 같게 만드는 것입니다. 예를 들어, target 이 [0, 0, 0, 3, 0, 0, 5, 1, 2, 3]일 경우 아래 표와 같은 의미를 가집니다. 노드 번호 노드에 쌓인 숫자의 합 1 0 2 0 3 0 4 3 5 0 6 0 7 5 8 1 9 2 10 3 target 대로 리프 노드에 쌓인 숫자의 합을 맞추기 위해서는 [2, 1, 2, 2, 1, 3, 3]순으로 숫자를 떨어트리면 됩니다. 아래 두 그림은 순서대로 1, 2번째 숫자 [2, 1]을 떨어트린 뒤의 길 상황을 나타냅니다. 숫자 2는 떨어지면서 1번 노드와 2번 노드를 지나갔습니다. 1번 노드는 3번 노드를 가리키는 간선을 길로 설정합니다. 2번 노드는 5번 노드를 가리키는 간선을 길로 설정합니다. 숫자 1은 떨어지면서 1번 노드, 3번 노드, 6번 노드를 지나갔습니다. 1번 노드는 3번 노드보다 번호가 큰 노드를 가리키는 간선이 없으므로 다시 2번 노드를 가리키는 간선을 길로 설정합니다. 3번 노드는 간선이 하나이므로 계속해서 6번 노드를 가리키는 간선을 길로 설정합니다. 6번 노드는 9번 노드를 가리키는 간선을 길로 설정합니다. 아래 두 그림은 순서대로 3, 4번째 숫자 [2, 2]를 떨어트린 뒤의 길 상황을 나타냅니다. 아래 세 그림은 순서대로 5, 6, 7번째 숫자 [1, 3, 3]을 떨어트린 뒤의 길 상황을 나타냅니다. 각 리프 노드에 쌓인 숫자를 모두 더해 배열로 나타내면 target 과 같습니다. 트리의 각 노드들의 연결 관계를 담은 2차원 정수 배열 edges , 각 노드별로 만들어야 하는 숫자의 합을 담은 1차원 정수 배열 target 이 매개변수로 주어집니다. 이때, target 대로 리프 노드에 쌓인 숫자의 합을 맞추기 위해 숫자를 떨어트리는 모든 경우 중 가장 적은 숫자를 사용하며 그중 사전 순으로 가장 빠른 경우를 1차원 정수 배열에 담아 return 하도록 solution 함수를 완성해주세요. 만약, target 대로 숫자의 합을 만들 수 없는 경우 [-1] 을 return 해주세요. 제한사항 1 ≤ edges 의 길이 ≤ 100 edges[i] 는 [부모 노드 번호, 자식 노드 번호] 형태로, 단방향으로 연결된 두 노드를 나타냅니다. 1 ≤ 노드 번호 ≤ edges 의 길이 + 1 동일한 간선에 대한 정보가 중복해서 주어지지 않습니다. 항상 하나의 트리 형태로 입력이 주어지며, 잘못된 데이터가 주어지는 경우는 없습니다. 1번 노드는 항상 루트 노드입니다. target 의 길이 = edges 의 길이 + 1 target[i] 는 i + 1번 노드에 쌓인 숫자의 합으로 만들어야 하는 수를 나타냅니다. 0 ≤ 리프 노드의 target 값 ≤ 100 리프 노드를 제외한 노드의 target 값 = 0 target 의 원소의 합은 1 이상입니다. 입출력 예 edges target result [[2, 4], [1, 2], [6, 8], [1, 3], [5, 7], [2, 5], [3, 6], [6, 10], [6, 9]] [0, 0, 0, 3, 0, 0, 5, 1, 2, 3] [1, 1, 2, 2, 2, 3, 3] [[1, 2], [1, 3]] [0, 7, 3] [1, 1, 3, 2, 3] [[1, 3], [1, 2]] [0, 7, 1] [-1] 입출력 예 설명 입출력 예 #1 문제 예시와 같습니다. 위의 설명처럼 [2, 1, 2, 2, 1, 3, 3]순으로 숫자를 떨어트리면 target과 같게 만들 수 있지만, 가장 적은 숫자를 사용하며 그중 사전 순으로 가장 빠른 경우는 [1, 1, 2, 2, 2, 3, 3]입니다. 입출력 예 #2 [3, 2, 1, 1, 3]순으로 숫자를 떨어트리거나 [1, 1, 1, 1, 2, 1, 3]순으로 숫자를 떨어트려도 target과 같게 만들 수 있지만, 가장 적은 숫자를 사용하며 그중 사전 순으로 가장 빠른 경우는 [1, 1, 3, 2, 3]입니다. 입출력 예 #3 예제 3번의 트리는 주어지는 edges 의 순서만 다를 뿐, 예제 2번과 같은 트리입니다. 2번 노드에 쌓인 숫자의 합을 7로 만들면서 3번 노드에 쌓인 숫자의 합을 1로 만들도록 숫자를 떨어트리는 방법은 없습니다. 따라서 [-1]을 return 해야 합니다. 리프 노드는 자식 노드가 없는 노드를 뜻합니다. ↩",2790,31,['문제 설명'],['문제 설명'],,,[],,,1.0.0-kakao-official-2021-2025,2026-06-04T18:22:03.753309+00:00
kakao_programmers,public_official_release,kakao,2023,recruitment,R1,567,2023 카카오 신입 공채 1차 온라인 코딩 테스트 for Tech developers 문제해설,https://tech.kakao.com/posts/567,2,150365,kakao_2023_567_2_150365,미로 탈출 명령어,미로 탈출 명령어,https://school.programmers.co.kr/learn/courses/30/lessons/150365,"n x m 격자 미로가 주어집니다. 당신은 미로의 (x, y)에서 출발해 (r, c)로 이동해서 탈출해야 합니다. 단, 미로를 탈출하는 조건이 세 가지 있습니다. 격자의 바깥으로는 나갈 수 없습니다. (x, y)에서 (r, c)까지 이동하는 거리가 총 k 여야 합니다. 이때, (x, y)와 (r, c)격자를 포함해, 같은 격자를 두 번 이상 방문해도 됩니다. 미로에서 탈출한 경로를 문자열로 나타냈을 때, 문자열이 사전 순으로 가장 빠른 경로로 탈출해야 합니다. 이동 경로는 다음과 같이 문자열로 바꿀 수 있습니다. l: 왼쪽으로 한 칸 이동 r: 오른쪽으로 한 칸 이동 u: 위쪽으로 한 칸 이동 d: 아래쪽으로 한 칸 이동 예를 들어, 왼쪽으로 한 칸, 위로 한 칸, 왼쪽으로 한 칸 움직였다면, 문자열 ""lul"" 로 나타낼 수 있습니다. 미로에서는 인접한 상, 하, 좌, 우 격자로 한 칸씩 이동할 수 있습니다. 예를 들어 다음과 같이 3 x 4 격자가 있다고 가정해 보겠습니다. .... ..S. E...",511,7,['문제 설명'],['문제 설명'],,,[],,,1.0.0-kakao-official-2021-2025,2026-06-04T18:22:03.753309+00:00
kakao_programmers,public_official_release,kakao,2023,recruitment,R1,567,2023 카카오 신입 공채 1차 온라인 코딩 테스트 for Tech developers 문제해설,https://tech.kakao.com/posts/567,3,150366,kakao_2023_567_3_150366,표 병합,표 병합,https://school.programmers.co.kr/learn/courses/30/lessons/150366,"당신은 표 편집 프로그램을 작성하고 있습니다. 표의 크기는 50 × 50으로 고정되어있고 초기에 모든 셀은 비어 있습니다. 각 셀은 문자열 값을 가질 수 있고, 다른 셀과 병합될 수 있습니다. 위에서 r 번째, 왼쪽에서 c 번째 위치를 ( r , c )라고 표현할 때, 당신은 다음 명령어들에 대한 기능을 구현하려고 합니다. ""UPDATE r c value"" ( r , c ) 위치의 셀을 선택합니다. 선택한 셀의 값을 value 로 바꿉니다. ""UPDATE value1 value2"" value1 을 값으로 가지고 있는 모든 셀을 선택합니다. 선택한 셀의 값을 value2 로 바꿉니다. ""MERGE r1 c1 r2 c2"" ( r1 , c1 ) 위치의 셀과 ( r2 , c2 ) 위치의 셀을 선택하여 병합합니다. 선택한 두 위치의 셀이 같은 셀일 경우 무시합니다. 선택한 두 셀은 서로 인접하지 않을 수도 있습니다. 이 경우 ( r1 , c1 ) 위치의 셀과 ( r2 , c2 ) 위치의 셀만 영향을 받으며, 그 사이에 위치한 셀들은 영향을 받지 않습니다. 두 셀 중 한 셀이 값을 가지고 있을 경우 병합된 셀은 그 값을 가지게 됩니다. 두 셀 모두 값을 가지고 있을 경우 병합된 셀은 ( r1 , c1 ) 위치의 셀 값을 가지게 됩니다. 이후 ( r1 , c1 ) 와 ( r2 , c2 ) 중 어느 위치를 선택하여도 병합된 셀로 접근합니다. ""UNMERGE r c"" ( r , c ) 위치의 셀을 선택하여 해당 셀의 모든 병합을 해제합니다. 선택한 셀이 포함하고 있던 모든 셀은 프로그램 실행 초기의 상태로 돌아갑니다. 병합을 해제하기 전 셀이 값을 가지고 있었을 경우 ( r , c ) 위치의 셀이 그 값을 가지게 됩니다. ""PRINT r c"" ( r , c ) 위치의 셀을 선택하여 셀의 값을 출력합니다. 선택한 셀이 비어있을 경우 ""EMPTY"" 를 출력합니다. 아래는 UPDATE 명령어를 실행하여 빈 셀에 값을 입력하는 예시입니다. commands 효과 UPDATE 1 1 menu (1,1)에 ""menu"" 입력 UPDATE 1 2 category (1,2)에 ""category"" 입력 UPDATE 2 1 bibimbap (2,1)에 ""bibimbap"" 입력 UPDATE 2 2 korean (2,2)에 ""korean"" 입력 UPDATE 2 3 rice (2,3)에 ""rice"" 입력 UPDATE 3 1 ramyeon (3,1)에 ""ramyeon"" 입력 UPDATE 3 2 korean (3,2)에 ""korean"" 입력 UPDATE 3 3 noodle (3,3)에 ""noodle"" 입력 UPDATE 3 4 instant (3,4)에 ""instant"" 입력 UPDATE 4 1 pasta (4,1)에 ""pasta"" 입력 UPDATE 4 2 italian (4,2)에 ""italian"" 입력 UPDATE 4 3 noodle (4,3)에 ""noodle"" 입력 위 명령어를 실행하면 아래 그림과 같은 상태가 됩니다. 아래는 MERGE 명령어를 실행하여 셀을 병합하는 예시입니다. commands 효과 MERGE 1 2 1 3 (1,2)와 (1,3) 병합 MERGE 1 3 1 4 (1,3)과 (1,4) 병합 위 명령어를 실행하면 아래와 같은 상태가 됩니다. 병합한 셀은 ""category"" 값을 가지게 되며 (1,2), (1,3), (1,4) 중 어느 위치를 선택하더라도 접근할 수 있습니다. 아래는 UPDATE 명령어를 실행하여 셀의 값을 변경하는 예시입니다. commands 효과 UPDATE korean hansik ""korean"" 을 ""hansik"" 으로 변경 UPDATE 1 3 group (1,3) 위치의 셀 값을 ""group"" 으로 변경 위 명령어를 실행하면 아래와 같은 상태가 됩니다. 아래는 UNMERGE 명령어를 실행하여 셀의 병합을 해제하는 예시입니다. commands 효과 UNMERGE 1 4 셀 병합 해제 후 원래 값은 (1,4)가 가짐 위 명령어를 실행하면 아래와 같은 상태가 됩니다. 실행할 명령어들이 담긴 1차원 문자열 배열 commands 가 매개변수로 주어집니다. commands 의 명령어들을 순서대로 실행하였을 때, ""PRINT r c"" 명령어에 대한 실행결과를 순서대로 1차원 문자열 배열에 담아 return 하도록 solution 함수를 완성해주세요. 제한사항 1 ≤ commands 의 길이 ≤ 1,000 commands 의 각 원소는 아래 5가지 형태 중 하나입니다. ""UPDATE r c value"" r , c 는 선택할 셀의 위치를 나타내며, 1~50 사이의 정수입니다. value 는 셀에 입력할 내용을 나타내며, 알파벳 소문자와 숫자로 구성된 길이 1~10 사이인 문자열입니다. ""UPDATE value1 value2"" value1 은 선택할 셀의 값, value2 는 셀에 입력할 내용을 나타내며, 알파벳 소문자와 숫자로 구성된 길이 1~10 사이인 문자열입니다. ""MERGE r1 c1 r2 c2"" r1 , c1 , r2 , c2 는 선택할 셀의 위치를 나타내며, 1~50 사이의 정수입니다. ""UNMERGE r c"" r , c 는 선택할 셀의 위치를 나타내며, 1~50 사이의 정수입니다. ""PRINT r c"" r , c 는 선택할 셀의 위치를 나타내며, 1~50 사이의 정수입니다. commands 는 1개 이상의 ""PRINT r c"" 명령어를 포함하고 있습니다. 입출력 예 commands result [""UPDATE 1 1 menu"", ""UPDATE 1 2 category"", ""UPDATE 2 1 bibimbap"", ""UPDATE 2 2 korean"", ""UPDATE 2 3 rice"", ""UPDATE 3 1 ramyeon"", ""UPDATE 3 2 korean"", ""UPDATE 3 3 noodle"", ""UPDATE 3 4 instant"", ""UPDATE 4 1 pasta"", ""UPDATE 4 2 italian"", ""UPDATE 4 3 noodle"", ""MERGE 1 2 1 3"", ""MERGE 1 3 1 4"", ""UPDATE korean hansik"", ""UPDATE 1 3 group"", ""UNMERGE 1 4"", ""PRINT 1 3"", ""PRINT 1 4""] [""EMPTY"", ""group""] [""UPDATE 1 1 a"", ""UPDATE 1 2 b"", ""UPDATE 2 1 c"", ""UPDATE 2 2 d"", ""MERGE 1 1 1 2"", ""MERGE 2 2 2 1"", ""MERGE 2 1 1 1"", ""PRINT 1 1"", ""UNMERGE 2 2"", ""PRINT 1 1""] [""d"", ""EMPTY""] 입출력 예 설명 입출력 예 #1 문제 예시와 같습니다. (1,3) 위치의 셀은 비어있고 (1,4) 위치의 셀 값은 ""group"" 입니다. 따라서 [""EMPTY"", ""group""] 을 return 해야 합니다. 입출력 예 #2 모든 UPDATE 명령어를 실행하면 아래와 같은 상태가 됩니다. ""MERGE 1 1 1 2"" 명령어를 실행하면 아래와 같은 상태가 됩니다. ""MERGE 2 2 2 1"" 명령어를 실행하면 아래와 같은 상태가 됩니다. ""MERGE 2 1 1 1"" 명령어를 실행하면 아래와 같은 상태가 됩니다. ""UNMERGE 2 2"" 명령어를 실행하면 아래와 같은 상태가 됩니다.",3561,40,['문제 설명'],['문제 설명'],,,[],,,1.0.0-kakao-official-2021-2025,2026-06-04T18:22:03.753309+00:00
kakao_programmers,public_official_release,kakao,2023,recruitment,R1,567,2023 카카오 신입 공채 1차 온라인 코딩 테스트 for Tech developers 문제해설,https://tech.kakao.com/posts/567,4,150367,kakao_2023_567_4_150367,표현 가능한 이진트리,표현 가능한 이진트리,https://school.programmers.co.kr/learn/courses/30/lessons/150367,"당신은 이진트리를 수로 표현하는 것을 좋아합니다. 이진트리를 수로 표현하는 방법은 다음과 같습니다. 이진수를 저장할 빈 문자열을 생성합니다. 주어진 이진트리에 더미 노드를 추가하여 포화 이진트리로 만듭니다. 루트 노드는 그대로 유지합니다. 만들어진 포화 이진트리의 노드들을 가장 왼쪽 노드부터 가장 오른쪽 노드까지, 왼쪽에 있는 순서대로 살펴봅니다. 노드의 높이는 살펴보는 순서에 영향을 끼치지 않습니다. 살펴본 노드가 더미 노드라면, 문자열 뒤에 0을 추가합니다. 살펴본 노드가 더미 노드가 아니라면, 문자열 뒤에 1을 추가합니다. 문자열에 저장된 이진수를 십진수로 변환합니다. 이진트리에서 리프 노드가 아닌 노드는 자신의 왼쪽 자식이 루트인 서브트리의 노드들보다 오른쪽에 있으며, 자신의 오른쪽 자식이 루트인 서브트리의 노드들보다 왼쪽에 있다고 가정합니다. 다음은 이진트리를 수로 표현하는 예시입니다. 주어진 이진트리는 다음과 같습니다. 주어진 이진트리에 더미노드를 추가하여 포화 이진트리로 만들면 다음과 같습니다. 더미 노드는 점선으로 표시하였고, 노드 안의 수는 살펴보는 순서를 의미합니다. 노드들을 왼쪽에 있는 순서대로 살펴보며 0과 1을 생성한 문자열에 추가하면 ""0111010"" 이 됩니다. 이 이진수를 십진수로 변환하면 58입니다. 당신은 수가 주어졌을때, 하나의 이진트리로 해당 수를 표현할 수 있는지 알고 싶습니다. 이진트리로 만들고 싶은 수를 담은 1차원 정수 배열 numbers 가 주어집니다. numbers 에 주어진 순서대로 하나의 이진트리로 해당 수를 표현할 수 있다면 1을, 표현할 수 없다면 0을 1차원 정수 배열에 담아 return 하도록 solution 함수를 완성해주세요. 제한사항 1 ≤ numbers 의 길이 ≤ 10,000 1 ≤ numbers 의 원소 ≤ 10 15 입출력 예 numbers result [7, 42, 5] [1, 1, 0] [63, 111, 95] [1, 1, 0] 입출력 예 설명 입출력 예 #1 7은 다음과 같은 이진트리로 표현할 수 있습니다. 42는 다음과 같은 이진트리로 표현할 수 있습니다. 5는 이진트리로 표현할 수 없습니다. 따라서, [1, 0]을 return 하면 됩니다. 입출력 예 #2 63은 다음과 같은 이진트리로 표현할 수 있습니다. 111은 다음과 같은 이진트리로 표현할 수 있습니다. 95는 이진트리로 표현할 수 없습니다. 따라서, [1, 1, 0]을 return 하면 됩니다.",1211,7,['문제 설명'],['문제 설명'],,,[],,,1.0.0-kakao-official-2021-2025,2026-06-04T18:22:03.753309+00:00
kakao_programmers,public_official_release,kakao,2023,recruitment,R1,567,2023 카카오 신입 공채 1차 온라인 코딩 테스트 for Tech developers 문제해설,https://tech.kakao.com/posts/567,5,150368,kakao_2023_567_5_150368,이모티콘 할인행사,이모티콘 할인행사,https://school.programmers.co.kr/learn/courses/30/lessons/150368,"카카오톡에서는 이모티콘을 무제한으로 사용할 수 있는 이모티콘 플러스 서비스 가입자 수를 늘리려고 합니다. 이를 위해 카카오톡에서는 이모티콘 할인 행사를 하는데, 목표는 다음과 같습니다. 이모티콘 플러스 서비스 가입자를 최대한 늘리는 것. 이모티콘 판매액을 최대한 늘리는 것. 1번 목표가 우선이며, 2번 목표가 그 다음입니다. 이모티콘 할인 행사는 다음과 같은 방식으로 진행됩니다. n 명의 카카오톡 사용자들에게 이모티콘 m 개를 할인하여 판매합니다. 이모티콘마다 할인율은 다를 수 있으며, 할인율은 10%, 20%, 30%, 40% 중 하나로 설정됩니다. 카카오톡 사용자들은 다음과 같은 기준을 따라 이모티콘을 사거나, 이모티콘 플러스 서비스에 가입합니다. 각 사용자들은 자신의 기준에 따라 일정 비율 이상 할인하는 이모티콘을 모두 구매합니다. 각 사용자들은 자신의 기준에 따라 이모티콘 구매 비용의 합이 일정 가격 이상이 된다면, 이모티콘 구매를 모두 취소하고 이모티콘 플러스 서비스에 가입합니다. 다음은 2명의 카카오톡 사용자와 2개의 이모티콘이 있을때의 예시입니다. 사용자 비율 가격 1 40 10,000 2 25 10,000 이모티콘 가격 1 7,000 2 9,000 1번 사용자는 40%이상 할인하는 이모티콘을 모두 구매하고, 이모티콘 구매 비용이 10,000원 이상이 되면 이모티콘 구매를 모두 취소하고 이모티콘 플러스 서비스에 가입합니다. 2번 사용자는 25%이상 할인하는 이모티콘을 모두 구매하고, 이모티콘 구매 비용이 10,000원 이상이 되면 이모티콘 구매를 모두 취소하고 이모티콘 플러스 서비스에 가입합니다. 1번 이모티콘의 가격은 7,000원, 2번 이모티콘의 가격은 9,000원입니다. 만약, 2개의 이모티콘을 모두 40%씩 할인한다면, 1번 사용자와 2번 사용자 모두 1,2번 이모티콘을 구매하게 되고, 결과는 다음과 같습니다. 사용자 구매한 이모티콘 이모티콘 구매 비용 이모티콘 플러스 서비스 가입 여부 1 1, 2 9,600 X 2 1, 2 9,600 X 이모티콘 플러스 서비스 가입자는 0명이 늘어나고 이모티콘 판매액은 19,200원이 늘어납니다. 하지만, 1번 이모티콘을 30% 할인하고 2번 이모티콘을 40% 할인한다면 결과는 다음과 같습니다. 사용자 구매한 이모티콘 이모티콘 구매 비용 이모티콘 플러스 서비스 가입 여부 1 2 5,400 X 2 1, 2 10,300 O 2번 사용자는 이모티콘 구매 비용을 10,000원 이상 사용하여 이모티콘 구매를 모두 취소하고 이모티콘 플러스 서비스에 가입하게 됩니다. 따라서, 이모티콘 플러스 서비스 가입자는 1명이 늘어나고 이모티콘 판매액은 5,400원이 늘어나게 됩니다. 카카오톡 사용자 n 명의 구매 기준을 담은 2차원 정수 배열 users , 이모티콘 m 개의 정가를 담은 1차원 정수 배열 emoticons 가 주어집니다. 이때, 행사 목적을 최대한으로 달성했을 때의 이모티콘 플러스 서비스 가입 수와 이모티콘 매출액을 1차원 정수 배열에 담아 return 하도록 solution 함수를 완성해주세요. 제한사항 1 ≤ users 의 길이 = n ≤ 100 users 의 원소는 [ 비율 , 가격 ]의 형태입니다. users[i] 는 i+1 번 고객의 구매 기준을 의미합니다. 비율 % 이상의 할인이 있는 이모티콘을 모두 구매한다는 의미입니다. 1 ≤ 비율 ≤ 40 가격 이상의 돈을 이모티콘 구매에 사용한다면, 이모티콘 구매를 모두 취소하고 이모티콘 플러스 서비스에 가입한다는 의미입니다. 100 ≤ 가격 ≤ 1,000,000 가격 은 100의 배수입니다. 1 ≤ emoticons 의 길이 = m ≤ 7 emoticons[i] 는 i+1 번 이모티콘의 정가를 의미합니다. 100 ≤ emoticons 의 원소 ≤ 1,000,000 emoticons 의 원소는 100의 배수입니다. 입출력 예 users emoticons result [[40, 10000], [25, 10000]] [7000, 9000] [1, 5400] [[40, 2900], [23, 10000], [11, 5200], [5, 5900], [40, 3100], [27, 9200], [32, 6900]] [1300, 1500, 1600, 4900] [4, 13860] 입출력 예 설명 입출력 예 #1 문제의 예시와 같습니다. 입출력 예 #2 다음과 같이 할인하는 것이 이모티콘 플러스 서비스 가입자를 최대한 늘리면서, 이모티콘 판매액 또한 최대로 늘리는 방법입니다. 이모티콘 할인율 1 40 2 40 3 20 4 40 위와 같이 할인하면 4명의 이모티콘 플러스 가입자와 13,860원의 판매액을 달성할 수 있습니다. 다른 할인율을 적용하여 이모티콘을 판매할 수 있지만 이보다 이모티콘 플러스 서비스 가입자를 최대한 늘리면서, 이모티콘 판매액 또한 최대로 늘리는 방법은 없습니다. 따라서, [4, 13860]을 return 하면 됩니다.",2403,18,['문제 설명'],['문제 설명'],,,[],,,1.0.0-kakao-official-2021-2025,2026-06-04T18:22:03.753309+00:00
kakao_programmers,public_official_release,kakao,2023,recruitment,R1,567,2023 카카오 신입 공채 1차 온라인 코딩 테스트 for Tech developers 문제해설,https://tech.kakao.com/posts/567,6,150369,kakao_2023_567_6_150369,택배 배달과 수거하기,택배 배달과 수거하기,https://school.programmers.co.kr/learn/courses/30/lessons/150369,"당신은 일렬로 나열된 n 개의 집에 택배를 배달하려 합니다. 배달할 물건은 모두 크기가 같은 재활용 택배 상자에 담아 배달하며, 배달을 다니면서 빈 재활용 택배 상자들을 수거하려 합니다. 배달할 택배들은 모두 재활용 택배 상자에 담겨서 물류창고에 보관되어 있고, i 번째 집은 물류창고에서 거리 i 만큼 떨어져 있습니다. 또한 i 번째 집은 j 번째 집과 거리 j - i 만큼 떨어져 있습니다. (1 ≤ i ≤ j ≤ n ) 트럭에는 재활용 택배 상자를 최대 cap 개 실을 수 있습니다. 트럭은 배달할 재활용 택배 상자들을 실어 물류창고에서 출발해 각 집에 배달하면서, 빈 재활용 택배 상자들을 수거해 물류창고에 내립니다. 각 집마다 배달할 재활용 택배 상자의 개수와 수거할 빈 재활용 택배 상자의 개수를 알고 있을 때, 트럭 하나로 모든 배달과 수거를 마치고 물류창고까지 돌아올 수 있는 최소 이동 거리를 구하려 합니다. 각 집에 배달 및 수거할 때, 원하는 개수만큼 택배를 배달 및 수거할 수 있습니다. 다음은 cap =4 일 때, 최소 거리로 이동하면서 5개의 집에 배달 및 수거하는 과정을 나타낸 예시입니다. 배달 및 수거할 재활용 택배 상자 개수 집 #1 집 #2 집 #3 집 #4 집 #5 배달 1개 0개 3개 1개 2개 수거 0개 3개 0개 4개 0개 배달 및 수거 과정 집 #1 집 #2 집 #3 집 #4 집 #5 설명 남은 배달/수거 1/0 0/3 3/0 1/4 2/0 물류창고에서 택배 3개를 트럭에 실어 출발합니다. 남은 배달/수거 1/0 0/3 3/0 0 /4 0 /0 물류창고에서 5번째 집까지 이동하면서(거리 5) 4번째 집에 택배 1개를 배달하고, 5번째 집에 택배 2개를 배달합니다. 남은 배달/수거 1/0 0/3 3/0 0/ 0 0/0 5번째 집에서 물류창고까지 이동하면서(거리 5) 4번째 집에서 빈 택배 상자 4개를 수거한 후, 수거한 빈 택배 상자를 물류창고에 내리고 택배 4개를 트럭에 싣습니다. 남은 배달/수거 0 /0 0/3 0 /0 0/0 0/0 물류창고에서 3번째 집까지 이동하면서(거리 3) 1번째 집에 택배 1개를 배달하고, 3번째 집에 택배 3개를 배달합니다. 남은 배달/수거 0/0 0/ 0 0/0 0/0 0/0 3번째 집에서 물류창고까지 이동하면서(거리 3) 2번째 집에서 빈 택배 상자 3개를 수거한 후, 수거한 빈 택배 상자를 물류창고에 내립니다. 16(=5+5+3+3)의 거리를 이동하면서 모든 배달 및 수거를 마쳤습니다. 같은 거리로 모든 배달 및 수거를 마치는 다른 방법이 있지만, 이보다 짧은 거리로 모든 배달 및 수거를 마치는 방법은 없습니다. 트럭에 실을 수 있는 재활용 택배 상자의 최대 개수를 나타내는 정수 cap , 배달할 집의 개수를 나타내는 정수 n , 각 집에 배달할 재활용 택배 상자의 개수를 담은 1차원 정수 배열 deliveries 와 각 집에서 수거할 빈 재활용 택배 상자의 개수를 담은 1차원 정수 배열 pickups 가 매개변수로 주어집니다. 이때, 트럭 하나로 모든 배달과 수거를 마치고 물류창고까지 돌아올 수 있는 최소 이동 거리를 return 하도록 solution 함수를 완성해 주세요. 제한사항 1 ≤ cap ≤ 50 1 ≤ n ≤ 100,000 deliveries 의 길이 = pickups 의 길이 = n deliveries[i] 는 i+1번째 집에 배달할 재활용 택배 상자의 개수를 나타냅니다. pickups[i] 는 i+1번째 집에서 수거할 빈 재활용 택배 상자의 개수를 나타냅니다. 0 ≤ deliveries 의 원소 ≤ 50 0 ≤ pickups 의 원소 ≤ 50 트럭의 초기 위치는 물류창고입니다. 입출력 예 cap n deliveries pickups result 4 5 [1, 0, 3, 1, 2] [0, 3, 0, 4, 0] 16 2 7 [1, 0, 2, 0, 1, 0, 2] [0, 2, 0, 1, 0, 2, 0] 30 입출력 예 설명 입출력 예 #1 문제 예시와 동일합니다. 입출력 예 #2 배달 및 수거할 재활용 택배 상자 개수 집 #1 집 #2 집 #3 집 #4 집 #5 집 #6 집 #7 배달 1개 0개 2개 0개 1개 0개 2개 수거 0개 2개 0개 1개 0개 2개 0개 배달 및 수거 과정 집 #1 집 #2 집 #3 집 #4 집 #5 집 #6 집 #7 설명 남은 배달/수거 1/0 0/2 2/0 0/1 1/0 0/2 2/0 물류창고에서 택배 2개를 트럭에 실어 출발합니다. 남은 배달/수거 1/0 0/2 2/0 0/1 1/0 0/2 0 /0 물류창고에서 7번째 집까지 이동하면서(거리 7) 7번째 집에 택배 2개를 배달합니다. 남은 배달/수거 1/0 0/2 2/0 0/1 1/0 0/ 0 0 /0 7번째 집에서 물류창고까지 이동하면서(거리 7) 6번째 집에서 빈 택배 상자 2개를 수거한 후, 수거한 빈 택배 상자를 물류창고에 내리고 택배 2개를 트럭에 싣습니다. 남은 배달/수거 1/0 0/2 1 /0 0/1 0 /0 0/0 0/0 물류창고에서 5번째 집까지 이동하면서(거리 5) 3번째 집에 택배 1개를 배달하고, 5번째 집에 택배 1개를 배달합니다. 남은 배달/수거 1/0 0/ 1 1/0 0/ 0 0/0 0/0 0/0 5번째 집에서 물류창고까지 이동하면서(거리 5) 4번째 집에서 빈 택배 상자 1개를 수거하고 2번째 집에서 빈 택배 상자 1개를 수거한 후, 수거한 빈 택배 상자를 물류창고에 내리고 택배 2개를 트럭에 싣습니다. 남은 배달/수거 0 /0 0/1 0 /0 0/0 0/0 0/0 0/0 물류창고에서 3번째 집까지 이동하면서(거리 3) 1번째 집에 택배 1개를 배달하고, 3번째 집에 택배 1개를 배달합니다. 남은 배달/수거 0/0 0/ 0 0/0 0/0 0/0 0/0 0/0 3번째 집에서 물류창고까지 이동하면서(거리 3) 2번째 집에서 빈 택배 상자 1개를 수거한 후, 수거한 빈 택배 상자를 물류창고에 내립니다. 30(=7+7+5+5+3+3)의 거리를 이동하면서 모든 배달 및 수거를 마쳤습니다. 같은 거리로 모든 배달 및 수거를 마치는 다른 방법이 있지만, 이보다 짧은 거리로 모든 배달 및 수거를 마치는 방법은 없습니다. 따라서, 30을 return 하면 됩니다.",3036,9,['문제 설명'],['문제 설명'],,,[],,,1.0.0-kakao-official-2021-2025,2026-06-04T18:22:03.753309+00:00
kakao_programmers,public_official_release,kakao,2023,recruitment,R1,567,2023 카카오 신입 공채 1차 온라인 코딩 테스트 for Tech developers 문제해설,https://tech.kakao.com/posts/567,7,150370,kakao_2023_567_7_150370,개인정보 수집 유효기간,개인정보 수집 유효기간,https://school.programmers.co.kr/learn/courses/30/lessons/150370,"고객의 약관 동의를 얻어서 수집된 1~ n 번으로 분류되는 개인정보 n 개가 있습니다. 약관 종류는 여러 가지 있으며 각 약관마다 개인정보 보관 유효기간이 정해져 있습니다. 당신은 각 개인정보가 어떤 약관으로 수집됐는지 알고 있습니다. 수집된 개인정보는 유효기간 전까지만 보관 가능하며, 유효기간이 지났다면 반드시 파기해야 합니다. 예를 들어, A라는 약관의 유효기간이 12 달이고, 2021년 1월 5일에 수집된 개인정보가 A약관으로 수집되었다면 해당 개인정보는 2022년 1월 4일까지 보관 가능하며 2022년 1월 5일부터 파기해야 할 개인정보입니다. 당신은 오늘 날짜로 파기해야 할 개인정보 번호들을 구하려 합니다. 모든 달은 28일까지 있다고 가정합니다. 다음은 오늘 날짜가 2022.05.19 일 때의 예시입니다. 약관 종류 유효기간 A 6 달 B 12 달 C 3 달 번호 개인정보 수집 일자 약관 종류 1 2021.05.02 A 2 2021.07.01 B 3 2022.02.19 C 4 2022.02.20 C 첫 번째 개인정보는 A약관에 의해 2021년 11월 1일까지 보관 가능하며, 유효기간이 지났으므로 파기해야 할 개인정보입니다. 두 번째 개인정보는 B약관에 의해 2022년 6월 28일까지 보관 가능하며, 유효기간이 지나지 않았으므로 아직 보관 가능합니다. 세 번째 개인정보는 C약관에 의해 2022년 5월 18일까지 보관 가능하며, 유효기간이 지났으므로 파기해야 할 개인정보입니다. 네 번째 개인정보는 C약관에 의해 2022년 5월 19일까지 보관 가능하며, 유효기간이 지나지 않았으므로 아직 보관 가능합니다. 따라서 파기해야 할 개인정보 번호는 [1, 3]입니다. 오늘 날짜를 의미하는 문자열 today , 약관의 유효기간을 담은 1차원 문자열 배열 terms 와 수집된 개인정보의 정보를 담은 1차원 문자열 배열 privacies 가 매개변수로 주어집니다. 이때 파기해야 할 개인정보의 번호를 오름차순으로 1차원 정수 배열에 담아 return 하도록 solution 함수를 완성해 주세요. 제한사항 today 는 "" YYYY . MM . DD "" 형태로 오늘 날짜를 나타냅니다. 1 ≤ terms 의 길이 ≤ 20 terms 의 원소는 "" 약관 종류 유효기간 "" 형태의 약관 종류 와 유효기간 을 공백 하나로 구분한 문자열입니다. 약관 종류 는 A ~ Z 중 알파벳 대문자 하나이며, terms 배열에서 약관 종류 는 중복되지 않습니다. 유효기간 은 개인정보를 보관할 수 있는 달 수를 나타내는 정수이며, 1 이상 100 이하입니다. 1 ≤ privacies 의 길이 ≤ 100 privacies[i] 는 i+1 번 개인정보의 수집 일자와 약관 종류를 나타냅니다. privacies 의 원소는 "" 날짜 약관 종류 "" 형태의 날짜 와 약관 종류 를 공백 하나로 구분한 문자열입니다. 날짜 는 "" YYYY . MM . DD "" 형태의 개인정보가 수집된 날짜를 나타내며, today 이전의 날짜만 주어집니다. privacies 의 약관 종류 는 항상 terms 에 나타난 약관 종류 만 주어집니다. today 와 privacies 에 등장하는 날짜 의 YYYY 는 연도, MM 은 월, DD 는 일을 나타내며 점( . ) 하나로 구분되어 있습니다. 2000 ≤ YYYY ≤ 2022 1 ≤ MM ≤ 12 MM 이 한 자릿수인 경우 앞에 0이 붙습니다. 1 ≤ DD ≤ 28 DD 가 한 자릿수인 경우 앞에 0이 붙습니다. 파기해야 할 개인정보가 하나 이상 존재하는 입력만 주어집니다. 입출력 예 today terms privacies result ""2022.05.19"" [""A 6"", ""B 12"", ""C 3""] [""2021.05.02 A"", ""2021.07.01 B"", ""2022.02.19 C"", ""2022.02.20 C""] [1, 3] ""2020.01.01"" [""Z 3"", ""D 5""] [""2019.01.01 D"", ""2019.11.15 Z"", ""2019.08.02 D"", ""2019.07.01 D"", ""2018.12.28 Z""] [1, 4, 5] 입출력 예 설명 입출력 예 #1 문제 예시와 같습니다. 입출력 예 #2 약관 종류 유효기간 Z 3 달 D 5 달 번호 개인정보 수집 일자 약관 종류 1 2019.01.01 D 2 2019.11.15 Z 3 2019.08.02 D 4 2019.07.01 D 5 2018.12.28 Z 오늘 날짜는 2020년 1월 1일입니다. 첫 번째 개인정보는 D약관에 의해 2019년 5월 28일까지 보관 가능하며, 유효기간이 지났으므로 파기해야 할 개인정보입니다. 두 번째 개인정보는 Z약관에 의해 2020년 2월 14일까지 보관 가능하며, 유효기간이 지나지 않았으므로 아직 보관 가능합니다. 세 번째 개인정보는 D약관에 의해 2020년 1월 1일까지 보관 가능하며, 유효기간이 지나지 않았으므로 아직 보관 가능합니다. 네 번째 개인정보는 D약관에 의해 2019년 11월 28일까지 보관 가능하며, 유효기간이 지났으므로 파기해야 할 개인정보입니다. 다섯 번째 개인정보는 Z약관에 의해 2019년 3월 27일까지 보관 가능하며, 유효기간이 지났으므로 파기해야 할 개인정보입니다.",2538,27,['문제 설명'],['문제 설명'],,,[],,,1.0.0-kakao-official-2021-2025,2026-06-04T18:22:03.753309+00:00
kakao_programmers,public_official_release,kakao,2024,internship,INTERN,610,2024 카카오 겨울 인턴십 코딩테스트 문제해설,https://tech.kakao.com/posts/610,1,258705,kakao_2024_610_1_258705,산 모양 타일링,산 모양 타일링,https://school.programmers.co.kr/learn/courses/30/lessons/258705,"한 변의 길이가 1인 정삼각형 2n+1 개를 이어붙여 윗변의 길이가 n , 아랫변의 길이가 n+1 인 사다리꼴을 만들 수 있습니다. 이때 사다리꼴의 윗변과 변을 공유하는 n 개의 정삼각형 중 일부의 위쪽에 같은 크기의 정삼각형을 붙여 새로운 모양을 만들었습니다. 예를 들어 n 이 4이고, 1번째, 2번째, 4번째 정삼각형 위에 정삼각형을 붙인 모양은 다음과 같습니다. 이렇게 만든 모양을 정삼각형 타일 또는 정삼각형 2개를 이어 붙인 마름모 타일 로 빈 곳이 없도록 채우려고 합니다. 정삼각형 타일과 마름모 타일은 돌려서 사용할 수 있습니다. 타일을 놓을 때 다른 타일과 겹치거나 모양을 벗어나게 놓을 수는 없습니다. 위의 예시 모양을 채우는 방법 중 일부는 다음과 같습니다. 사다리꼴의 윗변의 길이를 나타내는 정수 n 과 사다리꼴 윗변에 붙인 정삼각형을 나타내는 1차원 정수 배열 tops 가 매개변수로 주어집니다. 이때 문제 설명에 따라 만든 모양을 정삼각형 또는 마름모 타일로 빈 곳이 없도록 채우는 경우의 수를 10007 로 나눈 나머지를 return 하도록 solution 함수를 완성해 주세요. 제한사항 1 ≤ n ≤ 100,000 tops 의 길이 = n tops[i] 는 사다리꼴의 윗변과 변을 공유하는 i+1 번째 정삼각형의 위쪽에 정삼각형을 붙이는 경우 1, 붙이지 않는 경우 0입니다. 입출력 예 n tops result 4 [1, 1, 0, 1] 149 2 [0, 1] 11 10 [0, 0, 0, 0, 0, 0, 0, 0, 0, 0] 7704 입출력 예 설명 입출력 예 #1 문제의 예시와 같습니다. 문제에서 설명한 방법을 포함해 총 149가지 방법이 존재합니다. 따라서 149를 return 해야 합니다. 입출력 예 #2 문제 설명에 따라 만든 모양은 다음과 같습니다. 이 모양을 타일로 채우는 방법은 다음과 같이 총 11가지입니다. 따라서 11을 return 해야 합니다. 입출력 예 #3 경우의 수는 총 17,711가지입니다. 따라서 17711을 10007로 나눈 나머지인 7704를 return 해야 합니다.",1030,3,['문제 설명'],['문제 설명'],,,[],,,1.0.0-kakao-official-2021-2025,2026-06-04T18:22:03.753309+00:00
kakao_programmers,public_official_release,kakao,2024,internship,INTERN,610,2024 카카오 겨울 인턴십 코딩테스트 문제해설,https://tech.kakao.com/posts/610,2,258707,kakao_2024_610_2_258707,n + 1 카드게임,n + 1 카드게임,https://school.programmers.co.kr/learn/courses/30/lessons/258707,"당신은 1~ n 사이의 수가 적힌 카드가 하나씩 있는 카드 뭉치와 동전 coin 개를 이용한 게임을 하려고 합니다. 카드 뭉치에서 카드를 뽑는 순서가 정해져 있으며, 게임은 다음과 같이 진행합니다. 처음에 카드 뭉치에서 카드 n/3 장을 뽑아 모두 가집니다. ( n 은 6의 배수입니다.) 당신은 카드와 교환 가능한 동전 coin 개를 가지고 있습니다. 게임은 1라운드부터 시작되며, 각 라운드가 시작할 때 카드를 두 장 뽑습니다. 카드 뭉치에 남은 카드가 없다면 게임을 종료합니다. 뽑은 카드는 카드 한 장당 동전 하나를 소모해 가지거나, 동전을 소모하지 않고 버릴 수 있습니다. 카드에 적힌 수의 합이 n+1 이 되도록 카드 두 장을 내고 다음 라운드로 진행할 수 있습니다. 만약 카드 두 장을 낼 수 없다면 게임을 종료합니다. 예를 들어 n = 12, coin = 4이고 [3, 6, 7, 2, 1, 10, 5, 9, 8, 12, 11, 4] 순서대로 카드를 뽑도록 카드 뭉치가 섞여 있습니다. 처음에 3, 6, 7, 2 카드 4장(= n/3 )과 동전 4개(= coin )를 가지고 시작합니다. 다음 라운드로 진행하기 위해 내야 할 카드 두 장에 적힌 수의 합은 13(= n+1 )입니다. 다음과 같은 방법으로 최대 5라운드까지 도달할 수 있습니다. 1라운드에서 뽑은 카드 1, 10을 동전 두 개를 소모해서 모두 가집니다. 카드 3, 10을 내고 다음 라운드로 진행합니다. 이때 손에 남은 카드는 1, 2, 6, 7이고 동전이 2개 남습니다. 2라운드에서 뽑은 카드 5, 9를 동전을 소모하지 않고 모두 버립니다. 카드 6, 7을 내고 다음 라운드로 진행합니다. 이때 손에 남은 카드는 1, 2고 동전이 2개 남습니다. 3라운드에서 뽑은 카드 8, 12 중 동전 한 개를 소모해서 카드 12를 가집니다. 카드 1, 12을 내고 다음 라운드로 진행합니다. 이때 손에 남은 카드는 2이고 동전이 1개 남습니다. 4라운드에서 뽑은 카드 11, 4 중 동전 한 개를 소모해서 카드 11을 가집니다. 카드 2, 11을 내고 다음 라운드로 진행합니다. 이때 손에 남은 카드와 동전은 없습니다. 5라운드에서 카드 뭉치에 남은 카드가 없으므로 게임을 종료합니다. 처음에 가진 동전수를 나타내는 정수 coin 과 카드를 뽑는 순서대로 카드에 적힌 수를 담은 1차원 정수 배열 cards 가 매개변수로 주어질 때, 게임에서 도달 가능한 최대 라운드의 수를 return 하도록 solution 함수를 완성해 주세요. 제한사항 0 ≤ coin ≤ n 6 ≤ cards 의 길이 = n < 1,000 cards[i] 는 i+1 번째로 뽑는 카드에 적힌 수를 나타냅니다. 1 ≤ cards[i] ≤ n cards 의 원소는 중복되지 않습니다. n 은 6의 배수입니다. 입출력 예 coin cards result 4 [3, 6, 7, 2, 1, 10, 5, 9, 8, 12, 11, 4] 5 3 [1, 2, 3, 4, 5, 8, 6, 7, 9, 10, 11, 12] 2 2 [5, 8, 1, 2, 9, 4, 12, 11, 3, 10, 6, 7] 4 10 [1, 2, 3, 4, 5, 6, 7, 8, 9, 10, 11, 12, 13, 14, 15, 16, 17, 18] 1 입출력 예 설명 입출력 예 #1 문제 예시와 같습니다. 입출력 예 #2 처음에 1, 2, 3, 4 카드 4장과 동전 3개를 가지고 시작합니다. 다음 라운드로 진행하기 위해 내야 할 카드 두 장에 적힌 수의 합은 13입니다. 다음과 같은 방법으로 최대 2라운드까지 도달할 수 있습니다. 1라운드에서 뽑은 카드 5, 8을 동전 두 개를 소모해서 모두 가집니다. 카드 5, 8을 내고 다음 라운드로 진행합니다. 이때 손에 남은 카드는 1, 2, 3, 4이고 동전이 1개 남습니다. 2라운드에서 뽑은 카드 6, 7중 남은 동전 한 개로 어떤 카드를 골라도 카드에 적힌 수의 합이 13이 되도록 카드 두 장을 낼 수 없으므로 게임이 종료됩니다. 따라서 2를 return 하면 됩니다. 입출력 예 #3 처음에 5, 8, 1, 2 카드 4장과 동전 2개를 가지고 시작합니다. 다음 라운드로 진행하기 위해 내야 할 카드 두 장에 적힌 수의 합은 13입니다. 다음과 같은 방법으로 최대 4라운드까지 도달할 수 있습니다. 1라운드에서 뽑은 카드 9, 4를 동전을 소모하지 않고 모두 버립니다. 카드 5, 8을 내고 다음 라운드로 진행합니다. 이때 손에 남은 카드는 1, 2고 동전이 2개 남습니다. 2라운드에서 뽑은 카드 12, 11를 동전 두 개를 소모해서 모두 가집니다. 카드 1, 12를 내고 다음 라운드로 진행합니다. 이때 손에 남은 카드는 2, 11이고 남은 동전이 없으므로 더 이상 카드를 추가로 가질 수 없습니다. 3라운드에서 뽑은 카드 3, 10을 모두 버립니다. 카드 2, 11을 내고 다음 라운드로 진행합니다. 이때 손에 남은 카드와 동전은 없습니다. 4라운드에서 뽑은 카드 6, 7을 모두 버립니다. 카드에 적힌 수의 합이 13이 되도록 카드 두 장을 낼 수 없으므로 게임이 종료됩니다. 따라서 4를 return 하면 됩니다. 입출력 예 #4 처음에 1, 2, 3, 4, 5, 6 카드 6장과 동전 10개를 가지고 시작합니다. 다음 라운드로 진행하기 위해 내야 할 카드 두 장에 적힌 수의 합은 19입니다. 1라운드에서 카드 7, 8 두 장을 모두 가져도 합이 19가 되도록 카드 두 장을 낼 수 없으므로 최대 1라운드까지만 도달할 수 있습니다. 따라서 1을 return 하면 됩니다.",2710,20,['문제 설명'],['문제 설명'],,,[],,,1.0.0-kakao-official-2021-2025,2026-06-04T18:22:03.753309+00:00
kakao_programmers,public_official_release,kakao,2024,internship,INTERN,610,2024 카카오 겨울 인턴십 코딩테스트 문제해설,https://tech.kakao.com/posts/610,3,258709,kakao_2024_610_3_258709,주사위 고르기,주사위 고르기,https://school.programmers.co.kr/learn/courses/30/lessons/258709,"A와 B가 n 개의 주사위를 가지고 승부를 합니다. 주사위의 6개 면에 각각 하나의 수가 쓰여 있으며, 주사위를 던졌을 때 각 면이 나올 확률은 동일합니다. 각 주사위는 1 ~ n 의 번호를 가지고 있으며, 주사위에 쓰인 수의 구성은 모두 다릅니다. A가 먼저 n / 2 개의 주사위를 가져가면 B가 남은 n / 2 개의 주사위를 가져갑니다. 각각 가져간 주사위를 모두 굴린 뒤, 나온 수들을 모두 합해 점수를 계산합니다. 점수가 더 큰 쪽이 승리하며, 점수가 같다면 무승부 입니다. A는 자신이 승리할 확률 이 가장 높아지도록 주사위를 가져가려 합니다. 다음은 n = 4인 예시입니다. 주사위 구성 #1 [1, 2, 3, 4, 5, 6] #2 [3, 3, 3, 3, 4, 4] #3 [1, 3, 3, 4, 4, 4] #4 [1, 1, 4, 4, 5, 5] 예를 들어 A가 주사위 #1, #2를 가져간 뒤 6, 3을 굴리고, B가 주사위 #3, #4를 가져간 뒤 4, 1을 굴린다면 A의 승리입니다. (6 + 3 > 4 + 1) A가 가져가는 주사위 조합에 따라, 주사위를 굴린 1296가지 경우의 승패 결과를 세어보면 아래 표와 같습니다. A의 주사위 승 무 패 #1, #2 596 196 504 #1, #3 560 176 560 #1, #4 616 184 496 #2, #3 496 184 616 #2, #4 560 176 560 #3, #4 504 196 596 A가 승리할 확률이 가장 높아지기 위해선 주사위 #1, #4를 가져가야 합니다. 주사위에 쓰인 수의 구성을 담은 2차원 정수 배열 dice 가 매개변수로 주어집니다. 이때, 자신이 승리할 확률이 가장 높아지기 위해 A가 골라야 하는 주사위 번호를 오름차순으로 1차원 정수 배열에 담아 return 하도록 solution 함수를 완성해 주세요. 승리할 확률이 가장 높은 주사위 조합이 유일한 경우만 주어집니다. 제한사항 2 ≤ dice 의 길이 = n ≤ 10 n 은 2의 배수입니다. dice[i] 는 i+1 번 주사위에 쓰인 6개의 수를 담고 있습니다. dice[i] 의 길이 = 6 1 ≤ dice[i] 의 원소 ≤ 100 입출력 예 dice result [[1, 2, 3, 4, 5, 6], [3, 3, 3, 3, 4, 4], [1, 3, 3, 4, 4, 4], [1, 1, 4, 4, 5, 5]] [1, 4] [[1, 2, 3, 4, 5, 6], [2, 2, 4, 4, 6, 6]] [2] [[40, 41, 42, 43, 44, 45], [43, 43, 42, 42, 41, 41], [1, 1, 80, 80, 80, 80], [70, 70, 1, 1, 70, 70]] [1, 3] 입출력 예 설명 입출력 예 #1 문제 예시와 같습니다. 입출력 예 #2 주사위 구성 #1 [1, 2, 3, 4, 5, 6] #2 [2, 2, 4, 4, 6, 6] A가 주사위 #2를 가져갔을 때 승리할 확률이 가장 높습니다. A가 #2, B가 #1 주사위를 굴린 결과에 따른 승패는 아래 표와 같습니다. 주사위 결과 1 (B) 2 (B) 3 (B) 4 (B) 5 (B) 6 (B) 2 (A) 승 무 패 패 패 패 2 (A) 승 무 패 패 패 패 4 (A) 승 승 승 무 패 패 4 (A) 승 승 승 무 패 패 6 (A) 승 승 승 승 승 무 6 (A) 승 승 승 승 승 무 입출력 예 #3 주사위 구성 #1 [40, 41, 42, 43, 44, 45] #2 [43, 43, 42, 42, 41, 41] #3 [1, 1, 80, 80, 80, 80] #4 [70, 70, 1, 1, 70, 70] A가 가져가는 주사위 조합에 따라, 주사위를 굴린 1296가지 경우의 승패 결과를 세어보면 아래 표와 같습니다. A의 주사위 승 무 패 #1, #2 704 16 576 #1, #3 936 24 336 #1, #4 360 24 912 #2, #3 912 24 360 #2, #4 336 24 936 #3, #4 576 16 704 따라서 A가 주사위 #1, #3을 가져갔을 때 승리할 확률이 가장 높습니다.",1991,6,['문제 설명'],['문제 설명'],,,[],,,1.0.0-kakao-official-2021-2025,2026-06-04T18:22:03.753309+00:00
kakao_programmers,public_official_release,kakao,2024,internship,INTERN,610,2024 카카오 겨울 인턴십 코딩테스트 문제해설,https://tech.kakao.com/posts/610,4,258711,kakao_2024_610_4_258711,도넛과 막대 그래프,도넛과 막대 그래프,https://school.programmers.co.kr/learn/courses/30/lessons/258711,"도넛 모양 그래프, 막대 모양 그래프, 8자 모양 그래프들이 있습니다. 이 그래프들은 1개 이상의 정점과, 정점들을 연결하는 단방향 간선으로 이루어져 있습니다. 크기가 n 인 도넛 모양 그래프는 n 개의 정점과 n 개의 간선이 있습니다. 도넛 모양 그래프의 아무 한 정점에서 출발해 이용한 적 없는 간선을 계속 따라가면 나머지 n -1개의 정점들을 한 번씩 방문한 뒤 원래 출발했던 정점으로 돌아오게 됩니다. 도넛 모양 그래프의 형태는 다음과 같습니다. 크기가 n 인 막대 모양 그래프는 n 개의 정점과 n -1개의 간선이 있습니다. 막대 모양 그래프는 임의의 한 정점에서 출발해 간선을 계속 따라가면 나머지 n -1개의 정점을 한 번씩 방문하게 되는 정점이 단 하나 존재합니다. 막대 모양 그래프의 형태는 다음과 같습니다. 크기가 n 인 8자 모양 그래프는 2n +1개의 정점과 2n +2개의 간선이 있습니다. 8자 모양 그래프는 크기가 동일한 2개의 도넛 모양 그래프에서 정점을 하나씩 골라 결합시킨 형태의 그래프입니다. 8자 모양 그래프의 형태는 다음과 같습니다. 도넛 모양 그래프, 막대 모양 그래프, 8자 모양 그래프가 여러 개 있습니다. 이 그래프들과 무관한 정점을 하나 생성한 뒤, 각 도넛 모양 그래프, 막대 모양 그래프, 8자 모양 그래프의 임의의 정점 하나로 향하는 간선들을 연결했습니다. 그 후 각 정점에 서로 다른 번호를 매겼습니다. 이때 당신은 그래프의 간선 정보가 주어지면 생성한 정점의 번호와 정점을 생성하기 전 도넛 모양 그래프의 수, 막대 모양 그래프의 수, 8자 모양 그래프의 수를 구해야 합니다. 그래프의 간선 정보를 담은 2차원 정수 배열 edges 가 매개변수로 주어집니다. 이때, 생성한 정점의 번호, 도넛 모양 그래프의 수, 막대 모양 그래프의 수, 8자 모양 그래프의 수를 순서대로 1차원 정수 배열에 담아 return 하도록 solution 함수를 완성해 주세요. 제한사항 1 ≤ edges 의 길이 ≤ 1,000,000 edges 의 원소는 [ a , b ] 형태이며, a 번 정점에서 b 번 정점으로 향하는 간선이 있다는 것을 나타냅니다. 1 ≤ a , b ≤ 1,000,000 문제의 조건에 맞는 그래프가 주어집니다. 도넛 모양 그래프, 막대 모양 그래프, 8자 모양 그래프의 수의 합은 2이상입니다. 입출력 예 edges result [[2, 3], [4, 3], [1, 1], [2, 1]] [2, 1, 1, 0] [[4, 11], [1, 12], [8, 3], [12, 7], [4, 2], [7, 11], [4, 8], [9, 6], [10, 11], [6, 10], [3, 5], [11, 1], [5, 3], [11, 9], [3, 8]] [4, 0, 1, 2] 입출력 예 설명 입출력 예 #1 주어진 그래프를 그림으로 나타내면 다음과 같습니다. 2번 정점이 생성한 정점이고 도넛 모양 그래프 1개, 막대 모양 그래프 1개가 존재합니다. 따라서 [2, 1, 1, 0]을 return 해야 합니다. 입출력 예 #2 주어진 그래프를 그림으로 나타내면 다음과 같습니다. 4번 정점이 생성한 정점이고 막대 모양 그래프 1개, 8자 모양 그래프 2개가 존재합니다. 따라서 [4, 0, 1, 2]를 return 해야 합니다. ※ 공지 - 2024년 1월 23일 테스트 케이스가 추가되었습니다. 기존에 제출한 코드가 통과하지 못할 수도 있습니다.",1676,8,['문제 설명'],['문제 설명'],,,[],,,1.0.0-kakao-official-2021-2025,2026-06-04T18:22:03.753309+00:00
kakao_programmers,public_official_release,kakao,2024,internship,INTERN,610,2024 카카오 겨울 인턴십 코딩테스트 문제해설,https://tech.kakao.com/posts/610,5,258712,kakao_2024_610_5_258712,가장 많이 받은 선물,가장 많이 받은 선물,https://school.programmers.co.kr/learn/courses/30/lessons/258712,"선물을 직접 전하기 힘들 때 카카오톡 선물하기 기능을 이용해 축하 선물을 보낼 수 있습니다. 당신의 친구들이 이번 달까지 선물을 주고받은 기록을 바탕으로 다음 달에 누가 선물을 많이 받을지 예측하려고 합니다. 두 사람이 선물을 주고받은 기록이 있다면, 이번 달까지 두 사람 사이에 더 많은 선물을 준 사람이 다음 달에 선물을 하나 받습니다. 예를 들어 A 가 B 에게 선물을 5번 줬고, B 가 A 에게 선물을 3번 줬다면 다음 달엔 A 가 B 에게 선물을 하나 받습니다. 두 사람이 선물을 주고받은 기록이 하나도 없거나 주고받은 수가 같다면, 선물 지수가 더 큰 사람이 선물 지수가 더 작은 사람에게 선물을 하나 받습니다. 선물 지수는 이번 달까지 자신이 친구들에게 준 선물의 수에서 받은 선물의 수를 뺀 값입니다. 예를 들어 A 가 친구들에게 준 선물이 3개고 받은 선물이 10개라면 A 의 선물 지수는 -7입니다. B 가 친구들에게 준 선물이 3개고 받은 선물이 2개라면 B 의 선물 지수는 1입니다. 만약 A 와 B 가 선물을 주고받은 적이 없거나 정확히 같은 수로 선물을 주고받았다면, 다음 달엔 B 가 A 에게 선물을 하나 받습니다. 만약 두 사람의 선물 지수도 같다면 다음 달에 선물을 주고받지 않습니다. 위에서 설명한 규칙대로 다음 달에 선물을 주고받을 때, 당신은 선물을 가장 많이 받을 친구가 받을 선물의 수를 알고 싶습니다. 친구들의 이름을 담은 1차원 문자열 배열 friends 이번 달까지 친구들이 주고받은 선물 기록을 담은 1차원 문자열 배열 gifts 가 매개변수로 주어집니다. 이때, 다음달에 가장 많은 선물을 받는 친구가 받을 선물의 수를 return 하도록 solution 함수를 완성해 주세요. 제한사항 2 ≤ friends 의 길이 = 친구들의 수 ≤ 50 friends 의 원소는 친구의 이름을 의미하는 알파벳 소문자로 이루어진 길이가 10 이하인 문자열입니다. 이름이 같은 친구는 없습니다. 1 ≤ gifts 의 길이 ≤ 10,000 gifts 의 원소는 ""A B"" 형태의 문자열입니다. A 는 선물을 준 친구의 이름을 B 는 선물을 받은 친구의 이름을 의미하며 공백 하나로 구분됩니다. A 와 B 는 friends 의 원소이며 A 와 B 가 같은 이름인 경우는 존재하지 않습니다. 입출력 예 friends gifts result [""muzi"", ""ryan"", ""frodo"", ""neo""] [""muzi frodo"", ""muzi frodo"", ""ryan muzi"", ""ryan muzi"", ""ryan muzi"", ""frodo muzi"", ""frodo ryan"", ""neo muzi""] 2 [""joy"", ""brad"", ""alessandro"", ""conan"", ""david""] [""alessandro brad"", ""alessandro joy"", ""alessandro conan"", ""david alessandro"", ""alessandro david""] 4 [""a"", ""b"", ""c""] [""a b"", ""b a"", ""c a"", ""a c"", ""a c"", ""c a""] 0 입출력 예 설명 입출력 예 #1 주고받은 선물과 선물 지수를 표로 나타내면 다음과 같습니다. ↓준 사람 \ 받은 사람→ muzi ryan frodo neo muzi - 0 2 0 ryan 3 - 0 0 frodo 1 1 - 0 neo 1 0 0 - 이름 준 선물 받은 선물 선물 지수 muzi 2 5 -3 ryan 3 1 2 frodo 2 2 0 neo 1 0 1 muzi 는 선물을 더 많이 줬던 frodo 에게서 선물을 하나 받습니다. ryan 은 선물을 더 많이 줬던 muzi 에게서 선물을 하나 받고, 선물을 주고받지 않았던 neo 보다 선물 지수가 커 선물을 하나 받습니다. frodo 는 선물을 더 많이 줬던 ryan 에게 선물을 하나 받습니다. neo 는 선물을 더 많이 줬던 muzi 에게서 선물을 하나 받고, 선물을 주고받지 않았던 frodo 보다 선물 지수가 커 선물을 하나 받습니다. 다음달에 가장 선물을 많이 받는 사람은 ryan 과 neo 이고 2개의 선물을 받습니다. 따라서 2를 return 해야 합니다. 입출력 예 #2 주고받은 선물과 선물 지수를 표로 나타내면 다음과 같습니다. ↓준 사람 \ 받은 사람→ joy brad alessandro conan david joy - 0 0 0 0 brad 0 - 0 0 0 alessandro 1 1 - 1 1 conan 0 0 0 - 0 david 0 0 1 0 - 이름 준 선물 받은 선물 선물 지수 joy 0 1 -1 brad 0 1 -1 alessandro 4 1 3 conan 0 1 -1 david 1 1 0 alessandro 가 선물을 더 많이 줬던 joy , brad , conan 에게서 선물을 3개 받습니다. 선물을 하나씩 주고받은 david 보다 선물 지수가 커 선물을 하나 받습니다. david 는 선물을 주고받지 않았던 joy , brad , conan 보다 선물 지수가 커 다음 달에 선물을 3개 받습니다. joy , brad , conan 은 선물을 받지 못합니다. 다음달에 가장 선물을 많이 받는 사람은 alessandro 이고 4개의 선물을 받습니다. 따라서 4를 return 해야 합니다. 입출력 예 #3 a 와 b , a 와 c , b 와 c 사이에 서로 선물을 주고받은 수도 같고 세 사람의 선물 지수도 0으로 같아 다음 달엔 아무도 선물을 받지 못합니다. 따라서 0을 return 해야 합니다.",2689,12,['문제 설명'],['문제 설명'],,,[],,,1.0.0-kakao-official-2021-2025,2026-06-04T18:22:03.753309+00:00
kakao_programmers,public_official_release,kakao,2025,recruitment,R1,813,2026 카카오그룹 신입크루 공채 코딩테스트 1차 문제해설,https://tech.kakao.com/posts/813,1,468370,kakao_2025_813_1_468370,중요한 단어를 스포 방지,중요한 단어를 스포 방지,https://school.programmers.co.kr/learn/courses/30/lessons/468370,"카카오톡은 메시지의 일부를 가려두었다가, 클릭했을 때만 공개되는 스포 방지 기능을 제공합니다. 이 기능을 활용하면 중요한 정보를 가리고 보낼 수 있습니다. 무지는 이 기능을 이용해 하나의 메시지 곳곳에 스포 방지 기능을 적용해 당신에게 보냈습니다. 당신은 메시지 시작부터 왼쪽 → 오른쪽 순서로 스포 방지 구간을 하나씩 클릭해 공개되는 단어들 중, 중요한 단어가 몇 개인지 확인하려 합니다. 단어 및 중요한 단어 규칙 단어는 공백으로 구분되며, 알파벳 소문자와 숫자로만 구성된 연속된 문자열입니다. 단어를 구성하는 문자들의 인덱스 중 하나 이상 이 스포 방지 구간에 포함될 경우, 해당 단어는 스포일러 방지 단어로 간주합니다. 즉, 단어 내 일부 문자에만 스포일러 방지 기능이 적용되더라도, 해당 단어 전체를 스포일러 방지 단어로 간주합니다. 한 단어가 여러 개의 스포 방지 구간에 걸쳐 있을 수 있으며, 하나의 스포 방지 구간에 여러 단어가 포함될 수 있습니다. 스포 방지 구간을 클릭해 단어의 모든 문자가 공개되었을 때, 그 단어가 아래 조건을 모두 만족하면 중요한 단어입니다. 스포 방지 단어여야 합니다. 메시지의 스포 방지 구간이 아닌 구간(= 어떤 스포 방지 구간에도 속하지 않는 모든 구간: 각 구간의 앞·사이·뒤 포함)에 등장한 적이 없어야 합니다. 이전에 공개된 스포 방지 단어와 중복되지 않아야 합니다. 여러 단어가 동시에 공개된 경우, 왼쪽부터 순서대로 하나씩 중요한 단어인지 판단합니다. 무지가 당신에게 보내온 메시지를 나타내는 문자열 message 와 스포 방지가 적용된 구간을 나타내는 2차원 정수 배열 spoiler_ranges 가 매개변수로 주어질 때, 스포 방지 단어 중 중요한 단어의 수를 return 하도록 solution 함수를 완성해 주세요. 제한사항 1 ≤ message 의 길이 ≤ 20,000 message 는 알파벳 소문자, 숫자 그리고 공백으로 이루어져 있습니다. message 는 하나 이상의 단어로 구성된 문자열입니다. 공백은 연속해서 등장하지 않습니다. 1 ≤ spoiler_ranges 의 길이 ≤ 1,000 spoiler_ranges[i] 는 [ start , end ] 형태로 스포 방지를 적용한 구간을 나타냅니다. 이때 start 와 end 는 문자 인덱스이며, 두 인덱스 모두 구간에 포함됩니다. 0 ≤ start ≤ end < message 의 길이 모든 구간은 서로 겹치지 않으며, start 기준으로 오름차순 정렬되어 주어집니다. 테스트 케이스 구성 안내 아래는 테스트 케이스 구성을 나타냅니다. 각 그룹은 하나 이상의 하위 그룹으로 이루어져 있으며, 하위 그룹의 모든 테스트 케이스를 통과하면 해당 그룹에 할당된 점수를 획득할 수 있습니다. 그룹 총점 추가 제한 사항 #1 7% message 의 모든 단어는 중복없이 한 번씩만 등장합니다. #2 13% 모든 스포 방지 구간은 각각 정확히 한 단어의 시작과 끝을 가리킵니다. spoiler_ranges 의 길이 = 1 #3 45% 모든 스포 방지 구간은 각각 정확히 한 단어의 시작과 끝을 가리킵니다. #4 35% 추가 제한 사항 없음 입출력 예 message spoiler_ranges result ""here is muzi here is a secret message"" [[0, 3], [23, 28]] 1 ""my phone number is 01012345678 and may i have your phone number"" [[5, 5], [25, 28], [34, 40], [53, 59]] 4 입출력 예 설명 입출력 예 #1 스포 방지 처리된 채팅입니다. 첫 번째 스포 방지를 해제한 채팅입니다. 첫 번째 스포 방지 구간을 해제하면 단어 here이 공개됩니다. here은 스포 방지 구간이 아닌 영역에서 등장한 적 있습니다. 따라서 중요한 단어가 아닙니다. 두 번째 스포 방지를 해제한 채팅입니다. 두 번째 스포 방지 구간을 해제하면 단어 secret이 공개됩니다. secret은 중요한 단어입니다. 중요한 단어는 secret 하나뿐이므로 1을 return 해야 합니다. 입출력 예 #2 스포 방지 처리된 채팅입니다. 첫 번째 스포 방지를 해제한 채팅입니다. 첫 번째 스포 구간을 해제하면 단어 phone이 공개됩니다. 이 단어는 스포 방지 구간이 아닌 구간에서 등장한 적이 없고 이전에 공개된 스포 방지 단어와 중복되지 않으므로 중요한 단어입니다. 두 번째 스포 방지를 해제한 채팅입니다. 두 번째 스포 구간을 해제하면 단어 01012345678이 공개됩니다. 이 단어는 중요한 단어입니다. 세 번째 스포 방지를 해제한 채팅입니다. 세 번째 스포 구간을 해제하면 단어 may, i가 공개됩니다. 두 단어 모두 중요한 단어입니다. 마지막 스포 방지를 해제한 채팅입니다. 마지막 스포 구간을 해제하면 phone, number이 공개됩니다. 이 중 phone은 이전에 공개된 스포 방지 단어에 포함되어 있고 number은 스포 방지 구간이 아닌 영역에서 공개된 적이 있습니다. 따라서 중요한 단어가 아닙니다. 스포 방지가 적용된 단어 중 중요한 단어는 phone, 01012345678, may, i 4개입니다. 따라서 4를 return 해야 합니다.",2559,16,['문제 설명'],['문제 설명'],,,[],,,1.0.0-kakao-official-2021-2025,2026-06-04T18:22:03.753309+00:00
kakao_programmers,public_official_release,kakao,2025,recruitment,R1,813,2026 카카오그룹 신입크루 공채 코딩테스트 1차 문제해설,https://tech.kakao.com/posts/813,2,468371,kakao_2025_813_2_468371,노란불 신호등,노란불 신호등,https://school.programmers.co.kr/learn/courses/30/lessons/468371,"어떤 도로에 차량 신호등이 n 개 있습니다. 모든 신호등은 항상 초록불 → 노란불 → 빨간불 순서로 반복되며, 각 신호의 지속 시간은 신호등마다 다릅니다. 시간은 1초부터 시작하며, 각 신호등은 처음에는 초록불 상태로 시작합니다. 이 도로에서는 가끔 정전이 일어나는데, 모든 신호등이 모두 노란불이 되면 정전이 발생한다는 사실이 밝혀졌습니다. 예를 들어 신호등이 2개이고, 각 신호등의 주기가 다음과 같다고 가정해 보겠습니다. 신호등 초록불 노란불 빨간불 1번 2초 1초 2초 2번 5초 1초 1초 위 그림과 같이 13초에 처음으로 두 신호등이 모두 노란불이 됩니다. 신호등 n 개의 신호 주기를 담은 2차원 정수 배열 signals 가 매개변수로 주어집니다. 모든 신호등이 노란불이 되는 가장 빠른 시각(초)을 return 하도록 solution 함수를 완성해 주세요. 만약 모든 신호등이 노란불이 되는 경우가 존재하지 않는다면 -1을 return 해주세요. 제한사항 2 ≤ signals 의 길이 = n ≤ 5 signals 의 원소는 [G, Y, R] 형태의 길이가 3인 정수 배열입니다. 순서대로 초록불, 노란불, 빨간불의 지속 시간을 의미합니다. 1 ≤ G , Y , R ≤ 18 3 ≤ G + Y + R ≤ 20 테스트 케이스 구성 안내 아래는 테스트 케이스 구성을 나타냅니다. 각 그룹은 하나 이상의 하위 그룹으로 이루어져 있으며, 하위 그룹의 모든 테스트 케이스를 통과하면 해당 그룹에 할당된 점수를 획득할 수 있습니다. 그룹 총점 추가 제한 사항 #1 30% 신호등이 모두 노란불이 되는 시각이 20 이하인 정답이 존재합니다. #2 30% 신호등이 모두 노란불이 되는 경우가 존재합니다. #3 40% 추가 제한 사항 없음 입출력 예 signals result [[2, 1, 2], [5, 1, 1]] 13 [[2, 3, 2], [3, 1, 3], [2, 1, 1]] 11 [[3, 3, 3], [5, 4, 2], [2, 1, 2]] 193 [[1, 1, 4], [2, 1, 3], [3, 1, 2], [4, 1, 1]] -1 입출력 예 설명 입출력 예 #1 문제 설명의 예시와 같습니다. 입출력 예 #2 신호등 초록불 노란불 빨간불 1번 2초 3초 2초 2번 3초 1초 3초 3번 2초 1초 1초 11초에 3개의 신호등이 모두 노란불이 됩니다. 입출력 예 #3 신호등 초록불 노란불 빨간불 1번 3초 3초 3초 2번 5초 4초 2초 3번 2초 1초 2초 193초에 3개의 신호등이 모두 노란불이 됩니다. 입출력 예 #4 모든 신호등이 노란불이 되는 경우가 존재하지 않으므로 -1을 return 해야 합니다.",1300,4,['문제 설명'],['문제 설명'],,,[],,,1.0.0-kakao-official-2021-2025,2026-06-04T18:22:03.753309+00:00
kakao_programmers,public_official_release,kakao,2025,recruitment,R1,813,2026 카카오그룹 신입크루 공채 코딩테스트 1차 문제해설,https://tech.kakao.com/posts/813,3,468372,kakao_2025_813_3_468372,리프 노드 수 최대화,리프 노드 수 최대화,https://school.programmers.co.kr/learn/courses/30/lessons/468372,"루트 노드, 리프 노드, 분배 노드로 구성되는 트리가 있습니다. 루트 노드는 자식 노드를 하나만 가지며, 루트 노드가 아닌 노드는 자식 노드를 2개, 3개 또는 0개를 가질 수 있습니다. 자식 노드가 0개인 노드는 리프 노드입니다. 당신은 제한된 조건 하에서 트리를 하나 구성하여 리프 노드를 가능한 한 많이 만들려고 합니다. 트리를 구성하는 규칙은 아래와 같습니다. 루트 노드와 리프 노드를 제외한 나머지 노드를 분배 노드라고 하며, 분배 노드는 자식 노드를 2개 또는 3개를 갖습니다. 분배 노드는 최대 dist_limit 개 존재할 수 있습니다. 트리에서 같은 깊이에 있는 분배 노드의 자식 노드 수는 모두 같아야 합니다. 노드의 깊이는 루트 노드부터 해당 노드까지의 최단 경로 길이와 같습니다. 모든 리프 노드는 분배도라는 값을 갖습니다. 분배도는 해당 리프 노드의 부모 노드에서 루트 노드까지의 최단 경로 상에 있는 모든 노드의 자식 노드 개수의 곱과 같습니다. 예를 들어 아래 그림과 같이 트리가 주어진 경우, 1번 리프 노드의 분배도는 3 × 1 = 3이며, 2번 리프 노드의 분배도는 2 × 3 × 3 × 1 = 18입니다. 모든 리프 노드의 분배도는 split_limit 보다 작거나 같아야 합니다. 예를 들어 dist_limit 가 3이고 split_limit 가 6인 경우, 아래와 같이 트리를 구성할 수 있습니다. 위와 같이 구성하면 리프 노드의 수는 6이 되며, 분배 노드의 수는 3, 모든 리프 노드의 분배도는 3 × 2 × 1 = 6이므로 조건을 만족합니다. 주어진 조건 하에 리프 노드의 수를 6개보다 많이 만드는 트리 구성은 존재하지 않습니다. 최대 몇 개의 분배 노드를 놓을 수 있는지 나타내는 정수 dist_limit , 분배도의 최댓값을 나타내는 정수 split_limit 가 매개변수로 주어집니다. 주어진 조건 하에서 만들 수 있는 트리의 리프 노드 수의 최댓값을 return 하도록 solution 함수를 완성해 주세요. 제한사항 0 ≤ dist_limit ≤ 10 9 1 ≤ split_limit ≤ 10 9 테스트 케이스 구성 안내 아래는 테스트 케이스 구성을 나타냅니다. 각 그룹은 하나 이상의 하위 그룹으로 이루어져 있으며, 하위 그룹의 모든 테스트 케이스를 통과하면 해당 그룹에 할당된 점수를 획득할 수 있습니다. 그룹 총점 추가 제한 사항 #1 30% dist_limit ≤ 10 , split_limit ≤ 50 #2 70% 추가 제한 사항 없음 입출력 예 dist_limit split_limit result 3 6 6 0 10 1 3 100 7 5 16 9 입출력 예 설명 입출력 예 #1 문제 예시와 같습니다. 입출력 예 #2 아래 그림과 같이 트리를 구성할 수 있습니다. 분배 노드를 놓을 수 없으므로 루트 노드의 자식 노드 1개가 트리에서 유일한 리프 노드입니다. 따라서 1을 return 해야 합니다. 입출력 예 #3 아래 그림과 같이 트리를 구성할 수 있습니다. 다른 트리 구성으로도 리프 노드를 7개 만들 수 있지만 7개보다 많은 리프 노드를 만들 수 있는 트리 구성은 존재하지 않습니다. 따라서 7을 return 해야 합니다. 입출력 예 #4 아래 그림과 같이 트리를 구성할 수 있습니다. 분배 노드는 최대 5개까지 놓을 수 있지만, 위와 같이 4개까지만 놓는 것도 가능합니다. 9개보다 많은 리프 노드를 만들 수 있는 다른 트리 구성은 존재하지 않습니다. 따라서 9를 return 해야 합니다.",1715,7,['문제 설명'],['문제 설명'],,,[],,,1.0.0-kakao-official-2021-2025,2026-06-04T18:22:03.753309+00:00
kakao_programmers,public_official_release,kakao,2025,recruitment,R1,813,2026 카카오그룹 신입크루 공채 코딩테스트 1차 문제해설,https://tech.kakao.com/posts/813,4,468373,kakao_2025_813_4_468373,바이러스 파이프,바이러스 파이프,https://school.programmers.co.kr/learn/courses/30/lessons/468373,"1 번부터 n 번까지 번호가 붙은 n 개의 배양체를 n-1 개의 파이프로 이어 하나의 트리 모양을 만들었습니다. 각 파이프는 A , B , C 3개의 종류 중 하나로 초기에 모든 파이프는 닫혀있습니다. 배양체 중 하나가 바이러스에 감염되어 있습니다. 바이러스에 감염된 배양체는 열린 파이프를 통해 연결된 다른 인접한 배양체를 감염시킵니다. 당신은 종류가 같은 파이프를 한꺼번에 모두 열었다가 닫을 수 있습니다. 단, 한 종류의 파이프를 연 후 다시 닫기 전에 다른 종류의 파이프를 열 수 없습니다. 파이프를 열었다 닫는 행동을 최대 k 번 반복해 최대한 많은 배양체에 바이러스를 감염시키려고 합니다. 배양체의 개수를 나타내는 정수 n , 감염된 배양체의 노드 번호를 나타내는 정수 infection , 파이프의 정보를 나타내는 2차원 정수 배열 edges , 최대 행동 수를 나타내는 정수 k 가 매개변수로 주어집니다. 최대 k 번 파이프를 열었다 닫은 후, 감염된 배양체 개수의 최댓값을 return 하도록 solution 함수를 완성해 주세요. 제한사항 2 ≤ n ≤ 100 1 ≤ infection ≤ n edges 의 길이 = n-1 edges[i] 는 [ x , y , type ]의 형태로 x 번 노드의 배양체와 y 번 노드의 배양체 사이가 type 종류의 파이프로 연결되어 있음을 의미합니다. 1 ≤ x < y ≤ n 1 ≤ type ≤ 3 1은 A , 2는 B , 3은 C 를 나타냅니다. 1 ≤ k ≤ 10 테스트 케이스 구성 안내 아래는 테스트 케이스 구성을 나타냅니다. 각 그룹 내의 테스트 케이스를 모두 통과하면 해당 그룹에 할당된 점수를 획득할 수 있습니다. 그룹 총점 테스트 케이스 그룹 설명 #1 10% 트리가 일렬 모양입니다. 즉, 각 배양체에 연결된 파이프는 1개 혹은 2개입니다. #2 20% 파이프의 type은 A 혹은 B만 주어집니다. #3 30% 한 배양체에 연결된 파이프의 type이 모두 다릅니다. #4 40% 추가 제한 사항 없음 입출력 예 n infection edges k result 10 1 [[1, 2, 1], [1, 3, 1], [1, 4, 3], [1, 5, 2], [5, 6, 1], [5, 7, 1], [2, 8, 3], [2, 9, 2], [9, 10, 1]] 2 6 7 6 [[1, 2, 3], [1, 4, 3], [4, 5, 1], [5, 6, 1], [3, 6, 2], [3, 7, 2]] 3 7 입출력 예 설명 입출력 예 #1 트리가 아래 그림과 같이 구성되어 있습니다. B 타입 파이프를 열었다 닫은 후, A 타입 파이프를 열었다 닫으면 감염된 배양체가 총 6개가 됩니다. 1. B 타입 파이프 열림 : [1 - 5, 2 - 9]를 연결하는 파이프가 열립니다. 배양체 #5가 감염됩니다. 2. B 타입 파이프 닫힘 3. A 타입 파이프 열림 : [1 - 2, 1 - 3, 5 - 6, 5 - 7, 9 - 10]을 연결하는 파이프가 열립니다. 배양체 #2, #3, #6, #7이 감염됩니다. 4. A 타입 파이프 닫힘 5. 최종적으로 감염된 배양체는 #1, #2, #3, #5, #6, #7입니다. 2번의 행동으로 감염된 배양체가 6개보다 많아지는 방법은 없습니다. 따라서 6을 return 해야 합니다. 입출력 예 #2 트리가 아래 그림과 같이 구성되어 있습니다. ABC 혹은 ACB 혹은 BAC 순으로 파이프를 열었다 닫으면 감염된 배양체가 총 7개가 됩니다. 3번의 행동으로 감염된 배양체가 7개보다 많아지는 방법은 없습니다. 따라서 7을 return 해야 합니다.",1757,8,['문제 설명'],['문제 설명'],,,[],,,1.0.0-kakao-official-2021-2025,2026-06-04T18:22:03.753309+00:00
kakao_programmers,public_official_release,kakao,2025,recruitment,R1,813,2026 카카오그룹 신입크루 공채 코딩테스트 1차 문제해설,https://tech.kakao.com/posts/813,5,468374,kakao_2025_813_5_468374,카카오 앱 정리하기,카카오 앱 정리하기,https://school.programmers.co.kr/learn/courses/30/lessons/468374,"N x M 크기의 격자판 위에 카카오 앱들이 존재합니다. 격자에서 가장 왼쪽 위칸은 1행 1열, 가장 오른쪽 아래칸은 N 행 M 열입니다. 모든 앱들은 정사각형 모양이며 크기는 제각각 다를 수 있습니다. 예를 들어, N = 6, M = 8일 때 아래 그림과 같이 앱들이 배치되어 있습니다. 6개의 앱이 격자판 위에 존재합니다. 당신은 해당 앱들 중 하나를 골라 상하좌우 중 한 방향으로 한 칸 밀 수 있습니다. 이때, 해당 방향에 다른 앱이 존재한다면 해당 앱도 같은 방향으로 한 칸 밀려납니다. 위 예시에서 카카오톡 앱을 오른쪽으로 한 칸 밀면 아래와 같이 됩니다. 빨간색으로 표시된 카카오톡 앱을 오른쪽으로 한 칸 밉니다. 초록색으로 표시된 4개의 앱들은 카카오톡에 의해 영향을 받은 앱들을 나타냅니다. 만약 앱이 격자 밖으로 이동하게 된다면, 해당 앱은 격자 반대편으로 이어져 나오게 됩니다. 이때, 크기가 2x2 이상인 앱은 한 칸이라도 격자 밖으로 이동하게 되면 반대편으로 이동하게 됩니다. 격자 반대편으로 이동할 때 해당 위치에 다른 앱이 있다면 그 앱도 같은 방향으로 밀려납니다. 위 예시에서 카카오톡 앱을 오른쪽으로 한 칸 밀면 아래와 같이 됩니다. 카카오 뱅크앱이 격자 밖으로 이동하게 되어 격자 반대편으로 이동하게 됩니다. 카카오 웹툰앱(w)의 일부가 격자 밖으로 이동하게 되어 격자 반대편으로 이동하게 됩니다. 이 과정에서 카카오 뮤직 앱이 오른쪽으로 밀리게 됩니다. 격자와 앱의 위치 정보를 담은 2차원 정수 배열 board 와 앱의 이동 명령을 순서대로 담은 2차원 정수 배열 commands 가 매개변수로 주어집니다. 주어진 규칙에 따라 앱을 이동시킨 후 앱의 위치 정보를 2차원 정수 배열에 담아 return 하도록 solution 함수를 완성해 주세요. 제한사항 2 ≤ board 의 길이 = N ≤ 10 2 ≤ board[i] 의 길이 = M ≤ 10 0 ≤ board[i][j] ≤ 100 board[i][j] 는 앱의 유일한 ID를 나타내며, board 의 i+1 번째 행 j+1 번째 열에 ID가 board[i][j] 인 앱이 존재함을 나타냅니다. 각 앱의 ID는 1번부터 앱의 가짓수 번까지 번호가 붙어 있습니다. board[i][j] 가 같은 원소면 정사각형 모양으로 붙어 있습니다. board[i][j] 가 0이면 해당 격자는 빈 칸임을 나타냅니다. 1 ≤ commands 의 길이 ≤ 1,000 commands[i] 는 [ ID , arrow ]형태로 ID가 ID 인 앱을 arrow 방향으로 한 칸 움직임을 나타냅니다. 1 ≤ ID ≤ board[i][j] 의 최댓값 1 ≤ arrow ≤ 4 1은 오른쪽, 2는 아래쪽, 3은 왼쪽, 4는 위쪽 방향을 나타냅니다. 테스트 케이스 구성 안내 아래는 테스트 케이스 구성을 나타냅니다. 각 그룹은 하나 이상의 하위 그룹으로 이루어져 있으며, 하위 그룹의 모든 테스트 케이스를 통과하면 해당 그룹에 할당된 점수를 획득할 수 있습니다. 그룹 총점 테스트 케이스 그룹 설명 #1 5% 1x1 크기의 앱 1개만 존재합니다. #2 10% 2x2 크기의 앱 1개만 존재합니다. #3 15% 모든 앱의 크기가 1x1입니다. #4 20% 앱이 격자 밖으로 이동하는 명령이 주어지지 않습니다. #5 50% 추가 제한 사항 없음 입출력 예 board commands result [[0, 2, 2, 0, 0, 0, 0, 0], [0, 2, 2, 0, 0, 4, 4, 0], [0, 3, 3, 3, 1, 4, 4, 0], [0, 3, 3, 3, 0, 0, 0, 0], [0, 3, 3, 3, 5, 5, 6, 0], [0, 0, 0, 0, 5, 5, 0, 0]] [[3, 1], [3, 1]] [[0, 0, 2, 2, 0, 0, 0, 0], [4, 4, 2, 2, 0, 0, 0, 0], [4, 4, 0, 3, 3, 3, 1, 0], [0, 0, 0, 3, 3, 3, 0, 0], [6, 0, 0, 3, 3, 3, 5, 5], [0, 0, 0, 0, 0, 0, 5, 5]] [[0, 9, 1, 1, 6, 0, 0, 0], [2, 2, 1, 1, 0, 0, 0, 0], [2, 2, 3, 4, 4, 4, 0, 0], [5, 0, 0, 4, 4, 4, 7, 0], [0, 0, 0, 4, 4, 4, 8, 8], [0, 0, 0, 0, 0, 0, 8, 8]] [[2, 1], [3, 1], [9, 2], [4, 1]] [[8, 8, 0, 1, 1, 6, 0, 0], [8, 8, 0, 1, 1, 0, 0, 0], [4, 4, 4, 9, 3, 0, 0, 0], [4, 4, 4, 7, 2, 2, 0, 0], [4, 4, 4, 0, 2, 2, 0, 0], [0, 5, 0, 0, 0, 0, 0, 0]] [[1, 1, 0], [1, 1, 0]] [[1, 4], [1, 3], [1, 2]] [[0, 1, 1], [0, 1, 1]] 입출력 예 설명 입출력 예 #1 문제 예시와 같습니다. 입출력 예 #2 아래 그림과 같이 앱들이 배치되어 있습니다. 2번 앱(카카오 뮤직)을 오른쪽으로 한 칸 움직이면 아래와 같이 됩니다. 3번 앱(카카오 페이)을 오른쪽으로 한 칸 움직이면 아래와 같이 됩니다. 9번 앱(카카오톡)을 아래쪽으로 한 칸 움직이면 아래와 같이 됩니다. 카카오 웹툰 앱이 위쪽으로 이동하게 되어 카카오톡 앱이 아래로 한 칸 더 밀립니다. 4번 앱(카카오 페이지)을 오른쪽으로 한 칸 움직이면 아래와 같이 됩니다. 입출력 예 #3 아래 그림과 같이 앱이 배치되어 있습니다. 1번 앱(프로그래머스)을 위쪽으로 한 칸 움직이면 아래와 같이 됩니다. 1번 앱(프로그래머스)을 왼쪽으로 한 칸 움직이면 아래와 같이 됩니다. 1번 앱(프로그래머스)을 아래쪽으로 한 칸 움직이면 아래와 같이 됩니다.",2829,17,['문제 설명'],['문제 설명'],,,[],,,1.0.0-kakao-official-2021-2025,2026-06-04T18:22:03.753309+00:00
kakao_programmers,public_official_release,kakao,2025,recruitment,R1,813,2026 카카오그룹 신입크루 공채 코딩테스트 1차 문제해설,https://tech.kakao.com/posts/813,6,468375,kakao_2025_813_6_468375,발전소 회로 복구,발전소 회로 복구,https://school.programmers.co.kr/learn/courses/30/lessons/468375,"대정전이 발생한 발전소는 1~ h 층으로 이루어진 h 층 건물이며, 각 층은 같은 구조의 n × m 크기의 격자로 이루어져 있습니다. 각 칸은 통행 가능한 통로('.'), 통행 불가능한 폐쇄 구역('#'), 엘리베이터('@') 중 하나입니다. 엘리베이터는 격자에서 단 한 칸에만 존재하며 다른 층으로 이동하려면 반드시 엘리베이터를 이용해야 합니다. 통로 중 k 곳에는 1~ k 번의 서로 다른 번호를 가진 회로 패널이 1개씩 설치되어 있습니다. 패널의 위치는 [ f , r , c ] 형태로 주어지며, f 층의 r 행 c 열에 해당 패널이 위치함을 나타냅니다. 초기에 모든 패널은 비활성화 상태이며, 기술자는 항상 1번 패널이 설치된 위치에서 출발해 모든 회로 패널을 활성화해야 합니다. 기술자는 상하좌우로 인접한 칸으로 1초에 1칸씩 이동할 수 있습니다. 엘리베이터 칸에서만 다른 층으로 이동할 수 있으며, 한 층을 이동할 때마다 1초가 필요합니다. 즉 x 층에서 y 층으로 이동할 때 |x-y| 만큼 시간이 소요됩니다. 엘리베이터를 기다리는 시간이나 타고 내리는 시간은 고려하지 않습니다. 각 패널은 안전 순서를 따라 활성화해야 합니다. 안전 순서는 여러 개의 [ a , b ] 쌍으로 이루어져 있으며, b 번 패널을 활성화하기 전에 a 번 패널이 이미 활성화되어 있어야 함을 나타냅니다. 기술자가 패널이 설치된 칸에 위치할 때 그 패널을 즉시 활성화할 수 있습니다. 단, 안전 순서가 아직 충족되지 않은 패널은 활성화할 수 없습니다. 기술자가 x 번 패널을 활성화하기 위해서는 안전 순서에 존재하는 b = x 인 모든 [ a , b ] 쌍에 대해서 모든 a 번 패널이 이미 활성화되어 있어야 합니다. 예를 들어, 안전 순서 쌍이 [[3, 1], [4, 1], [5, 1], [2, 3]]이라고 가정해 보겠습니다. 1번 패널을 활성화하려면 3, 4, 5번 세 패널이 이미 활성화되어 있어야 합니다. 3번 패널을 활성화하려면 2번 패널이 이미 활성화되어 있어야 합니다. 2, 4, 5번 패널은 선행 제약 없이 바로 활성화 가능합니다. 당신은 기술자가 모든 패널을 안전하게 활성화하는 데 필요한 최소 시간을 구해야 합니다. 예를 들어 3층인 발전소 내부 구조가 아래 그림과 같다고 가정해 보겠습니다. 엘리베이터가 5행 2열에 위치해 있습니다. 패널의 위치 1번 패널 : 2층 3행 4열 2번 패널 : 2층 5행 6열 3번 패널 : 1층 1행 1열 4번 패널 : 3층 6행 3열 안전 순서 : [[3, 2], [1, 2], [4, 1], [4, 3]] 1번 패널을 활성화하려면 4번 패널이 이미 활성화되어 있어야 합니다. 2번 패널을 활성화하려면 1, 3번 패널이 이미 활성화되어 있어야 합니다. 3번 패널을 활성화하려면 4번 패널이 이미 활성화되어 있어야 합니다. 4번 패널은 선행 제약 없이 바로 활성화 가능합니다. 처음에 기술자가 1번 패널의 위치인 2층 3행 4열에서 출발합니다. 1번 패널은 4번 패널이 활성화되어 있어야 하므로 아직 활성화할 수 없습니다. 빨간색으로 칠해진 격자는 현재 기술자의 위치를 나타냅니다. 엘리베이터로 이동해 2→3층으로 이동합니다. 4번 패널로 이동해 활성화시킵니다. 총 7(= 4 + 1 + 2)초가 걸립니다. 엘리베이터로 이동해 3→1층으로 이동합니다. 3번 패널로 이동해 활성화시킵니다. 총 11(= 2 + 2 + 7)초가 걸립니다. 엘리베이터로 이동해 1→2층으로 이동합니다. 1번 패널로 이동해 활성화시킵니다. 이어서 2번 패널로 이동해 활성화시킵니다. 총 18(= 7 + 1 + 4 + 6)초가 걸립니다. 위와 같은 방법으로 모든 패널을 안전하게 활성화시킬 수 있으며, 총 시간이 36초가 필요합니다. 이보다 빠른 시간 내로 모든 패널을 안전하게 활성화시킬 수는 없습니다. 발전소의 층 수인 정수 h , 발전소 구조 정보를 담은 1차원 문자열 배열 grid , 패널의 위치를 담은 2차원 정수 배열 panels 와 안전 순서를 담은 2차원 정수 배열 seqs 가 매개변수로 주어집니다. 기술자가 모든 패널을 안전하게 활성화하는 데 필요한 최소 시간을 return 하도록 solution 함수를 완성해 주세요. 제한사항 1 ≤ h ≤ 10 2 ≤ grid 의 길이 = n ≤ 40 2 ≤ grid[i] 의 원소 길이 = m ≤ 40 grid[i][j] 는 '.', '#', '@' 중 하나로, i+1 행 j+1 열 칸의 정보를 나타냅니다. '@'은 격자 내에 반드시 하나만 존재합니다. 2 ≤ panels 의 길이 = k ≤ 15 panels[i] 는 [ f , r , c ] 형태로 i+1 번 패널이 f 층의 r 행 c 열 칸에 위치함을 나타냅니다. 1 ≤ f ≤ h 1 ≤ r ≤ n 1 ≤ c ≤ m grid[r-1][c-1] = '.' panels 의 원소는 중복되지 않습니다. 1 ≤ seqs 의 길이 ≤ 100 seqs 의 원소는 [ a , b ] 형태로 b 번 패널을 활성화하기 전에 a 번 패널이 이미 활성화되어 있어야 함을 나타냅니다. 1 ≤ a ≤ k 1 ≤ b ≤ k a ≠ b seqs 의 원소는 중복되지 않습니다. 모든 패널을 안전하게 활성화 가능한 경우만 주어집니다. 테스트 케이스 구성 안내 아래는 테스트 케이스 구성을 나타냅니다. 각 그룹은 하나 이상의 하위 그룹으로 이루어져 있으며, 하위 그룹의 모든 테스트 케이스를 통과하면 해당 그룹에 할당된 점수를 획득할 수 있습니다. 그룹 총점 추가 제한 사항 #1 13% k = 2 #2 18% k ≤ 5 #3 22% h = 1 #4 17% seqs 의 길이 = k-1 , seqs[i] = [ i+1 , i+2 ] #5 30% 추가 제한 사항 없음 입출력 예 h grid panels seqs result 3 ["".#.##.."", "".#..##."", ""......."", ""##.###."", "".@.#..."", ""...#...""] [[2, 3, 4], [2, 5, 6], [1, 1, 1], [3, 6, 3]] [[3, 2], [1, 2], [4, 1], [4, 3]] 36 1 [""@......"", "".######"", ""......."", ""######."", ""......."", "".####.."", ""....#..""] [[1, 7, 4], [1, 3, 5], [1, 1, 3]] [[1, 3], [3, 2]] 31 4 [""........#"", ""........#"", ""@.......#"", "".#.#....#"", ""........#"", ""#........"", ""#.#..####"", ""..#..####"", "".....####""] [[2, 9, 1], [2, 1, 8], [1, 1, 3], [3, 3, 2], [1, 2, 8]] [[1, 2], [2, 3], [3, 4], [4, 5]] 47 입출력 예 설명 입출력 예 #1 문제 예시와 같습니다. 입출력 예 #2 테스트 케이스 그룹 #3의 추가 제한 사항을 만족하는 예시입니다. 1층인 발전소 내부 구조가 아래 그림과 같습니다. 엘리베이터가 1행 1열에 위치해 있습니다. 패널의 위치 1번 패널 : 1층 7행 4열 2번 패널 : 1층 3행 5열 3번 패널 : 1층 1행 3열 안전 순서 : [[1, 3], [3, 2]] 1번 패널을 선행 제약 없이 바로 활성화 가능합니다. 2번 패널을 활성화하려면 3번 패널이 이미 활성화되어 있어야 합니다. 3번 패널을 활성화하려면 1번 패널이 이미 활성화되어 있어야 합니다. 아래 그림처럼 이동하면서 1→3→2번 패널 순서대로 활성화시키면 모든 패널을 안전하게 활성화시킬 수 있으며, 총 시간이 31초가 필요합니다. 이보다 빠른 시간 내로 모든 패널을 안전하게 활성화시킬 수는 없습니다. 따라서 31을 return 합니다. 입출력 예 #3 테스트 케이스 그룹 #4의 추가 제한 사항을 만족하는 예시입니다. 1→2→3→4→5번 패널 순서대로 활성화시키면 모든 패널을 안전하게 활성화시킬 수 있으며, 총 시간이 47초가 필요합니다. 이보다 빠른 시간 내로 모든 패널을 안전하게 활성화시킬 수는 없습니다. 따라서 47을 return 합니다.",3943,37,['문제 설명'],['문제 설명'],,,[],,,1.0.0-kakao-official-2021-2025,2026-06-04T18:22:03.753309+00:00
kakao_programmers,public_official_release,kakao,2025,recruitment,R1,813,2026 카카오그룹 신입크루 공채 코딩테스트 1차 문제해설,https://tech.kakao.com/posts/813,7,468376,kakao_2025_813_7_468376,최고 속도,최고 속도,https://school.programmers.co.kr/learn/courses/30/lessons/468376,"2차원 좌표 평면 위에 1 ~ n 의 번호가 있는 도시가 있습니다. 각 도시는 2차원 좌표 평면에서 점으로 나타냅니다. 또한 도시 사이를 이동하기 위한 자동차 도로가 있습니다. 각 도로는 2차원 좌표 평면에서 x축 혹은 y축에 평행한 선분으로 나타냅니다. 좌표 평면상에서 교차하거나 만나는 서로 다른 도로는 해당 지점에서 연결됩니다. 도로가 연결된 지점을 활용해 여러 도로를 경유할 수 있습니다. 위 그림에서 파란색 마름모는 도시를 나타냅니다. 각 도시는 1 ~ 4의 번호가 있습니다. 굵은 회색 선분은 도로를 나타냅니다. 모든 도시는 도로가 지나가는 위치에 있습니다. 모든 도로의 정중앙에는 과속 단속 카메라가 있습니다. 과속 단속 카메라가 있는 지점을 지나갈 때는 해당 카메라의 지정된 제한 속도 이하로 주행해야 합니다. 만약 한 지점에 카메라가 여러 개 있다면, 그중 제한 속도가 가장 낮은 카메라의 제한을 따릅니다. 각 도로의 정중앙에 있는 원은 해당 위치에 있는 단속 카메라의 제한 속도를 나타냅니다. 당신은 1번 도시에서 출발하며, 출발 직전에 단 하나의 속도 v 를 정하고 도착할 때까지 일정한 속도를 유지합니다. 2 ~ n 번 도시 중 한 곳으로 갈 때, 각 도시마다 카메라 제한 속도를 지키면서 이동 가능한 최고 속도를 구해야 합니다. 다음은 위 예시에서 2, 3, 4번 도시로 갈 때, 일정한 최고 속도를 내기 위한 경로입니다. 위와 같은 경로로 이동하면 최고 70까지 속도를 낼 수 있습니다. 위와 같은 경로로 이동하면 최고 50까지 속도를 낼 수 있습니다. 위와 같은 경로로 이동하면 카메라를 지나치지 않으므로 제한 없이 속도를 낼 수 있습니다. 각 도시의 위치를 담은 2차원 정수 배열 city 와 도로의 정보를 담은 2차원 정수 배열 road 가 매개변수로 주어집니다. 이때 1번 도시에서 출발해 각 2번 ~ n 번 도시로 갈 때, 가능한 최고 속도를 도시 번호 순서대로 길이가 n-1 인 1차원 정수 배열에 담아 return 하도록 solution 함수를 완성해 주세요. 카메라를 지나치지 않고 갈 수 있는 도시는 최고 속도 대신 0을 담습니다. 제한사항 2 ≤ city 의 길이 = n ≤ 100 city[i] 는 [x, y] 형태이며, i+1 번 도시의 위치가 (x, y) 임을 의미합니다. 모든 도시는 도로가 지나가는 위치에 있으며, 각 도시의 위치가 서로 겹치지 않습니다. 1 ≤ road 의 길이 = m ≤ 1,000 road 의 원소는 [x1, y1, x2, y2, limit] 형태이며, 정중앙에 있는 카메라의 제한 속도가 limit 인 (x1, y1) 과 (x2, y2) 를 잇는 선분 형태의 도로를 나타냅니다. 카메라의 위치는 도시의 위치와 겹치지 않습니다. 모든 도로는 x축 혹은 y축에 평행하며, 길이가 짝수입니다. x1 ≤ x2 y1 ≤ y2 1 ≤ limit ≤ 1,000,000 서로 다른 두 도로는 최대 한 점에서만 만납니다. 주어지는 모든 좌표의 절댓값은 10 9 이하의 정수입니다. 모든 도시와 도로는 서로 연결되어 있습니다. 테스트 케이스 구성 안내 아래는 테스트 케이스 구성을 나타냅니다. 각 그룹은 하나 이상의 하위 그룹으로 이루어져 있으며, 하위 그룹의 모든 테스트 케이스를 통과하면 해당 그룹에 할당된 점수를 획득할 수 있습니다. 그룹 총점 추가 제한 사항 #1 15% 모든 도로는 x축에 평행합니다. 즉, y1 = y2 입니다. #2 30% 주어지는 모든 좌표의 절댓값은 40 이하의 정수입니다. #3 55% 추가 제한 사항 없음 입출력 예 city road result [[-1, 3], [7, 3], [1, -1], [-2, 6]] [[-1, 7, 7, 7, 80], [-3, 3, 9, 3, 45], [-2, -4, -2, 6, 60], [1, -4, 1, 8, 50], [5, 1, 5, 7, 70]] [70, 50, 0] [[3, 5], [3, 3], [2, 1], [9, 1], [7, -1]] [[3, -2, 3, 4, 30], [5, 1, 9, 1, 29], [3, 4, 3, 8, 99], [1, 1, 5, 1, 99], [7, -3, 7, 5, 99]] [0, 30, 29, 29] 입출력 예 설명 입출력 예 #1 문제 예시와 같습니다. 입출력 예 #2 한 지점에 카메라가 여러 개 있는 경우, 그중 제한 속도가 가장 낮은 카메라의 제한을 따르므로 전체 그림은 아래와 같습니다. 2번 도시는 카메라를 지나치지 않고 갈 수 있습니다. 3번 도시는 최고 30까지 속도를 낼 수 있습니다. 4, 5번 도시는 최고 29까지 속도를 낼 수 있습니다. 따라서 [0, 30, 29, 29]를 return 합니다.",2287,22,['문제 설명'],['문제 설명'],,,[],,,1.0.0-kakao-official-2021-2025,2026-06-04T18:22:03.753309+00:00
kakao_programmers,public_official_release,kakao,2025,recruitment,R2,814,2026 카카오그룹 신입크루 공채 코딩테스트 2차 문제해설,https://tech.kakao.com/posts/814,1,468377,kakao_2025_814_1_468377,힌트 스테이지,힌트 스테이지,https://school.programmers.co.kr/learn/courses/30/lessons/468377,"당신은 n 개의 스테이지(1번 → n 번)를 순서대로 모두 해결해야 합니다. 각 스테이지를 클리어 하기 위해서는 해결 비용이 들며, 힌트권을 많이 사용할수록 비용이 줄어듭니다. 힌트권에는 1~ n 번까지의 번호가 붙어 있습니다. i 번 힌트권은 오직 i 번 스테이지에서만 사용 가능합니다. 하나의 스테이지에서 사용할 수 있는 힌트권의 최대 개수는 n-1 개입니다. 초기에는 힌트권을 가지고 있지 않습니다. 마지막 스테이지를 제외한 각 스테이지에서는 해당 스테이지에서 판매하는 힌트 번들을 최대 1개 구매할 수 있습니다. 힌트 번들은 이후 스테이지의 힌트권을 제공하며 비용을 주고 사야합니다. 스테이지마다 구매 가능한 힌트 번들의 종류와 판매 가격이 다를 수 있습니다. 힌트 번들에는 힌트권이 총 k 장 들어 있으며, 같은 번호의 힌트권이 여러 장 포함될 수도 있습니다. i 번 스테이지에서 판매하는 힌트 번들에는 항상 i+1 번 이상의 번호를 가진 힌트권만 들어 있습니다. 당신은 모든 스테이지를 해결하는데 필요한 최소 비용을 구해야 합니다. 예를 들어 각 스테이지의 해결 비용과 힌트 번들 정보가 아래 표와 같다고 가정해 보겠습니다. 스테이지 해결 비용 (힌트권 사용 수에 따른 해결 비용) 스테이지\힌트권 사용 수 0 1 2 3 4 스테이지 #1 160 140 120 110 60 스테이지 #2 290 270 260 120 10 스테이지 #3 160 130 120 60 20 스테이지 #4 160 120 80 70 20 스테이지 #5 110 70 60 30 20 힌트 번들 스테이지 판매 가격 힌트권 번호 스테이지 #1 40 #2, #3 스테이지 #2 40 #5, #3 스테이지 #3 20 #5, #4 스테이지 #4 50 #5, #5 다음과 같이 총 810(= 160+40+270+130+20+120+70)만큼의 비용으로 모든 스테이지를 해결 가능하며, 이보다 적은 비용은 불가능합니다. 스테이지 #1을 힌트권을 사용하지 않고 160만큼의 비용으로 해결합니다. 비용을 40만큼 지불하고 #2, #3 힌트권을 얻습니다. 스테이지 #2을 힌트권 1장을 사용하고 270만큼의 비용으로 해결합니다. 스테이지 #3을 힌트권 1장을 사용하고 130만큼의 비용으로 해결합니다. 비용을 20만큼 지불하고 #5, #4 힌트권을 얻습니다. 스테이지 #4를 힌트권 1장을 사용하고 120만큼의 비용으로 해결합니다. 스테이지 #5를 힌트권 1장을 사용하고 70만큼의 비용으로 해결합니다. 각 스테이지의 힌트권 사용 수에 따른 해결 비용을 담은 2차원 정수 배열 cost 와 각 스테이지에서 구매 가능한 힌트 번들의 비용과 포함된 힌트권 번호를 담은 2차원 정수 배열 hint 가 매개변수로 주어집니다. 모든 스테이지를 해결하는데 필요한 최소 비용을 return 하도록 solution 함수를 완성해 주세요. 제한사항 2 ≤ cost 의 길이 = n ≤ 16 cost[i] 의 길이 = n cost[i][j] 는 i+1 번 스테이지에서 힌트권을 j 개 사용했을 때의 해결 비용입니다. 1 ≤ cost[i][j] ≤ 100,000 cost[i][j] > cost[i][j+1] hint 의 길이 = n-1 2 ≤ hint[i] 의 길이 = k+1 ≤ 20 hint[i][0] 은 i+1 번 스테이지에서 판매하는 힌트 번들의 판매 가격입니다. 0 ≤ hint[i][0] ≤ 1,000,000 hint[i][j] (j>0)는 i+1 번 스테이지에서 판매하는 힌트 번들에 j 번째로 들어있는 힌트권 번호입니다. i+1 < hint[i][j] ≤ n (j>0) 테스트 케이스 구성 안내 아래는 테스트 케이스 구성을 나타냅니다. 각 그룹은 하나 이상의 하위 그룹으로 이루어져 있으며, 하위 그룹의 모든 테스트 케이스를 통과하면 해당 그룹에 할당된 점수를 획득할 수 있습니다. 그룹 총점 추가 제한 사항 #1 30% k = 1 #2 20% hint[i][0] = 0 #3 50% 추가 제한 사항 없음 입출력 예 cost hint result [[160, 140, 120, 110, 60], [290, 270, 260, 120, 10], [160, 130, 120, 60, 20], [160, 120, 80, 70, 20], [110, 70, 60, 30, 20]] [[40, 2, 3], [40, 5, 3], [20, 5, 4], [50, 5, 5]] 810 [[110, 100, 90, 80, 70, 50, 10], [170, 160, 150, 140, 130, 110, 30], [260, 250, 190, 180, 170, 130, 100], [170, 150, 120, 90, 60, 40, 30], [220, 140, 110, 100, 70, 60, 50], [290, 180, 150, 130, 100, 20, 10], [110, 100, 90, 70, 50, 40, 30]] [[40, 3, 4, 3], [80, 3, 7, 4], [40, 7, 6, 5], [40, 7, 5, 5], [50, 6, 7, 6], [30, 7, 7, 7]] 1080 [[290, 270, 170, 100, 60, 20], [210, 190, 180, 170, 120, 80], [200, 180, 170, 80, 40, 20], [100, 90, 70, 60, 40, 10], [230, 200, 170, 150, 90, 80], [150, 100, 80, 60, 40, 10]] [[230, 2, 2, 2, 2], [330, 5, 3, 4, 3], [180, 5, 4, 4, 6], [280, 5, 5, 6, 6], [260, 6, 6, 6, 6]] 1180 [[49250, 42271, 40724, 36310, 32560, 30670, 24100, 10378], [58510, 56101, 54078, 32864, 31443, 19451, 18098, 7187], [68812, 66112, 65024, 60529, 53992, 39865, 31325, 17700], [13768, 12866, 11379, 10425, 6853, 6176, 5655, 2556], [51748, 48647, 41478, 39756, 25302, 18081, 16504, 811], [52690, 34113, 32370, 29555, 19343, 11763, 7566, 5962], [9306, 9190, 8196, 7573, 6275, 4723, 1316, 212], [40713, 40158, 31449, 22349, 20956, 20377, 19489, 14450]] [[0, 2, 4, 6, 2], [0, 6, 3, 3, 4], [0, 6, 4, 5, 5], [0, 7, 5, 8, 7], [0, 7, 7, 7, 7], [0, 7, 7, 7, 8], [0, 8, 8, 8, 8]] 267789 [[330, 300, 277, 162, 126], [640, 392, 358, 345, 231], [960, 872, 678, 392, 113], [210, 195, 176, 42, 37], [980, 964, 623, 327, 154]] [[976, 2, 2, 3, 5, 3, 3], [746, 3, 3, 3, 3, 4, 3], [319, 5, 4, 4, 4, 4, 4], [966, 5, 5, 5, 5, 5, 5]] 3004 [[230, 223, 192, 93, 59, 33], [290, 240, 193, 117, 113, 42], [950, 908, 796, 598, 574, 328], [720, 692, 588, 237, 102, 61], [780, 569, 522, 450, 337, 293], [850, 837, 768, 568, 382, 124]] [[158, 2, 2, 3], [260, 5, 4, 3], [268, 4, 4, 4], [426, 5, 5, 6], [330, 6, 6, 6]] 3426 입출력 예 설명 입출력 예 #1 문제 예시와 같습니다. 입출력 예 #2 스테이지 해결 비용 스테이지\힌트권 사용 수 0 1 2 3 4 5 6 스테이지 #1 110 100 90 80 70 50 10 스테이지 #2 170 160 150 140 130 110 30 스테이지 #3 260 250 190 180 170 130 100 스테이지 #4 170 150 120 90 60 40 30 스테이지 #5 220 140 110 100 70 60 50 스테이지 #6 290 180 150 130 100 20 10 스테이지 #7 110 100 90 70 50 40 30 힌트 번들 스테이지 판매 가격 힌트권 번호 스테이지 #1 40 #3, #4, #3 스테이지 #2 80 #3, #7, #4 스테이지 #3 40 #7, #6, #5 스테이지 #4 40 #7, #5, #5 스테이지 #5 50 #6, #7, #6 스테이지 #6 30 #7, #7, #7 다음과 같이 총 1080(= 110+40+170+190+150+40+110+50+150+30+40)만큼의 비용으로 모든 스테이지를 해결 가능하며, 이보다 적은 비용은 불가능합니다. 스테이지 #1을 힌트권을 사용하지 않고 110만큼의 비용으로 해결합니다. 힌트 번들을 구매합니다. 비용을 40만큼 지불하고 #3, #4, #3 힌트권을 얻습니다. 스테이지 #2을 힌트권을 사용하지 않고 170만큼의 비용으로 해결합니다. 스테이지 #3을 힌트권을 2장 사용하고 190만큼의 비용으로 해결합니다. 스테이지 #4를 힌트권을 1장 사용하고 150만큼의 비용으로 해결합니다. 힌트 번들을 구매합니다. 비용을 40만큼 지불하고 #7, #5, #5 힌트권을 얻습니다. 스테이지 #5를 힌트권을 2장 사용하고 110만큼의 비용으로 해결합니다. 힌트 번들을 구매합니다. 비용을 50만큼 지불하고 #6, #7, #6 힌트권을 얻습니다. 스테이지 #6을 힌트권을 2장 사용하고 150만큼의 비용으로 해결합니다. 힌트 번들을 구매합니다. 비용을 30만큼 지불하고 #7, #7, #7 힌트권을 얻습니다. 스테이지 #7을 힌트권을 5장 사용하고 40만큼의 비용으로 해결합니다. 따라서 1080을 return 합니다. 입출력 예 #3 힌트 번들을 한 번도 구매하지 않으면 최소 비용으로 모든 스테이지를 해결 가능합니다. 따라서 1180을 return 합니다. 입출력 예 #4 힌트 번들을 모두 구매하면서 스테이지마다 힌트권을 사용 가능한 최대 개수만큼 사용하면 최소 비용으로 모든 스테이지를 해결 가능합니다. 따라서 267789를 return 합니다. 입출력 예 #5 3004를 return 해야 합니다. 입출력 예 #6 3426을 return 해야 합니다.",5166,30,['문제 설명'],['문제 설명'],,,[],,,1.0.0-kakao-official-2021-2025,2026-06-04T18:22:03.753309+00:00
kakao_programmers,public_official_release,kakao,2025,recruitment,R2,814,2026 카카오그룹 신입크루 공채 코딩테스트 2차 문제해설,https://tech.kakao.com/posts/814,2,468378,kakao_2025_814_2_468378,보물 찾기,보물 찾기,https://school.programmers.co.kr/learn/courses/30/lessons/468378,"w × h 크기의 직사각형 격자 모양의 땅 속에 보물이 있습니다. 보물은 단 하나 존재하며, 격자 칸 중 한 곳에 있습니다. 당신은 굴착 로봇으로 보물을 찾아내 발굴하려 합니다. 굴착 로봇에 명령을 보내면 격자에서 원하는 열을 세로로 파낼 수 있습니다. 격자의 각 열은 굴착 가능한 최대 깊이가 각각 다를 수 있습니다. 굴착 로봇이 col 열을 파도록 명령을 보내면 가능한 최대 깊이만큼 땅을 판 뒤 돌아옵니다. 만약 col 열에 보물이 있었다면 보물을 가지고 돌아오며, 보물이 없었더라도 col 열을 기준으로 왼쪽 방향에 보물이 있는지 오른쪽 방향에 보물이 있는지에 대한 정보를 가지고 돌아옵니다. 이때 땅을 팔 때마다 굴착 가능한 깊이만큼 비용이 발생합니다. 각 열의 최대 깊이를 담은 1차원 정수 배열 depth 와 사용 가능한 총비용을 나타내는 정수 money 가 매개변수로 주어집니다. 또한 굴착 로봇이 특정 열을 파도록 하는 excavate 함수가 주어집니다. 이때, excavate 함수를 호출해 보물을 찾아 발굴하고, 보물이 있었던 열을 return 하도록 solution 함수를 완성해 주세요. 정답 판정을 받으려면 총비용이 money 를 초과하지 않아야 하며, excavate 함수를 호출해 한 번 이상 0을 return 받고, 보물이 있었던 열을 return 해야 합니다. money 보다 적은 비용으로 보물을 찾더라도 추가 점수가 주어지지는 않습니다. 따라서 각 채점 테스트 케이스에서 총비용이 money 를 초과하지 않고 보물을 찾아냈다면, 사용한 총비용과 관계없이 동일한 점수를 받습니다. 제한사항 2 ≤ depth 의 길이 = w ≤ 200 depth[i] 는 i+1 열의 굴착 가능한 최대 깊이를 나타냅니다. 1 ≤ depth[i] ≤ 100,000 1 ≤ money ≤ depth 의 원소의 합 운에 맡기지 않고 100% 확률로 보물을 찾기 위한 최소 비용 ≤ money excavate 함수는 굴착할 열의 위치(1 이상 w 이하의 정수)를 전달받고, 굴착 결과에 따라 -1, 0, 1 중 하나를 return 합니다. 1 ~ w 사이의 정수가 아닌 값을 전달하는 경우 오답으로 판정합니다. 보물을 찾은 경우 0, 보물이 왼쪽 방향에 있다면 -1, 오른쪽 방향에 있다면 1을 return 합니다. excavate 함수를 호출할 때마다 굴착할 열의 최대 깊이만큼 비용이 발생합니다. 주어진 비용을 초과하지 않는 범위 내에서 excavate 함수를 원하는 만큼 호출해도 됩니다. excavate 함수 사용 예시가 초기 코드로 주어집니다. 해당 코드는 1열 ~ w 열을 순서대로 굴착해, 보물을 찾은 경우 해당 열을 return 하는 코드입니다. 입출력 예 depth money result [1, 2, 3, 4, 5, 6, 7, 8, 9, 10] 55 3 [1, 1, 1, 1, 1] 3 5 [2, 100, 1, 100, 3, 100, 1] 200 6 [2, 100, 1, 100, 3, 100, 1] 200 5 [3, 2, 1, 2, 3, 2, 1, 2] 8 5 [1, 1000, 1, 1, 1, 10, 15, 1] 1002 2 예시로 주어지는 테스트 케이스는 보물의 위치가 고정되어 있습니다. 채점 테스트 케이스 정답 판정을 받은 채점 테스트 케이스에 따라, 정해진 점수를 획득할 수 있습니다. 채점 테스트케이스 일부는 보물의 위치가 고정되어 있습니다. 채점 테스트케이스 일부는 solution 함수의 굴착 전략에 맞추어 excavate 를 호출할 때마다 매번 보물의 위치가 바뀔 수 있습니다. (단, 이전 호출과 보물의 위치가 모순되는 경우는 없습니다.) 채점 테스트케이스 일부는 depth 의 모든 원소가 똑같은 값입니다. 입출력 예 설명 입출력 예 #1 보물은 3열에 있습니다. excavate 함수에 3보다 큰 정수를 전달하면 -1이 반환됩니다. excavate 함수에 3을 전달하면 0이 반환됩니다. excavate 함수에 3보다 작은 정수를 전달하면 1이 반환됩니다. excavate 함수에 3을 전달해 0을 반환받고, 총비용이 55를 초과하지 않고, 3을 return 하면 정답 판정을 받습니다. 입출력 예 #2 보물은 5열에 있습니다. excavate 함수에 5를 전달해 0을 반환받고, 총비용이 3을 초과하지 않고, 5를 return 하면 정답 판정을 받습니다. 입출력 예 #3 보물은 6열에 있습니다. excavate 함수에 6을 전달해 0을 반환받고, 총비용이 200을 초과하지 않고, 6을 return 하면 정답 판정을 받습니다. 입출력 예 #4 보물은 5열에 있습니다. excavate 함수에 5를 전달해 0을 반환받고, 총비용이 200을 초과하지 않고, 5를 return 하면 정답 판정을 받습니다. 입출력 예 #5 보물은 5열에 있습니다. excavate 함수에 5를 전달해 0을 반환받고, 총비용이 8을 초과하지 않고, 5를 return 하면 정답 판정을 받습니다. 입출력 예 #6 보물은 2열에 있습니다. excavate 함수에 2를 전달해 0을 반환받고, 총비용이 1002를 초과하지 않고, 2를 return 하면 정답 판정을 받습니다.",2518,19,['문제 설명'],['문제 설명'],,,[],,,1.0.0-kakao-official-2021-2025,2026-06-04T18:22:03.753309+00:00
kakao_programmers,public_official_release,kakao,2025,recruitment,R2,814,2026 카카오그룹 신입크루 공채 코딩테스트 2차 문제해설,https://tech.kakao.com/posts/814,3,468379,kakao_2025_814_3_468379,선인장 숨기기,선인장 숨기기,https://school.programmers.co.kr/learn/courses/30/lessons/468379,"m 개의 행과 n 개의 열로 구성된 격자가 주어지며, 이는 사막 지도를 나타냅니다. 사막 지도의 가장 왼쪽 위칸 좌표는 (0, 0) , 오른쪽 아래칸 좌표는 (m-1, n-1) 입니다. 이 사막 어딘가에 가로 w , 세로 h 크기의 선인장 구역을 조성하려 합니다. 선인장 구역은 격자 축에 맞춘 연속된 w × h 크기의 부분 격자이며, 회전할 수 없습니다. 비구름은 미리 정해진 순서대로 격자의 여러 칸에 비를 뿌립니다. 이때 빗방울이 처음으로 선인장 구역에 포함된 칸에 떨어졌을 때, 그 시점을 선인장이 처음으로 비를 맞는 순간으로 기록합니다. 당신은 선인장이 가능한 한 늦게 비를 맞도록, 선인장 구역의 위치를 정하려고 합니다. 선인장이 비를 맞지 않도록 선인장 구역의 위치를 정할 수 있다면 해당 위치가 가장 우선됩니다. 가능한 늦게 비를 맞는 선인장 구역 후보가 여러 개라면 그중 가장 위쪽 행, 그래도 여러 개면 가장 왼쪽 열에 위치한 구역을 선택합니다. 격자의 세로 길이와 가로 길이를 나타내는 정수 m , n , 선인장 구역의 세로 길이와 가로 길이를 나타내는 정수 h , w , 그리고 빗방울이 떨어지는 순서대로 칸의 좌표를 담은 2차원 정수 배열 drops 가 매개변수로 주어집니다. 주어진 조건을 만족하는 선인장 구역에 포함된 가장 왼쪽 위칸의 좌표를 정수 배열로 return 하도록 solution 함수를 완성해 주세요. 제한사항 1 ≤ m , n ≤ 500,000 1 ≤ m × n ≤ 500,000 1 ≤ h ≤ m 1 ≤ w ≤ n 1 ≤ drops 의 길이 ≤ m × n drops[i] 는 [ r , c ] 형태입니다. drops[i] 는 i + 1 번째로 떨어진 빗방울의 좌표를 의미합니다. 0 ≤ r < m 0 ≤ c < n drops 의 모든 원소는 서로 다른 칸을 나타냅니다. 테스트 케이스 구성 안내 아래는 테스트 케이스 구성을 나타냅니다. 각 그룹은 하나 이상의 하위 그룹으로 이루어져 있으며, 하위 그룹의 모든 테스트 케이스를 통과하면 해당 그룹에 할당된 점수를 획득할 수 있습니다. 그룹 총점 추가 제한 사항 #1 30% m ≤ 50 , n ≤ 50 #2 70% 추가 제한 없음 입출력 예 m n h w drops result 4 5 2 2 [[0, 0], [3, 1], [1, 3], [2, 4], [1, 1], [2, 2], [2, 3], [0, 4]] [2, 2] 3 3 1 1 [[0, 0], [0, 1], [0, 2], [1, 0]] [1, 1] 4 6 3 4 [[1, 2]] [0, 0] 4 6 1 2 [[0, 1], [0, 3], [0, 5], [1, 1], [1, 3], [1, 5], [2, 1], [2, 3], [2, 5], [3, 1], [3, 3], [3, 5]] [3, 4] 2 2 2 2 [[0, 0], [0, 1], [1, 1], [1, 0]] [0, 0] 4 4 3 1 [[2, 0], [1, 3], [3, 2], [0, 1]] [0, 2] 입출력 예 설명 입출력 예 #1 아래 그림은 4 × 5 크기의 지도 격자입니다. 각 칸의 큰 숫자는 빗방울이 떨어지는 순서를, 작은 숫자는 좌표를 나타냅니다. 노란색으로 표시된 구역을 선인장 구역으로 두면, 6번째로 비가 떨어질 때 선인장이 처음 비를 맞게 되며, 이보다 더 늦게 젖도록 하는 배치는 존재하지 않습니다. 따라서 노란색 구역의 가장 왼쪽 위 좌표인 [2, 2] 를 return 해야 합니다. 입출력 예 #2 아래 그림은 3 × 3 크기의 지도 격자입니다. 각 칸의 큰 숫자는 빗방울이 떨어지는 순서를, 작은 숫자는 좌표를 나타냅니다. 모든 빗방울이 떨어질 때까지 좌표가 (1, 1), (1, 2), (2, 0), (2, 1), (2, 2)인 칸은 젖지 않습니다. 이 5칸 어디에나 1 × 1 크기의 선인장 구역을 놓을 수 있지만, 그중 가장 위쪽 행, 그리고 가장 왼쪽 열에 해당하는 좌표는 (1, 1)입니다. 따라서 [1, 1] 을 return 해야 합니다. 입출력 예 #3 아래 그림은 4 × 6 크기의 지도 격자입니다. 각 칸의 큰 숫자는 빗방울이 떨어지는 순서를, 작은 숫자는 좌표를 나타냅니다. 선인장 구역을 어디에 배치하더라도 첫 번째 빗방울만에 구역이 젖습니다. 따라서 가장 위쪽 행, 그중에서도 가장 왼쪽 열에 위치하는 좌표인 [0, 0] 을 return 해야 합니다. 입출력 예 #4 아래 그림은 4 × 6 크기의 지도 격자입니다. 각 칸의 큰 숫자는 빗방울이 떨어지는 순서를, 작은 숫자는 좌표를 나타냅니다. 따라서 [3, 4] 를 return 해야 합니다. 입출력 예 #5 아래 그림은 2 × 2 크기의 지도 격자입니다. 각 칸의 큰 숫자는 빗방울이 떨어지는 순서를, 작은 숫자는 좌표를 나타냅니다. 따라서 [0, 0] 을 return 해야 합니다. 입출력 예 #6 아래 그림은 4 × 4 크기의 지도 격자입니다. 각 칸의 큰 숫자는 빗방울이 떨어지는 순서를, 작은 숫자는 좌표를 나타냅니다. 따라서 [0, 2] 를 return 해야 합니다.",2457,12,['문제 설명'],['문제 설명'],,,[],,,1.0.0-kakao-official-2021-2025,2026-06-04T18:22:03.753309+00:00
kakao_programmers,public_official_release,kakao,2025,recruitment,R2,814,2026 카카오그룹 신입크루 공채 코딩테스트 2차 문제해설,https://tech.kakao.com/posts/814,4,468380,kakao_2025_814_4_468380,제곱 개수 배열,제곱 개수 배열,https://school.programmers.co.kr/learn/courses/30/lessons/468380,"1이상의 정수로 이루어진 길이가 N 인 1차원 정수 배열 arr 가 주어집니다. 다음 규칙에 따라 배열 brr 를 만듭니다. 배열 arr 의 인덱스 순서대로 arr[i] 를 배열 brr 에 연속으로 arr[i] 개씩 추가합니다. 예를 들어, arr 가 [2, 1, 5]이면 brr 는 [2, 2, 1, 5, 5, 5, 5, 5]입니다. brr 의 부분 배열 1 구간의 양 끝을 나타내는 l , r 이 주어질 때 아래 2가지를 구하려고 합니다. K = brr 의 l 번째 원소부터 r 번째 원소까지의 합 = brr[l-1] + brr[l] + brr[l+1] + ... + brr[r-2] + brr[r-1] C = 길이가 r - l + 1 인 brr 의 부분 배열 중 합이 K 인 부분 배열의 개수 1차원 정수 배열 arr 와 구간의 양 끝을 나타내는 정수 l , r 이 매개변수로 주어집니다. 이때, 1차원 정수 배열 [K, C] 를 return 하도록 solution 함수를 완성해 주세요. 제한사항 1 ≤ arr 의 길이 = N ≤ 100,000 1 ≤ arr[i] ≤ 100,000 brr 의 모든 원소의 합 ≤ 10 15 1 ≤ l ≤ r ≤ arr 의 모든 원소의 합 l 번째 원소부터 r 번째 원소까지의 합을 구해야 합니다. 테스트 케이스 구성 안내 아래는 테스트 케이스 구성을 나타냅니다. 각 그룹은 하나 이상의 하위 그룹으로 이루어져 있으며, 하위 그룹의 모든 테스트 케이스를 통과하면 해당 그룹에 할당된 점수를 획득할 수 있습니다. 그룹 총점 테스트 케이스 그룹 설명 #1 5% l = r #2 15% N ≤ 100, arr[i] ≤ 10 #3 35% 정답이 C = 1 인 테스트 케이스만 주어집니다. #4 45% 추가 제한 사항 없음 입출력 예 arr l r result [3, 2, 3, 1, 1] 5 7 [8, 2] [2, 2, 2] 2 2 [2, 6] [8, 8, 6, 5, 2, 9, 8, 4, 3, 10] 25 27 [15, 3] [70195, 25471, 7389, 58187, 18454, 90532, 97667, 17148, 91636, 2810] 126058 462933 [27554327568, 1] [16952, 70276, 16771, 37992, 87549, 54906, 36718, 20478, 57088, 27916, 51509, 83422, 51707, 18807, 80859, 2673, 37734, 93380] 149845 228204 [6860339640, 9190] [49134, 86806, 94548, 88849, 95022, 28334, 16637, 79487, 23773, 7314, 47370, 50269, 36573, 9415, 44674, 28096] 61242 88535 [2369282964, 59513] 입출력 예 설명 입출력 예 #1 brr는 [3, 3, 3, 2, 2, 3, 3 , 3, 1, 1]입니다. 5~7번째 원소로 이루어진 부분 배열의 합은 8(= K )입니다. [3, 3, 3, 2 , 2, 3, 3, 3, 1, 1] 또한 부분 배열의 합이 8이며 길이가 3입니다. 위 두 경우 외에는 합이 8이고 길이가 3인 부분 배열은 존재하지 않습니다. [3, 3, 3, 2, 2, 3, 3, 3, 1, 1 ]은 부분 배열의 합이 8이지만 길이가 4이므로 C 로 세지 않습니다. 따라서 [8, 2]를 return 해야 합니다. 입출력 예 #2 brr는 [2, 2 , 2, 2, 2, 2]입니다. 2~2번째 원소로 이루어진 부분 배열의 합은 2(= K )입니다. 합이 2이고 길이가 1인 부분 배열의 개수는 6개입니다. 따라서 [2, 6]을 return 해야 합니다. 입출력 예 #3 [15, 3]을 return 해야 합니다. 입출력 예 #4 [27554327568, 1]을 return 해야 합니다. 입출력 예 #5 [6860339640, 9190]을 return 해야 합니다. 입출력 예 #6 [2369282964, 59513]을 return 해야 합니다. 부분 배열이란 주어진 배열에서 연속된 원소들로 이루어진 배열을 의미합니다. ↩",2023,9,['문제 설명'],['문제 설명'],,,[],,,1.0.0-kakao-official-2021-2025,2026-06-04T18:22:03.753309+00:00
kakao_programmers,public_official_release,kakao,2025,recruitment,R2,814,2026 카카오그룹 신입크루 공채 코딩테스트 2차 문제해설,https://tech.kakao.com/posts/814,5,468381,kakao_2025_814_5_468381,기차 선로,기차 선로,https://school.programmers.co.kr/learn/courses/30/lessons/468381,"n × m 크기의 직사각형 격자가 있습니다. 격자의 가장 왼쪽 위는 (1, 1) , 가장 오른쪽 아래는 (n, m) 입니다. 각 격자칸은 빈칸, 선로, 장애물 중 하나입니다. 선로는 7가지 종류가 있으며 아래 그림과 같습니다. 격자의 (1, 1) 에는 1번 선로가 놓여있고, (n, m) 에는 1번, 2번 선로 중 하나가 놓여있습니다. 당신은 기차가 (n, m) 에 도착할 수 있도록 격자의 빈칸에 선로를 놓으려 합니다. (선로를 놓지 않고 빈칸인 채로 두어도 됩니다.) 당신이 선로를 완성시키면 기차가 (1, 1) 에서 오른쪽 방향으로 출발해 선로를 따라 움직입니다. 이때 기차는 격자에 있는 모든 선로를 한번 이상 지나가야 합니다. 또한, # 모양의 3번 선로는 상하좌우 모든 방향으로 연결되어 있어야 합니다. 당신은 격자의 정보가 주어질 때 격자에 선로를 놓는 방법의 수를 알고 싶습니다. 아래는 n = 3, m = 3인 격자의 예시입니다. 이 격자에 선로를 놓는 방법은 아래 2가지입니다. 격자의 정보를 담고 있는 2차원 정수 배열 grid 가 매개변수로 주어집니다. 이때, 격자에 선로를 놓는 방법의 수를 return 하도록 solution 함수를 완성해 주세요. 어떻게 선로를 놓아도 문제의 조건을 만족시킬 수 없다면 0을 return 합니다. 제한사항 2 ≤ grid 의 세로 길이 = n ≤ 8 2 ≤ grid 의 가로 길이 = m ≤ 8 grid[i][j] 는 (i+1, j+1) 위치의 격자칸 정보를 나타냅니다. 격자칸이 빈칸인 경우 0, 선로인 경우 각 선로의 번호(1 ~ 7), 장애물인 경우 -1입니다. grid[0][0] = 1 grid[n-1][m-1] = 1 or 2 grid 에서 빈칸이 한 번 이상 등장합니다. n × m ≤ 20 테스트 케이스 구성 안내 아래는 테스트 케이스 구성을 나타냅니다. 각 그룹은 하나 이상의 하위 그룹으로 이루어져 있으며, 하위 그룹의 모든 테스트 케이스를 통과하면 해당 그룹에 할당된 점수를 획득할 수 있습니다. 그룹 총점 추가 제한 사항 #1 35% 3번 선로를 고려하지 않아도 되는 경우만 주어집니다. #2 65% 추가 제한 사항 없음 입출력 예 grid result [[1, 0, -1], [0, 0, 7], [0, 0, 2]] 2 [[1, 0, 0, 0, 0, -1, -1], [-1, 0, 0, 1, 0, 0, 1]] 2 [[1, 0, 0, 0, 0], [0, 0, 3, 0, 2], [0, 0, 0, 0, 2]] 4 [[1, 0, 0, 0], [0, 0, 0, 0], [0, 0, 0, 0], [0, 0, 0, 0], [0, 0, 0, 1]] 644 [[1, 7], [0, 2]] 1 [[1, -1, 0, 0], [-1, 0, 0, 0], [0, 0, 0, -1], [0, 0, -1, 1]] 0 입출력 예 설명 입출력 예 #1 문제 예시와 같습니다. 입출력 예 #2 격자의 배치는 아래 그림과 같습니다. 이 격자에 선로를 놓는 방법은 아래 2가지입니다. 입출력 예 #3 격자의 배치는 아래 그림과 같습니다. 이 격자에 선로를 놓는 방법은 아래 4가지입니다. 입출력 예 #4 격자의 배치는 아래 그림과 같습니다. 이 격자에 선로를 놓는 방법은 644가지입니다. 입출력 예 #5 선로가 이미 완성되어 있습니다. 선로를 놓지 않는 것도 한 가지 방법으로 세며, 따라서 1을 return 합니다. 입출력 예 #6 어떻게 선로를 놓아도 문제의 조건을 만족시킬 수 없으므로 0을 return 합니다.",1715,7,['문제 설명'],['문제 설명'],,,[],,,1.0.0-kakao-official-2021-2025,2026-06-04T18:22:03.753309+00:00
