platform,category,contest_id,contest_title,year,start_epoch_second,problem_id,problem_index,problem_name,problem_title,difficulty,solver_count,ai_tags,ai_tag_count,problem_url,difficulty_100,clean_text_len,clean_text,acceptance_rate
atcoder,abc,abc187,AtCoder Beginner Contest 187,2021,1609588800,abc187_a,A,Large Digits,A. Large Digits,-1172.0,18393,"['implementation', 'math', 'string', 'digit sum']",4,https://atcoder.jp/contests/abc187/tasks/abc187_a,4.395,274.0,"配点 : 100 点 問題文 整数 n に対して、 n を十進法で表したときの各桁の和を S(n) で表すことにします。 例えば、 S(123) = 1 + 2 + 3 = 6 です。 2 つの 3 桁の整数 A, B が与えられます。 S(A) と S(B) のうち大きい方の値を求めてください。 制約 入力は全て整数 100 \le A, B \le 999 入力 入力は以下の形式で標準入力から与えられる。 A B 出力 S(A) と S(B) のうち大きい方の値を出力せよ。 S(A) と S(B) が等しい場合は、 S(A) を出力せよ。",
atcoder,abc,abc187,AtCoder Beginner Contest 187,2021,1609588800,abc187_b,B,Gentle Pairs,B. Gentle Pairs,-311.0,14174,"['geometry', 'brute force', 'implementation', 'slope']",4,https://atcoder.jp/contests/abc187/tasks/abc187_b,19.411,317.0,"配点 : 200 点 問題文 xy 平面上に 1, 2, \dots, N の番号が付けられた N 個の点があります。点 i は (x_i, y_i) にあり、 N 個の点の x 座標は互いに異なります。 以下の条件を満たす整数の組 (i, j)\ (i < j) の個数を求めてください。 点 i と点 j を通る直線の傾きが -1 以上 1 以下である。 制約 入力は全て整数 1 \le N \le 10^3 |x_i|, |y_i| \le 10^3 i \neq j ならば x_i \neq x_j 入力 入力は以下の形式で標準入力から与えられる。 N x_1 y_1 \vdots x_N y_N 出力 答えを出力せよ。",
atcoder,abc,abc187,AtCoder Beginner Contest 187,2021,1609588800,abc187_c,C,1-SAT,C. 1-SAT,137.0,12958,"['string', 'hash set', 'set']",3,https://atcoder.jp/contests/abc187/tasks/abc187_c,27.224,434.0,"配点 : 300 点 問題文 N 個の文字列 S_1, S_2, \dots, S_N が与えられます。 各文字列は、英小文字からなる空でない文字列の先頭に ! を 0 文字か 1 文字付加したものです。 文字列 T は、 T の先頭に ! を 0 文字付加しても 1 文字付加しても S_1, S_2, \dots, S_N のいずれかに一致するとき、不満な文字列であるといいます。 不満な文字列があるかどうか判定し、あれば 1 つ示してください。 制約 1 \le N \le 2 \times 10^5 1 \le |S_i| \le 10 S_i は英小文字からなる空でない文字列の先頭に ! を 0 文字か 1 文字付加したものである。 入力 入力は以下の形式で標準入力から与えられる。 N S_1 \vdots S_N 出力 不満な文字列が存在する場合、不満な文字列を 1 つ出力せよ。 不満な文字列が存在しない場合、 satisfiable と出力せよ。",
atcoder,abc,abc187,AtCoder Beginner Contest 187,2021,1609588800,abc187_d,D,Choose Me,D. Choose Me,650.0,10932,"['greedy', 'sorting', 'math']",3,https://atcoder.jp/contests/abc187/tasks/abc187_d,36.17,411.0,"配点 : 400 点 問題文 AtCoder 市で市長選挙が行われます。候補者は青木氏と高橋氏です。 市には N 個の町があり、 i 番目の町には青木派の有権者が A_i 人、高橋派の有権者が B_i 人います。他に有権者はいません。 高橋氏は、それぞれの町で演説を行うことができます。 高橋氏がある町で演説を行った場合、その町の高橋派も青木派も全員高橋氏に投票します。 一方、高橋氏がある町で演説を行わなかった場合、その町の青木派は全員青木氏に投票し、高橋派は投票に行きません。 高橋氏が青木氏より多く票を獲得するためには、最小でいくつの町で演説をする必要があるでしょうか？ 制約 入力は全て整数 1 \le N \le 2 \times 10^5 1 \le A_i, B_i \le 10^9 入力 入力は以下の形式で標準入力から与えられる。 N A_1 B_1 \vdots A_N B_N 出力 答えを出力せよ。",
atcoder,abc,abc187,AtCoder Beginner Contest 187,2021,1609588800,abc187_e,E,Through Path,E. Through Path,1358.0,5285,"['tree', 'dp on trees', 'dfs', 'difference array', 'prefix sum', 'rooted tree']",6,https://atcoder.jp/contests/abc187/tasks/abc187_e,48.518,776.0,"配点 : 500 点 問題文 N 頂点 N-1 辺から成る木があり、頂点には 1, 2, \dots, N の番号が、辺には 1, 2, \dots, N-1 の番号がついています。辺 i は頂点 a_i と頂点 b_i を結びます。 この木の各頂点には 1 つの整数が書かれています。頂点 i に書かれている整数を c_i とします。はじめ、 c_i = 0 です。 Q 個のクエリが与えられます。 i 番目のクエリでは、整数 t_i, e_i, x_i が与えられます。クエリの内容は以下の通りです。 t_i = 1 のとき : 頂点 a_{e_i} から辺をたどって頂点 b_{e_i} を通らずに到達できるような全ての頂点 v に対して、 c_v を c_v + x_i に書き換える。 t_i = 2 のとき : 頂点 b_{e_i} から辺をたどって頂点 a_{e_i} を通らずに到達できるような全ての頂点 v に対して、 c_v を c_v + x_i に書き換える。 すべてのクエリを処理した後、各頂点に書かれた整数を出力してください。 制約 入力は全て整数 2 \le N \le 2 \times 10^5 1 \le a_i, b_i \le N 与えられるグラフは木である 1 \le Q \le 2 \times 10^5 t_i \in \{1, 2\} 1 \le e_i \le N-1 1 \le x_i \le 10^9 入力 入力は以下の形式で標準入力から与えられる。 N a_1 b_1 \vdots a_{N-1} b_{N-1} Q t_1 e_1 x_1 \vdots t_Q e_Q x_Q 出力 すべてのクエリを処理した後の c_1, c_2, \dots, c_N をこの順に改行区切りで出力せよ。",
atcoder,abc,abc187,AtCoder Beginner Contest 187,2021,1609588800,abc187_f,F,Close Group,F. Close Group,1895.0,3472,"['dp', 'bitmask dp', 'subset', 'graph theory', 'clique', 'complement graph', 'graph coloring']",7,https://atcoder.jp/contests/abc187/tasks/abc187_f,57.883,446.0,"配点 : 600 点 問題文 N 頂点 M 辺の単純無向グラフが与えられます。 このグラフの頂点には 1, 2, \dots, N の番号が付けられており、 i 番目の辺は頂点 A_i と頂点 B_i を結びます。 以下の条件を満たすように辺を 0 本以上取り除いたときの、グラフの連結成分の個数としてあり得る最小値を求めてください。 条件 1 \le a < b \le N を満たす任意の頂点の組 (a, b) について、 頂点 a と頂点 b が同じ連結成分に属するならば、頂点 a と頂点 b を直接結ぶ辺が存在する。 制約 入力は全て整数 1 \le N \le 18 0 \le M \le \frac{N(N - 1)}{2} 1 \le A_i < B_i \le N i \neq j ならば (A_i, B_i) \neq (A_j, B_j) 入力 入力は以下の形式で標準入力から与えられる。 N M A_1 B_1 \vdots A_M B_M 出力 答えを出力せよ。",
atcoder,abc,abc188,AtCoder Beginner Contest 188,2021,1610280000,abc188_a,A,Three-Point Shot,A. Three-Point Shot,-1177.0,18589,"['ad hoc', 'math', 'conditional', 'comparison']",4,https://atcoder.jp/contests/abc188/tasks/abc188_a,4.308,347.0,"配点 : 100 点 問題文 バスケットボールの試合が行われており、現在の両チームの得点は X 対 Y です。ここで X \neq Y であることが保証されます。 現在劣勢であるチームが、 3 ポイントシュートを一本成功させて優勢に立つことはできますか？ つまり、現在得点が低い側のチームが 3 点を得た場合、そのチームの得点が他方のチームの得点より真に高くなるかを判定してください。 制約 0 \le X \le 100 0 \le Y \le 100 X \neq Y X, Y は整数である 入力 入力は以下の形式で標準入力から与えられる。 X Y 出力 現在劣勢であるチームが 3 ポイントシュートを一本成功させて優勢に立つことができるなら Yes を、できないなら No を出力せよ。",
atcoder,abc,abc188,AtCoder Beginner Contest 188,2021,1610280000,abc188_b,B,Orthogonality,B. Orthogonality,-913.0,18691,"['dot product', 'array', 'implementation', 'linear algebra']",4,https://atcoder.jp/contests/abc188/tasks/abc188_b,8.912,395.0,"配点 : 200 点 問題文 2 つの N 次元ベクトル A = (A_1, A_2, A_3, \dots, A_N), B = (B_1, B_2, B_3, \dots, B_N) が与えられます。 A と B の内積が 0 かどうかを判定してください。 すなわち、 A_1B_1 + A_2B_2 + A_3B_3 + \dots + A_NB_N = 0 かどうかを判定してください。 制約 1 \le N \le 100000 -100 \le A_i \le 100 -100 \le B_i \le 100 入力に含まれる値は全て整数である 入力 入力は以下の形式で標準入力から与えられる。 N A_1 A_2 A_3 \dots A_N B_1 B_2 B_3 \dots B_N 出力 A と B の内積が 0 ならば Yes を、 0 でないならば No を出力せよ。",
atcoder,abc,abc188,AtCoder Beginner Contest 188,2021,1610280000,abc188_c,C,ABC Tournament,C. ABC Tournament,-83.0,13853,"['simulation', 'tournament', 'search']",3,https://atcoder.jp/contests/abc188/tasks/abc188_c,23.387,496.0,"配点 : 300 点 問題文 選手 1 から選手 2^N までの 2^N 人の選手がトーナメント形式のプログラミング対決をします。 選手 i のレートは A_i です。どの 2 人の選手のレートも異なり、 2 人の選手が対戦すると常にレートが高い方が勝ちます。 トーナメント表は完全二分木の形をしています。 より正確には、このトーナメントは以下の要領で行われます。 i = 1, 2, 3, \dots, N について順に、以下のことが行われる。 各整数 j (1 \le j \le 2^{N - i}) について、まだ負けたことのない選手のうち、 2j - 1 番目に番号の小さい選手と 2j 番目に番号の小さい選手が対戦する。 準優勝 する、すなわち最後に行われる対戦において負ける選手の番号を求めてください。 制約 1 \le N \le 16 1 \le A_i \le 10^9 A_i は相異なる 入力に含まれる値は全て整数である 入力 入力は以下の形式で標準入力から与えられる。 N A_1 A_2 A_3 \dots A_{2^N} 出力 準優勝 する選手の番号を出力せよ。",
atcoder,abc,abc188,AtCoder Beginner Contest 188,2021,1610280000,abc188_d,D,Snuke Prime,D. Snuke Prime,933.0,8728,"['plane sweep', 'coordinate compression', 'event processing', 'prefix sum', 'interval']",5,https://atcoder.jp/contests/abc188/tasks/abc188_d,41.106,600.0,配点 : 400 点 問題文 株式会社すぬけは様々なサービスを提供しています。 この会社は、すぬけプライムという支払いプランを用意しています。 すぬけプライムへの加入中は、 1 日あたり C 円を支払うことで、提供される全てのサービスを追加料金の支払いなしに利用することができます。 すぬけプライムへの加入および脱退は、それぞれ 1 日の始めおよび終わりに自由に行うことができます。 高橋くんは、この会社のサービスのうち N 個を利用しようとしています。 そのうち i 個目のサービスは、今日を 1 日目として、 a_i 日目の始めから b_i 日目の終わりまで利用する予定です。 すぬけプライムに加入していない期間中は、 i 個目のサービスを利用する際に 1 日あたり c_i 円を支払う必要があります。 サービスを利用するために高橋くんが支払う必要のある最小の合計金額を求めてください。 制約 1 \leq N \leq 2 \times 10^5 1 \leq C \leq 10^9 1 \leq a_i \leq b_i \leq 10^9 1 \leq c_i \leq 10^9 入力に含まれる値は全て整数 入力 入力は以下の形式で標準入力から与えられる。 N C a_1 b_1 c_1 \vdots a_N b_N c_N 出力 高橋くんが支払う必要のある最小の合計金額を出力せよ。,
atcoder,abc,abc188,AtCoder Beginner Contest 188,2021,1610280000,abc188_e,E,Peddler,E. Peddler,1170.0,6232,"['dag', 'dp', 'graph theory']",3,https://atcoder.jp/contests/abc188/tasks/abc188_e,45.239,655.0,"配点 : 500 点 問題文 高橋国には、町 1 から町 N までの N 個の町があります。 また、この国には道 1 から道 M までの M 本の道があります。道 i を使うと、町 X_i から町 Y_i へ移動することができます。逆向きへは移動できません。ここで X_i < Y_i であることが保証されます。 この国では金の取引が盛んであり、町 i では、金 1\,\mathrm{kg} を A_i 円で売ったり買ったりすることができます。 旅商人である高橋君は、高橋国内のある町で金を 1\,\mathrm{kg} だけ買い、いくつかの道を使った後、 買った町とは別の町で 金を 1\,\mathrm{kg} だけ売ろうと考えています。 このとき、高橋君の利益 (すなわち ( 金を売った価格 ) - ( 金を買った価格 ) ) として考えられる最大値を求めてください。 制約 2 \le N \le 2 \times 10^5 1 \le M \le 2 \times 10^5 1 \le A_i \le 10^9 1 \le X_i \lt Y_i \le N (X_i, Y_i) \neq (X_j, Y_j) (i \neq j) 入力に含まれる値は全て整数 入力 入力は以下の形式で標準入力から与えられる。 N M A_1 A_2 A_3 \dots A_N X_1 Y_1 X_2 Y_2 X_3 Y_3 \hspace{15pt} \vdots X_M Y_M 出力 答えを出力せよ。",
atcoder,abc,abc188,AtCoder Beginner Contest 188,2021,1610280000,abc188_f,F,+1-1x2,F. +1-1x2,1865.0,3223,"['memoization', 'shortest path', 'greedy', 'recursion']",4,https://atcoder.jp/contests/abc188/tasks/abc188_f,57.36,267.0,"配点 : 600 点 問題文 高橋君は黒板に整数 X を書きました。 高橋君は以下の 3 種類の操作を好きな順序で何回でも実行することができます。 黒板に書かれている値を 1 増やす 黒板に書かれている値を 1 減らす 黒板に書かれている値を 2 倍する 高橋君が黒板に書かれている値を Y にするために必要な最小の操作回数を求めてください。 制約 1 \le X \le 10^{18} 1 \le Y \le 10^{18} X, Y は整数である 入力 入力は以下の形式で標準入力から与えられる。 X Y 出力 答えを出力せよ。",
atcoder,abc,abc189,AtCoder Beginner Contest 189,2021,1611403200,abc189_a,A,Slot,A. Slot,-1145.0,20118,"['string', 'implementation', 'conditional']",3,https://atcoder.jp/contests/abc189/tasks/abc189_a,4.866,199.0,"配点 : 100 点 問題文 あなたはスロットマシーンで遊んでいます。 スロットを回した結果は 3 文字の英大文字 C_1,C_2,C_3 で表され、これらが全て同じ文字であるとき当たりです。 当たりかどうか判定してください。 制約 C_i は英大文字 入力 入力は以下の形式で標準入力から与えられる。 C_1 C_2 C_3 出力 当たりなら Won を、当たりでないなら Lost を出力せよ。",
atcoder,abc,abc189,AtCoder Beginner Contest 189,2021,1611403200,abc189_b,B,Alcoholic,B. Alcoholic,249.0,15911,"['simulation', 'prefix sum', 'math', 'implementation']",4,https://atcoder.jp/contests/abc189/tasks/abc189_b,29.177,411.0,配点 : 200 点 問題文 高橋君はお酒を N 杯飲みました。 i 番目に飲んだお酒は、量が V_i ml、アルコール度数が P_i % です。 高橋君はアルコールの摂取量が X ml を超えると酔っ払います。 高橋君が酔っ払ったのは何杯目のお酒を飲んでいるときですか。ただし、 N 杯全てのお酒を飲んだあとでも酔っ払っていない場合は、かわりに -1 を出力してください。 制約 入力は全て整数 1 \leq N \leq 10^3 0 \leq X \leq 10^6 1 \leq V_i \leq 10^3 0 \leq P_i \leq 100 入力 入力は以下の形式で標準入力から与えられる。 N X V_1 P_1 \vdots V_N P_N 出力 高橋君が酔っ払ったのが何杯目のお酒を飲んでいるときか出力せよ。ただし、 N 杯全てのお酒を飲んだあとでも酔っ払っていない場合は、かわりに -1 を出力せよ。,
atcoder,abc,abc189,AtCoder Beginner Contest 189,2021,1611403200,abc189_c,C,Mandarin Orange,C. Mandarin Orange,565.0,12475,"['monotonic stack', 'array', 'optimization', 'range minimum query']",4,https://atcoder.jp/contests/abc189/tasks/abc189_c,34.688,413.0,"配点 : 300 点 問題文 高橋君の前に N 枚の皿が一列に並べられており、左から i 番目の皿には A_i 個のみかんが置かれています。 高橋君は次の 3 つの条件を全て満たすような整数の組 (l,r,x) を 1 つ選びます。 1\leq l \leq r \leq N 1 \le x l 以上 r 以下の全ての整数 i について、 x \le A_i その後、高橋君は l 番目から r 番目まで (両端を含む) の全ての皿からみかんを x 個ずつ取って食べます。 整数の組 (l,r,x) を適切に選んだとき、高橋君は最大で何個のみかんを食べることができますか。 制約 入力は全て整数 1 \leq N \leq 10^4 1 \leq A_i \leq 10^5 入力 入力は以下の形式で標準入力から与えられる。 N A_1 \ldots A_N 出力 高橋君が食べることのできるみかんの個数の最大値を出力せよ。",
atcoder,abc,abc189,AtCoder Beginner Contest 189,2021,1611403200,abc189_d,D,Logical Expression,D. Logical Expression,769.0,8613,"['dp', 'combinatorics', 'boolean', 'counting']",4,https://atcoder.jp/contests/abc189/tasks/abc189_d,38.246,431.0,"配点 : 400 点 問題文 N 個の文字列 S_1,\ldots,S_N が与えられます。各文字列は AND または OR です。 値が \text{True} または \text{False} であるような N+1 個の変数の組 (x_0,\ldots,x_N) であって、 以下のような計算を行った際に、 y_N が \text{True} となるようなものの個数を求めてください。 y_0=x_0 i\geq 1 のとき、 S_i が AND なら y_i=y_{i-1} \land x_i 、 S_i が OR なら y_i=y_{i-1} \lor x_i a \land b は a と b の論理積を表し、 a \lor b は a と b の論理和を表します。 制約 1 \leq N \leq 60 S_i は AND または OR 入力 入力は以下の形式で標準入力から与えられる。 N S_1 \vdots S_N 出力 答えを出力せよ。",
atcoder,abc,abc189,AtCoder Beginner Contest 189,2021,1611403200,abc189_e,E,Rotate and Flip,E. Rotate and Flip,1526.0,3772,"['affine transformation', 'matrix', 'coordinate geometry', 'prefix', 'query']",5,https://atcoder.jp/contests/abc189/tasks/abc189_e,51.448,868.0,"配点 : 500 点 問題文 2 次元平面に N 個の駒が置かれています。駒には 1 から N までの番号が付いており、駒 i が置かれている座標は (X_i,Y_i) です。複数の駒が同じ座標に置かれている可能性もあります。 M 個の操作 \mathrm{op}_1, \ldots, \mathrm{op}_M を順に行います。操作は 4 種類あり、入力形式と操作の内容は以下の通りです。 1 ：全ての駒を、原点を中心に時計回りに 90 度回転させた位置に移動する 2 ：全ての駒を、原点を中心に反時計回りに 90 度回転させた位置に移動する 3 p ：全ての駒を、直線 x=p について対称な位置に移動する 4 p ：全ての駒を、直線 y=p について対称な位置に移動する クエリが Q 個与えられます。 i 番目のクエリでは 2 つの整数 A_i,B_i が与えられるので、 A_i 個目の操作を行った直後に駒 B_i がある座標を出力してください。ここで、 1 個目の操作の直前を「 0 個目の操作の直後」とみなします。 制約 入力は全て整数 1 \leq N \leq 2\times 10^5 1 \leq M \leq 2\times 10^5 1 \leq Q \leq 2\times 10^5 -10^9 \leq X_i,Y_i \leq 10^9 \mathrm{op}_i は 4 つの操作の種類のいずれかの入力形式に従う 3 p 及び 4 p の操作において -10^9 \leq p \leq 10^9 0 \leq A_i \leq M 1 \leq B_i \leq N 入力 入力は以下の形式で標準入力から与えられる。 N X_1 Y_1 \vdots X_N Y_N M \mathrm{op}_1 \vdots \mathrm{op}_M Q A_1 B_1 \vdots A_Q B_Q 出力 各クエリに対する答えを、 1 行に 1 つずつ、 x 座標、 y 座標の順に空白区切りで出力せよ。",
atcoder,abc,abc189,AtCoder Beginner Contest 189,2021,1611403200,abc189_f,F,Sugoroku2,F. Sugoroku2,2154.0,1984,"['expectation', 'dp', 'formula', 'binary search', 'prefix sum']",5,https://atcoder.jp/contests/abc189/tasks/abc189_f,62.4,631.0,"配点 : 600 点 問題文 高橋君は双六で遊んでいます。 この双六には 0 から N の番号がついた N+1 個のマスがあります。 高橋君はマス 0 からスタートし、マス N を目指します。 この双六では、 1 から M までの M 種類の目が等確率で出るルーレットを使います。 各手番で、高橋君はルーレットを回して出た目の数だけ進みます。この結果マス N に到達するか、マス N を越えて進むことになる場合、ゴールとなります。 また、いくつかのマスは「振り出しに戻る」であり、それらのマスに止まると、マス 0 まで戻されます。 そのようなマスは K 個あり、マス A_1,\ldots,A_K です。 高橋君がゴールするまでにルーレットを回す回数の期待値を答えてください。 ゴールすることが不可能な場合は、かわりに -1 を出力してください。 制約 入力はすべて整数 1 \leq N \leq 10^5 1 \leq M \leq 10^5 0 \leq K \leq 10 0 < A_1 < \ldots < A_K < N 入力 入力は以下の形式で標準入力から与えられる。 N M K A_1 \ldots A_K 出力 高橋君がゴールするまでにルーレットを回す回数の期待値を出力せよ。 なお、想定解答との絶対誤差または相対誤差が 10^{-3} 以下であれば正解として扱われる。 ただし、ゴールすることが不可能な場合は、かわりに -1 と出力せよ。",
atcoder,abc,abc190,AtCoder Beginner Contest 190,2021,1612008000,abc190_a,A,Very Very Primitive Game,A. Very Very Primitive Game,-954.0,20701,"['implementation', 'conditional', 'comparison']",3,https://atcoder.jp/contests/abc190/tasks/abc190_a,8.197,301.0,"配点 : 100 点 問題文 高橋くんと青木くんがゲームを行います。 はじめ、高橋くんは A 個、青木くんは B 個のアメを持っています。 C=0 ならば高橋くんが先手、 C=1 ならば青木くんが先手で、高橋くんと青木くんは以下の操作を交互に繰り返します。 自分の持っているアメを 1 個食べる。 先に操作を行えなくなった者の負けです。どちらが勝つでしょうか？ 制約 入力は全て整数 0 ≤ A, B ≤ 100 C \in \{0, 1\} 入力 入力は以下の形式で標準入力から与えられる。 A B C 出力 高橋くんが勝つならば Takahashi を、青木くんが勝つならば Aoki を出力せよ。",
atcoder,abc,abc190,AtCoder Beginner Contest 190,2021,1612008000,abc190_b,B,Magic 3,B. Magic 3,-774.0,18661,"['search', 'conditional', 'comparison']",3,https://atcoder.jp/contests/abc190/tasks/abc190_b,11.336,380.0,配点 : 200 点 問題文 魔法使いの高橋君は魔物と戦っています。 高橋君は N 種類の呪文を使うことができます。 i 番目の呪文は詠唱に X_i 秒かかり、威力は Y_i です。 ただし、この魔物は強いので、詠唱に S 秒以上かかる呪文や、威力が D 以下の呪文ではダメージを与えられません。 また、呪文以外の方法でダメージを与えることもできません。 高橋君は魔物にダメージを与えられるでしょうか？ 制約 入力は全て整数 1 ≤ N ≤ 100 1 ≤ X_i ≤ 10^9 1 ≤ Y_i ≤ 10^9 1 ≤ S ≤ 10^9 1 ≤ D ≤ 10^9 入力 入力は以下の形式で標準入力から与えられる。 N S D X_1 Y_1 \vdots X_N Y_N 出力 魔物にダメージを与えられるならば Yes を、与えられないならば No を出力せよ。,
atcoder,abc,abc190,AtCoder Beginner Contest 190,2021,1612008000,abc190_c,C,Bowls and Dishes,C. Bowls and Dishes,472.0,12234,"['bit manipulation', 'brute force']",2,https://atcoder.jp/contests/abc190/tasks/abc190_c,33.066,398.0,"配点 : 300 点 問題文 1, 2, \dots, N の番号がついた N 個の皿と、 1, 2, \dots, M の番号がついた M 個の条件があります。 条件 i は、皿 A_i と皿 B_i の両方にボールが ( 1 個以上) 置かれているとき満たされます。 1, 2, \dots, K の番号がついた K 人の人がいて、人 i は皿 C_i か皿 D_i のどちらか一方にボールを置きます。 満たされる条件の個数は最大でいくつでしょうか？ 制約 入力は全て整数 2 ≤ N ≤ 100 1 ≤ M ≤ 100 1 ≤ A_i < B_i ≤ N 1 ≤ K ≤ 16 1 ≤ C_i < D_i ≤ N 入力 入力は以下の形式で標準入力から与えられる。 N M A_1 B_1 \vdots A_M B_M K C_1 D_1 \vdots C_K D_K 出力 答えを出力せよ。",
atcoder,abc,abc190,AtCoder Beginner Contest 190,2021,1612008000,abc190_d,D,Staircase Sequences,D. Staircase Sequences,722.0,9743,"['number theory', 'divisors', 'math', 'arithmetic progression']",4,https://atcoder.jp/contests/abc190/tasks/abc190_d,37.426,122.0,配点 : 400 点 問題文 整数からなる公差 1 の等差数列のうち、総和が N であるものはいくつあるでしょうか？ 制約 1 ≤ N ≤ 10^{12} N は整数 入力 入力は以下の形式で標準入力から与えられる。 N 出力 答えを出力せよ。,
atcoder,abc,abc190,AtCoder Beginner Contest 190,2021,1612008000,abc190_e,E,Magical Ornament,E. Magical Ornament,1645.0,3673,"['graph theory', 'dp', 'bitmask dp', 'bfs', 'shortest path']",5,https://atcoder.jp/contests/abc190/tasks/abc190_e,53.523,669.0,"配点 : 500 点 問題文 AtCoder 王国には 1, 2, \dots, N の番号がついた N 種類の魔法石が流通しています。 高橋くんは、魔法石を一列に並べて飾りを作ろうとしています。 魔法石には隣り合わせにできる組とできない組があります。 隣り合わせにできる組は ( 魔法石 A_1, 魔法石 B_1), ( 魔法石 A_2, 魔法石 B_2), \dots, ( 魔法石 A_M, 魔法石 B_M) の M 組で、それ以外の組は隣り合わせることができません。(これらの組において、石の順序は不問です。) 魔法石 C_1, C_2, \dots, C_K をそれぞれ 1 個以上含む魔法石の列を作ることができるか判定し、作れる場合はそのような列を作るのに必要な魔法石の個数の最小値を求めてください。 制約 入力は全て整数 1 ≤ N ≤ 10^5 0 ≤ M ≤ 10^5 1 ≤ A_i < B_i ≤ N i ≠ j ならば (A_i, B_i) ≠ (A_j, B_j) 1 ≤ K ≤ 17 1 ≤ C_1 < C_2 < \dots < C_K ≤ N 入力 入力は以下の形式で標準入力から与えられる。 N M A_1 B_1 A_2 B_2 \hspace{7mm}\vdots A_M B_M K C_1 C_2 \cdots C_K 出力 魔法石 C_1, C_2, \dots, C_K を含む魔法石の列を作るのに必要な魔法石の個数の最小値を出力せよ。 作ることができない場合、代わりに -1 を出力せよ。",
atcoder,abc,abc190,AtCoder Beginner Contest 190,2021,1612008000,abc190_f,F,Shift and Inversions,F. Shift and Inversions,1321.0,4867,"['inversion counting', 'binary indexed tree', 'cycle', 'incremental', 'combinatorics']",5,https://atcoder.jp/contests/abc190/tasks/abc190_f,47.872,497.0,"配点 : 600 点 問題文 0, 1, 2, \dots, N - 1 を並び替えた数列 A = [a_0, a_1, a_2, \dots, a_{N-1}] が与えられます。 k = 0, 1, 2, \dots, N - 1 のそれぞれについて、 b_i = a_{i+k \bmod N} で定義される数列 B = [b_0, b_1, b_2, \dots, b_{N-1}] の転倒数を求めてください。 転倒数とは 数列 A = [a_0, a_1, a_2, \dots, a_{N-1}] の転倒数とは、 i かつ a_i > a_j を満たす添字の組 (i, j) の個数のことです。 制約 入力は全て整数 2 ≤ N ≤ 3 \times 10^5 a_0, a_1, a_2, \dots, a_{N-1} は 0, 1, 2, \dots, N - 1 の並び替えである 入力 入力は以下の形式で標準入力から与えられる。 N a_0 a_1 a_2 \cdots a_{N-1} 出力 N 行出力せよ。 i + 1 行目には、 k = i としたときの答えを出力せよ。",
atcoder,abc,abc191,AtCoder Beginner Contest 191,2021,1612612800,abc191_a,A,Vanishing Pitch,A. Vanishing Pitch,-717.0,19660,"['implementation', 'math']",2,https://atcoder.jp/contests/abc191/tasks/abc191_a,12.33,439.0,"配点 : 100 点 問題文 高橋君と青木君が野球をしています。高橋君はピッチャー、青木君はバッターです。 高橋君は消える魔球を投げることができます。高橋君が投げる消える魔球は、速さ V \, \mathrm{m / s} で等速直線運動をし、投げた瞬間から T 秒後から S 秒後まで (両端を含む) 消えています。消えている間もボールは移動を続けます。 ボールが高橋君のもとからちょうど D \, \mathrm{m} 離れたときにボールが消えていないならば、青木君はボールを打つことができます。消えているなら打つことはできません。 青木君は高橋君のボールを打つことができますか ? 制約 1 \le V \le 1000 1 \le T \lt S \le 1000 1 \le D \le 1000 入力は全て整数 入力 入力は以下の形式で標準入力から与えられる。 V T S D 出力 青木君がボールを打つことができるなら Yes を、できないなら No を出力せよ。",
atcoder,abc,abc191,AtCoder Beginner Contest 191,2021,1612612800,abc191_b,B,Remove It,B. Remove It,-791.0,20240,"['implementation', 'array', 'filtering']",3,https://atcoder.jp/contests/abc191/tasks/abc191_b,11.039,235.0,配点 : 200 点 問題文 長さ N の整数列 A と整数 X が与えられます。 A から X と等しい要素を全て取り除き、残った要素をそのままの順序で並べた数列 A' を出力してください。 制約 1 \le N \le 10^5 1 \le X \le 10^9 1 \le A_i \le 10^9 入力は全て整数 入力 入力は以下の形式で標準入力から与えられる。 N X A_1 A_2 A_3 \dots A_N 出力 A' の要素を空白区切りで順に出力せよ。,
atcoder,abc,abc191,AtCoder Beginner Contest 191,2021,1612612800,abc191_c,C,Digital Graffiti,C. Digital Graffiti,1063.0,7449,"['grid', 'implementation', 'counting', 'computational geometry']",4,https://atcoder.jp/contests/abc191/tasks/abc191_c,43.373,900.0,"配点 : 300 点 問題文 H 行 W 列のマス目があります。このマス目の、上から i 番目、左から j 番目のマスを、マス (i, j) と呼ぶことにします。 各マスは黒または白に塗られています。 S_{i, j} が # ならばマス (i, j) は黒に塗られており、 . ならば白に塗られています。 マス目の一番外側のマス、すなわち (1, j), (H, j), (i, 1), (i, W) のいずれかの形で表されるマスは白に塗られていることが保証されます。 黒に塗られた部分を多角形として見たとき、これが (最小で) 何角形になるかを求めてください。 ここで、黒に塗られた部分は一つの自己交叉のない多角形となることが保証されます。すなわち、以下のことが保証されます。 黒に塗られたマスが少なくとも一つ存在する 黒に塗られた任意の 2 マスは、辺を共有するマスへの移動を繰り返し、黒に塗られたマスのみを通って互いに到達可能である 白に塗られた任意の 2 マスは、辺を共有するマスへの移動を繰り返し、白に塗られたマスのみを通って互いに到達可能である(マス目の一番外側のマスは全て白に塗られていることに注意してください) 制約 3 \le H \le 10 3 \le W \le 10 S_{i, j} は # または . S_{1, j}, S_{H, j} は . S_{i, 1}, S_{i, W} は . 黒に塗られた部分は一つの自己交叉のない多角形となる 入力 入力は以下の形式で標準入力から与えられる。 H W S_{1, 1} S_{1, 2} S_{1, 3} \dots S_{1, W} S_{2, 1} S_{2, 2} S_{2, 3} \dots S_{2, W} S_{3, 1} S_{3, 2} S_{3, 3} \dots S_{3, W} \hspace{40pt} \vdots S_{H, 1} S_{H, 2} S_{H, 3} \dots S_{H, W} 出力 黒に塗られた部分を n 角形として見ることができるような最小の n を出力せよ。",
atcoder,abc,abc191,AtCoder Beginner Contest 191,2021,1612612800,abc191_d,D,Circle Lattice Points,D. Circle Lattice Points,1953.0,3454,"['geometry', 'lattice points', 'pythagorean theorem', 'math', 'coordinate geometry']",5,https://atcoder.jp/contests/abc191/tasks/abc191_d,58.894,214.0,"配点 : 400 点 問題文 2 次元平面上に中心 (X, Y) 、半径 R の円があります。 この円の内部または周上にある格子点 ( x, y 座標がともに整数である点) の個数を求めてください。 制約 |X| \le 10^5 |Y| \le 10^5 0 \lt R \le 10^5 X, Y, R は高々小数第 4 位まで与えられる 入力 入力は以下の形式で標準入力から与えられる。 X Y R 出力 答えを出力せよ。",
atcoder,abc,abc191,AtCoder Beginner Contest 191,2021,1612612800,abc191_e,E,Come Back Quickly,E. Come Back Quickly,1323.0,5152,"['graph theory', 'shortest path', 'dijkstra', 'directed graph', 'graph']",5,https://atcoder.jp/contests/abc191/tasks/abc191_e,47.907,622.0,配点 : 500 点 問題文 AtCoder 国には、町 1 から町 N までの N 個の町と、道路 1 から道路 M までの M 本の道路があります。 道路 i は町 A_i から町 B_i への一方通行で、通るのに C_i 分かかります。 A_i = B_i かもしれませんし、同じ町の組を結ぶ道路が複数あるかもしれません。 高橋君はこの国で散歩をしようと考えました。ある町から出発し、 1 本以上の道路を通り、出発した町に帰ってくるような経路を 正しい散歩経路 と呼ぶことにします。 各町について、その町から出発する正しい散歩経路が存在するかを判定してください。また、存在するなら、そのような経路を通るのにかかる時間の最小値を求めてください。 制約 1 \le N \le 2000 1 \le M \le 2000 1 \le A_i \le N 1 \le B_i \le N 1 \le C_i \le 10^5 入力は全て整数 入力 入力は以下の形式で標準入力から与えられる。 N M A_1 B_1 C_1 A_2 B_2 C_2 A_3 B_3 C_3 \hspace{25pt} \vdots A_M B_M C_M 出力 N 行に渡って出力せよ。 i(1 \le i \le N) 行目には以下を出力せよ。 町 i から出発する正しい散歩経路が存在するなら、そのような経路を通るのにかかる時間の最小値 存在しないなら -1,
atcoder,abc,abc191,AtCoder Beginner Contest 191,2021,1612612800,abc191_f,F,GCD or MIN,F. GCD or MIN,2333.0,2006,"['number theory', 'gcd', 'divisors', 'constructive']",4,https://atcoder.jp/contests/abc191/tasks/abc191_f,65.521,346.0,"配点 : 600 点 問題文 黒板に N 個の整数 A_1, A_2, A_3, \dots, A_N が書かれています。 あなたは次の操作を N - 1 回行います。 黒板に書かれている数を 2 つ選んで消す。消した数を x と y として、 \gcd(x, y) と \min(x, y) のどちらか一方を黒板に書く N - 1 回の操作を終えた後、黒板にはただ一つの整数が残りますが、この整数として考えられるものはいくつありますか ? 制約 2 \le N \le 2000 1 \le A_i \le 10^9 入力は全て整数 入力 入力は以下の形式で標準入力から与えられる。 N A_1 A_2 A_3 \dots A_N 出力 黒板に残る整数として考えられるものの個数を出力せよ。",
atcoder,abc,abc192,SOMPO HD プログラミングコンテスト2021(AtCoder Beginner Contest 192),2021,1613822400,abc192_a,A,Star,A. Star,-1209.0,18796,"['math', 'implementation', 'modular arithmetic']",3,https://atcoder.jp/contests/abc192/tasks/abc192_a,3.75,282.0,配点 : 100 点 問題文 高橋君はゲームで遊んでいます。 このゲームでは、今までに集めたコインの枚数が 100 の倍数になるごとにご褒美がもらえます。 高橋君が今までに集めたコインの枚数は X 枚です。次にご褒美をもらうためには、あと何枚のコインを集めればよいでしょうか？ ( X が 100 の倍数の場合、コインを累計で X 枚集めたことに対するご褒美はすでにもらったとします。) 制約 0 \leq X \leq 10^5 入力 入力は以下の形式で標準入力から与えられる。 X 出力 次にご褒美をもらうために、追加で集める必要のあるコインの枚数を出力せよ。,
atcoder,abc,abc192,SOMPO HD プログラミングコンテスト2021(AtCoder Beginner Contest 192),2021,1613822400,abc192_b,B,uNrEaDaBlE sTrInG,B. uNrEaDaBlE sTrInG,-748.0,17284,"['string', 'implementation', 'parity']",3,https://atcoder.jp/contests/abc192/tasks/abc192_b,11.789,229.0,配点 : 200 点 問題文 先頭から奇数番目の文字が全て英小文字であり、かつ、先頭から偶数番目の文字が全て英大文字であるような文字列を 読みにくい文字列 と呼びます。 文字列 S が読みにくい文字列かどうか判定してください。 制約 S は英大文字及び英小文字のみからなる S の長さは 1 以上 1000 以下 入力 入力は以下の形式で標準入力から与えられる。 S 出力 S が読みにくい文字列なら Yes 、読みにくい文字列でないなら No を出力せよ。,
atcoder,abc,abc192,SOMPO HD プログラミングコンテスト2021(AtCoder Beginner Contest 192),2021,1613822400,abc192_c,C,Kaprekar Number,C. Kaprekar Number,-135.0,14677,"['simulation', 'digit', 'implementation', 'sorting']",4,https://atcoder.jp/contests/abc192/tasks/abc192_c,22.48,418.0,"配点 : 300 点 問題文 0 以上の整数 x に対して、 g_1(x), g_2(x), f(x) を次のように定めます。 g_1(x)= x を十進法で表したときの各桁の数字を大きい順に並び替えてできる整数 g_2(x)= x を十進法で表したときの各桁の数字を小さい順に並び替えてできる整数 f(x)=g_1(x)-g_2(x) 例えば g_1(314)=431 , g_2(3021)=123 , f(271)=721-127=594 です。先頭の余分な 0 は無視されることに注意してください。 整数 N,K が与えられるので、 a_0=N , a_{i+1}=f(a_i)\ (i\geq 0) で定まる数列の a_K を求めてください。 制約 0 \leq N \leq 10^9 0 \leq K \leq 10^5 入力は全て整数 入力 入力は以下の形式で標準入力から与えられる。 N K 出力 a_K を出力せよ。",
atcoder,abc,abc192,SOMPO HD プログラミングコンテスト2021(AtCoder Beginner Contest 192),2021,1613822400,abc192_d,D,Base n,D. Base n,1425.0,5784,"['binary search', 'base conversion', 'monotonic', 'number theory']",4,https://atcoder.jp/contests/abc192/tasks/abc192_d,49.686,257.0,配点 : 400 点 問題文 0 ～ 9 からなる文字列 X と、整数 M が与えられます。 X に含まれる最も大きい数字を d とします。 d+1 以上の整数 n を選んで X を n 進法表記の数とみなして得られる値のうち、 M 以下であるようなものは何種類あるでしょうか？ 制約 X は 0 ～ 9 のみからなる X の長さは 1 以上 60 以下 X の先頭の文字は 0 ではない 1 \leq M \leq 10^{18} 入力 入力は以下の形式で標準入力から与えられる。 X M 出力 答えを出力せよ。,
atcoder,abc,abc192,SOMPO HD プログラミングコンテスト2021(AtCoder Beginner Contest 192),2021,1613822400,abc192_e,E,Train,E. Train,1135.0,5956,"['dijkstra', 'graph theory', 'shortest path']",3,https://atcoder.jp/contests/abc192/tasks/abc192_e,44.629,677.0,"配点 : 500 点 問題文 AtCoder国には 1 から N の番号がついた N 個の都市と、 1 から M の番号がついた M 本の鉄道があります。 鉄道 i は都市 A_i と都市 B_i の間を結んでおり、時刻が K_i の倍数になる毎に、双方の都市からそれぞれ他方の都市への列車が発車します。この列車は出発から到着までに T_i の時間がかかります。 あなたはいま都市 X にいます。時刻 0 またはそれ以降に都市 X を発車する列車に乗って移動を開始するとき、都市 Y には最速でいつたどり着けるか求めてください。都市 Y にたどり着くことが出来ない場合はそのことを報告してください。 ただし、乗り換えにかかる時間は無視できるため、どの都市においても、あなたの乗っている列車の到着時刻と同時に発車する別の列車に乗り換えることが可能であるとします。 制約 2 \leq N \leq 10^5 0 \leq M \leq 10^5 1 \leq X,Y \leq N X \neq Y 1 \leq A_i,B_i \leq N A_i \neq B_i 1 \leq T_i \leq 10^9 1 \leq K_i \leq 10^9 入力は全て整数 入力 入力は以下の形式で標準入力から与えられる。 N M X Y A_1 B_1 T_1 K_1 \vdots A_M B_M T_M K_M 出力 都市 Y にたどり着くことができる最も早い時刻を出力せよ。ただし、都市 Y にたどり着くことが出来ない場合はかわりに -1 と出力せよ。",
atcoder,abc,abc192,SOMPO HD プログラミングコンテスト2021(AtCoder Beginner Contest 192),2021,1613822400,abc192_f,F,Potion,F. Potion,1783.0,3078,"['dp', 'modular arithmetic', 'brute force']",3,https://atcoder.jp/contests/abc192/tasks/abc192_f,55.93,454.0,配点 : 600 点 問題文 N 種類の素材があり、素材 i には A_i の魔力があります。 魔法使いの高橋君は、この中から 1 種類以上を選んで合成し、ポーションを作ろうとしています。 k 種類の素材を合成して出来たポーションの魔力は、合成した直後には素材の魔力の合計であり、時間が 1 経過するごとに k 増加します。 魔力の増加は連続的ではなく離散的であることに注意してください。 高橋君が時刻 0 に 1 度だけ素材の合成を行うとき、魔力がちょうど X のポーションは、最速でいつ手に入りますか？ なお、制約下で魔力がちょうど X のポーションを作れることが証明されます。 制約 1 \leq N \leq 100 1 \leq A_i \leq 10^7 10^9 \leq X \leq 10^{18} 入力は全て整数 入力 入力は以下の形式で標準入力から与えられる。 N X A_1 \ldots A_N 出力 魔力がちょうど X のポーションを手に入れることができる最も早い時刻を出力せよ。,
atcoder,abc,abc193,キャディプログラミングコンテスト2021(AtCoder Beginner Contest 193),2021,1614427200,abc193_a,A,Discount,A. Discount,-1117.0,17304,"['math', 'data types']",2,https://atcoder.jp/contests/abc193/tasks/abc193_a,5.354,178.0,"配点 : 100 点 問題文 定価 A 円の商品が B 円で売られているとき、この商品の売値は定価の何パーセント引きですか？ 制約 A, B は整数 1 ≤ B < A ≤ 10^5 入力 入力は以下の形式で標準入力から与えられる。 A B 出力 答えを小数で出力せよ。 想定解答との絶対誤差または相対誤差が 10^{-2} 以下であれば正解と判定される。",
atcoder,abc,abc193,キャディプログラミングコンテスト2021(AtCoder Beginner Contest 193),2021,1614427200,abc193_b,B,Play Snuke,B. Play Snuke,-552.0,14203,"['implementation', 'greedy', 'search']",3,https://atcoder.jp/contests/abc193/tasks/abc193_b,15.208,521.0,"配点 : 200 点 問題文 高橋くんは人気ゲーム機「スヌケマシン」を買おうとしています。 スヌケマシンを販売している店は店 1, 2, \dots, N の N 軒あり、店 i は高橋くんの現在地から徒歩 A_i 分、スヌケマシンの販売価格は P_i 円、現在のスヌケマシンの在庫は X_i 台です。 高橋くんは今から徒歩でスヌケマシンを販売している店に向かい、店に着いたときにスヌケマシンの在庫があればスヌケマシンを買います。 しかし、スヌケマシンは人気商品なので、今から 0.5, 1.5, 2.5, \dots 分後に全ての店でスヌケマシンの在庫が (存在するなら) 1 台減ります。 高橋くんがスヌケマシンを買うことができるか判定し、できる場合は買うのに必要な最小の金額を求めてください。 制約 入力は全て整数 1 ≤ N ≤ 10^5 1 ≤ A_i, P_i, X_i ≤ 10^9 入力 入力は以下の形式で標準入力から与えられる。 N A_1 P_1 X_1 \vdots A_N P_N X_N 出力 高橋くんがスヌケマシンを買うことができる場合は、買うのに必要な最小の金額を出力せよ。 できない場合は、 -1 を出力せよ。",
atcoder,abc,abc193,キャディプログラミングコンテスト2021(AtCoder Beginner Contest 193),2021,1614427200,abc193_c,C,Unexpressed,C. Unexpressed,378.0,12836,"['brute force', 'set', 'counting', 'number theory', 'perfect powers']",5,https://atcoder.jp/contests/abc193/tasks/abc193_c,31.427,151.0,"配点 : 300 点 問題文 整数 N が与えられます。 1 以上 N 以下の整数のうち、 2 以上の整数 a, b を用いて a^b と表せないものはいくつあるでしょうか？ 制約 N は整数 1 ≤ N ≤ 10^{10} 入力 入力は以下の形式で標準入力から与えられる。 N 出力 答えを出力せよ。",
atcoder,abc,abc193,キャディプログラミングコンテスト2021(AtCoder Beginner Contest 193),2021,1614427200,abc193_d,D,Poker,D. Poker,866.0,6798,"['combinatorics', 'probability', 'enumeration', 'counting', 'implementation']",5,https://atcoder.jp/contests/abc193/tasks/abc193_d,39.937,665.0,"配点 : 400 点 問題文 1, 2, \dots, 9 が表に書かれたカードが K 枚ずつ、計 9K 枚のカードがあります。 これらのカードをランダムにシャッフルして、高橋くんと青木くんにそれぞれ、 4 枚を表向きに、 1 枚を裏向きにして配りました。 高橋くんに配られたカードが文字列 S として、青木くんに配られたカードが文字列 T として与えられます。 S, T は 5 文字の文字列で、先頭 4 文字は 1 , 2 , \dots , 9 からなり、表向きのカードに書かれた数を表します。 末尾 1 文字は # であり、裏向きのカードであることを表します。 5 枚の手札の点数を、 c_i をその手札に含まれる i の枚数として、 \displaystyle \sum_{i=1}^9 i \times 10^{c_i} で定義します。 高橋くんが青木くんより点数の高い手札を持っていたら高橋くんの勝ちです。 高橋くんの勝つ確率を求めてください。 制約 2 ≤ K ≤ 10^5 |S| = |T| = 5 S, T の 1 文字目から 4 文字目は 1 , 2 , \dots , 9 のいずれか 1 , 2 , \dots , 9 はそれぞれ、 S と T に合計 K 回までしか出現しない S, T の 5 文字目は # 入力 入力は以下の形式で標準入力から与えられる。 K S T 出力 高橋くんの勝つ確率を小数で出力せよ。 想定解答との絶対誤差または相対誤差が 10^{-5} 以下であれば正解と判定される。",
atcoder,abc,abc193,キャディプログラミングコンテスト2021(AtCoder Beginner Contest 193),2021,1614427200,abc193_e,E,Oversleeping,E. Oversleeping,1948.0,2122,"['chinese remainder theorem', 'extended euclidean algorithm', 'number theory', 'modular arithmetic', 'brute force']",5,https://atcoder.jp/contests/abc193/tasks/abc193_e,58.807,1192.0,"配点 : 500 点 問題文 街 A と街 B の間を往復する電車があります。 電車は時刻 0 に街 A を出発した後、 X 秒かけて街 B に移動 街 B で Y 秒停車 X 秒かけて街 A に移動 街 A で Y 秒停車 を繰り返します。 より厳密には、これらは半開区間として扱います。すなわち、 n = 0, 1, 2, \dots について、 (2X + 2Y)n ≤ t < (2X + 2Y)n + X を満たす時刻 t には電車は街 B に移動している (2X + 2Y)n + X ≤ t < (2X + 2Y)n + X + Y を満たす時刻 t には電車は街 B で停車している (2X + 2Y)n + X + Y ≤ t < (2X + 2Y)n + 2X + Y を満たす時刻 t には電車は街 A に移動している (2X + 2Y)n + 2X + Y ≤ t < (2X + 2Y)(n + 1) を満たす時刻 t には電車は街 A で停車している が満たされます。 高橋くんは電車に乗って時刻 0 に街 A を出発し、街 B で電車を降りようと思っています。 高橋くんは時刻 0 に街 A を出発した後、 P 秒間眠っている Q 秒間起きている を繰り返します。 これらも半開区間として扱います。すなわち、 n = 0, 1, 2, \dots について、 (P + Q)n ≤ t < (P + Q)n + P を満たす時刻 t には高橋くんは眠っている (P + Q)n + P ≤ t < (P + Q)(n + 1) を満たす時刻 t には高橋くんは起きている が満たされます。 街 B に電車が停車しており、かつ、高橋くんが起きていれば高橋くんは街 B で電車を降りることができます。 高橋くんが街 B で電車を降りることができるか判定し、できる場合は、最短でいつになるか求めてください。 なお、この値はこの問題の制約下で整数になることが証明できます。 T 個のケースが与えられるので、それぞれについて答えを求めてください。 制約 入力は全て整数 1 ≤ T ≤ 10 1 ≤ X ≤ 10^9 1 ≤ Y ≤ 500 1 ≤ P ≤ 10^9 1 ≤ Q ≤ 500 入力 入力は以下の形式で標準入力から与えられる。 T \rm case_1 \rm case_2 \hspace{9pt}\vdots \rm case_T 各ケースは以下の形式で与えられる。 X Y P Q 出力 T 行出力せよ。 i 行目には、 \rm case_i についてこの問題を解き、街 B で電車を降りられる時刻が存在する場合、そのような時刻のうち最小のものを整数で出力せよ。 街 B で電車を降りられる時刻が存在しない場合、 infinity と出力せよ。",
atcoder,abc,abc193,キャディプログラミングコンテスト2021(AtCoder Beginner Contest 193),2021,1614427200,abc193_f,F,Zebraness,F. Zebraness,2475.0,1213,"['min cut', 'max flow', 'graph theory', 'project selection problem', 'dinic']",5,https://atcoder.jp/contests/abc193/tasks/abc193_f,67.998,440.0,"配点 : 600 点 問題文 縦 N マス、横 N マスのマス目があります。 上から i 行目、左から j 列目のマスをマス (i, j) と表すことにします。 マス (i, j) の色の情報が文字 c_{i,j} により与えられます。 B はマスが黒で塗られていることを、 W はマスが白で塗られていることを、 ? はマスにまだ色が塗られていないことを表します。 高橋くんは、まだ色が塗られていないマスをそれぞれ黒または白で塗り、白黒のマス目を作ります。 マス目の しまうま度 を、辺で接する黒マスと白マスの組の個数と定義します。 高橋くんが達成できるしまうま度の最大値を求めてください。 制約 1 ≤ N ≤ 100 c_{i, j} は B , W , ? のいずれか 入力 入力は以下の形式で標準入力から与えられる。 N c_{1,1} \dots c_{1,N} \hspace{20pt}\vdots c_{N,1} \dots c_{N,N} 出力 答えを出力せよ。",
atcoder,abc,abc194,AtCoder Beginner Contest 194,2021,1615032000,abc194_a,A,I Scream,A. I Scream,-925.0,16755,"['implementation', 'conditional', 'ad hoc']",3,https://atcoder.jp/contests/abc194/tasks/abc194_a,8.702,624.0,"配点 : 100 点 問題文 日本において、アイス製品は次の 4 種類に大別されます。 乳固形分 が 15 パーセント以上、 乳脂肪分 が 8 パーセント以上含まれるものを「アイスクリーム」とする。 上に当てはまらず、 乳固形分 が 10 パーセント以上、 乳脂肪分 が 3 パーセント以上含まれるものを「アイスミルク」とする。 上のいずれにも当てはまらず、 乳固形分 が 3 パーセント以上含まれるものを「ラクトアイス」とする。 上のいずれにも当てはまらないものを「氷菓」とする。 ここで、 乳固形分 は 無脂乳固形分 と 乳脂肪分 の 2 つから成ります。 AtCoder 名物の製品「スヌケアイス」には、 無脂乳固形分 は A パーセント、 乳脂肪分 は B パーセント含まれています。 スヌケアイスに上の分類を適用したとすると、 4 種類のどれに当てはまるでしょうか ? 答えは「出力」の項に従って整数で出力してください。 制約 0 \le A \le 100 0 \le B \le 100 A + B \le 100 A, B は整数 入力 入力は以下の形式で標準入力から与えられる。 A B 出力 以下に定められる整数を出力せよ : スヌケアイスがアイスクリームに当てはまる場合 : 1 スヌケアイスがアイスミルクに当てはまる場合 : 2 スヌケアイスがラクトアイスに当てはまる場合 : 3 スヌケアイスが氷菓に当てはまる場合 : 4",
atcoder,abc,abc194,AtCoder Beginner Contest 194,2021,1615032000,abc194_b,B,Job Assignment,B. Job Assignment,-138.0,13760,"['brute force', 'implementation', 'enumeration']",3,https://atcoder.jp/contests/abc194/tasks/abc194_b,22.428,567.0,配点 : 200 点 問題文 あなたの会社には従業員 1 から従業員 N までの N 人の従業員がいます。 今あなたは仕事 A と仕事 B の 2 つの仕事を受注したので、これらを完了しなければなりません。 従業員 i は仕事 A を A_i 分、仕事 B を B_i 分でこなすことができます。 あなたは仕事 A と仕事 B にそれぞれ従業員を 1 人割り当てます。 同じ従業員を両方の仕事に割り当てても構いませんが、その場合 2 つの仕事が終わるのにかかる時間は、それぞれの仕事が終わるのにかかる時間の和となります。 仕事 A と仕事 B に異なる従業員を割り当てた場合、 2 つの仕事が終わるのにかかる時間は、各仕事が終わるのにかかる時間の長い方となります。 2 つの仕事が終わるのにかかる時間として考えられる最小の値を求めてください。 制約 2 \le N \le 1000 1 \le A_i \le 10^5 1 \le B_i \le 10^5 入力に含まれる値は全て整数 入力 入力は以下の形式で標準入力から与えられる。 N A_1 B_1 A_2 B_2 A_3 B_3 \hspace{15pt} \vdots A_N B_N 出力 2 つの仕事が終わるのにかかる時間として考えられる最小の値 [分] を出力せよ。,
atcoder,abc,abc194,AtCoder Beginner Contest 194,2021,1615032000,abc194_c,C,Squared Error,C. Squared Error,386.0,12543,"['formula', 'sum', 'algebra', 'complexity analysis']",4,https://atcoder.jp/contests/abc194/tasks/abc194_c,31.566,249.0,配点 : 300 点 問題文 長さ N の数列 A が与えられます。 各要素同士の差の 2 乗の和、すなわち \displaystyle \sum_{i = 2}^{N} \sum_{j = 1}^{i - 1} (A_i - A_j)^2 を求めてください。 制約 2 \le N \le 3 \times 10^5 |A_i| \le 200 入力に含まれる値は全て整数 入力 入力は以下の形式で標準入力から与えられる。 N A_1 A_2 A_3 \cdots A_N 出力 答えを出力せよ。,
atcoder,abc,abc194,AtCoder Beginner Contest 194,2021,1615032000,abc194_d,D,Journey,D. Journey,1078.0,6616,"['expectation', 'probability', 'harmonic series', 'math']",4,https://atcoder.jp/contests/abc194/tasks/abc194_d,43.634,363.0,配点 : 400 点 問題文 頂点 1 から頂点 N までの N 頂点からなるグラフの頂点 1 に高橋君がいます。 今このグラフに辺は 1 つも張られていません。 高橋君は以下の操作を繰り返します。 操作 : (今高橋君がいる頂点も含めた) N 個の頂点の中から 1 つランダムに選ぶ。各頂点が選ばれる確率は全て \frac{1}{N} であり、選択は操作毎に独立である。 今高橋君がいる頂点と選ばれた頂点の間に無向辺を張り、選ばれた頂点に移動する。 グラフが連結になるまでに行われる操作の回数の期待値を求めてください。 制約 2 \le N \le 10^5 入力 入力は以下の形式で標準入力から与えられる。 N 出力 答えを出力せよ。 想定解答との絶対誤差または相対誤差が 10^{-6} 以下であれば正解として扱われる。,
atcoder,abc,abc194,AtCoder Beginner Contest 194,2021,1615032000,abc194_e,E,Mex Min,E. Mex Min,1088.0,7038,"['mex', 'greedy', 'implementation', 'array']",4,https://atcoder.jp/contests/abc194/tasks/abc194_e,43.809,426.0,"配点 : 500 点 問題文 \mathrm{mex}(x_1, x_2, x_3, \dots, x_k) を、 x_1, x_2, x_3, \dots, x_k に含まれない最小の非負整数と定義します。 長さ N の整数列 A = (A_1, A_2, A_3, \dots, A_N) が与えられます。 0 \le i \le N - M を満たす全ての整数 i について \mathrm{mex}(A_{i + 1}, A_{i + 2}, A_{i + 3}, \dots, A_{i + M}) を計算したとき、この N - M + 1 個の値のうちの最小値を求めてください。 制約 1 \le M \le N \le 1.5 \times 10^6 0 \le A_i \lt N 入力に含まれる値は全て整数 入力 入力は以下の形式で標準入力から与えられる。 N M A_1 A_2 A_3 \cdots A_N 出力 答えを出力せよ。",
atcoder,abc,abc194,AtCoder Beginner Contest 194,2021,1615032000,abc194_f,F,Digits Paradise in Hexadecimal,F. Digits Paradise in Hexadecimal,2197.0,1378,"['digit dp', 'dp', 'combinatorics', 'modular arithmetic', 'counting']",5,https://atcoder.jp/contests/abc194/tasks/abc194_f,63.15,385.0,"配点 : 600 点 問題文 この問題において、十六進表記では 0 ~ 9 , A ~ F を数字として扱い、 A ~ F はそれぞれ十から十五を表すものとします。 また、特別の記述がない限り問題文中で扱われる数は全て十進表記されているものとします。 1 以上 N 以下の整数のうち、先頭に 0 のない十六進表記で書くとちょうど K 種類の数字が現れるようなものはいくつあるでしょうか ? 10^9 + 7 で割ったあまりを出力してください。 制約 1 \le N \lt {16}^{2 \times 10^5} N は先頭が 0 でない十六進表記で与えられる 1 \le K \le 16 入力に含まれる値は全て整数 入力 入力は以下の形式で標準入力から与えられる。 N K N は十六進表記で与えられる。 出力 答えを 10^9 + 7 で割ったあまりを出力せよ。",
atcoder,abc,abc195,パナソニックプログラミングコンテスト（AtCoder Beginner Contest 195）,2021,1615636800,abc195_a,A,Health M Death,A. Health M Death,-1321.0,17156,"['divisibility', 'modular arithmetic', 'implementation']",3,https://atcoder.jp/contests/abc195/tasks/abc195_a,1.796,276.0,配点 : 100 点 問題文 魔法使いの高橋君がモンスターと戦っています。 高橋君が魔法を使うと、体力が M の倍数であるモンスターを倒すことができます。体力が M の倍数でないモンスターに対しては何の効果もありません。 高橋君の魔法によって、体力が H のモンスターを倒すことができるでしょうか？ 制約 1 \leq M \leq 1000 1 \leq H \leq 1000 M 及び H は整数 入力 入力は以下の形式で標準入力から与えられる。 M H 出力 魔法でモンスターを倒すことができるなら Yes を、できないなら No を出力せよ。,
atcoder,abc,abc195,パナソニックプログラミングコンテスト（AtCoder Beginner Contest 195）,2021,1615636800,abc195_b,B,Many Oranges,B. Many Oranges,483.0,11969,"['math', 'inequality', 'ad hoc']",3,https://atcoder.jp/contests/abc195/tasks/abc195_b,33.258,396.0,配点 : 200 点 問題文 みかんがたくさんあります。どのみかんの重さも A グラム以上 B グラム以下であることがわかっています。（みかんの重さは整数とは限りません。） この中からいくつかのみかんを選んだところ、選んだみかんの重さの合計がちょうど W キログラムになりました。 選んだみかんの個数として考えられる最小値と最大値を求めてください。ただし、このようなことが起こり得ないなら、かわりにそのことを報告してください。 制約 1 \leq A \leq B \leq 1000 1 \leq W \leq 1000 入力は全て整数 入力 入力は以下の形式で標準入力から与えられる。 A B W 出力 選んだみかんの個数としてありえる最小値と最大値を空白区切りでこの順に出力せよ。ただし、与えられた条件に合うような個数が存在しない場合、かわりに UNSATISFIABLE と出力せよ。,
atcoder,abc,abc195,パナソニックプログラミングコンテスト（AtCoder Beginner Contest 195）,2021,1615636800,abc195_c,C,Comma,C. Comma,235.0,11412,"['counting', 'math', 'digit']",3,https://atcoder.jp/contests/abc195/tasks/abc195_c,28.933,225.0,"配点 : 300 点 問題文 高橋君は整数を書くとき、下から 3 桁ごとにコンマで区切って書きます。例えば 1234567 であれば 1,234,567 、 777 であれば 777 と書きます。 高橋君が 1 以上 N 以下の整数を 1 度ずつ書くとき、コンマは合計で何回書かれますか？ 制約 1 \leq N \leq 10^{15} N は整数 入力 入力は以下の形式で標準入力から与えられる。 N 出力 コンマが書かれる回数の合計を出力せよ。",
atcoder,abc,abc195,パナソニックプログラミングコンテスト（AtCoder Beginner Contest 195）,2021,1615636800,abc195_d,D,Shipping Center,D. Shipping Center,945.0,6702,"['greedy', 'sorting', 'query']",3,https://atcoder.jp/contests/abc195/tasks/abc195_d,41.315,644.0,"配点 : 400 点 問題文 1 から N の番号がついた N 個の荷物と、 1 から M の番号がついた M 個の箱があります。 荷物 i の大きさは W_i で、価値は V_i です。 箱 i には大きさが X_i 以下の荷物を入れることができます。 1 つの箱に 2 つ以上の荷物を入れることはできません。 Q 個のクエリが与えられます。各クエリでは 2 つの整数 L,R が与えられるので、次の問題を解いてください。 問題： M 個の箱のうち、箱 L,L+1,\ldots,R の R-L+1 個の箱が使えなくなってしまいました。 残りの箱の中に同時に入れることができる荷物の価値の合計の最大値を求めてください。 制約 1 \leq N \leq 50 1 \leq M \leq 50 1 \leq Q \leq 50 1 \leq W_i \leq 10^6 1 \leq V_i \leq 10^6 1 \leq X_i \leq 10^6 1 \leq L \leq R \leq M 入力は全て整数 入力 入力は以下の形式で標準入力から与えられる。 N M Q W_1 V_1 \vdots W_N V_N X_1 \ldots X_M \mathrm{Query}_1 \vdots \mathrm{Query}_Q 各クエリは以下の形式で与えられる。 L R 出力 Q 行出力せよ。 i 行目には、 \mathrm{Query}_i に対応する問題の答えを出力せよ。",
atcoder,abc,abc195,パナソニックプログラミングコンテスト（AtCoder Beginner Contest 195）,2021,1615636800,abc195_e,E,Lucky 7 Battle,E. Lucky 7 Battle,1609.0,3474,"['dp', 'game theory', 'modular arithmetic']",3,https://atcoder.jp/contests/abc195/tasks/abc195_e,52.895,587.0,"配点 : 500 点 問題文 0 , \ldots , 9 からなる長さ N の文字列 S と、 A , T からなる長さ N の文字列 X が与えられます。また、空文字列で初期化された文字列 T があります。 高橋君と青木君がこれらを使ってゲームをします。ゲームは N ラウンドからなり、 i 回目 (1\leq i \leq N) のラウンドでは次の操作が行われます。 X_i が A なら青木君が、 T なら高橋君が以下の操作を行う 操作： T の末尾に S_i か 0 のどちらか一方を加える N 回の操作が終了したあと、 T は 0 , \ldots , 9 からなる長さ N の文字列となります。 T を (先頭の余計な 0 を取り除いた上で) 10 進法で表された数と解釈したとき、 7 の倍数であれば高橋君の勝ちであり、そうでなければ青木君の勝ちです。 2 人が最適に行動する時、どちらが勝つか判定してください。 制約 1 \leq N \leq 2\times 10^5 S,X の長さは N S は 0 , \ldots , 9 のみからなる X は A , T のみからなる 入力 入力は以下の形式で標準入力から与えられる。 N S X 出力 2 人が最適に行動する時、高橋君が勝つなら Takahashi 、 青木君が勝つなら Aoki と出力せよ。",
atcoder,abc,abc195,パナソニックプログラミングコンテスト（AtCoder Beginner Contest 195）,2021,1615636800,abc195_f,F,Coprime Present,F. Coprime Present,2068.0,1951,"['bitmask dp', 'number theory', 'gcd', 'prime factorization', 'combinatorics']",5,https://atcoder.jp/contests/abc195/tasks/abc195_f,60.9,360.0,配点 : 600 点 問題文 あなたは A 以上 B 以下の整数が書かれたカードを各 1 枚、合計 B-A+1 枚持っています。 この中から何枚かを選んで ( 0 枚でもよい) ペットのすぬけ君にプレゼントしようと考えています。 すぬけ君は、プレゼントされたカードたちについて、どの相異なる 2 枚に書かれた数も互いに素であるときに喜び、そうでないとき悲しみます。 すぬけ君が喜ぶようなカードの組合せは何通りありますか？ 制約 1 \leq A \leq B \leq 10^{18} B-A \leq 72 入力は全て整数 入力 入力は以下の形式で標準入力から与えられる。 A B 出力 すぬけ君が喜ぶようなカードの組合せは何通りあるか出力せよ。 なお、制約の条件下で答えは 2^{63} 未満になることが証明される。,
atcoder,abc,abc196,AtCoder Beginner Contest 196,2021,1616241600,abc196_a,A,Difference Max,A. Difference Max,-1120.0,18217,"['greedy', 'math', 'implementation']",3,https://atcoder.jp/contests/abc196/tasks/abc196_a,5.302,194.0,"配点 : 100 点 問題文 整数 a, b, c, d が与えられます。 a ≤ x ≤ b,\ c ≤ y ≤ d となるように整数 x, y を選ぶとき、 x - y の最大値を求めてください。 制約 入力は全て整数 -100 ≤ a ≤ b ≤ 100 -100 ≤ c ≤ d ≤ 100 入力 入力は以下の形式で標準入力から与えられる。 a b c d 出力 答えを出力せよ。",
atcoder,abc,abc196,AtCoder Beginner Contest 196,2021,1616241600,abc196_b,B,Round Down,B. Round Down,-530.0,16550,"['string', 'implementation']",2,https://atcoder.jp/contests/abc196/tasks/abc196_b,15.591,183.0,配点 : 200 点 問題文 整数または小数 X が与えられるので、小数点以下を切り捨てて整数で出力してください。 制約 0 \le X \le 10^{100} X は整数、または小数点以下が 100 桁以下の小数であり、先頭に余計な 0 は付かない 入力 入力は以下の形式で標準入力から与えられる。 X 出力 X を、小数点以下を切り捨てて整数の形式で出力せよ。,
atcoder,abc,abc196,AtCoder Beginner Contest 196,2021,1616241600,abc196_c,C,Doubled,C. Doubled,202.0,14079,"['enumeration', 'string', 'math', 'constructive']",4,https://atcoder.jp/contests/abc196/tasks/abc196_c,28.357,178.0,配点 : 300 点 問題文 整数 N が与えられます。 以下の条件を満たす 1 以上 N 以下の整数 x は何個あるでしょうか？ x の十進表記 (先頭に 0 を付けない) は偶数桁であり、その前半と後半は文字列として等しい。 制約 N は整数 1 ≤ N < 10^{12} 入力 入力は以下の形式で標準入力から与えられる。 N 出力 答えを出力せよ。,
atcoder,abc,abc196,AtCoder Beginner Contest 196,2021,1616241600,abc196_d,D,Hanjo,D. Hanjo,1277.0,5587,"['backtracking', 'dfs', 'grid', 'tiling', 'brute force', 'recursion', 'combinatorics']",7,https://atcoder.jp/contests/abc196/tasks/abc196_d,47.105,356.0,"配点 : 400 点 問題文 縦 H メートル、横 W メートルの長方形の部屋があります。 この部屋に 2 メートル × 1 メートルの区別できない畳 (長方形のタイル) A 枚と、 1 メートル × 1 メートルの区別できない半畳 (正方形のタイル) B 枚を敷き詰めます。 2 メートル × 1 メートルの畳は縦長にも横長にも使うことができます。 敷き詰める方法は何通りあるでしょうか？ なお、 2A + B = HW であることが保証されます。 また、回転や反転を行うことで初めて一致するような敷き詰め方は区別します。 制約 入力は全て整数 1 ≤ H, W HW ≤ 16 0 ≤ A, B 2A + B = HW 入力 入力は以下の形式で標準入力から与えられる。 H W A B 出力 答えを出力せよ。",
atcoder,abc,abc196,AtCoder Beginner Contest 196,2021,1616241600,abc196_e,E,Filters,E. Filters,1650.0,3013,"['function', 'optimization', 'constructive', 'tracking']",4,https://atcoder.jp/contests/abc196/tasks/abc196_e,53.61,578.0,"配点 : 500 点 問題文 整数列 A = (a_1, a_2, \dots, a_N), T = (t_1, t_2, \dots, t_N), X = (x_1, x_2, \dots, x_Q) が与えられます。 N 個の関数 f_1(x), f_2(x), \dots, f_N(x) を、 f_i(x) = \begin{cases} x + a_i & (t_i = 1)\\ \max(x, a_i) & (t_i = 2)\\ \min(x, a_i) & (t_i = 3)\\ \end{cases} と定義します。 i = 1, 2, \dots, Q のそれぞれについて、 f_N( \dots f_2(f_1(x_i)) \dots ) を求めてください。 制約 入力は全て整数 1 ≤ N ≤ 2 \times 10^5 1 ≤ Q ≤ 2 \times 10^5 |a_i| ≤ 10^9 1 ≤ t_i ≤ 3 |x_i| ≤ 10^9 入力 入力は以下の形式で標準入力から与えられる。 N a_1 t_1 a_2 t_2 \vdots a_N t_N Q x_1 x_2 \cdots x_Q 出力 Q 行にかけて出力せよ。 i 行目には、 f_N( \dots f_2(f_1(x_i)) \dots ) を出力せよ。",
atcoder,abc,abc196,AtCoder Beginner Contest 196,2021,1616241600,abc196_f,F,Substring 2,F. Substring 2,2274.0,1248,"['fft', 'convolution', 'string matching', 'hamming distance']",4,https://atcoder.jp/contests/abc196/tasks/abc196_f,64.493,308.0,"配点 : 600 点 問題文 0 , 1 からなる文字列 S, T が与えられます。 T が S の部分文字列となるように、 T のいくつかの文字を書き換えます。 少なくとも何文字書き換える必要がありますか？ 部分文字列とは？ S のある連続した部分を取り出してできる文字列が T と一致するとき、 T は S の部分文字列であるといいます。 例えば、 000 は 10001 の部分文字列ですが、 11 は 10001 の部分文字列ではありません。 制約 S, T は 0 , 1 からなる 1 ≤ |T| ≤ |S| ≤ 10^6 入力 入力は以下の形式で標準入力から与えられる。 S T 出力 答えを出力せよ。",
atcoder,abc,abc197,AtCoder Beginner Contest 197（Sponsored by Panasonic）,2021,1616846400,abc197_a,A,Rotate,A. Rotate,-1263.0,20207,"['string', 'implementation']",2,https://atcoder.jp/contests/abc197/tasks/abc197_a,2.808,146.0,配点 : 100 点 問題文 長さ 3 の文字列 S が与えられます。 S の先頭の文字を S の末尾に移動して得られる文字列 S' を出力してください。 制約 S は英小文字のみからなる長さ 3 の文字列である 入力 入力は以下の形式で標準入力から与えられる。 S 出力 S' を出力せよ。,
atcoder,abc,abc197,AtCoder Beginner Contest 197（Sponsored by Panasonic）,2021,1616846400,abc197_b,B,Visibility,B. Visibility,-170.0,14336,"['simulation', 'grid', 'implementation']",3,https://atcoder.jp/contests/abc197/tasks/abc197_b,21.87,571.0,"配点 : 200 点 問題文 縦 H 行、横 W 列のマス目があり、いくつかのマスには障害物が置かれています。 上から i 番目、左から j 番目のマスをマス (i, j) と表すことにします。 H 個の文字列 S_1, S_2, S_3, \dots, S_H が与えられます。 S_i の j 文字目はマス (i, j) の状態を表し、 # なら障害物が置かれていることを、 . なら障害物が置かれていないことを表します。 このマス目上のあるマスからあるマスが 見える とは、 2 つのマスが同じ行または列にあり、 2 つのマスの間 ( 2 つのマス自身を含む) に障害物が 1 つも置かれていないことを意味します。 このマス目上のマスであって、マス (X, Y) から 見える もの (マス (X, Y) 自身を含む) の数を求めてください。 制約 1 \le H \le 100 1 \le W \le 100 1 \le X \le H 1 \le Y \le W S_i は . および # のみからなる長さ W の文字列 マス (X, Y) に障害物は置かれていない 入力 入力は以下の形式で標準入力から与えられる。 H W X Y S_1 S_2 S_3 \hspace{3pt} \vdots S_H 出力 答えを出力せよ。",
atcoder,abc,abc197,AtCoder Beginner Contest 197（Sponsored by Panasonic）,2021,1616846400,abc197_c,C,ORXOR,C. ORXOR,809.0,9725,"['bitmask', 'brute force', 'implementation', 'bit manipulation', 'search']",5,https://atcoder.jp/contests/abc197/tasks/abc197_c,38.943,1235.0,"配点 : 300 点 問題文 長さ N の数列 A が与えられます。 この数列を、 1 つ以上の空でない連続した区間に分けます。 その後、分けた各区間で、区間内の数のビット単位 \mathrm{OR} を計算します。 こうして得られた全ての値のビット単位 \mathrm{XOR} として考えられる最小値を求めてください。 ビット単位 \mathrm{OR} 演算とは 整数 A, B のビット単位 \mathrm{OR} 、 A\ \mathrm{OR}\ B は以下のように定義されます。 A\ \mathrm{OR}\ B を二進表記した際の 2^k ( k \geq 0 ) の位の数は、 A, B を二進表記した際の 2^k の位の数のうち少なくとも片方が 1 であれば 1 、そうでなければ 0 である。 例えば、 3\ \mathrm{OR}\ 5 = 7 となります (二進表記すると: 011\ \mathrm{OR}\ 101 = 111 )。 一般に k 個の整数 p_1, p_2, p_3, \dots, p_k のビット単位 \mathrm{OR} は (\dots ((p_1\ \mathrm{OR}\ p_2)\ \mathrm{OR}\ p_3)\ \mathrm{OR}\ \dots\ \mathrm{OR}\ p_k) と定義され、これは p_1, p_2, p_3, \dots p_k の順番によらないことが証明できます。 ビット単位 \mathrm{XOR} 演算とは 整数 A, B のビット単位 \mathrm{XOR} 、 A\ \mathrm{XOR}\ B は、以下のように定義されます。 A\ \mathrm{XOR}\ B を二進表記した際の 2^k ( k \geq 0 ) の位の数は、 A, B を二進表記した際の 2^k の位の数のうち一方のみが 1 であれば 1 、そうでなければ 0 である。 例えば、 3\ \mathrm{XOR}\ 5 = 6 となります (二進表記すると: 011\ \mathrm{XOR}\ 101 = 110 )。 一般に k 個以上の整数 p_1, p_2, p_3, \dots, p_k のビット単位 \mathrm{XOR} は (\dots ((p_1\ \mathrm{XOR}\ p_2)\ \mathrm{XOR}\ p_3)\ \mathrm{XOR}\ \dots\ \mathrm{XOR}\ p_k) と定義され、これは p_1, p_2, p_3, \dots p_k の順番によらないことが証明できます。 制約 1 \le N \le 20 0 \le A_i \lt 2^{30} 入力に含まれる値は全て整数である 入力 入力は以下の形式で標準入力から与えられる。 N A_1 A_2 A_3 \dots A_N 出力 答えを出力せよ。",
atcoder,abc,abc197,AtCoder Beginner Contest 197（Sponsored by Panasonic）,2021,1616846400,abc197_d,D,Opposite,D. Opposite,831.0,6992,"['geometry', 'trigonometry', 'coordinate geometry', 'rotation', 'angle calculation', 'polygon']",6,https://atcoder.jp/contests/abc197/tasks/abc197_d,39.327,617.0,"配点 : 400 点 問題文 \mathrm{x} 軸の正の向きを右、 \mathrm{y} 軸の正の向きを上とする 2 次元座標平面上に、 p_0, p_1, p_2, \dots, p_{N - 1} の N 個の頂点からなる正 N 角形があります。 ここで N は偶数であることが保証され、頂点 p_0, p_1, p_2, \dots, p_{N - 1} はこの順に反時計回りに並んでいます。 p_i の座標を (x_i, y_i) とします。 x_0, y_0, x_{\frac{N}{2}}, y_{\frac{N}{2}} が与えられるので、 x_1, y_1 を求めてください。 制約 4 \le N \le 100 N は偶数 0 \le x_0, y_0 \le 100 0 \le x_{\frac{N}{2}}, y_{\frac{N}{2}} \le 100 (x_0, y_0) \neq (x_{\frac{N}{2}}, y_{\frac{N}{2}}) 入力に含まれる値は全て整数である 入力 入力は以下の形式で標準入力から与えられる。 N x_0 y_0 x_{\frac{N}{2}} y_{\frac{N}{2}} 出力 x_1, y_1 をこの順に空白区切りで出力せよ。 出力されたそれぞれの値について、想定解答との絶対誤差または相対誤差が 10^{-5} 以下であれば正解と判定される。",
atcoder,abc,abc197,AtCoder Beginner Contest 197（Sponsored by Panasonic）,2021,1616846400,abc197_e,E,Traveler,E. Traveler,1379.0,4265,['dp'],1,https://atcoder.jp/contests/abc197/tasks/abc197_e,48.884,556.0,配点 : 500 点 問題文 数直線上にボール 1 からボール N までの N 個のボールがあります。 ボール i は座標 X_i にあります。 各ボールには 1 以上 N 以下の整数で表される色がついていて、ボール i の色は整数 C_i で表されます。 今座標 0 にいるあなたは、毎秒 1 の速さで数直線上を動き、全てのボールを回収してから再び座標 0 に戻ります。 このとき、ボールの色を表す整数を回収順に並べた時に広義単調増加となっている必要があります。 ボールを回収するにはボールと同じ座標にいる必要がありますが、ボールを回収できる時に必ずしも回収する必要はありません。 座標 0 を出発してから、全てのボールを回収して再び座標 0 に戻るまでにかかる時間の最小値を求めてください。 制約 1 \le N \le 2 \times 10^5 |X_i| \le 10^9 X_i \neq X_j (i \neq j) X_i \neq 0 1 \le C_i \le N 入力に含まれる値は全て整数である 入力 入力は以下の形式で標準入力から与えられる。 N X_1 C_1 X_2 C_2 X_3 C_3 \hspace{15pt} \vdots X_N C_N 出力 答え [秒] を出力せよ。,
atcoder,abc,abc197,AtCoder Beginner Contest 197（Sponsored by Panasonic）,2021,1616846400,abc197_f,F,Construct a Palindrome,F. Construct a Palindrome,1945.0,2792,"['bfs', 'graph theory', 'graph', 'shortest path']",4,https://atcoder.jp/contests/abc197/tasks/abc197_f,58.755,470.0,配点 : 600 点 問題文 N 頂点 M 辺の、単純とは限らない連結な無向グラフがあります。 辺 i は頂点 A_i と頂点 B_i を結んでおり、文字 C_i が書かれています。 頂点 1 から頂点 N へのパス (同じ辺や頂点を複数回通っても構わない) を 1 つ選び、通る辺に書かれている文字を順に並べて文字列を作ります。 この文字列が回文になることはあるかを判定し、あるならばそのような回文の長さとして考えられる最小値を求めてください。 制約 2 \le N \le 1000 1 \le M \le 1000 1 \le A_i \le N 1 \le B_i \le N C_i は英小文字 与えられるグラフは連結である 入力 入力は以下の形式で標準入力から与えられる。 N M A_1 B_1 C_1 A_2 B_2 C_2 A_3 B_3 C_3 \hspace{25pt} \vdots A_M B_M C_M 出力 作る文字列が回文になることがあるならば、そのような回文の長さの最小値を、ないならば -1 を出力せよ。,
atcoder,abc,abc198,AtCoder Beginner Contest 198,2021,1618142400,abc198_a,A,Div,A. Div,-1088.0,18447,"['combinatorics', 'counting', 'math', 'implementation']",4,https://atcoder.jp/contests/abc198/tasks/abc198_a,5.86,154.0,配点 : 100 点 問題文 N 個の互いに区別できないお菓子を、A君とB君で分け合います。 両者とも 1 個以上の整数個のお菓子を得るような分け方は何通りありますか？ 制約 N は整数 1 \leq N \leq 15 入力 入力は以下の形式で標準入力から与えられる。 N 出力 答えを整数として出力せよ。,
atcoder,abc,abc198,AtCoder Beginner Contest 198,2021,1618142400,abc198_b,B,Palindrome with leading zeros,B. Palindrome with leading zeros,-369.0,17107,"['string', 'palindrome', 'implementation', 'brute force']",4,https://atcoder.jp/contests/abc198/tasks/abc198_b,18.399,161.0,配点 : 200 点 問題文 整数 N が与えられます。 N を十進法で表した文字列の先頭に 0 個以上の 0 をつけることで、回文にすることはできますか？ 制約 0 \leq N \leq 10^9 入力 入力は以下の形式で標準入力から与えられる。 N 出力 回文にできるなら Yes 、できないなら No を出力せよ。,
atcoder,abc,abc198,AtCoder Beginner Contest 198,2021,1618142400,abc198_c,C,Compass Walking,C. Compass Walking,413.0,11591,"['geometry', 'math', 'case work', 'euclidean distance']",4,https://atcoder.jp/contests/abc198/tasks/abc198_c,32.037,389.0,"配点 : 300 点 問題文 2 次元平面上の原点に高橋君がいます。 高橋君が 1 歩歩くと、いまいる点からのユークリッド距離がちょうど R であるような点に移動することができます(移動先の座標が整数である必要はありません)。これ以外の方法で移動することはできません。 高橋君が点 (X,Y) に到達するまでに必要な歩数の最小値を求めてください。 なお、点 (x_1,y_1) と点 (x_2,y_2) のユークリッド距離は \sqrt{(x_1-x_2)^2+(y_1-y_2)^2} で与えられます。 制約 1 \leq R \leq 10^5 0 \leq X,Y \leq 10^5 (X,Y) \neq (0,0) 入力は全て整数 入力 入力は以下の形式で標準入力から与えられる。 R X Y 出力 高橋君が (X,Y) に到達するまでに必要な歩数の最小値を出力せよ。",
atcoder,abc,abc198,AtCoder Beginner Contest 198,2021,1618142400,abc198_d,D,Send More Money,D. Send More Money,1224.0,5431,"['brute force', 'permutation', 'string', 'math', 'cryptarithmetic']",5,https://atcoder.jp/contests/abc198/tasks/abc198_d,46.181,518.0,"配点 : 400 点 問題文 英小文字からなる文字列 S_1,S_2,S_3 が与えられます。覆面算 S_1+S_2=S_3 を解いてください。 正確には、次の 3 つの条件をすべて満たすような 正の 整数の組 N_1,N_2,N_3 が存在するか判定し、存在するならばそのうち 1 つを求めてください。 ここで、 N_1, N_2, N_3 を (先頭に余分な 0 をつけないで) 十進表記した文字列をそれぞれ N'_1, N'_2, N'_3 とします。 N'_i の文字数は、 S_i の文字数に等しい N_1+N_2=N_3 を満たす S_i の x 文字目と S_j の y 文字目が等しいとき、またその時に限り、 N'_i の x 文字目と N'_j の y 文字目が等しい 制約 S_1,S_2,S_3 は英小文字のみからなる長さ 1 以上 10 以下の文字列 入力 入力は以下の形式で標準入力から与えられる。 S_1 S_2 S_3 出力 条件を満たすような正整数の組 N_1,N_2,N_3 が存在するならば、そのような組の 1 つを改行区切りで出力せよ。 存在しないなら、代わりに UNSOLVABLE と出力せよ。",
atcoder,abc,abc198,AtCoder Beginner Contest 198,2021,1618142400,abc198_e,E,Unique Color,E. Unique Color,1161.0,5904,"['dfs', 'tree', 'path']",3,https://atcoder.jp/contests/abc198/tasks/abc198_e,45.082,388.0,"配点 : 500 点 問題文 N 頂点からなる木が与えられます。 i 番目の辺は頂点 A_i と頂点 B_i をつないでいます。頂点 i は色 C_i で塗られています (この問題では、色は整数として表されます)。 頂点 1 から頂点 x への最短パスに、頂点 x と同じ色で塗られた頂点が頂点 x 以外に存在しないとき、頂点 x は よい頂点 であるといいます。 よい頂点を全て求めてください。 制約 2 \leq N \leq 10^5 1 \leq C_i \leq 10^5 1 \leq A_i,B_i \leq N 与えられるグラフは木である 入力は全て整数 入力 入力は以下の形式で標準入力から与えられる。 N C_1 \ldots C_N A_1 B_1 \vdots A_{N-1} B_{N-1} 出力 全てのよい頂点の番号を、昇順に改行区切りで出力せよ。",
atcoder,abc,abc198,AtCoder Beginner Contest 198,2021,1618142400,abc198_f,F,Cube,F. Cube,2769.0,585,"['polya enumeration', 'burnside lemma', 'combinatorics', 'digit dp', 'matrix', 'group theory']",6,https://atcoder.jp/contests/abc198/tasks/abc198_f,73.125,263.0,配点 : 600 点 問題文 立方体の各面に 1 つずつ正の整数を書きます。書かれた 6 つの数の和が S になるような書き込み方は何通りありますか？ ただし、立方体を回転した時に一致するような書き込み方は区別しないものとします(数に向きはありません)。 答えは非常に大きくなる可能性があるので、 998244353 で割ったあまりを求めてください。 制約 6 \leq S \leq 10^{18} S は整数 入力 入力は以下の形式で標準入力から与えられる。 S 出力 答えを 998244353 で割った余りを出力せよ。,
atcoder,abc,abc199,AtCoder Beginner Contest 199（Sponsored by Panasonic）,2021,1619265600,abc199_a,A,Square Inequality,A. Square Inequality,-1323.0,20593,"['math', 'inequality', 'conditional']",3,https://atcoder.jp/contests/abc199/tasks/abc199_a,1.761,208.0,"配点 : 100 点 問題文 整数 A, B, C が与えられます。 A^2 + B^2 < C^2 かを判定してください。 制約 0 \le A \le 1000 0 \le B \le 1000 0 \le C \le 1000 A, B, C は整数である 入力 入力は以下の形式で標準入力から与えられる。 A B C 出力 A^2 + B^2 < C^2 なら Yes を、そうでないなら No を出力せよ。",
atcoder,abc,abc199,AtCoder Beginner Contest 199（Sponsored by Panasonic）,2021,1619265600,abc199_b,B,Intersection,B. Intersection,-547.0,15765,"['interval', 'optimization', 'counting', 'implementation']",4,https://atcoder.jp/contests/abc199/tasks/abc199_b,15.295,316.0,"配点 : 200 点 問題文 長さ N の数列 A = (A_1, A_2, A_3, \dots, A_N), B = (B_1, B_2, B_3, \dots, B_N) が与えられます。 以下の条件を満たす整数 x の個数を求めてください。 1 \le i \le N を満たす全ての整数 i について A_i \le x \le B_i 制約 1 \le N \le 100 1 \le A_i \le B_i \le 1000 入力に含まれる値は全て整数 入力 入力は以下の形式で標準入力から与えられる。 N A_1 A_2 A_3 \dots A_N B_1 B_2 B_3 \dots B_N 出力 答えを出力せよ。",
atcoder,abc,abc199,AtCoder Beginner Contest 199（Sponsored by Panasonic）,2021,1619265600,abc199_c,C,IPFL,C. IPFL,436.0,12010,"['implementation', 'string', 'optimization', 'indexing']",4,https://atcoder.jp/contests/abc199/tasks/abc199_c,32.438,574.0,"配点 : 300 点 問題文 長さ 2N の文字列 S があります。 この文字列に対して Q 個のクエリが与えられます。 i 番目のクエリでは 3 つの整数 T_i, A_i, B_i が与えられるので、以下の処理をします。 T_i = 1 のとき : S の A_i 文字目と B_i 文字目を入れ替える T_i = 2 のとき : S の前半 N 文字と後半 N 文字を入れ替える( A_i, B_i の値は用いない) 例えば S が FLIP のときにこのクエリを処理すると、 S は IPFL となる。 これら Q 個のクエリを与えられた順に全て処理した後の S を出力してください。 制約 1 \le N \le 2 \times 10^5 S は長さ 2N の英大文字のみからなる文字列 1 \le Q \le 3 \times 10^5 T_i は 1 または 2 T_i = 1 のとき、 1 \le A_i \lt B_i \le 2N T_i = 2 のとき、 A_i = B_i = 0 入力 入力は以下の形式で標準入力から与えられる。 N S Q T_1 A_1 B_1 T_2 A_2 B_2 T_3 A_3 B_3 \hspace{21pt} \vdots T_Q A_Q B_Q 出力 クエリ処理後の S を出力せよ。",
atcoder,abc,abc199,AtCoder Beginner Contest 199（Sponsored by Panasonic）,2021,1619265600,abc199_d,D,RGB Coloring 2,D. RGB Coloring 2,1804.0,3151,"['graph coloring', 'connected components', 'dfs', 'backtracking', 'counting']",5,https://atcoder.jp/contests/abc199/tasks/abc199_d,56.296,419.0,配点 : 400 点 問題文 N 頂点 M 辺の単純無向グラフがあります。頂点には 1 から N までの、辺には 1 から M までの番号がついています。 辺 i は頂点 A_i と頂点 B_i を結んでいます。 このグラフの各頂点を赤、緑、青の 3 色のいずれかで塗る方法であって、以下の条件を満たすものの数を求めてください。 辺で直接結ばれている 2 頂点は必ず異なる色で塗られている なお、使われない色があっても構いません。 制約 1 \le N \le 20 0 \le M \le \frac{N(N - 1)}{2} 1 \le A_i \le N 1 \le B_i \le N 与えられるグラフは単純 (多重辺や自己ループを含まない) 入力 入力は以下の形式で標準入力から与えられる。 N M A_1 B_1 A_2 B_2 A_3 B_3 \hspace{15pt} \vdots A_M B_M 出力 答えを出力せよ。,
atcoder,abc,abc199,AtCoder Beginner Contest 199（Sponsored by Panasonic）,2021,1619265600,abc199_e,E,Permutation,E. Permutation,1814.0,2610,"['bitmask dp', 'dp', 'permutation']",3,https://atcoder.jp/contests/abc199/tasks/abc199_e,56.47,377.0,"配点 : 500 点 問題文 (1, 2, 3, \dots, N) を並び替えてできる数列 a であって、以下の条件を満たすものの数を出力してください。 1 \le i \le M を満たす全ての整数 i について、 a_1, a_2, a_3, \dots, a_{X_i} の中に Y_i 以下の数は Z_i 個以下しか存在しない 制約 2 \le N \le 18 0 \le M \le 100 1 \le X_i \lt N 1 \le Y_i \lt N 0 \le Z_i \lt N 入力に含まれる値は全て整数である 入力 入力は以下の形式で標準入力から与えられる。 N M X_1 Y_1 Z_1 X_2 Y_2 Z_2 X_3 Y_3 Z_3 \hspace{23pt} \vdots X_M Y_M Z_M 出力 答えを出力せよ。",
atcoder,abc,abc199,AtCoder Beginner Contest 199（Sponsored by Panasonic）,2021,1619265600,abc199_f,F,Graph Smoothing,F. Graph Smoothing,2065.0,1505,"['expectation', 'matrix', 'graph theory', 'linear algebra', 'modular arithmetic']",5,https://atcoder.jp/contests/abc199/tasks/abc199_f,60.848,855.0,"配点 : 600 点 問題文 N 頂点 M 辺の単純無向グラフがあります。頂点には 1 から N までの、辺には 1 から M までの番号がついています。 辺 i は頂点 X_i と頂点 Y_i を結んでいます。また、頂点 i には最初整数 A_i が書かれています。 あなたは K 回にわたって以下の操作を行います。 M 本ある辺の中から、一様ランダムかつ他の選択と独立に 1 本選ぶ。その辺が結ぶ 2 頂点に書かれている数の平均を x として、その 2 頂点に書かれている数を両方 x で置き換える。 各頂点 i について、 K 回の操作後に頂点 i に書かれている数の期待値を求め、注記の通り \bmod (10^9 + 7) で出力してください。 注記 有理数を出力する際は、まずその有理数を分数 \frac{y}{x} として表してください。 ここで、 x,y は整数であり、 x は 10^9+7 で割り切れてはなりません (この問題の制約下で、そのような表現は必ず可能です)。 そして、 xz \equiv y \pmod {10^9+7} を満たすような 0 以上 10^9+6 以下の唯一の整数 z を出力してください。 制約 2 \le N \le 100 1 \le M \le \frac{N(N - 1)}{2} 0 \le K \le 10^9 0 \le A_i \le 10^9 1 \le X_i \le N 1 \le Y_i \le N 与えられるグラフは単純 入力に含まれる値は全て整数である 入力 入力は以下の形式で標準入力から与えられる。 N M K A_1 A_2 A_3 \dots A_N X_1 Y_1 X_2 Y_2 X_3 Y_3 \hspace{15pt} \vdots X_M Y_M 出力 N 行にわたって出力せよ。 i 行目には、 K 回の操作後に頂点 i に書かれている数の期待値を、注記に従って \bmod (10^9 + 7) で出力せよ。",
atcoder,abc,abc200,京セラプログラミングコンテスト2021（AtCoder Beginner Contest 200）,2021,1620475200,abc200_a,A,Century,A. Century,-1321.0,19593,"['math', 'implementation']",2,https://atcoder.jp/contests/abc200/tasks/abc200_a,1.796,178.0,配点 : 100 点 問題文 西暦 N 年は何世紀ですか？ 世紀とは？ 西暦 1 年から 100 年までを 1 世紀、 101 年から 200 年までを 2 世紀と、以降も同様に西暦を 100 年単位で区切って呼称したものです。 制約 1 \le N \le 3000 入力 入力は以下の形式で標準入力から与えられる。 N 出力 答えを整数として出力せよ。,
atcoder,abc,abc200,京セラプログラミングコンテスト2021（AtCoder Beginner Contest 200）,2021,1620475200,abc200_b,B,200th ABC-200,B. 200th ABC-200,-804.0,18093,"['simulation', 'implementation', 'math', 'string']",4,https://atcoder.jp/contests/abc200/tasks/abc200_b,10.813,281.0,配点 : 200 点 問題文 整数 N が与えられます。 以下の操作を K 回行った後の整数 N を出力してください。 整数 N が 200 の倍数であれば、 N を 200 で割る。 そうでなければ、整数 N を、 N の後ろに文字列として 200 を付け加えた整数に置き換える。 例えば、 7 を置き換えると 7200 に、 1234 を置き換えると 1234200 になります。 制約 入力は全て整数 1 \le N \le 10^5 1 \le K \le 20 入力 入力は以下の形式で標準入力から与えられる。 N K 出力 答えを整数として出力せよ。,
atcoder,abc,abc200,京セラプログラミングコンテスト2021（AtCoder Beginner Contest 200）,2021,1620475200,abc200_c,C,Ringo's Favorite Numbers 2,C. Ringo's Favorite Numbers 2,138.0,14515,"['modular arithmetic', 'counting', 'combinatorics']",3,https://atcoder.jp/contests/abc200/tasks/abc200_c,27.241,273.0,"配点 : 300 点 問題文 200 という整数が大好きなりんごさんのために、次の問題を解いてください。 N 個の正整数からなる数列 A が与えられるので、以下の条件をすべて満たす整数の組 (i,j) の個数を求めてください。 1 \le i < j \le N A_i - A_j は 200 の倍数である。 制約 入力は全て整数 2 \le N \le 2 \times 10^5 1 \le A_i \le 10^9 入力 入力は以下の形式で標準入力から与えられる。 N A_1 A_2 \dots A_N 出力 答えを整数として出力せよ。",
atcoder,abc,abc200,京セラプログラミングコンテスト2021（AtCoder Beginner Contest 200）,2021,1620475200,abc200_d,D,Happy Birthday! 2,D. Happy Birthday! 2,1217.0,6337,"['pigeonhole principle', 'bitmask', 'modular arithmetic', 'constructive', 'subset sum']",5,https://atcoder.jp/contests/abc200/tasks/abc200_d,46.059,701.0,"配点 : 400 点 問題文 N 個の正整数からなる数列 A = (A_1, A_2, \dots, A_N) が与えられます。 以下の条件を全て満たす 2 つの数列 B = (B_1, B_2, \dots, B_x),\ C = (C_1, C_2, \dots, C_y) が存在するか判定し、存在する場合はひとつ出力してください。 1 ≤ x, y ≤ N 1 \le B_1 < B_2 < \dots < B_{x} \le N 1 \le C_1 < C_2 < \dots < C_{y} \le N B と C は、異なる数列である。 x ≠ y のとき、または、ある整数 i\ (1 ≤ i ≤ \min(x, y)) が存在して B_i ≠ C_i であるとき、 B と C は異なるものとする。 A_{B_1} + A_{B_2} + \dots + A_{B_x} を 200 で割った余りと A_{C_1} + A_{C_2} + \dots + A_{C_y} を 200 で割った余りが等しい。 制約 入力はすべて整数 2 \le N \le 200 1 \le A_i \le 10^9 入力 入力は以下の形式で標準入力から与えられる。 N A_1 A_2 \dots A_N 出力 条件を満たす数列の組 B,C が存在しない場合、 1 行に No と出力せよ。 存在する場合、以下の形式で B,C を出力せよ。 Yes x B_1 B_2 \dots B_x y C_1 C_2 \dots C_y なお、正誤判定器は英大文字と英小文字を区別せず、どちらも受理する。",
atcoder,abc,abc200,京セラプログラミングコンテスト2021（AtCoder Beginner Contest 200）,2021,1620475200,abc200_e,E,Patisserie ABC 2,E. Patisserie ABC 2,1955.0,2332,"['dp', 'prefix sum', 'difference array', 'combinatorics']",4,https://atcoder.jp/contests/abc200/tasks/abc200_e,58.929,560.0,"配点 : 500 点 問題文 「ABC洋菓子店」で働くパティシエである高橋君は、ケーキを作って AtCoder Beginner Contest 200 を祝うことにしました。 高橋君の作るケーキは、「綺麗さ」「おいしさ」「人気度」の 3 つのパラメータをもち、それぞれのパラメータは 1 以上 N 以下の整数で表されます。 高橋君は、「綺麗さ」が i 、「おいしさ」が j 、「人気度」が k であるケーキを、全ての組 (i,j,k)\ (1 \le i,j,k \le N) に対して 1 つずつ作りました。 その後、高橋君は、できた N^3 個のケーキを以下の順序で並べました。 「綺麗さ」+「おいしさ」+「人気度」が小さいものを、より左に並べる。 ここまでで順序がつかなければ、「綺麗さ」が小さいものを、より左に並べる。 ここまでで順序がつかなければ、「おいしさ」が小さいものを、より左に並べる。 このとき、左から K 番目にあるケーキの各パラメータの値を求めてください。 制約 入力は全て整数 1 \le N \le 10^6 1 \le K \le N^3 入力 入力は以下の形式で標準入力から与えられる。 N K 出力 答えを「綺麗さ」「おいしさ」「人気度」の順に空白区切りで 3 つの整数として出力せよ。",
atcoder,abc,abc200,京セラプログラミングコンテスト2021（AtCoder Beginner Contest 200）,2021,1620475200,abc200_f,F,Minflip Summation,F. Minflip Summation,2556.0,767,"['combinatorics', 'modular arithmetic', 'contribution counting', 'string', 'observation']",5,https://atcoder.jp/contests/abc200/tasks/abc200_f,69.411,458.0,"配点 : 600 点 問題文 0 , 1 , ? のみからなる文字列 S があります。この文字列を K 個連結したものを T とします。 この文字列の ? を全て 0 か 1 に置き換えた文字列は、 S の中に含まれる ? の数を q 個とすると、全部で 2^{Kq} 通り考えられますが、その全てについて以下の問題を解いて、その答えの和を (10^9+7) で割った余りを求めてください。 ? を置き換えた後の文字列を T' とします。 T' に以下の操作を繰り返し行うことで全ての文字を同じにするとき、必要な最小の操作回数は何回ですか？ 1 \le l \le r \le |T'| となる整数 l,r を選ぶ。そして、 T' の l 文字目から r 文字目(両端含む)までの各文字を、 0 であれば 1 に、 1 であれば 0 に変更する。 制約 1 \le |S| \le 10^5 1 \le K \le 10^9 入力 入力は以下の形式で標準入力から与えられる。 S K 出力 答えを整数として出力せよ。",
atcoder,abc,abc201,マイナビプログラミングコンテスト2021（AtCoder Beginner Contest 201）,2021,1621080000,abc201_a,A,Tiny Arithmetic Sequence,A. Tiny Arithmetic Sequence,-1000.0,17632,"['sorting', 'brute force', 'math']",3,https://atcoder.jp/contests/abc201/tasks/abc201_a,7.394,234.0,"配点 : 100 点 問題文 長さ 3 の数列 A=(A_1,A_2,A_3) が与えられます。 A を適切に並び替えて等差数列にすることはできますか？ 即ち、 A_3-A_2=A_2-A_1 を満たすように A を並び替えることはできますか？ 制約 1 \leq A_i \leq 100 入力は全て整数 入力 入力は以下の形式で標準入力から与えられる。 A_1 A_2 A_3 出力 A を並び替えて等差数列にできるなら Yes 、できないなら No と出力せよ。",
atcoder,abc,abc201,マイナビプログラミングコンテスト2021（AtCoder Beginner Contest 201）,2021,1621080000,abc201_b,B,Do you know the second highest mountain?,B. Do you know the second highest mountain?,-614.0,17818,"['sorting', 'implementation', 'search']",3,https://atcoder.jp/contests/abc201/tasks/abc201_b,14.126,354.0,"配点 : 200 点 問題文 AtCoder国には N 個の山があり、 i 個目の山の名前は S_i , 高さは T_i です。 2 番目に高い山の名前を答えてください。 N 個の山の名前、高さはそれぞれ相異なることが保証されます。 制約 2 \leq N \leq 1000 1 \leq (S_i の長さ {}) \leq 15 1 \leq T_i \leq 10^5 S_i \neq S_j \ (i \neq j) T_i \neq T_j \ (i \neq j) S_i は英小文字、英大文字、数字のみからなる N,\ T_i は整数 入力 入力は以下の形式で標準入力から与えられる。 N S_1 T_1 S_2 T_2 \vdots S_N T_N 出力 2 番目に高い山の名前を出力せよ。",
atcoder,abc,abc201,マイナビプログラミングコンテスト2021（AtCoder Beginner Contest 201）,2021,1621080000,abc201_c,C,Secret Number,C. Secret Number,439.0,11560,"['brute force', 'case work', 'combinatorics', 'counting', 'implementation', 'string']",6,https://atcoder.jp/contests/abc201/tasks/abc201_c,32.49,391.0,"配点 : 300 点 問題文 高橋くんは、暗証番号を忘れてしまいました。暗証番号は 0 から 9 までの数字のみからなる 4 桁の文字列で、 0 から始まる場合もあります。 0 から 9 までの各数字について、高橋くんは以下のように記憶しています。彼の記憶は長さ 10 の文字列 S_0S_1 \ldots S_9 によって表されます。 S_i が o のとき : 数字 i は暗証番号に確実に含まれていた。 S_i が x のとき : 数字 i は暗証番号に確実に含まれていなかった。 S_i が ? のとき : 数字 i が暗証番号に含まれているか分からない。 高橋くんが忘れてしまった暗証番号としてあり得るものは何通りありますか？ 制約 S は o , x , ? のみからなる長さ 10 の文字列 入力 入力は以下の形式で標準入力から与えられる。 S 出力 答えを出力せよ。",
atcoder,abc,abc201,マイナビプログラミングコンテスト2021（AtCoder Beginner Contest 201）,2021,1621080000,abc201_d,D,Game in Momotetsu World,D. Game in Momotetsu World,1317.0,5419,"['game theory', 'dp', 'dp on grids']",3,https://atcoder.jp/contests/abc201/tasks/abc201_d,47.803,726.0,"配点 : 400 点 問題文 H 行 W 列のマス目があり、各マスは青マスまたは赤マスのどちらかです。上から i 番目、左から j 番目のマスは、 A_{i, j} が + なら青マスであり、 - なら赤マスです。 最初、このマス目の一番左上のマスに一つ駒が置かれていて、高橋君と青木君はこの駒を使ってゲームをします。 2 人の得点は最初 0 点ずつです。 2 人は、高橋君から始めて交互に次の操作をします。 駒を一つ右または一つ下のマスに動かす。ただし、駒がマス目の外に出るような動かし方はできない。動かした人は、駒の移動後のマスが青マスなら 1 点を得て、赤マスなら 1 点を失う。 どちらかが操作できなくなった時点でゲームは終了します。ゲームの結果は、終了時の 2 人の得点が異なるならば得点の大きい方が勝ち、同じならば引き分けとなります。 両者とも自分の勝敗が最適になるように行動したとき、ゲームの結果を求めてください。 制約 1 \le H, W \le 2000 A_{i, j} は + または - 入力 入力は以下の形式で標準入力から与えられる。 H W A_{1, 1}A_{1, 2}A_{1, 3} \dots A_{1, W} A_{2, 1}A_{2, 2}A_{2, 3} \dots A_{2, W} A_{3, 1}A_{3, 2}A_{3, 3} \dots A_{3, W} \hspace{2cm}\vdots A_{H, 1}A_{H, 2}A_{H, 3} \dots A_{H, W} 出力 高橋君が勝つなら Takahashi を、青木君が勝つなら Aoki を、引き分けになるなら Draw を出力せよ。",
atcoder,abc,abc201,マイナビプログラミングコンテスト2021（AtCoder Beginner Contest 201）,2021,1621080000,abc201_e,E,Xor Distances,E. Xor Distances,1694.0,3630,"['tree', 'xor', 'bfs', 'bit manipulation', 'combinatorics']",5,https://atcoder.jp/contests/abc201/tasks/abc201_e,54.377,728.0,"配点 : 500 点 問題文 N 頂点の重み付き木があります。 i 本目の辺は頂点 u_i と頂点 v_i を双方向に結んでいて、その重みは w_i です。 頂点の組 (x,y) について、 \text{dist}(x,y) を以下のように定めます。 x から y への最短パスに含まれる辺全ての重みの XOR 1 \leq i \lt j \leq N を満たす全ての組 (i,j) について \text{dist}(i,j) を求め、その総和を (10^9+7) で割った余りを出力してください。 \text{ XOR } とは 整数 a, b のビットごとの排他的論理和 a \text{ XOR } b は、以下のように定義されます。 a \text{ XOR } b を二進表記した際の 2^k ( k \geq 0 ) の位の数は、 a, b を二進表記した際の 2^k の位の数のうち一方のみが 1 であれば 1 、そうでなければ 0 である。 例えば、 3 \text{ XOR } 5 = 6 となります (二進表記すると: 011 \text{ XOR } 101 = 110 )。 制約 2 \leq N \leq 2 \times 10^5 1 \leq u_i \lt v_i \leq N 0 \leq w_i \lt 2^{60} 与えられるグラフは木 入力は全て整数 入力 入力は以下の形式で標準入力から与えられる。 N u_1 v_1 w_1 u_2 v_2 w_2 \vdots u_{N-1} v_{N-1} w_{N-1} 出力 \text{dist}(i,j) の総和を (10^9+7) で割った余りを出力せよ。",
atcoder,abc,abc201,マイナビプログラミングコンテスト2021（AtCoder Beginner Contest 201）,2021,1621080000,abc201_f,F,Insertion Sort,F. Insertion Sort,2484.0,856,"['dp', 'segment tree', 'prefix sum']",3,https://atcoder.jp/contests/abc201/tasks/abc201_f,68.155,599.0,"配点 : 600 点 問題文 1 から N までの番号が振られた N 人の人が左右一列に並んでいます。はじめ、左から i 番目の人の番号は P_i です。 あなたの目標は、以下の 3 種類の操作を繰り返すことで人々が左から番号の昇順で並んでいるようにすることです。これらの操作は、任意の順に何回でも（ 0 回でもよい）行うことができます。 整数 i\ (1 \leq i \leq N) を選ぶ。コスト A_i を払い、人 i を好きな位置に移動させる。 整数 i\ (1 \leq i \leq N) を選ぶ。コスト B_i を払い、人 i を左端に移動させる。 整数 i\ (1 \leq i \leq N) を選ぶ。コスト C_i を払い、人 i を右端に移動させる。 目標を達成するまでに支払う合計コストを最小化してください。 制約 1 \leq N \leq 2 \times 10^5 1 \leq P_i \leq N 1 \leq A_i,B_i,C_i \leq 10^9 P_i \neq P_j\ (i \neq j) 入力は全て整数 入力 入力は以下の形式で標準入力から与えられる。 N P_1 P_2 \ldots P_N A_1 B_1 C_1 A_2 B_2 C_2 \vdots A_N B_N C_N 出力 目標を達成するまでに支払う合計コストの最小値を出力せよ。",
atcoder,abc,abc202,エイシングプログラミングコンテスト2021（AtCoder Beginner Contest 202）,2021,1621684800,abc202_a,A,Three Dice,A. Three Dice,-1398.0,22252,"['math', 'implementation']",2,https://atcoder.jp/contests/abc202/tasks/abc202_a,0.453,281.0,"配点 : 100 点 問題文 高橋君が 3 つのサイコロを振ったところ、出た目はそれぞれ a, b, c でした。 これらのサイコロについて、出た目とは反対の面が表す整数を足し合わせた値を求めてください。 ただし、高橋君が振るサイコロは全て一般的な立方体の 6 面ダイスであり、ある面とその反対側の面が表す整数を足すと 7 になります。 制約 1 \leq a, b, c \leq 6 入力は全て整数である。 入力 入力は以下の形式で標準入力から与えられる。 a b c 出力 3 つのサイコロについて、出た目とは反対の面が表す整数を足し合わせた値を出力せよ。",
atcoder,abc,abc202,エイシングプログラミングコンテスト2021（AtCoder Beginner Contest 202）,2021,1621684800,abc202_b,B,180°,B. 180°,-884.0,16730,"['string', 'implementation']",2,https://atcoder.jp/contests/abc202/tasks/abc202_b,9.418,273.0,配点 : 200 点 問題文 0 、 1 、 6 、 8 、 9 からなる文字列 S が与えられます。 S を 180 度回転したものを出力してください。すなわち、 S に次の操作を施してできる文字列を出力してください。 S を反転する。 0 を 0 に、 1 を 1 に、 6 を 9 に、 8 を 8 に、 9 を 6 に変換する。 制約 1 \leq |S| \leq 10^5 S は 0 、 1 、 6 、 8 、 9 からなる。 入力 入力は以下の形式で標準入力から与えられる。 S 出力 S を 180 度回転した文字列を出力せよ。,
atcoder,abc,abc202,エイシングプログラミングコンテスト2021（AtCoder Beginner Contest 202）,2021,1621684800,abc202_c,C,Made Up,C. Made Up,130.0,14384,"['counting', 'precomputation', 'frequency array', 'implementation']",4,https://atcoder.jp/contests/abc202/tasks/abc202_c,27.101,381.0,"配点 : 300 点 問題文 1 以上 N 以下の整数からなる長さ N の数列 A = (A_1, A_2, \dots, A_N), B = (B_1, B_2, \dots, B_N), C = (C_1, C_2, \dots, C_N) が与えられます。 1 以上 N 以下の整数 i, j の組 (i, j) であって、 A_i = B_{C_j} となるものの総数を求めてください。 制約 1 \leq N \leq 10^5 1 \leq A_i, B_i, C_i \leq N 入力は全て整数である。 入力 入力は以下の形式で標準入力から与えられる。 N A_1 A_2 \ldots A_N B_1 B_2 \ldots B_N C_1 C_2 \ldots C_N 出力 A_i = B_{C_j} となる (i, j) の総数を出力せよ。",
atcoder,abc,abc202,エイシングプログラミングコンテスト2021（AtCoder Beginner Contest 202）,2021,1621684800,abc202_d,D,aab aba baa,D. aab aba baa,966.0,7724,"['combinatorics', 'dp', 'greedy', 'constructive', 'lexicographical']",5,https://atcoder.jp/contests/abc202/tasks/abc202_d,41.681,216.0,"配点 : 400 点 問題文 A 個の a と B 個の b からなる長さ A + B の文字列のうち、辞書順で K 番目のものを求めてください。 制約 1 \leq A, B \leq 30 A 個の a と B 個の b からなる長さ A + B の文字列の総数を S 個とおいたとき、 1 \leq K \leq S 入力は全て整数である。 入力 入力は以下の形式で標準入力から与えられる。 A B K 出力 答えを出力せよ。",
atcoder,abc,abc202,エイシングプログラミングコンテスト2021（AtCoder Beginner Contest 202）,2021,1621684800,abc202_e,E,Count Descendants,E. Count Descendants,1638.0,4877,"['tree', 'dfs', 'euler tour', 'binary search', 'subtree']",5,https://atcoder.jp/contests/abc202/tasks/abc202_e,53.401,519.0,"配点 : 500 点 問題文 N 頂点の根付き木があり、頂点は 1, 2, \dots, N と番号付けられています。 頂点 1 が根であり、頂点 i \, (2 \leq i \leq N) の親は P_i です。 Q 個のクエリが与えられます。 i \, (1 \leq i \leq Q) 番目のクエリでは、整数 U_i, D_i が与えられるので、次の条件を全て満たす頂点 u の個数を求めてください。 u から根への最短パス上（端点も含む）に頂点 U_i が存在する。 u から根への最短パスに含まれる辺の数が ちょうど D_i である。 制約 2 \leq N \leq 2 \times 10^5 1 \leq P_i < i 1 \leq Q \leq 2 \times 10^5 1 \leq U_i \leq N 0 \leq D_i \leq N - 1 入力は全て整数である。 入力 入力は以下の形式で標準入力から与えられる。 N P_2 P_3 \ldots P_N Q U_1 D_1 U_2 D_2 \vdots U_Q D_Q 出力 Q 行出力せよ。 i 行目には i 番目のクエリに対する答えを出力せよ。",
atcoder,abc,abc202,エイシングプログラミングコンテスト2021（AtCoder Beginner Contest 202）,2021,1621684800,abc202_f,F,Integer Convex Hull,F. Integer Convex Hull,2905.0,356,"['convex hull', 'dp', 'computational geometry', 'combinatorics', 'modular arithmetic', 'vector', 'parity']",7,https://atcoder.jp/contests/abc202/tasks/abc202_f,75.497,452.0,"配点 : 600 点 問題文 平面上に N 個の点 P_1, P_2, \dots, P_N があり、 P_i の座標は (X_i, Y_i) です。どの 3 点も同一直線上にないことが分かっています。 要素数が 3 以上であるような \{ P_1, P_2, \dots, P_N \} の部分集合 S に対し、 S の 凸包 を次のように定義します。 S に含まれる全ての点を周上または内部に含むような凸多角形のうち、面積が最小のもの。 凸包の面積が整数となるような S の総数を (10^9 + 7) で割ったあまりを求めてください。 制約 3 \leq N \leq 80 0 \leq |X_i|, |Y_i| \leq 10^4 どの 3 点も同一直線上にない。 入力は全て整数である。 入力 入力は以下の形式で標準入力から与えられる。 N X_1 Y_1 X_2 Y_2 \vdots X_N Y_N 出力 答えを出力せよ。 (10^9 + 7) で割ったあまりを求めることに注意すること。",
atcoder,abc,abc203,AtCoder Beginner Contest 203（Sponsored by Panasonic）,2021,1622376000,abc203_a,A,Chinchirorin,A. Chinchirorin,-1276.0,17929,"['implementation', 'conditional']",2,https://atcoder.jp/contests/abc203/tasks/abc203_a,2.581,245.0,"配点 : 100 点 問題文 高橋君が 3 つのサイコロを振ったところそれぞれ a,b,c の目が出ました。 a,b,c のうちある 2 つが同じときは残りの 1 つのサイコロの目を、同じものがないときは 0 を出力してください。 制約 1 \leq a,b,c \leq 6 a,b,c は全て整数である。 入力 入力は以下の形式で標準入力から与えられる。 a b c 出力 a,b,c のうちある 2 つが同じときは残りの 1 つのサイコロの目を、同じものがないときは 0 を出力せよ。",
atcoder,abc,abc203,AtCoder Beginner Contest 203（Sponsored by Panasonic）,2021,1622376000,abc203_b,B,AtCoder Condominium,B. AtCoder Condominium,-997.0,16411,"['implementation', 'math', 'sum']",3,https://atcoder.jp/contests/abc203/tasks/abc203_b,7.447,351.0,"配点 : 200 点 問題文 AtCoder マンションは 1 階から N 階までの N 階建てのマンションです。 各階には K 室の部屋があり、 1 号室から K 号室まで番号が振られています。 ここで N,K は 1 桁の整数であり、 i 階の j 号室の部屋番号は i0j で表されます。 例えば、 1 階の 2 号室の部屋番号は 102 です。 マンションの管理人である高橋君は各部屋番号を 3 桁の整数とみなし、 AtCoder マンションに存在するすべての部屋について足しあわせたらいくつになるのか興味を持ちました。 その値を求めてください。 制約 1 \leq N,K \leq 9 N,K は整数である。 入力 入力は以下の形式で標準入力から与えられる。 N K 出力 答えを出力せよ。",
atcoder,abc,abc203,AtCoder Beginner Contest 203（Sponsored by Panasonic）,2021,1622376000,abc203_c,C,Friends and Travel costs,C. Friends and Travel costs,54.0,12931,"['greedy', 'sorting', 'simulation']",3,https://atcoder.jp/contests/abc203/tasks/abc203_c,25.776,479.0,"配点 : 300 点 問題文 10^{100}+1 個の村があり、それぞれ村 0 , 村 1 , \ldots , 村 10^{100} と番号がついています。 0 以上 10^{100}-1 以下の全ての整数 i について、村 i で 1 円を払う事で村 (i+1) に移動することができます。 それ以外の移動方法はありません。 太郎君は初め K 円を持った状態で村 0 におり、その後、可能な限り大きな番号の村まで進もうとします。 太郎君には N 人の友達がいます。 i 人目の友達は村 A_i にいて、太郎君が村 A_i に着いたときに B_i 円を太郎君に渡します。 太郎君が最終的にたどり着く村の番号を求めてください。 制約 1 \leq N \leq 2\times 10^5 1 \leq K \leq 10^9 1 \leq A_i \leq 10^{18} 1 \leq B_i \leq 10^9 入力は全て整数である。 入力 入力は以下の形式で標準入力から与えられる。 N K A_1 B_1 : A_N B_N 出力 答えを出力せよ。",
atcoder,abc,abc203,AtCoder Beginner Contest 203（Sponsored by Panasonic）,2021,1622376000,abc203_d,D,Pond,D. Pond,1622.0,5191,"['binary search', '2d prefix sum', 'median']",3,https://atcoder.jp/contests/abc203/tasks/abc203_d,53.122,628.0,"配点 : 400 点 問題文 AtCoder 公園の敷地は東西南北に広がる N\times N のマス目からなっており、北から i 番目かつ西から j 番目のマスの高さは A_{i,j} で与えられます。 公園の管理者である高橋君はここに K \times K の区画の池を作る事にしました。 池を作るにあたって、高橋君は AtCoder 公園の敷地内に完全に含まれる K \times K の区画であってその区画に含まれるマスの高さの 中央値 が最も低いようなものを選ぼうと考えました。そのような区画のマスの高さの中央値を求めてください。 ここで、 K \times K の区画に含まれるマスの高さの 中央値 とはその区画に含まれる K^2 個のマスのうち \left\lfloor\frac{K^2}{2}\right\rfloor +1 番目に高いマスの高さを指します。また、 \lfloor x\rfloor は x 以下の最大の整数を表します。 制約 1 \leq K \leq N \leq 800 0 \leq A_{i,j} \leq 10^9 入力は全て整数である。 入力 入力は以下の形式で標準入力から与えられる。 N K A_{1,1} A_{1,2} \ldots A_{1,N} A_{2,1} A_{2,2} \ldots A_{2,N} : A_{N,1} A_{N,2} \ldots A_{N,N} 出力 答えを出力せよ。",
atcoder,abc,abc203,AtCoder Beginner Contest 203（Sponsored by Panasonic）,2021,1622376000,abc203_e,E,White Pawn,E. White Pawn,1750.0,2634,"['set', 'sorting', 'reachability', 'simulation', 'incremental']",5,https://atcoder.jp/contests/abc203/tasks/abc203_e,55.354,794.0,"配点 : 500 点 問題文 N を正の整数とします。 行と列にそれぞれ 0 から 2N までの番号が付いた (2N+1)\times (2N+1) のマス目があり、行 i かつ列 j に属するマスを (i,j) で表します。 白のポーンが 1 つあり、最初 (0,N) に置かれています。 黒のポーンは M 個あり、 i 個目の黒のポーンは (X_i, Y_i) に置かれています。 白のポーンが (i,j) にあるとき、あなたは以下のいずれかの操作で白のポーンを動かすことができます。 0\leq i\leq 2N-1 , 0 \leq j\leq 2N を満たし、 (i+1,j) に黒のポーンが 無い ならば、白のポーンを (i+1,j) に動かす。 0\leq i\leq 2N-1 , 0 \leq j\leq 2N-1 を満たし、 (i+1,j+1) に黒のポーンが 有る ならば、白のポーンを (i+1,j+1) に動かす。 0\leq i\leq 2N-1 , 1 \leq j\leq 2N を満たし、 (i+1,j-1) に黒のポーンが 有る ならば、白のポーンを (i+1,j-1) に動かす。 黒のポーンは動かすことができません。 この操作を繰り返した結果、 (2N,Y) に白のポーンが置かれている状態にできるような Y の値としてあり得るものの個数を求めてください。 制約 1 \leq N \leq 10^9 0 \leq M \leq 2\times 10^5 1 \leq X_i \leq 2N 0 \leq Y_i \leq 2N (X_i, Y_i) \neq (X_j, Y_j) (i \neq j) 入力は全て整数である。 入力 入力は以下の形式で標準入力から与えられる。 N M X_1 Y_1 : X_M Y_M 出力 答えを出力せよ。",
atcoder,abc,abc203,AtCoder Beginner Contest 203（Sponsored by Panasonic）,2021,1622376000,abc203_f,F,Weed,F. Weed,2252.0,1418,"['dp', 'sorting', 'binary search', 'complexity analysis']",4,https://atcoder.jp/contests/abc203/tasks/abc203_f,64.109,484.0,"配点 : 600 点 問題文 高橋君と青木君の家の庭には草 1 , 草 2 , \ldots , 草 N の N 本の草が生えており、草 i の高さは A_i です。 高橋君と青木君は次の方法で庭の草抜きを行う事にしました。 まず、青木君が高々 K 本の草を選んで抜く。 その後、高橋君が次の操作を庭の草がすべて抜けるまで繰り返す。 残っている草のうち高さが最大のものの高さを H とする。残っている草のうち、高さが \frac{H}{2} より高いものを一斉に抜く。 青木君は、高橋君の操作回数が最小となるようにした上で、自分の抜く本数を最小にしたいと考えています。 このときの高橋君の操作回数と青木君の抜く草の本数を求めてください。 制約 1 \leq N \leq 2\times 10^5 0 \leq K \leq N 1 \leq A_i \leq 10^9 入力は全て整数である。 入力 入力は以下の形式で標準入力から与えられる。 N K A_1 A_2 \ldots A_N 出力 高橋君の操作回数と青木君の抜く草の本数をこの順に空白区切りで出力せよ。",
atcoder,abc,abc204,AtCoder Beginner Contest 204,2021,1622980800,abc204_a,A,Rock-paper-scissors,A. Rock-paper-scissors,-1213.0,18228,"['implementation', 'case work', 'math']",3,https://atcoder.jp/contests/abc204/tasks/abc204_a,3.68,282.0,"配点 : 100 点 問題文 サーバル、フェネック、アライグマの 3 人がじゃんけんをして、あいこになりました。 フェネックが出した手を表す文字 x とアライグマが出した手を表す文字 y が与えられます。それぞれ、 0 はグー、 1 はチョキを、 2 はパーを表します。 サーバルが出した手を表す文字を出力してください。なお、答えは一意に定まります。 制約 x , y は 0 , 1 , 2 のいずれか 入力 入力は以下の形式で標準入力から与えられる。 x y 出力 答えを出力せよ。出力についても、 0 はグー、 1 はチョキを、 2 はパーを表すものとする。",
atcoder,abc,abc204,AtCoder Beginner Contest 204,2021,1622980800,abc204_b,B,Nuts,B. Nuts,-1132.0,20021,"['implementation', 'array', 'conditional', 'sum']",4,https://atcoder.jp/contests/abc204/tasks/abc204_b,5.092,296.0,配点 : 200 点 問題文 N 本の木があり、 i 番目の木には A_i 個の木の実が実っています。 シマリスは、次のルールで全ての木から木の実を収穫します。 実っている木の実が 10 個以下の木からは木の実を収穫しない 実っている木の実が 10 個より多い木からは、 10 個を残して残りの全てを収穫する シマリスが収穫する木の実の個数の合計を求めてください。 制約 1 \leq N \leq 1000 0 \leq A_i \leq 1000 入力に含まれる値は全て整数である 入力 入力は以下の形式で標準入力から与えられる。 N A_1 \ldots A_N 出力 答えを出力せよ。,
atcoder,abc,abc204,AtCoder Beginner Contest 204,2021,1622980800,abc204_c,C,Tour,C. Tour,629.0,11792,"['graph theory', 'dfs', 'bfs', 'reachability', 'directed graph']",5,https://atcoder.jp/contests/abc204/tasks/abc204_c,35.804,437.0,"配点 : 300 点 問題文 AtCoder 国には 1 から N の番号がついた N 個の都市と、 1 から M の番号がついた M 個の道路があります。 道路 i を通ると都市 A_i から B_i へ移動することができます。都市 B_i から都市 A_i への通行はできません。 ピューマは、どこかの都市からスタートし、 0 本以上の道路を使い移動して、どこかの都市をゴールとするような旅行の計画を立てようとしています。 スタート地点とゴール地点の都市の組として考えられるものは何通りありますか？ 制約 2 \leq N \leq 2000 0 \leq M \leq \min(2000,N(N-1)) 1 \leq A_i,B_i \leq N A_i \neq B_i (A_i,B_i) は相異なる 入力に含まれる値は全て整数である 入力 入力は以下の形式で標準入力から与えられる。 N M A_1 B_1 \vdots A_M B_M 出力 答えを出力せよ。",
atcoder,abc,abc204,AtCoder Beginner Contest 204,2021,1622980800,abc204_d,D,Cooking,D. Cooking,832.0,9684,"['implementation', 'dp', 'input output', 'knapsack', 'partition', 'subset sum']",6,https://atcoder.jp/contests/abc204/tasks/abc204_d,39.344,302.0,配点 : 400 点 問題文 高橋君は料理 1 から N の N 品の料理を作ろうとしています。 料理 i はオーブンを連続した T_i 分間使うことで作れます。 1 つのオーブンを 2 つ以上の料理のために同時に使うことはできません。 2 つのオーブンを使えるとき、 N 品の料理を全て作るまでに最短で何分かかりますか？ なお、オーブンを使う時間以外は無視できるものとします。 制約 1 \leq N \leq 100 1 \leq T_i \leq 10^3 入力に含まれる値は全て整数である 入力 入力は以下の形式で標準入力から与えられる。 N T_1 \ldots T_N 出力 答えを出力せよ。,
atcoder,abc,abc204,AtCoder Beginner Contest 204,2021,1622980800,abc204_e,E,Rush Hour 2,E. Rush Hour 2,1710.0,2930,"['dijkstra', 'graph theory', 'shortest path', 'math', 'sqrt decomposition', 'priority queue']",6,https://atcoder.jp/contests/abc204/tasks/abc204_e,54.656,703.0,"配点 : 500 点 問題文 AtCoder国には N 個の都市と M 本の道路があります。 都市には 1 から N の番号が、道路には 1 から M の番号が振られています。道路 i は都市 A_i と都市 B_i を双方向に結びます。 AtCoder国には時刻 0 をピークとするラッシュアワーがあり、時刻 t に道路 i の通行を始めると、移動するのに C_i+ \left\lfloor \frac{D_i}{t+1} \right\rfloor の時間がかかります。 ( \lfloor x\rfloor は x を超えない最大の整数を表す) 高橋君は時刻 0 またはそれ以降の 整数時刻に 都市 1 を出発して、道路を通行することで都市 N へ向かおうとしています。 高橋君が各都市で 整数時間 待機することができるとき、高橋君が都市 N に到達することができる最も早い時刻を出力してください。なお、制約の下で答えは整数になることが証明できます。 ただし、都市 N に到達できないときはかわりに -1 を出力してください。 制約 2 \leq N \leq 10^5 0 \leq M \leq 10^5 1 \leq A_i,B_i \leq N 0 \leq C_i,D_i \leq 10^9 入力は全て整数 入力 入力は以下の形式で標準入力から与えられる。 N M A_1 B_1 C_1 D_1 \vdots A_M B_M C_M D_M 出力 高橋君が都市 N に到達することができる最も早い時刻を整数で出力せよ。ただし、都市 N に到達できないときはかわりに -1 を出力せよ。",
atcoder,abc,abc204,AtCoder Beginner Contest 204,2021,1622980800,abc204_f,F,Hanjo 2,F. Hanjo 2,2044.0,1440,"['dp', 'matrix', 'bitmask dp', 'broken profile dp', 'counting']",5,https://atcoder.jp/contests/abc204/tasks/abc204_f,60.481,352.0,配点 : 600 点 問題文 縦 H メートル、横 W メートルの長方形の部屋があります。 この部屋に 2 メートル × 1 メートルの区別できない畳 (長方形のタイル) と、 1 メートル × 1 メートルの区別できない半畳 (正方形のタイル) を敷き詰めます。 2 メートル × 1 メートルの畳は縦長にも横長にも使うことができます。 敷き詰める方法は何通りあるでしょうか？ 回転や反転を行うことで初めて一致するような敷き詰め方は区別します。 答えは非常に大きくなる可能性があるので 998244353 で割ったあまりを求めてください。 制約 1 \leq H \leq 6 1 \leq W \leq 10^{12} 入力 入力は以下の形式で標準入力から与えられる。 H W 出力 答えを出力せよ。,
atcoder,abc,abc205,AtCoder Beginner Contest 205,2021,1623585600,abc205_a,A,kcal,A. kcal,-1295.0,21476,"['math', 'data types', 'implementation']",3,https://atcoder.jp/contests/abc205/tasks/abc205_a,2.25,217.0,"配点 : 100 点 問題文 100 mL あたり A kcal のエネルギーを持つドリンクがあります。このドリンク B mL は何 kcal のエネルギーを持つでしょうか？ 制約 0 \leq A, B \leq 1000 入力は全て整数である。 入力 入力は以下の形式で標準入力から与えられる。 A B 出力 答えを表す数値を出力せよ。 なお、想定解答との絶対誤差または相対誤差が 10^{-6} 以下であれば正解として扱われる。",
atcoder,abc,abc205,AtCoder Beginner Contest 205,2021,1623585600,abc205_b,B,Permutation Check,B. Permutation Check,-889.0,18705,"['implementation', 'sorting', 'array']",3,https://atcoder.jp/contests/abc205/tasks/abc205_b,9.33,379.0,"配点 : 200 点 問題文 1 以上 N 以下の整数からなる長さ N の数列 A = (A_1, A_2, \dots, A_N) が与えられます。 A が N の順列である--> (1, 2, \dots, N) の並び替えによって得られるかどうか判定してください。 順列とは 数列 A が要素数 N の順列であるとは、 A が (1, 2, \dots, N) の並び替えによって得られることをいいます。 --> 制約 1 \leq N \leq 10^3 1 \leq A_i \leq N 入力は全て整数である。 入力 入力は以下の形式で標準入力から与えられる。 N A_1 A_2 \ldots A_N 出力 A が N の順列--> (1, 2, \dots, N) の並び替えによって得られるなら Yes 、そうでないなら No と出力せよ。",
atcoder,abc,abc205,AtCoder Beginner Contest 205,2021,1623585600,abc205_c,C,POW,C. POW,-340.0,15398,"['math', 'case work', 'implementation']",3,https://atcoder.jp/contests/abc205/tasks/abc205_c,18.905,396.0,"配点 : 300 点 問題文 数 X を Y 回掛けたものを「 X の Y 乗」といい、 \text{pow}(X,Y) で表します。 例えば \text{pow}(2,3)=2\times 2\times 2=8 です。 3 つの整数 A,B,C が与えられるので、 \text{pow}(A,C) と \text{pow}(B,C) の大小を比較してください。 制約 -10^9 \leq A,B \leq 10^9 1 \leq C \leq 10^9 入力は全て整数 入力 入力は以下の形式で標準入力から与えられる。 A B C 出力 \text{pow}(A,C)< \text{pow}(B,C) なら < を、 \text{pow}(A,C)>\text{pow}(B,C) なら > を、 \text{pow}(A,C)=\text{pow}(B,C) なら = を出力せよ。",
atcoder,abc,abc205,AtCoder Beginner Contest 205,2021,1623585600,abc205_d,D,Kth Excluded,D. Kth Excluded,713.0,9537,"['binary search', 'math', 'prefix', 'query']",4,https://atcoder.jp/contests/abc205/tasks/abc205_d,37.269,398.0,"配点 : 400 点 問題文 長さ N の正整数列 A = (A_1, A_2, \dots, A_N) と Q 個のクエリが与えられます。 i \, (1 \leq i \leq Q) 番目のクエリでは、正整数 K_i が与えられるので、 A_1, A_2, \dots, A_N のいずれとも異なる正整数のうち、小さい方から数えて K_i 番目のものを求めてください。 制約 1 \leq N, Q \leq 10^5 1 \leq A_1 < A_2 < \dots < A_N \leq 10^{18} 1 \leq K_i \leq 10^{18} 入力は全て整数である。 入力 入力は以下の形式で標準入力から与えられる。 N Q A_1 A_2 \ldots A_N K_1 K_2 \vdots K_Q 出力 Q 行出力せよ。 i 行目には i 番目のクエリに対する答えを出力せよ。",
atcoder,abc,abc205,AtCoder Beginner Contest 205,2021,1623585600,abc205_e,E,White and Black Balls,E. White and Black Balls,2025.0,2665,"['combinatorics', 'symmetry', 'binomial coefficient', 'modular arithmetic', 'lattice path']",5,https://atcoder.jp/contests/abc205/tasks/abc205_e,60.15,379.0,"配点 : 500 点 問題文 白いボール N 個と黒いボール M 個を横一列に並べる方法であって、次の条件を満たすものは何通りありますか？ 各 i \, (1 \leq i \leq N + M) について左から i 個のボールのうち白いものの個数を w_i 、黒いものの個数を b_i とおいたとき、全ての i について w_i \leq b_i + K が成り立つ。 ただし、答えは非常に大きくなることがあるので、 (10^9 + 7) で割ったあまりを求めてください。 制約 0 \leq N, M \leq 10^6 1 \leq N + M 0 \leq K \leq N 入力は全て整数である。 入力 入力は以下の形式で標準入力から与えられる。 N M K 出力 答えを出力せよ。 (10^9 + 7) で割ったあまりを求めることに注意すること。",
atcoder,abc,abc205,AtCoder Beginner Contest 205,2021,1623585600,abc205_f,F,Grid and Tokens,F. Grid and Tokens,2088.0,1654,"['max flow', 'graph', 'bipartite matching', 'dinic', 'flow']",5,https://atcoder.jp/contests/abc205/tasks/abc205_f,61.249,454.0,"配点 : 600 点 問題文 H 行 W 列のグリッドがあり、上から r 行目、左から c 列目のマスを (r, c) と表します。 N 個の駒があり、 i \, (1 \leq i \leq N) 個目の駒に対しては A_i \leq r \leq C_i かつ B_i \leq c \leq D_i を満たすいずれか一つのマス (r, c) に置く 置かない のいずれかを選択することができます。ここで、二つの駒が同じ行や同じ列に存在するような置き方をすることはできません。 最大で何個の駒を置くことができるでしょうか？ 制約 1 \leq H, W, N \leq 100 1 \leq A_i \leq C_i \leq H 1 \leq B_i \leq D_i \leq W 入力は全て整数である。 入力 入力は以下の形式で標準入力から与えられる。 H W N A_1 B_1 C_1 D_1 A_2 B_2 C_2 D_2 \vdots A_N B_N C_N D_N 出力 答えを出力せよ。",
atcoder,abc,abc206,AtCoder Beginner Contest 206（Sponsored by Panasonic）,2021,1624104000,abc206_a,A,Maxi-Buying,A. Maxi-Buying,-1335.0,17881,"['math', 'conditional', 'comparison']",3,https://atcoder.jp/contests/abc206/tasks/abc206_a,1.552,331.0,配点 : 100 点 問題文 ABC 国の消費税率は 8 パーセントです。 ABC 国にはエナジードリンク屋さんがあります。ここでは、エナジードリンク 1 本を、税抜き N 円で販売しています。 ここに消費税を加算した後の金額は \lfloor 1.08 \times N \rfloor 円となります。ただし、実数 x に対し、 \lfloor x \rfloor は x 以下の最大の整数を表します。 この金額が定価の 206 円より安いなら Yay! 、定価と等しいなら so-so 、定価より高いなら :( と出力して下さい。 制約 1 \le N \le 300 N は整数 入力 入力は以下の形式で標準入力から与えられる。 N 出力 答えを出力せよ。,
atcoder,abc,abc206,AtCoder Beginner Contest 206（Sponsored by Panasonic）,2021,1624104000,abc206_b,B,Savings,B. Savings,-946.0,18933,"['math', 'simulation', 'arithmetic progression']",3,https://atcoder.jp/contests/abc206/tasks/abc206_b,8.336,285.0,配点 : 200 点 問題文 シカのAtCoDeerくんは、空の貯金箱を持っています。 AtCoDeerくんは、その貯金箱に、 1 日目の朝に 1 円、 2 日目の朝に 2 円 \dots というように、 i 日目の朝に i 円を貯金箱に入れます。 また、AtCoDeerくんは、毎日夜に貯金箱にいくら入っているかを確認します。 AtCoDeerくんが貯金箱に N 円以上入っていることを初めて確認するのは、何日目の夜でしょうか? 制約 1 \le N \le 10^9 N は整数 入力 入力は以下の形式で標準入力から与えられる。 N 出力 答えを整数として出力せよ。,
atcoder,abc,abc206,AtCoder Beginner Contest 206（Sponsored by Panasonic）,2021,1624104000,abc206_c,C,Swappable,C. Swappable,60.0,15599,"['combinatorics', 'counting', 'map', 'sorting']",4,https://atcoder.jp/contests/abc206/tasks/abc206_c,25.881,237.0,"配点 : 300 点 問題文 N 個の整数からなる配列 A=(A_1,A_2,...,A_N) が与えられるので、次の条件を全て満たす整数組 (i,j) の数を求めてください。 1 \le i < j \le N A_i \neq A_j 制約 入力は全て整数 2 \le N \le 3 \times 10^5 1 \le A_i \le 10^9 入力 入力は以下の形式で標準入力から与えられる。 N A_1 A_2 \dots A_N 出力 答えを整数として出力せよ。",
atcoder,abc,abc206,AtCoder Beginner Contest 206（Sponsored by Panasonic）,2021,1624104000,abc206_d,D,KAIBUNsyo,D. KAIBUNsyo,879.0,8460,"['graph', 'connected components', 'dsu']",3,https://atcoder.jp/contests/abc206/tasks/abc206_d,40.164,376.0,"配点 : 400 点 問題文 N 項からなる正整数列 A=(A_1,A_2, \dots A_N) が与えられます。 以下の操作を 0 回以上何度でも行える時、操作を最小何回行えば、 A を回文にすることができますか？ ある正整数の組 (x,y) を選ぶ。その後、現在 A に含まれる x をすべて y に置き換える。 なお、この問題では、全ての整数 i ( 1 \le i \le N ) について、 A_i=A_{N+1-i} が成り立つとき、またその時に限って、 A が回文であると言います。 制約 入力は全て整数 1 \le N \le 2 \times 10^5 1 \le A_i \le 2 \times 10^5 入力 入力は以下の形式で標準入力から与えられる。 N A_1 A_2 \dots A_N 出力 答えを整数として出力せよ。",
atcoder,abc,abc206,AtCoder Beginner Contest 206（Sponsored by Panasonic）,2021,1624104000,abc206_e,E,Divide Both,E. Divide Both,1745.0,2912,"['number theory', 'inclusion exclusion', 'prime sieve', 'gcd', 'counting']",5,https://atcoder.jp/contests/abc206/tasks/abc206_e,55.267,251.0,"配点 : 500 点 問題文 整数 L,R\ (L \le R) が与えられるので、以下の条件を全て満たす整数組 (x,y) の数を求めてください。 L \le x,y \le R g を x,y の最大公約数とすると、以下が成立する。 g \neq 1 かつ \frac{x}{g} \neq 1 かつ \frac{y}{g} \neq 1 制約 入力は全て整数 1 \le L \le R \le 10^6 入力 入力は以下の形式で標準入力から与えられる。 L R 出力 答えを整数として出力せよ。",
atcoder,abc,abc206,AtCoder Beginner Contest 206（Sponsored by Panasonic）,2021,1624104000,abc206_f,F,Interval Game 2,F. Interval Game 2,2221.0,1365,"['game theory', 'sprague grundy', 'dp', 'xor', 'mex', 'interval']",6,https://atcoder.jp/contests/abc206/tasks/abc206_f,63.568,577.0,"配点 : 600 点 問題文 T 個のテストケースについて、以下の問題を解いてください。 N 個の半開区間 [L_i,R_i) ( 1 \le i \le N ) があり、 Alice と Bob がこの区間を使って次のようなゲームをします。 Alice から始めて、以下の操作を交互に行う。 N 個の区間の中から、既に選ばれているどの区間とも共有点をもたない区間を 1 つ選ぶ。 先に操作を行えなくなった方が負けで、もう片方のプレイヤーが勝ちます。 双方のプレイヤーが勝利に対して最善を尽くした場合、どちらが勝つことになりますか？ 半開区間とは？ 半開区間 [X,Y) とは、 X 以上 Y 未満のすべての実数からなる区間です。 制約 入力は全て整数 1 \le T \le 20 1 \le N \le 100 1 \le L_i < R_i \le 100 入力 入力は標準入力から与えられる。入力の 1 行目は次の形式である。 T その後、 T 個のテストケースが続く。各テストケースは以下の形式で与えられる。 N L_1 R_1 L_2 R_2 \vdots L_N R_N 出力 計 T 行出力せよ。 そのうち i 行目には、 i 番目のテストケースについて、 Alice が勝つなら Alice 、 Bob が勝つなら Bob と出力せよ。",
atcoder,abc,abc207,AtCoder Beginner Contest 207,2021,1624708800,abc207_a,A,Repression,A. Repression,-1304.0,18220,"['ad hoc', 'greedy', 'math']",3,https://atcoder.jp/contests/abc207/tasks/abc207_a,2.093,,,
atcoder,abc,abc207,AtCoder Beginner Contest 207,2021,1624708800,abc207_b,B,Hydrate,B. Hydrate,-161.0,13393,"['math', 'inequality', 'implementation']",3,https://atcoder.jp/contests/abc207/tasks/abc207_b,22.027,,,
atcoder,abc,abc207,AtCoder Beginner Contest 207,2021,1624708800,abc207_c,C,Many Segments,C. Many Segments,397.0,10242,"['implementation', 'geometry', 'interval']",3,https://atcoder.jp/contests/abc207/tasks/abc207_c,31.758,,,
atcoder,abc,abc207,AtCoder Beginner Contest 207,2021,1624708800,abc207_d,D,Congruence Points,D. Congruence Points,2074.0,1850,"['computational geometry', 'coordinate geometry', 'centroid', 'rotation', 'brute force']",5,https://atcoder.jp/contests/abc207/tasks/abc207_d,61.005,,,
atcoder,abc,abc207,AtCoder Beginner Contest 207,2021,1624708800,abc207_e,E,Mod i,E. Mod i,1820.0,3028,"['dp', 'prefix sum', 'modular arithmetic', 'dp optimization']",4,https://atcoder.jp/contests/abc207/tasks/abc207_e,56.575,,,
atcoder,abc,abc207,AtCoder Beginner Contest 207,2021,1624708800,abc207_f,F,Tree Patrolling,F. Tree Patrolling,2398.0,1318,"['dp on trees', 'dp', 'optimization']",3,https://atcoder.jp/contests/abc207/tasks/abc207_f,66.655,,,
atcoder,abc,abc208,AtCoder Beginner Contest 208,2021,1625400000,abc208_a,A,Rolling Dice,A. Rolling Dice,-662.0,16994,"['math', 'ad hoc', 'implementation', 'conditional']",4,https://atcoder.jp/contests/abc208/tasks/abc208_a,13.289,,,
atcoder,abc,abc208,AtCoder Beginner Contest 208,2021,1625400000,abc208_b,B,Factorial Yen Coin,B. Factorial Yen Coin,-421.0,15227,"['greedy', 'factorial', 'constructive', 'math']",4,https://atcoder.jp/contests/abc208/tasks/abc208_b,17.492,,,
atcoder,abc,abc208,AtCoder Beginner Contest 208,2021,1625400000,abc208_c,C,Fair Candy Distribution,C. Fair Candy Distribution,-13.0,12689,"['sorting', 'math', 'modular arithmetic', 'implementation']",4,https://atcoder.jp/contests/abc208/tasks/abc208_c,24.608,,,
atcoder,abc,abc208,AtCoder Beginner Contest 208,2021,1625400000,abc208_d,D,Shortest Path Queries 2,D. Shortest Path Queries 2,1190.0,6799,"['floyd warshall', 'dp', 'shortest path', 'graph theory']",4,https://atcoder.jp/contests/abc208/tasks/abc208_d,45.588,,,
atcoder,abc,abc208,AtCoder Beginner Contest 208,2021,1625400000,abc208_e,E,Digit Products,E. Digit Products,2024.0,2236,"['digit dp', 'dp', 'prime factorization', 'state', 'combinatorics']",5,https://atcoder.jp/contests/abc208/tasks/abc208_e,60.133,,,
atcoder,abc,abc208,AtCoder Beginner Contest 208,2021,1625400000,abc208_f,F,Cumulative Sum,F. Cumulative Sum,2772.0,681,"['lagrange interpolation', 'polynomial', 'prefix sum', 'combinatorics', 'modular arithmetic']",5,https://atcoder.jp/contests/abc208/tasks/abc208_f,73.178,,,
atcoder,abc,abc209,AtCoder Beginner Contest 209,2021,1625918400,abc209_a,A,Counting,A. Counting,-1380.0,20230,"['ad hoc', 'implementation', 'counting', 'math', 'case work']",5,https://atcoder.jp/contests/abc209/tasks/abc209_a,0.767,,,
atcoder,abc,abc209,AtCoder Beginner Contest 209,2021,1625918400,abc209_b,B,Can you buy them all?,B. Can you buy them all?,-978.0,16131,"['implementation', 'math', 'simulation']",3,https://atcoder.jp/contests/abc209/tasks/abc209_b,7.778,,,
atcoder,abc,abc209,AtCoder Beginner Contest 209,2021,1625918400,abc209_c,C,Not Equal,C. Not Equal,264.0,12037,"['combinatorics', 'sorting', 'modular arithmetic', 'counting', 'permutation']",5,https://atcoder.jp/contests/abc209/tasks/abc209_c,29.438,,,
atcoder,abc,abc209,AtCoder Beginner Contest 209,2021,1625918400,abc209_d,D,Collision,D. Collision,686.0,8940,"['tree', 'bipartite graph', 'bfs', 'dfs', 'graph theory']",5,https://atcoder.jp/contests/abc209/tasks/abc209_d,36.798,,,
atcoder,abc,abc209,AtCoder Beginner Contest 209,2021,1625918400,abc209_e,E,Shiritori,E. Shiritori,2153.0,2266,"['game theory', 'directed graph', 'induction', 'topological sort']",4,https://atcoder.jp/contests/abc209/tasks/abc209_e,62.382,,,
atcoder,abc,abc209,AtCoder Beginner Contest 209,2021,1625918400,abc209_f,F,Deforestation,F. Deforestation,2307.0,1417,"['dp', 'prefix sum', 'contribution counting', 'combinatorics']",4,https://atcoder.jp/contests/abc209/tasks/abc209_f,65.068,,,
atcoder,abc,abc210,AtCoder Beginner Contest 210,2021,1626523200,abc210_a,A,Cabbages,A. Cabbages,-813.0,17303,"['conditional', 'math', 'case work', 'implementation']",4,https://atcoder.jp/contests/abc210/tasks/abc210_a,10.656,,,
atcoder,abc,abc210,AtCoder Beginner Contest 210,2021,1626523200,abc210_b,B,Bouzu Mekuri,B. Bouzu Mekuri,-756.0,15890,"['simulation', 'game theory', 'string']",3,https://atcoder.jp/contests/abc210/tasks/abc210_b,11.65,,,
atcoder,abc,abc210,AtCoder Beginner Contest 210,2021,1626523200,abc210_c,C,Colorful Candies,C. Colorful Candies,357.0,11585,"['sliding window', 'counting', 'map', 'two pointer']",4,https://atcoder.jp/contests/abc210/tasks/abc210_c,31.06,,,
atcoder,abc,abc210,AtCoder Beginner Contest 210,2021,1626523200,abc210_d,D,National Railway,D. National Railway,1507.0,4704,"['dp', 'dp on grids', 'optimization']",3,https://atcoder.jp/contests/abc210/tasks/abc210_d,51.116,,,
atcoder,abc,abc210,AtCoder Beginner Contest 210,2021,1626523200,abc210_e,E,Ring MST,E. Ring MST,1618.0,3120,"['minimum spanning tree', 'kruskal', 'dsu', 'connectivity', 'modular arithmetic']",5,https://atcoder.jp/contests/abc210/tasks/abc210_e,53.052,,,
atcoder,abc,abc210,AtCoder Beginner Contest 210,2021,1626523200,abc210_f,F,Coprime Solitaire,F. Coprime Solitaire,2632.0,872,"['2-sat', 'prime factorization', 'implication graph', 'constraint']",4,https://atcoder.jp/contests/abc210/tasks/abc210_f,70.736,,,
atcoder,abc,abc211,AtCoder Beginner Contest 211,2021,1627128000,abc211_a,A,Blood Pressure,A. Blood Pressure,-1262.0,20972,"['math', 'implementation', 'data types']",3,https://atcoder.jp/contests/abc211/tasks/abc211_a,2.825,,,
atcoder,abc,abc211,AtCoder Beginner Contest 211,2021,1627128000,abc211_b,B,Cycle Hit,B. Cycle Hit,-864.0,15971,"['implementation', 'string', 'set']",3,https://atcoder.jp/contests/abc211/tasks/abc211_b,9.766,,,
atcoder,abc,abc211,AtCoder Beginner Contest 211,2021,1627128000,abc211_c,C,chokudai,C. chokudai,559.0,11596,"['dp', 'string dp', 'subsequence', 'modular arithmetic']",4,https://atcoder.jp/contests/abc211/tasks/abc211_c,34.583,,,
atcoder,abc,abc211,AtCoder Beginner Contest 211,2021,1627128000,abc211_d,D,Number of Shortest paths,D. Number of Shortest paths,755.0,9375,"['bfs', 'graph', 'shortest path', 'counting', 'modular arithmetic']",5,https://atcoder.jp/contests/abc211/tasks/abc211_d,38.001,,,
atcoder,abc,abc211,AtCoder Beginner Contest 211,2021,1627128000,abc211_e,E,Red Polyomino,E. Red Polyomino,1823.0,2628,"['dfs', 'backtracking', 'grid', 'connectivity', 'enumeration']",5,https://atcoder.jp/contests/abc211/tasks/abc211_e,56.627,,,
atcoder,abc,abc211,AtCoder Beginner Contest 211,2021,1627128000,abc211_f,F,Rectilinear Polygons,F. Rectilinear Polygons,2350.0,843,"['plane sweep', 'lazy segment tree', 'computational geometry', 'offline processing', 'range update']",5,https://atcoder.jp/contests/abc211/tasks/abc211_f,65.818,,,
atcoder,abc,abc212,AtCoder Beginner Contest 212,2021,1627732800,abc212_a,A,Alloy,A. Alloy,-1351.0,21917,"['tree', 'implementation']",2,https://atcoder.jp/contests/abc212/tasks/abc212_a,1.273,,,
atcoder,abc,abc212,AtCoder Beginner Contest 212,2021,1627732800,abc212_b,B,Weak Password,B. Weak Password,-330.0,15639,"['implementation', 'string', 'conditional', 'brute force']",4,https://atcoder.jp/contests/abc212/tasks/abc212_b,19.079,,,
atcoder,abc,abc212,AtCoder Beginner Contest 212,2021,1627732800,abc212_c,C,Min Difference,C. Min Difference,205.0,14510,"['sorting', 'two pointer']",2,https://atcoder.jp/contests/abc212/tasks/abc212_c,28.409,,,
atcoder,abc,abc212,AtCoder Beginner Contest 212,2021,1627732800,abc212_d,D,Querying Multiset ,D. Querying Multiset ,775.0,10562,"['priority queue', 'greedy', 'data structure', 'lazy propagation', 'prefix sum']",5,https://atcoder.jp/contests/abc212/tasks/abc212_d,38.35,,,
atcoder,abc,abc212,AtCoder Beginner Contest 212,2021,1627732800,abc212_e,E,Safety Journey,E. Safety Journey,1410.0,5189,"['dp', 'graph theory', 'counting', 'dp optimization', 'modular arithmetic']",5,https://atcoder.jp/contests/abc212/tasks/abc212_e,49.424,,,
atcoder,abc,abc212,AtCoder Beginner Contest 212,2021,1627732800,abc212_f,F,Greedy Takahashi,F. Greedy Takahashi,2332.0,1346,"['binary search', 'greedy', 'implementation', 'query', 'simulation']",5,https://atcoder.jp/contests/abc212/tasks/abc212_f,65.504,,,
atcoder,abc,abc212,AtCoder Beginner Contest 212,2021,1627732800,abc212_g,G,Power Pair,G. Power Pair,2150.0,1538,"['number theory', 'primitive root', 'modular arithmetic', 'gcd', 'divisors']",5,https://atcoder.jp/contests/abc212/tasks/abc212_g,62.33,,,
atcoder,abc,abc212,AtCoder Beginner Contest 212,2021,1627732800,abc212_h,H,Nim Counting,H. Nim Counting,2741.0,881,"['nim', 'xor convolution', 'fwht', 'game theory', 'combinatorics', 'geometric progression', 'modular arithmetic']",7,https://atcoder.jp/contests/abc212/tasks/abc212_h,72.637,,,
atcoder,abc,abc213,AtCoder Beginner Contest 213,2021,1628424000,abc213_a,A,Bitwise Exclusive Or,A. Bitwise Exclusive Or,-600.0,18231,"['bit manipulation', 'implementation', 'xor']",3,https://atcoder.jp/contests/abc213/tasks/abc213_a,14.37,,,
atcoder,abc,abc213,AtCoder Beginner Contest 213,2021,1628424000,abc213_b,B,Booby Prize,B. Booby Prize,-692.0,16963,"['sorting', 'implementation', 'array']",3,https://atcoder.jp/contests/abc213/tasks/abc213_b,12.766,,,
atcoder,abc,abc213,AtCoder Beginner Contest 213,2021,1628424000,abc213_c,C,Reorder Cards,C. Reorder Cards,481.0,11766,"['coordinate compression', 'sorting', 'implementation']",3,https://atcoder.jp/contests/abc213/tasks/abc213_c,33.223,,,
atcoder,abc,abc213,AtCoder Beginner Contest 213,2021,1628424000,abc213_d,D,Takahashi Tour,D. Takahashi Tour,710.0,10526,"['dfs', 'graph', 'implementation', 'simulation', 'tree']",5,https://atcoder.jp/contests/abc213/tasks/abc213_d,37.217,,,
atcoder,abc,abc213,AtCoder Beginner Contest 213,2021,1628424000,abc213_e,E,Stronger Takahashi,E. Stronger Takahashi,1423.0,5271,"['0-1 bfs', 'grid graph', 'shortest path']",3,https://atcoder.jp/contests/abc213/tasks/abc213_e,49.651,,,
atcoder,abc,abc213,AtCoder Beginner Contest 213,2021,1628424000,abc213_f,F,Common Prefixes,F. Common Prefixes,2215.0,1314,"['suffix array', 'lcp', 'range minimum query', 'stack', 'string']",5,https://atcoder.jp/contests/abc213/tasks/abc213_f,63.464,,,
atcoder,abc,abc213,AtCoder Beginner Contest 213,2021,1628424000,abc213_g,G,Connectivity 2,G. Connectivity 2,2663.0,1161,"['bitmask dp', 'subset', 'inclusion exclusion', 'counting', 'graph']",5,https://atcoder.jp/contests/abc213/tasks/abc213_g,71.277,,,
atcoder,abc,abc213,AtCoder Beginner Contest 213,2021,1628424000,abc213_h,H,Stroll,H. Stroll,2806.0,511,"['divide and conquer fft', 'dp', 'convolution', 'fft']",4,https://atcoder.jp/contests/abc213/tasks/abc213_h,73.77,,,
atcoder,abc,abc214,AtCoder Beginner Contest 214,2021,1628942400,abc214_a,A,New Generation ABC,A. New Generation ABC,-1424.0,19719,"['tree', 'implementation']",2,https://atcoder.jp/contests/abc214/tasks/abc214_a,0.0,,,
atcoder,abc,abc214,AtCoder Beginner Contest 214,2021,1628942400,abc214_b,B,How many?,B. How many?,-405.0,18289,"['brute force', 'enumeration', 'counting']",3,https://atcoder.jp/contests/abc214/tasks/abc214_b,17.771,,,
atcoder,abc,abc214,AtCoder Beginner Contest 214,2021,1628942400,abc214_c,C,Distribution,C. Distribution,309.0,11879,"['shortest path', 'circular array', 'iteration', 'graph']",4,https://atcoder.jp/contests/abc214/tasks/abc214_c,30.223,,,
atcoder,abc,abc214,AtCoder Beginner Contest 214,2021,1628942400,abc214_d,D,Sum of Maximum Weights,D. Sum of Maximum Weights,1341.0,7120,"['dsu', 'graph theory', 'tree', 'sorting', 'combinatorics']",5,https://atcoder.jp/contests/abc214/tasks/abc214_d,48.221,,,
atcoder,abc,abc214,AtCoder Beginner Contest 214,2021,1628942400,abc214_e,E,Packing Under Range Regulations,E. Packing Under Range Regulations,1835.0,4152,"['greedy', 'priority queue', 'implementation', 'sorting']",4,https://atcoder.jp/contests/abc214/tasks/abc214_e,56.836,,,
atcoder,abc,abc214,AtCoder Beginner Contest 214,2021,1628942400,abc214_f,F,Substrings,F. Substrings,1973.0,2610,"['dp', 'implementation', 'modular arithmetic', 'string']",4,https://atcoder.jp/contests/abc214/tasks/abc214_f,59.243,,,
atcoder,abc,abc214,AtCoder Beginner Contest 214,2021,1628942400,abc214_g,G,Three Permutations,G. Three Permutations,2893.0,730,"['inclusion exclusion', 'graph theory', 'dp', 'combinatorics', 'connected components', 'cycle']",6,https://atcoder.jp/contests/abc214/tasks/abc214_g,75.288,,,
atcoder,abc,abc214,AtCoder Beginner Contest 214,2021,1628942400,abc214_h,H,Collecting,H. Collecting,3138.0,474,"['scc', 'dag', 'topological sort', 'min cost flow']",4,https://atcoder.jp/contests/abc214/tasks/abc214_h,79.561,,,
atcoder,abc,abc215,AtCoder Beginner Contest 215,2021,1629547200,abc215_a,A,Your First Judge,A. Your First Judge,-1224.0,19640,"['implementation', 'string']",2,https://atcoder.jp/contests/abc215/tasks/abc215_a,3.488,,,
atcoder,abc,abc215,AtCoder Beginner Contest 215,2021,1629547200,abc215_b,B,log2(N),B. log2(N),-307.0,16029,"['bit manipulation', 'base representation', 'math', 'powers of two']",4,https://atcoder.jp/contests/abc215/tasks/abc215_b,19.48,,,
atcoder,abc,abc215,AtCoder Beginner Contest 215,2021,1629547200,abc215_c,C,One More aab aba baa,C. One More aab aba baa,76.0,13354,"['combinatorics', 'implementation', 'lexicographical', 'string']",4,https://atcoder.jp/contests/abc215/tasks/abc215_c,26.16,,,
atcoder,abc,abc215,AtCoder Beginner Contest 215,2021,1629547200,abc215_d,D,Coprime 2,D. Coprime 2,736.0,9995,"['number theory', 'prime factorization', 'prime sieve', 'gcd']",4,https://atcoder.jp/contests/abc215/tasks/abc215_d,37.67,,,
atcoder,abc,abc215,AtCoder Beginner Contest 215,2021,1629547200,abc215_e,E,Chain Contestant,E. Chain Contestant,1413.0,4574,"['bitmask dp', 'dp']",2,https://atcoder.jp/contests/abc215/tasks/abc215_e,49.477,,,
atcoder,abc,abc215,AtCoder Beginner Contest 215,2021,1629547200,abc215_f,F,Dist Max 2,F. Dist Max 2,1853.0,3145,"['binary search on answer', 'sliding window', 'sorting', 'computational geometry', 'two pointer']",5,https://atcoder.jp/contests/abc215/tasks/abc215_f,57.15,,,
atcoder,abc,abc215,AtCoder Beginner Contest 215,2021,1629547200,abc215_g,G,Colorful Candies 2,G. Colorful Candies 2,2276.0,1222,"['expectation', 'combinatorics', 'binomial coefficient', 'modular arithmetic', 'counting', 'sqrt decomposition']",6,https://atcoder.jp/contests/abc215/tasks/abc215_g,64.527,,,
atcoder,abc,abc215,AtCoder Beginner Contest 215,2021,1629547200,abc215_h,H,Cabbage Master,H. Cabbage Master,3101.0,382,"['hall theorem', 'zeta transform', 'mobius inversion', 'combinatorics', 'bitmask']",5,https://atcoder.jp/contests/abc215/tasks/abc215_h,78.915,,,
atcoder,abc,abc216,AtCoder Beginner Contest 216,2021,1630238400,abc216_a,A,Signed Difficulty,A. Signed Difficulty,-860.0,15718,"['case work', 'conditional', 'implementation', 'string']",4,https://atcoder.jp/contests/abc216/tasks/abc216_a,9.836,,,
atcoder,abc,abc216,AtCoder Beginner Contest 216,2021,1630238400,abc216_b,B,Same Name,B. Same Name,-537.0,14797,"['deduplication', 'hash set', 'implementation', 'string']",4,https://atcoder.jp/contests/abc216/tasks/abc216_b,15.469,,,
atcoder,abc,abc216,AtCoder Beginner Contest 216,2021,1630238400,abc216_c,C,Many Balls,C. Many Balls,-6.0,13645,"['constructive', 'greedy', 'implementation', 'math']",4,https://atcoder.jp/contests/abc216/tasks/abc216_c,24.73,,,
atcoder,abc,abc216,AtCoder Beginner Contest 216,2021,1630238400,abc216_d,D,Pair of Balls,D. Pair of Balls,1039.0,7409,"['graph', 'implementation', 'topological sort']",3,https://atcoder.jp/contests/abc216/tasks/abc216_d,42.954,,,
atcoder,abc,abc216,AtCoder Beginner Contest 216,2021,1630238400,abc216_e,E,Amusement Park,E. Amusement Park,1084.0,5891,"['binary search', 'greedy', 'implementation', 'math']",4,https://atcoder.jp/contests/abc216/tasks/abc216_e,43.739,,,
atcoder,abc,abc216,AtCoder Beginner Contest 216,2021,1630238400,abc216_f,F,Max Sum Counting,F. Max Sum Counting,1541.0,3925,"['dp', 'subset sum', 'sorting']",3,https://atcoder.jp/contests/abc216/tasks/abc216_f,51.709,,,
atcoder,abc,abc216,AtCoder Beginner Contest 216,2021,1630238400,abc216_g,G,01Sequence,G. 01Sequence,1963.0,2395,"['difference constraints', 'graph', 'shortest path', 'dijkstra']",4,https://atcoder.jp/contests/abc216/tasks/abc216_g,59.069,,,
atcoder,abc,abc216,AtCoder Beginner Contest 216,2021,1630238400,abc216_h,H,Random Robots,H. Random Robots,3295.0,541,"['lgv lemma', 'determinant', 'bitmask dp', 'dp', 'combinatorics', 'modular arithmetic', 'non crossing paths']",7,https://atcoder.jp/contests/abc216/tasks/abc216_h,82.299,,,
atcoder,abc,abc217,AtCoder Beginner Contest 217,2021,1630756800,abc217_a,A,Lexicographic Order,A. Lexicographic Order,-772.0,17263,"['case work', 'implementation', 'string']",3,https://atcoder.jp/contests/abc217/tasks/abc217_a,11.371,,,
atcoder,abc,abc217,AtCoder Beginner Contest 217,2021,1630756800,abc217_b,B,AtCoder Quiz,B. AtCoder Quiz,-763.0,16146,"['implementation', 'search', 'string']",3,https://atcoder.jp/contests/abc217/tasks/abc217_b,11.528,,,
atcoder,abc,abc217,AtCoder Beginner Contest 217,2021,1630756800,abc217_c,C,Inverse of Permutation,C. Inverse of Permutation,-439.0,15351,"['permutation', 'constructive', 'array']",3,https://atcoder.jp/contests/abc217/tasks/abc217_c,17.178,,,
atcoder,abc,abc217,AtCoder Beginner Contest 217,2021,1630756800,abc217_d,D,Cutting Woods,D. Cutting Woods,802.0,10394,"['binary search', 'data structure', 'implementation', 'set']",4,https://atcoder.jp/contests/abc217/tasks/abc217_d,38.821,,,
atcoder,abc,abc217,AtCoder Beginner Contest 217,2021,1630756800,abc217_e,E,Sorting Queries,E. Sorting Queries,986.0,10544,"['queue', 'priority queue', 'amortized analysis', 'data structure']",4,https://atcoder.jp/contests/abc217/tasks/abc217_e,42.03,,,
atcoder,abc,abc217,AtCoder Beginner Contest 217,2021,1630756800,abc217_f,F,Make Pair,F. Make Pair,1954.0,2843,"['segment dp', 'dp', 'combinatorics', 'modular arithmetic']",4,https://atcoder.jp/contests/abc217/tasks/abc217_f,58.912,,,
atcoder,abc,abc217,AtCoder Beginner Contest 217,2021,1630756800,abc217_g,G,Groups,G. Groups,2047.0,1961,"['dp', 'combinatorics', 'counting', 'modular arithmetic', 'partition']",5,https://atcoder.jp/contests/abc217/tasks/abc217_g,60.534,,,
atcoder,abc,abc217,AtCoder Beginner Contest 217,2021,1630756800,abc217_h,H,Snuketoon,H. Snuketoon,3112.0,716,"['dp', 'slope trick', 'priority queue', 'convexity', 'optimization']",5,https://atcoder.jp/contests/abc217/tasks/abc217_h,79.107,,,
atcoder,abc,abc218,AtCoder Beginner Contest 218,2021,1631361600,abc218_a,A,Weather Forecast,A. Weather Forecast,-1219.0,18848,"['string', 'implementation']",2,https://atcoder.jp/contests/abc218/tasks/abc218_a,3.575,,,
atcoder,abc,abc218,AtCoder Beginner Contest 218,2021,1631361600,abc218_b,B,qwerty,B. qwerty,-929.0,19913,"['implementation', 'string', 'encoding']",3,https://atcoder.jp/contests/abc218/tasks/abc218_b,8.633,,,
atcoder,abc,abc218,AtCoder Beginner Contest 218,2021,1631361600,abc218_c,C,Shapes,C. Shapes,1012.0,7435,"['geometry', 'grid', 'rotation', 'brute force']",4,https://atcoder.jp/contests/abc218/tasks/abc218_c,42.483,,,
atcoder,abc,abc218,AtCoder Beginner Contest 218,2021,1631361600,abc218_d,D,Rectangles,D. Rectangles,715.0,9174,"['combinatorics', 'coordinate geometry', 'counting', 'implementation', 'set']",5,https://atcoder.jp/contests/abc218/tasks/abc218_d,37.304,,,
atcoder,abc,abc218,AtCoder Beginner Contest 218,2021,1631361600,abc218_e,E,Destruction,E. Destruction,1004.0,7057,"['minimum spanning tree', 'graph theory', 'greedy', 'connectivity']",4,https://atcoder.jp/contests/abc218/tasks/abc218_e,42.344,,,
atcoder,abc,abc218,AtCoder Beginner Contest 218,2021,1631361600,abc218_f,F,Blocked Roads,F. Blocked Roads,1753.0,3556,"['graph', 'bfs', 'shortest path', 'edge']",4,https://atcoder.jp/contests/abc218/tasks/abc218_f,55.406,,,
atcoder,abc,abc218,AtCoder Beginner Contest 218,2021,1631361600,abc218_g,G,Game on Tree 2,G. Game on Tree 2,2217.0,1456,"['dp on trees', 'binary search', 'median', 'game theory', 'bit', 'multiset', 'dfs']",7,https://atcoder.jp/contests/abc218/tasks/abc218_g,63.498,,,
atcoder,abc,abc218,AtCoder Beginner Contest 218,2021,1631361600,abc218_h,H,Red and Blue Lamps,H. Red and Blue Lamps,2805.0,890,"['dp', 'divide and conquer', 'convolution', 'binary search', 'optimization']",5,https://atcoder.jp/contests/abc218/tasks/abc218_h,73.753,,,
atcoder,abc,abc219,サイシードプログラミングコンテスト2021（AtCoder Beginner Contest 219）,2021,1631966400,abc219_a,A,AtCoder Quiz 2,A. AtCoder Quiz 2,-1257.0,18181,"['case work', 'conditional', 'implementation']",3,https://atcoder.jp/contests/abc219/tasks/abc219_a,2.912,,,
atcoder,abc,abc219,サイシードプログラミングコンテスト2021（AtCoder Beginner Contest 219）,2021,1631966400,abc219_b,B,Maritozzo,B. Maritozzo,-842.0,13921,"['implementation', 'string']",2,https://atcoder.jp/contests/abc219/tasks/abc219_b,10.15,,,
atcoder,abc,abc219,サイシードプログラミングコンテスト2021（AtCoder Beginner Contest 219）,2021,1631966400,abc219_c,C,Neo-lexicographic Ordering,C. Neo-lexicographic Ordering,227.0,10533,"['sorting', 'implementation', 'string']",3,https://atcoder.jp/contests/abc219/tasks/abc219_c,28.793,,,
atcoder,abc,abc219,サイシードプログラミングコンテスト2021（AtCoder Beginner Contest 219）,2021,1631966400,abc219_d,D,Strange Lunchbox,D. Strange Lunchbox,1085.0,7022,"['dp', 'knapsack', 'optimization']",3,https://atcoder.jp/contests/abc219/tasks/abc219_d,43.757,,,
atcoder,abc,abc219,サイシードプログラミングコンテスト2021（AtCoder Beginner Contest 219）,2021,1631966400,abc219_e,E,Moat,E. Moat,1690.0,2756,"['bitmask', 'connectivity', 'dsu', 'computational geometry', 'grid']",5,https://atcoder.jp/contests/abc219/tasks/abc219_e,54.308,,,
atcoder,abc,abc219,サイシードプログラミングコンテスト2021（AtCoder Beginner Contest 219）,2021,1631966400,abc219_f,F,Cleaning Robot,F. Cleaning Robot,2542.0,768,"['geometry', 'cycle', 'coordinate geometry', 'sorting', 'periodicity', 'math']",6,https://atcoder.jp/contests/abc219/tasks/abc219_f,69.166,,,
atcoder,abc,abc219,サイシードプログラミングコンテスト2021（AtCoder Beginner Contest 219）,2021,1631966400,abc219_g,G,Propagation,G. Propagation,2287.0,1448,"['sqrt decomposition', 'graph theory', 'degree', 'query']",4,https://atcoder.jp/contests/abc219/tasks/abc219_g,64.719,,,
atcoder,abc,abc219,サイシードプログラミングコンテスト2021（AtCoder Beginner Contest 219）,2021,1631966400,abc219_h,H,Candles,H. Candles,3297.0,708,"['dp', 'interval dp', 'optimization']",3,https://atcoder.jp/contests/abc219/tasks/abc219_h,82.333,,,
atcoder,abc,abc220,AtCoder Beginner Contest 220,2021,1632657600,abc220_a,A,Find Multiple,A. Find Multiple,-933.0,19925,"['implementation', 'math', 'number theory']",3,https://atcoder.jp/contests/abc220/tasks/abc220_a,8.563,,,
atcoder,abc,abc220,AtCoder Beginner Contest 220,2021,1632657600,abc220_b,B,Base K,B. Base K,-370.0,14749,"['implementation', 'math', 'base conversion']",3,https://atcoder.jp/contests/abc220/tasks/abc220_b,18.382,,,
atcoder,abc,abc220,AtCoder Beginner Contest 220,2021,1632657600,abc220_c,C,Long Sequence,C. Long Sequence,-86.0,16226,"['math', 'binary search', 'implementation', 'optimization', 'prefix sum']",5,https://atcoder.jp/contests/abc220/tasks/abc220_c,23.334,,,
atcoder,abc,abc220,AtCoder Beginner Contest 220,2021,1632657600,abc220_d,D,FG operation,D. FG operation,664.0,9190,"['dp', 'modular arithmetic']",2,https://atcoder.jp/contests/abc220/tasks/abc220_d,36.414,,,
atcoder,abc,abc220,AtCoder Beginner Contest 220,2021,1632657600,abc220_e,E,Distance on Large Perfect Binary Tree,E. Distance on Large Perfect Binary Tree,1593.0,3595,"['combinatorics', 'counting', 'math', 'modular arithmetic', 'tree']",5,https://atcoder.jp/contests/abc220/tasks/abc220_e,52.616,,,
atcoder,abc,abc220,AtCoder Beginner Contest 220,2021,1632657600,abc220_f,F,Distance Sums 2,F. Distance Sums 2,1304.0,5346,"['dp on trees', 'rerooting', 'dfs', 'subtree size']",4,https://atcoder.jp/contests/abc220/tasks/abc220_f,47.576,,,
atcoder,abc,abc220,AtCoder Beginner Contest 220,2021,1632657600,abc220_g,G,Isosceles Trapezium,G. Isosceles Trapezium,2439.0,792,"['computational geometry', 'geometry', 'edge', 'optimization']",4,https://atcoder.jp/contests/abc220/tasks/abc220_g,67.37,,,
atcoder,abc,abc220,AtCoder Beginner Contest 220,2021,1632657600,abc220_h,H,Security Camera,H. Security Camera,3047.0,395,"['meet in the middle', 'fwht', 'bit manipulation', 'combinatorics', 'parity']",5,https://atcoder.jp/contests/abc220/tasks/abc220_h,77.973,,,
atcoder,abc,abc221,AtCoder Beginner Contest 221,2021,1633176000,abc221_a,A,Seismic magnitude scales,A. Seismic magnitude scales,-1081.0,17590,"['modular exponentiation', 'implementation']",2,https://atcoder.jp/contests/abc221/tasks/abc221_a,5.982,,,
atcoder,abc,abc221,AtCoder Beginner Contest 221,2021,1633176000,abc221_b,B,typo,B. typo,-371.0,15169,"['string', 'implementation', 'brute force', 'swap']",4,https://atcoder.jp/contests/abc221/tasks/abc221_b,18.364,,,
atcoder,abc,abc221,AtCoder Beginner Contest 221,2021,1633176000,abc221_c,C,Select Mul,C. Select Mul,378.0,11196,"['brute force', 'digit', 'enumeration', 'implementation', 'permutation']",5,https://atcoder.jp/contests/abc221/tasks/abc221_c,31.427,,,
atcoder,abc,abc221,AtCoder Beginner Contest 221,2021,1633176000,abc221_d,D,Online games,D. Online games,832.0,8342,"['plane sweep', 'coordinate compression', 'difference array', 'sorting', 'event processing']",5,https://atcoder.jp/contests/abc221/tasks/abc221_d,39.344,,,
atcoder,abc,abc221,AtCoder Beginner Contest 221,2021,1633176000,abc221_e,E,LEQ,E. LEQ,1515.0,4094,"['combinatorics', 'data structure', 'implementation', 'modular arithmetic', 'sorting']",5,https://atcoder.jp/contests/abc221/tasks/abc221_e,51.256,,,
atcoder,abc,abc221,AtCoder Beginner Contest 221,2021,1633176000,abc221_f,F,Diameter set,F. Diameter set,2093.0,1767,"['tree diameter', 'dfs', 'combinatorics', 'tree distance', 'case work']",5,https://atcoder.jp/contests/abc221/tasks/abc221_f,61.336,,,
atcoder,abc,abc221,AtCoder Beginner Contest 221,2021,1633176000,abc221_g,G,Jumping sequence,G. Jumping sequence,2914.0,1051,"['coordinate geometry', 'dp', 'bitset', 'subset sum', 'path']",5,https://atcoder.jp/contests/abc221/tasks/abc221_g,75.654,,,
atcoder,abc,abc221,AtCoder Beginner Contest 221,2021,1633176000,abc221_h,H,Count Multiset,H. Count Multiset,2793.0,1013,"['dp', 'combinatorics', 'prefix sum', 'counting']",4,https://atcoder.jp/contests/abc221/tasks/abc221_h,73.544,,,
atcoder,abc,abc222,エクサウィザーズプログラミングコンテスト2021（AtCoder Beginner Contest 222）,2021,1633780800,abc222_a,A,Four Digits,A. Four Digits,-1316.0,17451,"['implementation', 'string']",2,https://atcoder.jp/contests/abc222/tasks/abc222_a,1.884,,,
atcoder,abc,abc222,エクサウィザーズプログラミングコンテスト2021（AtCoder Beginner Contest 222）,2021,1633780800,abc222_b,B,Failing Grade,B. Failing Grade,-1117.0,15099,"['counting', 'implementation']",2,https://atcoder.jp/contests/abc222/tasks/abc222_b,5.354,,,
atcoder,abc,abc222,エクサウィザーズプログラミングコンテスト2021（AtCoder Beginner Contest 222）,2021,1633780800,abc222_c,C,Swiss-System Tournament,C. Swiss-System Tournament,366.0,9225,"['simulation', 'sorting', 'implementation']",3,https://atcoder.jp/contests/abc222/tasks/abc222_c,31.217,,,
atcoder,abc,abc222,エクサウィザーズプログラミングコンテスト2021（AtCoder Beginner Contest 222）,2021,1633780800,abc222_d,D,Between Two Arrays,D. Between Two Arrays,865.0,8331,"['prefix sum', 'dp', 'implementation', 'modular arithmetic']",4,https://atcoder.jp/contests/abc222/tasks/abc222_d,39.92,,,
atcoder,abc,abc222,エクサウィザーズプログラミングコンテスト2021（AtCoder Beginner Contest 222）,2021,1633780800,abc222_e,E,Red and Blue Tree,E. Red and Blue Tree,1491.0,3756,"['dfs', 'dp', 'tree', 'counting', 'subset sum']",5,https://atcoder.jp/contests/abc222/tasks/abc222_e,50.837,,,
atcoder,abc,abc222,エクサウィザーズプログラミングコンテスト2021（AtCoder Beginner Contest 222）,2021,1633780800,abc222_f,F,Expensive Expense,F. Expensive Expense,1934.0,2409,"['dp on trees', 'rerooting', 'tree diameter', 'dijkstra']",4,https://atcoder.jp/contests/abc222/tasks/abc222_f,58.563,,,
atcoder,abc,abc222,エクサウィザーズプログラミングコンテスト2021（AtCoder Beginner Contest 222）,2021,1633780800,abc222_g,G,222,G. 222,2242.0,1368,"['number theory', 'modular arithmetic', 'euler theorem', 'discrete logarithm', 'baby step giant step']",5,https://atcoder.jp/contests/abc222/tasks/abc222_g,63.934,,,
atcoder,abc,abc222,エクサウィザーズプログラミングコンテスト2021（AtCoder Beginner Contest 222）,2021,1633780800,abc222_h,H,Beautiful Binary Tree,H. Beautiful Binary Tree,3477.0,305,"['generating function', 'lagrange inversion', 'combinatorics', 'tree', 'recurrence', 'formal power series']",6,https://atcoder.jp/contests/abc222/tasks/abc222_h,85.473,,,
atcoder,abc,abc223,AtCoder Beginner Contest 223,2021,1634472000,abc223_a,A,Exact Price,A. Exact Price,-1257.0,16076,"['implementation', 'math']",2,https://atcoder.jp/contests/abc223/tasks/abc223_a,2.912,,,
atcoder,abc,abc223,AtCoder Beginner Contest 223,2021,1634472000,abc223_b,B,String Shifting,B. String Shifting,-213.0,12001,"['implementation', 'string']",2,https://atcoder.jp/contests/abc223/tasks/abc223_b,21.12,,,
atcoder,abc,abc223,AtCoder Beginner Contest 223,2021,1634472000,abc223_c,C,Doukasen,C. Doukasen,351.0,9638,"['implementation', 'math', 'base conversion']",3,https://atcoder.jp/contests/abc223/tasks/abc223_c,30.956,,,
atcoder,abc,abc223,AtCoder Beginner Contest 223,2021,1634472000,abc223_d,D,Restricted Permutation,D. Restricted Permutation,1069.0,7038,"['graph', 'greedy', 'implementation', 'priority queue', 'topological sort']",5,https://atcoder.jp/contests/abc223/tasks/abc223_d,43.478,,,
atcoder,abc,abc223,AtCoder Beginner Contest 223,2021,1634472000,abc223_e,E,Placing Rectangles,E. Placing Rectangles,1510.0,2962,"['greedy', 'recursion', 'permutation', 'geometry', 'math', 'case work']",6,https://atcoder.jp/contests/abc223/tasks/abc223_e,51.168,,,
atcoder,abc,abc223,AtCoder Beginner Contest 223,2021,1634472000,abc223_f,F,Parenthesis Checking,F. Parenthesis Checking,1641.0,3171,"['balanced bracket sequence', 'lazy propagation', 'range minimum query', 'range update', 'segment tree']",5,https://atcoder.jp/contests/abc223/tasks/abc223_f,53.453,,,
atcoder,abc,abc223,AtCoder Beginner Contest 223,2021,1634472000,abc223_g,G,Vertex Deletion,G. Vertex Deletion,2351.0,1050,"['dp on trees', 'maximum matching', 'rerooting']",3,https://atcoder.jp/contests/abc223/tasks/abc223_g,65.835,,,
atcoder,abc,abc223,AtCoder Beginner Contest 223,2021,1634472000,abc223_h,H,Xor Query,H. Xor Query,2771.0,792,"['xor basis', 'gaussian elimination', 'linear algebra', 'range query', 'offline processing']",5,https://atcoder.jp/contests/abc223/tasks/abc223_h,73.16,,,
atcoder,abc,abc224,AtCoder Beginner Contest 224,2021,1634990400,abc224_a,A,Tires,A. Tires,-1263.0,16515,"['tree', 'implementation', 'string']",3,https://atcoder.jp/contests/abc224/tasks/abc224_a,2.808,,,
atcoder,abc,abc224,AtCoder Beginner Contest 224,2021,1634990400,abc224_b,B,Mongeness,B. Mongeness,-237.0,11708,"['grid', 'brute force', 'simulation', 'implementation', 'monge array']",5,https://atcoder.jp/contests/abc224/tasks/abc224_b,20.701,,,
atcoder,abc,abc224,AtCoder Beginner Contest 224,2021,1634990400,abc224_c,C,Triangle?,C. Triangle?,286.0,10233,"['brute force', 'computational geometry', 'vector', 'geometry']",4,https://atcoder.jp/contests/abc224/tasks/abc224_c,29.822,,,
atcoder,abc,abc224,AtCoder Beginner Contest 224,2021,1634990400,abc224_d,D,8 Puzzle on Graph,D. 8 Puzzle on Graph,1376.0,4812,"['bfs', 'search', 'permutation', 'shortest path', 'implicit graph']",5,https://atcoder.jp/contests/abc224/tasks/abc224_d,48.832,,,
atcoder,abc,abc224,AtCoder Beginner Contest 224,2021,1634990400,abc224_e,E,Integers on Grid,E. Integers on Grid,1657.0,3100,"['dp', 'sorting', 'grid', 'dp optimization']",4,https://atcoder.jp/contests/abc224/tasks/abc224_e,53.732,,,
atcoder,abc,abc224,AtCoder Beginner Contest 224,2021,1634990400,abc224_f,F,Problem where +s Separate Digits,F. Problem where +s Separate Digits,1733.0,2419,"['contribution counting', 'geometric progression', 'modular arithmetic', 'probability', 'combinatorics']",5,https://atcoder.jp/contests/abc224/tasks/abc224_f,55.058,,,
atcoder,abc,abc224,AtCoder Beginner Contest 224,2021,1634990400,abc224_g,G,Roll or Increment,G. Roll or Increment,2374.0,862,"['expectation', 'optimization', 'inequality', 'convexity', 'probability']",5,https://atcoder.jp/contests/abc224/tasks/abc224_g,66.236,,,
atcoder,abc,abc224,AtCoder Beginner Contest 224,2021,1634990400,abc224_h,H,Security Camera 2,H. Security Camera 2,2887.0,398,"['linear programming', 'duality', 'min cost flow', 'bipartite graph']",4,https://atcoder.jp/contests/abc224/tasks/abc224_h,75.183,,,
atcoder,abc,abc225,UNICORNプログラミングコンテスト2021(AtCoder Beginner Contest 225),2021,1635595200,abc225_a,A,Distinct Strings,A. Distinct Strings,-994.0,13547,"['case work', 'combinatorics', 'counting', 'implementation', 'string']",5,https://atcoder.jp/contests/abc225/tasks/abc225_a,7.499,,,
atcoder,abc,abc225,UNICORNプログラミングコンテスト2021(AtCoder Beginner Contest 225),2021,1635595200,abc225_b,B,Star or Not,B. Star or Not,-345.0,11841,"['degree', 'graph', 'implementation']",3,https://atcoder.jp/contests/abc225/tasks/abc225_b,18.818,,,
atcoder,abc,abc225,UNICORNプログラミングコンテスト2021(AtCoder Beginner Contest 225),2021,1635595200,abc225_c,C,Calendar Validator,C. Calendar Validator,318.0,9081,"['implementation', 'math', 'pattern']",3,https://atcoder.jp/contests/abc225/tasks/abc225_c,30.38,,,
atcoder,abc,abc225,UNICORNプログラミングコンテスト2021(AtCoder Beginner Contest 225),2021,1635595200,abc225_d,D,Play Train,D. Play Train,778.0,7675,"['connected components', 'data structure', 'implementation', 'linked list', 'simulation']",5,https://atcoder.jp/contests/abc225/tasks/abc225_d,38.403,,,
atcoder,abc,abc225,UNICORNプログラミングコンテスト2021(AtCoder Beginner Contest 225),2021,1635595200,abc225_e,E,7,E. 7,1678.0,2866,"['greedy', 'implementation', 'sorting']",3,https://atcoder.jp/contests/abc225/tasks/abc225_e,54.098,,,
atcoder,abc,abc225,UNICORNプログラミングコンテスト2021(AtCoder Beginner Contest 225),2021,1635595200,abc225_f,F,String Cards,F. String Cards,2612.0,1383,"['string', 'sorting', 'dp', 'lexicographical', 'dp on subsequences']",5,https://atcoder.jp/contests/abc225/tasks/abc225_f,70.387,,,
atcoder,abc,abc225,UNICORNプログラミングコンテスト2021(AtCoder Beginner Contest 225),2021,1635595200,abc225_g,G,X,G. X,2566.0,648,"['min cut', 'max flow', 'graph', 'grid']",4,https://atcoder.jp/contests/abc225/tasks/abc225_g,69.585,,,
atcoder,abc,abc225,UNICORNプログラミングコンテスト2021(AtCoder Beginner Contest 225),2021,1635595200,abc225_h,H,Social Distance 2,H. Social Distance 2,3061.0,265,"['combinatorics', 'formal power series', 'divide and conquer', 'polynomial', 'convolution', 'fft', 'ntt', 'binomial coefficient']",8,https://atcoder.jp/contests/abc225/tasks/abc225_h,78.218,,,
atcoder,abc,abc226,AtCoder Beginner Contest 226,2021,1636286400,abc226_a,A,Round decimals,A. Round decimals,-930.0,15572,"['implementation', 'math']",2,https://atcoder.jp/contests/abc226/tasks/abc226_a,8.615,,,
atcoder,abc,abc226,AtCoder Beginner Contest 226,2021,1636286400,abc226_b,B,Counting Arrays,B. Counting Arrays,107.0,12115,"['array', 'deduplication', 'hash set', 'implementation']",4,https://atcoder.jp/contests/abc226/tasks/abc226_b,26.7,,,
atcoder,abc,abc226,AtCoder Beginner Contest 226,2021,1636286400,abc226_c,C,Martial artist,C. Martial artist,539.0,9184,"['bfs', 'dependency', 'graph', 'implementation']",4,https://atcoder.jp/contests/abc226/tasks/abc226_c,34.234,,,
atcoder,abc,abc226,AtCoder Beginner Contest 226,2021,1636286400,abc226_d,D,Teleportation,D. Teleportation,706.0,7485,"['math', 'gcd', 'coordinate geometry', 'vector', 'set']",5,https://atcoder.jp/contests/abc226/tasks/abc226_d,37.147,,,
atcoder,abc,abc226,AtCoder Beginner Contest 226,2021,1636286400,abc226_e,E,Just one,E. Just one,1327.0,4579,"['graph theory', 'connected components', 'dfs', 'cycle', 'counting', 'modular arithmetic']",6,https://atcoder.jp/contests/abc226/tasks/abc226_e,47.977,,,
atcoder,abc,abc226,AtCoder Beginner Contest 226,2021,1636286400,abc226_f,F,Score of Permutations,F. Score of Permutations,2086.0,1463,"['combinatorics', 'dp', 'lcm', 'modular arithmetic', 'number theory']",5,https://atcoder.jp/contests/abc226/tasks/abc226_f,61.214,,,
atcoder,abc,abc226,AtCoder Beginner Contest 226,2021,1636286400,abc226_g,G,The baggage,G. The baggage,2373.0,945,"['greedy', 'constructive', 'math', 'simulation']",4,https://atcoder.jp/contests/abc226/tasks/abc226_g,66.219,,,
atcoder,abc,abc226,AtCoder Beginner Contest 226,2021,1636286400,abc226_h,H,Random Kth Max,H. Random Kth Max,2813.0,401,"['probability', 'expectation', 'dp', 'calculus', 'divide and conquer', 'modular arithmetic']",6,https://atcoder.jp/contests/abc226/tasks/abc226_h,73.893,,,
atcoder,abc,abc227,キーエンスプログラミングコンテスト2021-Nov. (AtCoder Beginner Contest 227),2021,1636804800,abc227_a,A,Last Card,A. Last Card,-779.0,12013,"['math', 'implementation', 'modular arithmetic']",3,https://atcoder.jp/contests/abc227/tasks/abc227_a,11.249,,,
atcoder,abc,abc227,キーエンスプログラミングコンテスト2021-Nov. (AtCoder Beginner Contest 227),2021,1636804800,abc227_b,B,KEYENCE building,B. KEYENCE building,-634.0,10562,"['brute force', 'implementation', 'set']",3,https://atcoder.jp/contests/abc227/tasks/abc227_b,13.777,,,
atcoder,abc,abc227,キーエンスプログラミングコンテスト2021-Nov. (AtCoder Beginner Contest 227),2021,1636804800,abc227_c,C,ABC conjecture,C. ABC conjecture,692.0,8559,"['counting', 'enumeration', 'math', 'number theory']",4,https://atcoder.jp/contests/abc227/tasks/abc227_c,36.903,,,
atcoder,abc,abc227,キーエンスプログラミングコンテスト2021-Nov. (AtCoder Beginner Contest 227),2021,1636804800,abc227_d,D,Project Planning,D. Project Planning,1643.0,4734,"['binary search', 'greedy', 'implementation']",3,https://atcoder.jp/contests/abc227/tasks/abc227_d,53.488,,,
atcoder,abc,abc227,キーエンスプログラミングコンテスト2021-Nov. (AtCoder Beginner Contest 227),2021,1636804800,abc227_e,E,Swap,E. Swap,2377.0,1600,"['dp', 'counting', 'combinatorics', 'permutation']",4,https://atcoder.jp/contests/abc227/tasks/abc227_e,66.289,,,
atcoder,abc,abc227,キーエンスプログラミングコンテスト2021-Nov. (AtCoder Beginner Contest 227),2021,1636804800,abc227_f,F,Treasure Hunting,F. Treasure Hunting,2323.0,1269,"['dp', 'dp on grids', 'enumeration', 'binary search on answer']",4,https://atcoder.jp/contests/abc227/tasks/abc227_f,65.347,,,
atcoder,abc,abc227,キーエンスプログラミングコンテスト2021-Nov. (AtCoder Beginner Contest 227),2021,1636804800,abc227_g,G,Divisors of Binomial Coefficient,G. Divisors of Binomial Coefficient,2207.0,1368,"['prime factorization', 'prime sieve', 'number theory', 'binomial coefficient', 'divisors']",5,https://atcoder.jp/contests/abc227/tasks/abc227_g,63.324,,,
atcoder,abc,abc227,キーエンスプログラミングコンテスト2021-Nov. (AtCoder Beginner Contest 227),2021,1636804800,abc227_h,H,Eat Them All,H. Eat Them All,3229.0,187,"['graph theory', 'spanning tree', 'max flow', 'euler tour']",4,https://atcoder.jp/contests/abc227/tasks/abc227_h,81.148,,,
atcoder,abc,abc228,トヨタシステムズプログラミングコンテスト2021(AtCoder Beginner Contest 228),2021,1637409600,abc228_a,A,On and Off,A. On and Off,-395.0,13051,"['case work', 'conditional', 'implementation', 'time']",4,https://atcoder.jp/contests/abc228/tasks/abc228_a,17.946,,,
atcoder,abc,abc228,トヨタシステムズプログラミングコンテスト2021(AtCoder Beginner Contest 228),2021,1637409600,abc228_b,B,Takahashi's Secret,B. Takahashi's Secret,-229.0,11767,"['simulation', 'array', 'tracking']",3,https://atcoder.jp/contests/abc228/tasks/abc228_b,20.841,,,
atcoder,abc,abc228,トヨタシステムズプログラミングコンテスト2021(AtCoder Beginner Contest 228),2021,1637409600,abc228_c,C,Final Day,C. Final Day,149.0,10353,"['greedy', 'implementation', 'sorting']",3,https://atcoder.jp/contests/abc228/tasks/abc228_c,27.433,,,
atcoder,abc,abc228,トヨタシステムズプログラミングコンテスト2021(AtCoder Beginner Contest 228),2021,1637409600,abc228_d,D,Linear Probing,D. Linear Probing,1035.0,5782,"['dsu', 'hash map', 'data structure']",3,https://atcoder.jp/contests/abc228/tasks/abc228_d,42.885,,,
atcoder,abc,abc228,トヨタシステムズプログラミングコンテスト2021(AtCoder Beginner Contest 228),2021,1637409600,abc228_e,E,Integer Sequence Fair,E. Integer Sequence Fair,1579.0,4053,"['modular exponentiation', 'fermat little theorem', 'modular arithmetic', 'number theory']",4,https://atcoder.jp/contests/abc228/tasks/abc228_e,52.372,,,
atcoder,abc,abc228,トヨタシステムズプログラミングコンテスト2021(AtCoder Beginner Contest 228),2021,1637409600,abc228_f,F,Stamp Game,F. Stamp Game,2179.0,1146,"['2d prefix sum', 'sliding window', 'game theory', 'grid', 'deque optimization']",5,https://atcoder.jp/contests/abc228/tasks/abc228_f,62.836,,,
atcoder,abc,abc228,トヨタシステムズプログラミングコンテスト2021(AtCoder Beginner Contest 228),2021,1637409600,abc228_g,G,Digits on Grid,G. Digits on Grid,2711.0,553,"['bipartite graph', 'dp', 'bitmask dp']",3,https://atcoder.jp/contests/abc228/tasks/abc228_g,72.114,,,
atcoder,abc,abc228,トヨタシステムズプログラミングコンテスト2021(AtCoder Beginner Contest 228),2021,1637409600,abc228_h,H,Histogram,H. Histogram,2729.0,538,"['dp', 'convex hull trick', 'sorting', 'optimization']",4,https://atcoder.jp/contests/abc228/tasks/abc228_h,72.428,,,
atcoder,abc,abc229,NECプログラミングコンテスト2021(AtCoder Beginner Contest 229),2021,1638014400,abc229_a,A,First Grid,A. First Grid,-721.0,12734,"['implementation', 'string', 'conditional', 'grid']",4,https://atcoder.jp/contests/abc229/tasks/abc229_a,12.26,,,
atcoder,abc,abc229,NECプログラミングコンテスト2021(AtCoder Beginner Contest 229),2021,1638014400,abc229_b,B,Hard Calculation,B. Hard Calculation,-501.0,12157,"['digit', 'implementation', 'math']",3,https://atcoder.jp/contests/abc229/tasks/abc229_b,16.097,,,
atcoder,abc,abc229,NECプログラミングコンテスト2021(AtCoder Beginner Contest 229),2021,1638014400,abc229_c,C,Cheese,C. Cheese,45.0,11501,"['greedy', 'optimization', 'sorting']",3,https://atcoder.jp/contests/abc229/tasks/abc229_c,25.619,,,
atcoder,abc,abc229,NECプログラミングコンテスト2021(AtCoder Beginner Contest 229),2021,1638014400,abc229_d,D,Longest X,D. Longest X,745.0,8354,"['sliding window', 'two pointer', 'prefix sum']",3,https://atcoder.jp/contests/abc229/tasks/abc229_d,37.827,,,
atcoder,abc,abc229,NECプログラミングコンテスト2021(AtCoder Beginner Contest 229),2021,1638014400,abc229_e,E,Graph Destruction,E. Graph Destruction,1015.0,5985,"['connected components', 'dsu', 'graph', 'implementation', 'offline processing', 'reversal']",6,https://atcoder.jp/contests/abc229/tasks/abc229_e,42.536,,,
atcoder,abc,abc229,NECプログラミングコンテスト2021(AtCoder Beginner Contest 229),2021,1638014400,abc229_f,F,Make Bipartite,F. Make Bipartite,1917.0,2168,"['bipartite graph', 'dp', 'graph theory', 'implementation']",4,https://atcoder.jp/contests/abc229/tasks/abc229_f,58.266,,,
atcoder,abc,abc229,NECプログラミングコンテスト2021(AtCoder Beginner Contest 229),2021,1638014400,abc229_g,G,Longest Y,G. Longest Y,2121.0,1349,"['binary search', 'median', 'prefix sum', 'coordinate geometry']",4,https://atcoder.jp/contests/abc229/tasks/abc229_g,61.824,,,
atcoder,abc,abc229,NECプログラミングコンテスト2021(AtCoder Beginner Contest 229),2021,1638014400,abc229_h,H,Advance or Eat,H. Advance or Eat,3308.0,172,"['game theory', 'partisan game', 'sprague grundy', 'dag', 'dp', 'evaluation']",6,https://atcoder.jp/contests/abc229/tasks/abc229_h,82.525,,,
atcoder,abc,abc230,AtCoder Beginner Contest 230,2021,1638532800,abc230_a,A,AtCoder Quiz 3,A. AtCoder Quiz 3,-1358.0,15803,"['implementation', 'string', 'conditional', 'math']",4,https://atcoder.jp/contests/abc230/tasks/abc230_a,1.151,,,
atcoder,abc,abc230,AtCoder Beginner Contest 230,2021,1638532800,abc230_b,B,Triple Metre,B. Triple Metre,-550.0,12540,"['string', 'pattern', 'substring', 'modular arithmetic']",4,https://atcoder.jp/contests/abc230/tasks/abc230_b,15.242,,,
atcoder,abc,abc230,AtCoder Beginner Contest 230,2021,1638532800,abc230_c,C,X drawing,C. X drawing,566.0,8332,"['grid', 'implementation', 'math']",3,https://atcoder.jp/contests/abc230/tasks/abc230_c,34.705,,,
atcoder,abc,abc230,AtCoder Beginner Contest 230,2021,1638532800,abc230_d,D,Destroyer Takahashi,D. Destroyer Takahashi,963.0,6448,"['greedy', 'sorting', 'interval']",3,https://atcoder.jp/contests/abc230/tasks/abc230_d,41.629,,,
atcoder,abc,abc230,AtCoder Beginner Contest 230,2021,1638532800,abc230_e,E,Fraction Floor Sum,E. Fraction Floor Sum,969.0,5988,"['implementation', 'number theory', 'sqrt decomposition']",3,https://atcoder.jp/contests/abc230/tasks/abc230_e,41.734,,,
atcoder,abc,abc230,AtCoder Beginner Contest 230,2021,1638532800,abc230_f,F,Predilection,F. Predilection,2113.0,1659,"['dp', 'prefix sum', 'map', 'greedy', 'modular arithmetic']",5,https://atcoder.jp/contests/abc230/tasks/abc230_f,61.685,,,
atcoder,abc,abc230,AtCoder Beginner Contest 230,2021,1638532800,abc230_g,G,GCD Permutation,G. GCD Permutation,2516.0,852,"['number theory', 'mobius function', 'inclusion exclusion', 'gcd', 'divisors']",5,https://atcoder.jp/contests/abc230/tasks/abc230_g,68.713,,,
atcoder,abc,abc230,AtCoder Beginner Contest 230,2021,1638532800,abc230_h,H,Bullion,H. Bullion,3528.0,147,"['generating function', 'multiset', 'calculus', 'divide and conquer fft', 'combinatorics', 'convolution']",6,https://atcoder.jp/contests/abc230/tasks/abc230_h,86.362,,,
atcoder,abc,abc231,パナソニックプログラミングコンテスト2021(AtCoder Beginner Contest 231),2021,1639224000,abc231_a,A,Water Pressure,A. Water Pressure,-1422.0,16934,"['implementation', 'math']",2,https://atcoder.jp/contests/abc231/tasks/abc231_a,0.035,,,
atcoder,abc,abc231,パナソニックプログラミングコンテスト2021(AtCoder Beginner Contest 231),2021,1639224000,abc231_b,B,Election,B. Election,-535.0,12724,"['counting', 'implementation', 'search', 'string']",4,https://atcoder.jp/contests/abc231/tasks/abc231_b,15.504,,,
atcoder,abc,abc231,パナソニックプログラミングコンテスト2021(AtCoder Beginner Contest 231),2021,1639224000,abc231_c,C,Counting 2,C. Counting 2,111.0,12711,"['binary search', 'implementation', 'query', 'sorting']",4,https://atcoder.jp/contests/abc231/tasks/abc231_c,26.77,,,
atcoder,abc,abc231,パナソニックプログラミングコンテスト2021(AtCoder Beginner Contest 231),2021,1639224000,abc231_d,D,Neighbors,D. Neighbors,726.0,7643,"['connected components', 'cycle', 'degree', 'graph', 'implementation']",5,https://atcoder.jp/contests/abc231/tasks/abc231_d,37.496,,,
atcoder,abc,abc231,パナソニックプログラミングコンテスト2021(AtCoder Beginner Contest 231),2021,1639224000,abc231_e,E,Minimal payments,E. Minimal payments,1740.0,2820,"['dp', 'greedy', 'number theory', 'optimization']",4,https://atcoder.jp/contests/abc231/tasks/abc231_e,55.18,,,
atcoder,abc,abc231,パナソニックプログラミングコンテスト2021(AtCoder Beginner Contest 231),2021,1639224000,abc231_f,F,Jealous Two,F. Jealous Two,1580.0,3078,"['coordinate compression', 'sorting', 'segment tree', '2d range counting', 'offline processing']",5,https://atcoder.jp/contests/abc231/tasks/abc231_f,52.389,,,
atcoder,abc,abc231,パナソニックプログラミングコンテスト2021(AtCoder Beginner Contest 231),2021,1639224000,abc231_g,G,Balls in Boxes,G. Balls in Boxes,2606.0,845,"['expectation', 'polynomial', 'dp', 'combinatorics', 'modular arithmetic']",5,https://atcoder.jp/contests/abc231/tasks/abc231_g,70.283,,,
atcoder,abc,abc231,パナソニックプログラミングコンテスト2021(AtCoder Beginner Contest 231),2021,1639224000,abc231_h,H,Minimum Coloring,H. Minimum Coloring,2681.0,501,"['edge', 'bipartite matching', 'min cost flow', 'graph theory']",4,https://atcoder.jp/contests/abc231/tasks/abc231_h,71.591,,,
atcoder,abc,abc232,M-SOLUTIONS プロコンオープン2021(AtCoder Beginner Contest 232),2021,1639915200,abc232_a,A,QQ solver,A. QQ solver,-1137.0,13580,"['string', 'math', 'parsing']",3,https://atcoder.jp/contests/abc232/tasks/abc232_a,5.005,,,
atcoder,abc,abc232,M-SOLUTIONS プロコンオープン2021(AtCoder Beginner Contest 232),2021,1639915200,abc232_b,B,Caesar Cipher,B. Caesar Cipher,-234.0,10670,"['string', 'modular arithmetic', 'implementation', 'encoding']",4,https://atcoder.jp/contests/abc232/tasks/abc232_b,20.753,,,
atcoder,abc,abc232,M-SOLUTIONS プロコンオープン2021(AtCoder Beginner Contest 232),2021,1639915200,abc232_c,C,Graph Isomorphism,C. Graph Isomorphism,685.0,7437,"['brute force', 'graph', 'permutation']",3,https://atcoder.jp/contests/abc232/tasks/abc232_c,36.781,,,
atcoder,abc,abc232,M-SOLUTIONS プロコンオープン2021(AtCoder Beginner Contest 232),2021,1639915200,abc232_d,D,Weak Takahashi,D. Weak Takahashi,539.0,8197,"['dp', 'dp on grids', '2d dp']",3,https://atcoder.jp/contests/abc232/tasks/abc232_d,34.234,,,
atcoder,abc,abc232,M-SOLUTIONS プロコンオープン2021(AtCoder Beginner Contest 232),2021,1639915200,abc232_e,E,Rook Path,E. Rook Path,1380.0,4008,"['dp', 'bitmask', 'matrix', 'combinatorics', 'modular arithmetic']",5,https://atcoder.jp/contests/abc232/tasks/abc232_e,48.901,,,
atcoder,abc,abc232,M-SOLUTIONS プロコンオープン2021(AtCoder Beginner Contest 232),2021,1639915200,abc232_f,F,Simple Operations on Sequence,F. Simple Operations on Sequence,1857.0,2129,"['dp', 'bitmask dp', 'permutation', 'inversion counting']",4,https://atcoder.jp/contests/abc232/tasks/abc232_f,57.22,,,
atcoder,abc,abc232,M-SOLUTIONS プロコンオープン2021(AtCoder Beginner Contest 232),2021,1639915200,abc232_g,G,Modulo Shortest Path,G. Modulo Shortest Path,2550.0,1153,"['shortest path', 'dijkstra', 'graph', 'modular arithmetic']",4,https://atcoder.jp/contests/abc232/tasks/abc232_g,69.306,,,
atcoder,abc,abc232,M-SOLUTIONS プロコンオープン2021(AtCoder Beginner Contest 232),2021,1639915200,abc232_h,H,King's Tour,H. King's Tour,2780.0,406,"['constructive', 'recursion', 'case work', 'grid', 'hamiltonian path']",5,https://atcoder.jp/contests/abc232/tasks/abc232_h,73.317,,,
atcoder,abc,abc233,AtCoder Beginner Contest 233,2021,1640433600,abc233_a,A,10yen Stamp,A. 10yen Stamp,-1110.0,15414,"['math', 'case work', 'implementation']",3,https://atcoder.jp/contests/abc233/tasks/abc233_a,5.476,,,
atcoder,abc,abc233,AtCoder Beginner Contest 233,2021,1640433600,abc233_b,B,A Reverse,B. A Reverse,-748.0,14263,"['string', 'two pointer', 'implementation']",3,https://atcoder.jp/contests/abc233/tasks/abc233_b,11.789,,,
atcoder,abc,abc233,AtCoder Beginner Contest 233,2021,1640433600,abc233_c,C,Product,C. Product,604.0,9963,"['dfs', 'backtracking', 'combinatorics', 'integer overflow']",4,https://atcoder.jp/contests/abc233/tasks/abc233_c,35.368,,,
atcoder,abc,abc233,AtCoder Beginner Contest 233,2021,1640433600,abc233_d,D,Count Interval,D. Count Interval,726.0,8823,"['prefix sum', 'hash map']",2,https://atcoder.jp/contests/abc233/tasks/abc233_d,37.496,,,
atcoder,abc,abc233,AtCoder Beginner Contest 233,2021,1640433600,abc233_e,E,Σ[k=0..10^100]floor(X／10^k),E. Σ[k=0..10^100]floor(X／10^k),969.0,6147,"['big integer', 'digit', 'math', 'implementation', 'string']",5,https://atcoder.jp/contests/abc233/tasks/abc233_e,41.734,,,
atcoder,abc,abc233,AtCoder Beginner Contest 233,2021,1640433600,abc233_f,F,Swap and Sort,F. Swap and Sort,2038.0,1755,"['connected components', 'dsu', 'graph', 'implementation', 'permutation', 'sorting']",6,https://atcoder.jp/contests/abc233/tasks/abc233_f,60.377,,,
atcoder,abc,abc233,AtCoder Beginner Contest 233,2021,1640433600,abc233_g,G,Strongest Takahashi,G. Strongest Takahashi,2438.0,977,"['dp', '2d dp', 'dp on grids', 'divide and conquer', 'range dp']",5,https://atcoder.jp/contests/abc233/tasks/abc233_g,67.353,,,
atcoder,abc,abc233,AtCoder Beginner Contest 233,2021,1640433600,abc233_h,Ex,Manhattan Christmas Tree ,Ex. Manhattan Christmas Tree ,2530.0,691,"['parallel binary search', 'coordinate geometry', 'plane sweep', 'binary indexed tree', 'manhattan distance']",5,https://atcoder.jp/contests/abc233/tasks/abc233_h,68.957,,,
atcoder,abc,abc234,AtCoder Beginner Contest 234,2022,1641643200,abc234_a,A,Weird Function,A. Weird Function,-1197.0,16506,"['implementation', 'function', 'math', 'simulation']",4,https://atcoder.jp/contests/abc234/tasks/abc234_a,3.959,,,
atcoder,abc,abc234,AtCoder Beginner Contest 234,2022,1641643200,abc234_b,B,Longest Segment,B. Longest Segment,-464.0,13735,"['brute force', 'coordinate geometry', 'euclidean distance', 'search']",4,https://atcoder.jp/contests/abc234/tasks/abc234_b,16.742,,,
atcoder,abc,abc234,AtCoder Beginner Contest 234,2022,1641643200,abc234_c,C,Happy New Year!,C. Happy New Year!,22.0,12416,"['implementation', 'base conversion']",2,https://atcoder.jp/contests/abc234/tasks/abc234_c,25.218,,,
atcoder,abc,abc234,AtCoder Beginner Contest 234,2022,1641643200,abc234_d,D,Prefix K-th Max,D. Prefix K-th Max,503.0,10442,"['priority queue', 'data structure']",2,https://atcoder.jp/contests/abc234/tasks/abc234_d,33.607,,,
atcoder,abc,abc234,AtCoder Beginner Contest 234,2022,1641643200,abc234_e,E,Arithmetic Number,E. Arithmetic Number,899.0,6560,"['enumeration', 'binary search', 'number theory', 'arithmetic progression', 'precomputation']",5,https://atcoder.jp/contests/abc234/tasks/abc234_e,40.513,,,
atcoder,abc,abc234,AtCoder Beginner Contest 234,2022,1641643200,abc234_f,F,Reordering,F. Reordering,1596.0,3518,"['dp', 'combinatorics', 'binomial coefficient', 'modular arithmetic', 'counting']",5,https://atcoder.jp/contests/abc234/tasks/abc234_f,52.668,,,
atcoder,abc,abc234,AtCoder Beginner Contest 234,2022,1641643200,abc234_g,G,Divide a Sequence,G. Divide a Sequence,2306.0,1261,"['dp', 'monotonic stack', 'modular arithmetic']",3,https://atcoder.jp/contests/abc234/tasks/abc234_g,65.051,,,
atcoder,abc,abc234,AtCoder Beginner Contest 234,2022,1641643200,abc234_h,Ex,Enumerate Pairs,Ex. Enumerate Pairs,2505.0,692,"['computational geometry', 'grid', 'hashing', 'bucket sort', 'complexity analysis']",5,https://atcoder.jp/contests/abc234/tasks/abc234_h,68.521,,,
atcoder,abc,abc235,HHKB プログラミングコンテスト 2022（AtCoder Beginner Contest 235）,2022,1642248000,abc235_a,A,Rotate,A. Rotate,-1104.0,16330,"['math', 'digit', 'implementation', 'string']",4,https://atcoder.jp/contests/abc235/tasks/abc235_a,5.581,,,
atcoder,abc,abc235,HHKB プログラミングコンテスト 2022（AtCoder Beginner Contest 235）,2022,1642248000,abc235_b,B,Climbing Takahashi,B. Climbing Takahashi,-806.0,14463,"['conditional', 'implementation', 'simulation']",3,https://atcoder.jp/contests/abc235/tasks/abc235_b,10.778,,,
atcoder,abc,abc235,HHKB プログラミングコンテスト 2022（AtCoder Beginner Contest 235）,2022,1642248000,abc235_c,C,The Kth Time Query,C. The Kth Time Query,210.0,11853,"['data structure', 'implementation', 'query']",3,https://atcoder.jp/contests/abc235/tasks/abc235_c,28.497,,,
atcoder,abc,abc235,HHKB プログラミングコンテスト 2022（AtCoder Beginner Contest 235）,2022,1642248000,abc235_d,D,Multiply and Rotate,D. Multiply and Rotate,862.0,7641,"['bfs', 'graph theory', 'shortest path', 'number theory', 'string', 'search']",6,https://atcoder.jp/contests/abc235/tasks/abc235_d,39.867,,,
atcoder,abc,abc235,HHKB プログラミングコンテスト 2022（AtCoder Beginner Contest 235）,2022,1642248000,abc235_e,E,MST + 1,E. MST + 1,1304.0,5087,"['minimum spanning tree', 'kruskal', 'dsu', 'parallel processing']",4,https://atcoder.jp/contests/abc235/tasks/abc235_e,47.576,,,
atcoder,abc,abc235,HHKB プログラミングコンテスト 2022（AtCoder Beginner Contest 235）,2022,1642248000,abc235_f,F,Variety of Digits,F. Variety of Digits,2129.0,1653,"['digit dp', 'bitmask dp', 'dp']",3,https://atcoder.jp/contests/abc235/tasks/abc235_f,61.964,,,
atcoder,abc,abc235,HHKB プログラミングコンテスト 2022（AtCoder Beginner Contest 235）,2022,1642248000,abc235_g,G,Gardens,G. Gardens,2462.0,968,"['inclusion exclusion', 'combinatorics', 'dp', 'modular arithmetic']",4,https://atcoder.jp/contests/abc235/tasks/abc235_g,67.771,,,
atcoder,abc,abc235,HHKB プログラミングコンテスト 2022（AtCoder Beginner Contest 235）,2022,1642248000,abc235_h,Ex,Painting Weighted Graph,Ex. Painting Weighted Graph,2967.0,313,"['minimum spanning tree', 'dp on trees', 'dp', 'dsu', 'polynomial']",5,https://atcoder.jp/contests/abc235/tasks/abc235_h,76.578,,,
atcoder,abc,abc236,AtCoder Beginner Contest 236,2022,1642939200,abc236_a,A,chukodai,A. chukodai,-1207.0,17161,"['implementation', 'string']",2,https://atcoder.jp/contests/abc236/tasks/abc236_a,3.784,,,
atcoder,abc,abc236,AtCoder Beginner Contest 236,2022,1642939200,abc236_b,B,Who is missing?,B. Who is missing?,-655.0,15222,"['counting', 'implementation']",2,https://atcoder.jp/contests/abc236/tasks/abc236_b,13.411,,,
atcoder,abc,abc236,AtCoder Beginner Contest 236,2022,1642939200,abc236_c,C,Route Map,C. Route Map,-245.0,13871,"['string', 'set', 'hash set', 'search']",4,https://atcoder.jp/contests/abc236/tasks/abc236_c,20.562,,,
atcoder,abc,abc236,AtCoder Beginner Contest 236,2022,1642939200,abc236_d,D,Dance,D. Dance,1190.0,6648,"['backtracking', 'bit manipulation', 'combinatorics', 'perfect matching', 'brute force']",5,https://atcoder.jp/contests/abc236/tasks/abc236_d,45.588,,,
atcoder,abc,abc236,AtCoder Beginner Contest 236,2022,1642939200,abc236_e,E,Average and Median,E. Average and Median,1893.0,3596,"['binary search', 'dp', 'optimization', 'median', 'binary search on answer']",5,https://atcoder.jp/contests/abc236/tasks/abc236_e,57.848,,,
atcoder,abc,abc236,AtCoder Beginner Contest 236,2022,1642939200,abc236_f,F,Spices,F. Spices,1943.0,2389,"['greedy', 'xor basis', 'bit manipulation', 'matroid']",4,https://atcoder.jp/contests/abc236/tasks/abc236_f,58.72,,,
atcoder,abc,abc236,AtCoder Beginner Contest 236,2022,1642939200,abc236_g,G,Good Vertices,G. Good Vertices,2438.0,1023,"['dp', 'matrix', 'graph theory', 'optimization', 'modular exponentiation']",5,https://atcoder.jp/contests/abc236/tasks/abc236_g,67.353,,,
atcoder,abc,abc236,AtCoder Beginner Contest 236,2022,1642939200,abc236_h,Ex,Distinct Multiples,Ex. Distinct Multiples,2898.0,658,"['inclusion exclusion', 'dp', 'subset dp', 'lcm', 'combinatorics', 'connected components', 'bitmask dp']",7,https://atcoder.jp/contests/abc236/tasks/abc236_h,75.375,,,
atcoder,abc,abc237,AtCoder Beginner Contest 237,2022,1643544000,abc237_a,A,Not Overflow,A. Not Overflow,-702.0,15357,"['tree', 'implementation']",2,https://atcoder.jp/contests/abc237/tasks/abc237_a,12.592,,,
atcoder,abc,abc237,AtCoder Beginner Contest 237,2022,1643544000,abc237_b,B,Matrix Transposition,B. Matrix Transposition,-449.0,14419,"['implementation', 'matrix']",2,https://atcoder.jp/contests/abc237/tasks/abc237_b,17.004,,,
atcoder,abc,abc237,AtCoder Beginner Contest 237,2022,1643544000,abc237_c,C,kasaka,C. kasaka,239.0,11528,"['implementation', 'palindrome', 'string']",3,https://atcoder.jp/contests/abc237/tasks/abc237_c,29.002,,,
atcoder,abc,abc237,AtCoder Beginner Contest 237,2022,1643544000,abc237_d,D,LR insertion,D. LR insertion,544.0,10841,"['deque', 'reasoning', 'simulation', 'constructive']",4,https://atcoder.jp/contests/abc237/tasks/abc237_d,34.322,,,
atcoder,abc,abc237,AtCoder Beginner Contest 237,2022,1643544000,abc237_e,E,Skiing,E. Skiing,1208.0,4917,"['shortest path', 'dijkstra', 'potential']",3,https://atcoder.jp/contests/abc237/tasks/abc237_e,45.902,,,
atcoder,abc,abc237,AtCoder Beginner Contest 237,2022,1643544000,abc237_f,F,|LIS| = 3,F. |LIS| = 3,1857.0,2609,"['dp', 'lis', 'counting', 'modular arithmetic']",4,https://atcoder.jp/contests/abc237/tasks/abc237_f,57.22,,,
atcoder,abc,abc237,AtCoder Beginner Contest 237,2022,1643544000,abc237_g,G,Range Sort Query,G. Range Sort Query,2088.0,1738,"['lazy segment tree', '0-1 transformation', 'range query', 'permutation']",4,https://atcoder.jp/contests/abc237/tasks/abc237_g,61.249,,,
atcoder,abc,abc237,AtCoder Beginner Contest 237,2022,1643544000,abc237_h,Ex,Hakata,Ex. Hakata,2807.0,529,"['palindrome', 'dag', 'dilworth theorem', 'path cover', 'maximum bipartite matching']",5,https://atcoder.jp/contests/abc237/tasks/abc237_h,73.788,,,
atcoder,abc,abc238,モノグサプログラミングコンテスト2022（AtCoder Beginner Contest 238）,2022,1644062400,abc238_a,A,Exponential or Quadratic,A. Exponential or Quadratic,-689.0,15086,"['implementation', 'math']",2,https://atcoder.jp/contests/abc238/tasks/abc238_a,12.818,,,
atcoder,abc,abc238,モノグサプログラミングコンテスト2022（AtCoder Beginner Contest 238）,2022,1644062400,abc238_b,B,Pizza,B. Pizza,88.0,11825,"['prefix sum', 'implementation', 'modular arithmetic', 'sorting']",4,https://atcoder.jp/contests/abc238/tasks/abc238_b,26.369,,,
atcoder,abc,abc238,モノグサプログラミングコンテスト2022（AtCoder Beginner Contest 238）,2022,1644062400,abc238_c,C,digitnum,C. digitnum,637.0,8948,"['digit', 'implementation', 'math', 'modular arithmetic']",4,https://atcoder.jp/contests/abc238/tasks/abc238_c,35.943,,,
atcoder,abc,abc238,モノグサプログラミングコンテスト2022（AtCoder Beginner Contest 238）,2022,1644062400,abc238_d,D,AND and SUM,D. AND and SUM,921.0,7536,"['bit manipulation', 'math', 'constructive']",3,https://atcoder.jp/contests/abc238/tasks/abc238_d,40.896,,,
atcoder,abc,abc238,モノグサプログラミングコンテスト2022（AtCoder Beginner Contest 238）,2022,1644062400,abc238_e,E,Range Sums,E. Range Sums,1577.0,5144,"['dsu', 'connectivity', 'prefix sum']",3,https://atcoder.jp/contests/abc238/tasks/abc238_e,52.337,,,
atcoder,abc,abc238,モノグサプログラミングコンテスト2022（AtCoder Beginner Contest 238）,2022,1644062400,abc238_f,F,Two Exams,F. Two Exams,2058.0,2114,"['dp', 'permutation', 'counting', 'dp optimization']",4,https://atcoder.jp/contests/abc238/tasks/abc238_f,60.725,,,
atcoder,abc,abc238,モノグサプログラミングコンテスト2022（AtCoder Beginner Contest 238）,2022,1644062400,abc238_g,G,Cubic?,G. Cubic?,2254.0,1685,"['hashing', 'prime factorization', 'prefix xor', 'randomization']",4,https://atcoder.jp/contests/abc238/tasks/abc238_g,64.144,,,
atcoder,abc,abc238,モノグサプログラミングコンテスト2022（AtCoder Beginner Contest 238）,2022,1644062400,abc238_h,Ex,Removing People,Ex. Removing People,3247.0,223,"['interval dp', 'expectation', 'combinatorics', 'modular arithmetic', 'dp on ring']",5,https://atcoder.jp/contests/abc238/tasks/abc238_h,81.461,,,
atcoder,abc,abc239,デンソークリエイトプログラミングコンテスト2022（AtCoder Beginner Contest 239）,2022,1645272000,abc239_a,A,Horizon,A. Horizon,-788.0,14021,"['math', 'implementation', 'data types']",3,https://atcoder.jp/contests/abc239/tasks/abc239_a,11.092,,,
atcoder,abc,abc239,デンソークリエイトプログラミングコンテスト2022（AtCoder Beginner Contest 239）,2022,1645272000,abc239_b,B,Integer Division,B. Integer Division,-378.0,12462,"['math', 'implementation']",2,https://atcoder.jp/contests/abc239/tasks/abc239_b,18.242,,,
atcoder,abc,abc239,デンソークリエイトプログラミングコンテスト2022（AtCoder Beginner Contest 239）,2022,1645272000,abc239_c,C,Knight Fork,C. Knight Fork,119.0,10533,"['geometry', 'euclidean distance', 'lattice points', 'brute force', 'observation']",5,https://atcoder.jp/contests/abc239/tasks/abc239_c,26.91,,,
atcoder,abc,abc239,デンソークリエイトプログラミングコンテスト2022（AtCoder Beginner Contest 239）,2022,1645272000,abc239_d,D,Prime Sum Game,D. Prime Sum Game,215.0,9950,"['brute force', 'game theory', 'number theory', 'primality test']",4,https://atcoder.jp/contests/abc239/tasks/abc239_d,28.584,,,
atcoder,abc,abc239,デンソークリエイトプログラミングコンテスト2022（AtCoder Beginner Contest 239）,2022,1645272000,abc239_e,E,Subtree K-th Max,E. Subtree K-th Max,1084.0,5942,"['dfs', 'implementation', 'tree', 'dp on trees']",4,https://atcoder.jp/contests/abc239/tasks/abc239_e,43.739,,,
atcoder,abc,abc239,デンソークリエイトプログラミングコンテスト2022（AtCoder Beginner Contest 239）,2022,1645272000,abc239_f,F,Construct Highway,F. Construct Highway,1959.0,1994,"['graph theory', 'tree', 'degree', 'connected components', 'greedy', 'dsu']",6,https://atcoder.jp/contests/abc239/tasks/abc239_f,58.999,,,
atcoder,abc,abc239,デンソークリエイトプログラミングコンテスト2022（AtCoder Beginner Contest 239）,2022,1645272000,abc239_g,G,Builder Takahashi,G. Builder Takahashi,2215.0,1333,"['min cut', 'max flow', 'vertex', 'flow']",4,https://atcoder.jp/contests/abc239/tasks/abc239_g,63.464,,,
atcoder,abc,abc239,デンソークリエイトプログラミングコンテスト2022（AtCoder Beginner Contest 239）,2022,1645272000,abc239_h,Ex,Dice Product 2,Ex. Dice Product 2,2686.0,714,"['dp', 'expectation', 'modular arithmetic', 'math', 'memoization']",5,https://atcoder.jp/contests/abc239/tasks/abc239_h,71.678,,,
atcoder,abc,abc240,AtCoder Beginner Contest 240,2022,1645358400,abc240_a,A,Edge Checker,A. Edge Checker,-1214.0,17680,"['implementation', 'conditional', 'math']",3,https://atcoder.jp/contests/abc240/tasks/abc240_a,3.662,,,
atcoder,abc,abc240,AtCoder Beginner Contest 240,2022,1645358400,abc240_b,B,Count Distinct Integers,B. Count Distinct Integers,-819.0,15267,"['set', 'sorting', 'counting']",3,https://atcoder.jp/contests/abc240/tasks/abc240_b,10.551,,,
atcoder,abc,abc240,AtCoder Beginner Contest 240,2022,1645358400,abc240_c,C,Jumping Takahashi,C. Jumping Takahashi,464.0,11566,"['dp', 'reachability']",2,https://atcoder.jp/contests/abc240/tasks/abc240_c,32.926,,,
atcoder,abc,abc240,AtCoder Beginner Contest 240,2022,1645358400,abc240_d,D,Strange Balls,D. Strange Balls,570.0,9725,"['stack', 'simulation']",2,https://atcoder.jp/contests/abc240/tasks/abc240_d,34.775,,,
atcoder,abc,abc240,AtCoder Beginner Contest 240,2022,1645358400,abc240_e,E,Ranges on Tree,E. Ranges on Tree,1068.0,4937,"['dfs', 'implementation', 'tree']",3,https://atcoder.jp/contests/abc240/tasks/abc240_e,43.46,,,
atcoder,abc,abc240,AtCoder Beginner Contest 240,2022,1645358400,abc240_f,F,Sum Sum Max,F. Sum Sum Max,1589.0,2736,"['prefix sum', 'math', 'ternary search', 'convex optimization']",4,https://atcoder.jp/contests/abc240/tasks/abc240_f,52.546,,,
atcoder,abc,abc240,AtCoder Beginner Contest 240,2022,1645358400,abc240_g,G,Teleporting Takahashi,G. Teleporting Takahashi,2462.0,1061,"['combinatorics', 'binomial coefficient', 'coordinate geometry', 'grid path', 'modular arithmetic', 'counting', 'sum']",7,https://atcoder.jp/contests/abc240/tasks/abc240_g,67.771,,,
atcoder,abc,abc240,AtCoder Beginner Contest 240,2022,1645358400,abc240_h,Ex,Sequence of Substrings,Ex. Sequence of Substrings,3184.0,720,"['dp', 'trie', 'segment tree', 'lis', 'string', 'lexicographical']",6,https://atcoder.jp/contests/abc240/tasks/abc240_h,80.363,,,
atcoder,abc,abc241,AtCoder Beginner Contest 241（Sponsored by Panasonic）,2022,1645876800,abc241_a,A,Digit Machine,A. Digit Machine,-923.0,16266,"['simulation', 'implementation', 'array']",3,https://atcoder.jp/contests/abc241/tasks/abc241_a,8.737,,,
atcoder,abc,abc241,AtCoder Beginner Contest 241（Sponsored by Panasonic）,2022,1645876800,abc241_b,B,Pasta,B. Pasta,-503.0,14985,"['counting', 'implementation', 'matching']",3,https://atcoder.jp/contests/abc241/tasks/abc241_b,16.062,,,
atcoder,abc,abc241,AtCoder Beginner Contest 241（Sponsored by Panasonic）,2022,1645876800,abc241_c,C,Connect 6,C. Connect 6,664.0,9398,"['grid', 'brute force', 'enumeration', 'implementation', '2d array']",5,https://atcoder.jp/contests/abc241/tasks/abc241_c,36.414,,,
atcoder,abc,abc241,AtCoder Beginner Contest 241（Sponsored by Panasonic）,2022,1645876800,abc241_d,D,Sequence Query,D. Sequence Query,1177.0,7327,"['data structure', 'order statistic tree', 'multiset', 'binary indexed tree', 'segment tree', 'binary search', 'coordinate compression', 'query']",8,https://atcoder.jp/contests/abc241/tasks/abc241_d,45.361,,,
atcoder,abc,abc241,AtCoder Beginner Contest 241（Sponsored by Panasonic）,2022,1645876800,abc241_e,E,Putting Candies,E. Putting Candies,1248.0,5172,"['cycle', 'binary lifting', 'modular arithmetic', 'functional graph']",4,https://atcoder.jp/contests/abc241/tasks/abc241_e,46.599,,,
atcoder,abc,abc241,AtCoder Beginner Contest 241（Sponsored by Panasonic）,2022,1645876800,abc241_f,F,Skate,F. Skate,1888.0,2324,"['bfs', 'data structure', 'graph', 'grid', 'shortest path']",5,https://atcoder.jp/contests/abc241/tasks/abc241_f,57.761,,,
atcoder,abc,abc241,AtCoder Beginner Contest 241（Sponsored by Panasonic）,2022,1645876800,abc241_g,G,Round Robin,G. Round Robin,2422.0,927,"['max flow', 'graph', 'flow', 'validation']",4,https://atcoder.jp/contests/abc241/tasks/abc241_g,67.074,,,
atcoder,abc,abc241,AtCoder Beginner Contest 241（Sponsored by Panasonic）,2022,1645876800,abc241_h,Ex,Card Deck Score,Ex. Card Deck Score,2881.0,515,"['generating function', 'math', 'modular arithmetic', 'bitmask', 'combinatorics', 'modular inverse']",6,https://atcoder.jp/contests/abc241/tasks/abc241_h,75.078,,,
atcoder,abc,abc242,AtCoder Beginner Contest 242,2022,1646481600,abc242_a,A,T-shirt,A. T-shirt,-555.0,15587,"['case work', 'implementation', 'probability']",3,https://atcoder.jp/contests/abc242/tasks/abc242_a,15.155,,,
atcoder,abc,abc242,AtCoder Beginner Contest 242,2022,1646481600,abc242_b,B,Minimize Ordering,B. Minimize Ordering,-478.0,15102,"['implementation', 'search', 'set']",3,https://atcoder.jp/contests/abc242/tasks/abc242_b,16.498,,,
atcoder,abc,abc242,AtCoder Beginner Contest 242,2022,1646481600,abc242_c,C,1111gal password,C. 1111gal password,512.0,10849,"['counting', 'digit dp', 'dp', 'modular arithmetic']",4,https://atcoder.jp/contests/abc242/tasks/abc242_c,33.764,,,
atcoder,abc,abc242,AtCoder Beginner Contest 242,2022,1646481600,abc242_d,D,ABC Transform,D. ABC Transform,1286.0,5436,"['implementation', 'recursion', 'string']",3,https://atcoder.jp/contests/abc242/tasks/abc242_d,47.262,,,
atcoder,abc,abc242,AtCoder Beginner Contest 242,2022,1646481600,abc242_e,E,(∀x∀),E. (∀x∀),1365.0,4532,"['combinatorics', 'counting', 'dp', 'lexicographical', 'palindrome', 'string']",6,https://atcoder.jp/contests/abc242/tasks/abc242_e,48.64,,,
atcoder,abc,abc242,AtCoder Beginner Contest 242,2022,1646481600,abc242_f,F,Black and White Rooks,F. Black and White Rooks,2268.0,1331,"['dp', 'inclusion exclusion', 'combinatorics', 'counting', 'binomial coefficient']",5,https://atcoder.jp/contests/abc242/tasks/abc242_f,64.388,,,
atcoder,abc,abc242,AtCoder Beginner Contest 242,2022,1646481600,abc242_g,G,Range Pairing Query,G. Range Pairing Query,1828.0,2875,"[""mo's algorithm"", 'sqrt decomposition', 'range query']",3,https://atcoder.jp/contests/abc242/tasks/abc242_g,56.714,,,
atcoder,abc,abc242,AtCoder Beginner Contest 242,2022,1646481600,abc242_h,Ex,Random Painting,Ex. Random Painting,2835.0,573,"['expectation', 'dp', 'inclusion exclusion', 'probability', 'combinatorics']",5,https://atcoder.jp/contests/abc242/tasks/abc242_h,74.276,,,
atcoder,abc,abc243,AtCoder Beginner Contest 243,2022,1647086400,abc243_a,A,Shampoo,A. Shampoo,-841.0,15693,"['simulation', 'conditional', 'modular arithmetic']",3,https://atcoder.jp/contests/abc243/tasks/abc243_a,10.167,,,
atcoder,abc,abc243,AtCoder Beginner Contest 243,2022,1647086400,abc243_b,B,Hit and Blow,B. Hit and Blow,-692.0,14376,"['implementation', 'array', 'hash map', 'counting']",4,https://atcoder.jp/contests/abc243/tasks/abc243_b,12.766,,,
atcoder,abc,abc243,AtCoder Beginner Contest 243,2022,1647086400,abc243_c,C,Collision 2,C. Collision 2,409.0,10745,"['geometry', 'hash map', 'greedy', 'implementation', 'observation']",5,https://atcoder.jp/contests/abc243/tasks/abc243_c,31.967,,,
atcoder,abc,abc243,AtCoder Beginner Contest 243,2022,1647086400,abc243_d,D,Moves on Binary Tree,D. Moves on Binary Tree,758.0,9026,"['binary tree', 'implementation', 'simulation', 'string']",4,https://atcoder.jp/contests/abc243/tasks/abc243_d,38.054,,,
atcoder,abc,abc243,AtCoder Beginner Contest 243,2022,1647086400,abc243_e,E,Edge Deletion,E. Edge Deletion,1637.0,4446,"['floyd warshall', 'graph', 'implementation', 'shortest path']",4,https://atcoder.jp/contests/abc243/tasks/abc243_e,53.383,,,
atcoder,abc,abc243,AtCoder Beginner Contest 243,2022,1647086400,abc243_f,F,Lottery,F. Lottery,2125.0,1775,"['dp', 'probability', 'combinatorics', 'modular arithmetic']",4,https://atcoder.jp/contests/abc243/tasks/abc243_f,61.894,,,
atcoder,abc,abc243,AtCoder Beginner Contest 243,2022,1647086400,abc243_g,G,Sqrt,G. Sqrt,2032.0,2003,"['dp', 'sqrt decomposition', 'prefix sum', 'number theory']",4,https://atcoder.jp/contests/abc243/tasks/abc243_g,60.272,,,
atcoder,abc,abc243,AtCoder Beginner Contest 243,2022,1647086400,abc243_h,Ex,Builder Takahashi (Enhanced version),Ex. Builder Takahashi (Enhanced version),3884.0,112,"['shortest path', 'dp', 'grid graph', 'parity', 'counting']",5,https://atcoder.jp/contests/abc243/tasks/abc243_h,92.571,,,
atcoder,abc,abc244,AtCoder Beginner Contest 244,2022,1647777600,abc244_a,A,Last Letter,A. Last Letter,-1271.0,15678,"['string', 'implementation']",2,https://atcoder.jp/contests/abc244/tasks/abc244_a,2.668,,,
atcoder,abc,abc244,AtCoder Beginner Contest 244,2022,1647777600,abc244_b,B,Go Straight and Turn Right,B. Go Straight and Turn Right,-637.0,12955,"['implementation', 'simulation', 'string']",3,https://atcoder.jp/contests/abc244/tasks/abc244_b,13.725,,,
atcoder,abc,abc244,AtCoder Beginner Contest 244,2022,1647777600,abc244_c,C,Yamanote Line Game,C. Yamanote Line Game,46.0,10701,"['game theory', 'implementation', 'interactive']",3,https://atcoder.jp/contests/abc244/tasks/abc244_c,25.637,,,
atcoder,abc,abc244,AtCoder Beginner Contest 244,2022,1647777600,abc244_d,D,Swap Hats,D. Swap Hats,47.0,9745,"['permutation', 'parity', 'inversion']",3,https://atcoder.jp/contests/abc244/tasks/abc244_d,25.654,,,
atcoder,abc,abc244,AtCoder Beginner Contest 244,2022,1647777600,abc244_e,E,King Bombee,E. King Bombee,1125.0,5022,"['dp', 'graph', 'parity', 'modular arithmetic']",4,https://atcoder.jp/contests/abc244/tasks/abc244_e,44.454,,,
atcoder,abc,abc244,AtCoder Beginner Contest 244,2022,1647777600,abc244_f,F,Shortest Good Path,F. Shortest Good Path,1661.0,2544,"['bfs', 'bitmask', 'graph', 'shortest path', 'search']",5,https://atcoder.jp/contests/abc244/tasks/abc244_f,53.802,,,
atcoder,abc,abc244,AtCoder Beginner Contest 244,2022,1647777600,abc244_g,G,Construct Good Path,G. Construct Good Path,2117.0,1123,"['graph theory', 'spanning tree', 'dfs', 'constructive', 'parity']",5,https://atcoder.jp/contests/abc244/tasks/abc244_g,61.754,,,
atcoder,abc,abc244,AtCoder Beginner Contest 244,2022,1647777600,abc244_h,Ex,Linear Maximization,Ex. Linear Maximization,2878.0,385,"['convex hull', 'segment tree', 'computational geometry', 'binary search', 'dynamic data structure']",5,https://atcoder.jp/contests/abc244/tasks/abc244_h,75.026,,,
atcoder,abc,abc245,AtCoder Beginner Contest 245,2022,1648296000,abc245_a,A,Good morning,A. Good morning,-716.0,15792,"['comparison', 'implementation', 'time']",3,https://atcoder.jp/contests/abc245/tasks/abc245_a,12.347,,,
atcoder,abc,abc245,AtCoder Beginner Contest 245,2022,1648296000,abc245_b,B,Mex,B. Mex,-523.0,14895,"['array', 'implementation', 'mex', 'set']",4,https://atcoder.jp/contests/abc245/tasks/abc245_b,15.713,,,
atcoder,abc,abc245,AtCoder Beginner Contest 245,2022,1648296000,abc245_c,C,Choose Elements,C. Choose Elements,403.0,11820,"['dp', 'sequence']",2,https://atcoder.jp/contests/abc245/tasks/abc245_c,31.863,,,
atcoder,abc,abc245,AtCoder Beginner Contest 245,2022,1648296000,abc245_d,D,Polynomial division,D. Polynomial division,815.0,7550,"['polynomial', 'greedy', 'algebra']",3,https://atcoder.jp/contests/abc245/tasks/abc245_d,39.048,,,
atcoder,abc,abc245,AtCoder Beginner Contest 245,2022,1648296000,abc245_e,E,Wrapping Chocolate,E. Wrapping Chocolate,1571.0,4353,"['greedy', 'sorting', 'binary search', 'data structure', 'multiset']",5,https://atcoder.jp/contests/abc245/tasks/abc245_e,52.232,,,
atcoder,abc,abc245,AtCoder Beginner Contest 245,2022,1648296000,abc245_f,F,Endless Walk,F. Endless Walk,1451.0,4268,"['graph theory', 'topological sort', 'bfs', 'queue', 'cycle']",5,https://atcoder.jp/contests/abc245/tasks/abc245_f,50.14,,,
atcoder,abc,abc245,AtCoder Beginner Contest 245,2022,1648296000,abc245_g,G,Foreign Friends,G. Foreign Friends,2270.0,1256,"['dijkstra', 'shortest path', 'graph', 'multi source']",4,https://atcoder.jp/contests/abc245/tasks/abc245_g,64.423,,,
atcoder,abc,abc245,AtCoder Beginner Contest 245,2022,1648296000,abc245_h,Ex,Product Modulo 2,Ex. Product Modulo 2,3057.0,387,"['number theory', 'prime factorization', 'math', 'dp', 'matrix', 'modular arithmetic', 'counting']",7,https://atcoder.jp/contests/abc245/tasks/abc245_h,78.148,,,
atcoder,abc,abc246,AtCoder Beginner Contest 246,2022,1648900800,abc246_a,A,Four Points,A. Four Points,-670.0,15460,"['case work', 'coordinate geometry', 'implementation']",3,https://atcoder.jp/contests/abc246/tasks/abc246_a,13.15,,,
atcoder,abc,abc246,AtCoder Beginner Contest 246,2022,1648900800,abc246_b,B,Get Closer,B. Get Closer,-250.0,12872,"['coordinate geometry', 'euclidean distance', 'implementation', 'vector']",4,https://atcoder.jp/contests/abc246/tasks/abc246_b,20.474,,,
atcoder,abc,abc246,AtCoder Beginner Contest 246,2022,1648900800,abc246_c,C,Coupon,C. Coupon,330.0,11421,"['greedy', 'implementation', 'priority queue', 'sorting']",4,https://atcoder.jp/contests/abc246/tasks/abc246_c,30.589,,,
atcoder,abc,abc246,AtCoder Beginner Contest 246,2022,1648900800,abc246_d,D,2-variable Function,D. 2-variable Function,1148.0,7771,"['two pointer', 'monotonic', 'math', 'enumeration']",4,https://atcoder.jp/contests/abc246/tasks/abc246_d,44.855,,,
atcoder,abc,abc246,AtCoder Beginner Contest 246,2022,1648900800,abc246_e,E,Bishop 2,E. Bishop 2,1476.0,4405,"['bfs', 'graph', 'implementation', 'shortest path']",4,https://atcoder.jp/contests/abc246/tasks/abc246_e,50.576,,,
atcoder,abc,abc246,AtCoder Beginner Contest 246,2022,1648900800,abc246_f,F,typewriter,F. typewriter,1677.0,3181,"['inclusion exclusion', 'formula', 'number theory', 'subset']",4,https://atcoder.jp/contests/abc246/tasks/abc246_f,54.081,,,
atcoder,abc,abc246,AtCoder Beginner Contest 246,2022,1648900800,abc246_g,G,Game on Tree 3,G. Game on Tree 3,2313.0,1205,"['binary search', 'dp on trees', 'game theory']",3,https://atcoder.jp/contests/abc246/tasks/abc246_g,65.173,,,
atcoder,abc,abc246,AtCoder Beginner Contest 246,2022,1648900800,abc246_h,Ex,01? Queries,Ex. 01? Queries,2677.0,989,"['dp', 'matrix', 'segment tree']",3,https://atcoder.jp/contests/abc246/tasks/abc246_h,71.521,,,
atcoder,abc,abc247,AtCoder Beginner Contest 247,2022,1649592000,abc247_a,A,Move Right,A. Move Right,-944.0,15279,"['implementation', 'string']",2,https://atcoder.jp/contests/abc247/tasks/abc247_a,8.371,,,
atcoder,abc,abc247,AtCoder Beginner Contest 247,2022,1649592000,abc247_b,B,Unique Nicknames,B. Unique Nicknames,127.0,11268,"['implementation', 'set', 'string', 'string matching', 'validation']",5,https://atcoder.jp/contests/abc247/tasks/abc247_b,27.049,,,
atcoder,abc,abc247,AtCoder Beginner Contest 247,2022,1649592000,abc247_c,C,1 2 1 3 1 2 1,C. 1 2 1 3 1 2 1,5.0,14087,"['implementation', 'recursion', 'sequence']",3,https://atcoder.jp/contests/abc247/tasks/abc247_c,24.922,,,
atcoder,abc,abc247,AtCoder Beginner Contest 247,2022,1649592000,abc247_d,D,Cylinder,D. Cylinder,468.0,10473,"['simulation', 'compression', 'deque', 'queue', 'data structure']",5,https://atcoder.jp/contests/abc247/tasks/abc247_d,32.996,,,
atcoder,abc,abc247,AtCoder Beginner Contest 247,2022,1649592000,abc247_e,E,Max Min,E. Max Min,1256.0,5437,"['counting', 'implementation', 'string']",3,https://atcoder.jp/contests/abc247/tasks/abc247_e,46.739,,,
atcoder,abc,abc247,AtCoder Beginner Contest 247,2022,1649592000,abc247_f,F,Cards,F. Cards,1697.0,3127,"['graph theory', 'cycle', 'combinatorics', 'dp', 'lucas numbers', 'permutation', 'edge', 'recurrence']",8,https://atcoder.jp/contests/abc247/tasks/abc247_f,54.43,,,
atcoder,abc,abc247,AtCoder Beginner Contest 247,2022,1649592000,abc247_g,G,Dream Team,G. Dream Team,2159.0,1221,"['min cost flow', 'bipartite matching', 'maximum weight matching', 'graph theory', 'flow']",5,https://atcoder.jp/contests/abc247/tasks/abc247_g,62.487,,,
atcoder,abc,abc247,AtCoder Beginner Contest 247,2022,1649592000,abc247_h,Ex,Rearranging Problem,Ex. Rearranging Problem,2664.0,394,"['permutation', 'dp', 'combinatorics', 'graph theory', 'parity', 'modular arithmetic']",6,https://atcoder.jp/contests/abc247/tasks/abc247_h,71.294,,,
atcoder,abc,abc248,ユニークビジョンプログラミングコンテスト2022（AtCoder Beginner Contest 248）,2022,1650110400,abc248_a,A,Lacked Number,A. Lacked Number,-769.0,14964,"['implementation', 'search', 'string']",3,https://atcoder.jp/contests/abc248/tasks/abc248_a,11.423,,,
atcoder,abc,abc248,ユニークビジョンプログラミングコンテスト2022（AtCoder Beginner Contest 248）,2022,1650110400,abc248_b,B,Slimes,B. Slimes,-511.0,13363,"['simulation', 'implementation']",2,https://atcoder.jp/contests/abc248/tasks/abc248_b,15.923,,,
atcoder,abc,abc248,ユニークビジョンプログラミングコンテスト2022（AtCoder Beginner Contest 248）,2022,1650110400,abc248_c,C,Dice Sum,C. Dice Sum,787.0,9089,"['dp', 'combinatorics', 'modular arithmetic']",3,https://atcoder.jp/contests/abc248/tasks/abc248_c,38.559,,,
atcoder,abc,abc248,ユニークビジョンプログラミングコンテスト2022（AtCoder Beginner Contest 248）,2022,1650110400,abc248_d,D,Range Count Query,D. Range Count Query,793.0,9556,"['binary search', 'data structure', 'implementation', 'query']",4,https://atcoder.jp/contests/abc248/tasks/abc248_d,38.664,,,
atcoder,abc,abc248,ユニークビジョンプログラミングコンテスト2022（AtCoder Beginner Contest 248）,2022,1650110400,abc248_e,E,K-colinear Line,E. K-colinear Line,1292.0,4444,"['computational geometry', 'geometry', 'vector', 'brute force', 'enumeration']",5,https://atcoder.jp/contests/abc248/tasks/abc248_e,47.367,,,
atcoder,abc,abc248,ユニークビジョンプログラミングコンテスト2022（AtCoder Beginner Contest 248）,2022,1650110400,abc248_f,F,Keep Connect,F. Keep Connect,1828.0,2176,"['dp', 'connectivity', 'combinatorics', 'modular arithmetic', 'state']",5,https://atcoder.jp/contests/abc248/tasks/abc248_f,56.714,,,
atcoder,abc,abc248,ユニークビジョンプログラミングコンテスト2022（AtCoder Beginner Contest 248）,2022,1650110400,abc248_g,G,GCD cost on the tree,G. GCD cost on the tree,2514.0,813,"['dp on trees', 'gcd', 'dfs']",3,https://atcoder.jp/contests/abc248/tasks/abc248_g,68.678,,,
atcoder,abc,abc248,ユニークビジョンプログラミングコンテスト2022（AtCoder Beginner Contest 248）,2022,1650110400,abc248_h,Ex,Beautiful Subsequences,Ex. Beautiful Subsequences,2960.0,410,"['lazy segment tree', 'monotonic stack', 'sliding window', 'range query']",4,https://atcoder.jp/contests/abc248/tasks/abc248_h,76.456,,,
atcoder,abc,abc249,モノグサプログラミングコンテスト2022（AtCoder Beginner Contest 249）,2022,1650715200,abc249_a,A,Jogging,A. Jogging,-142.0,12165,"['simulation', 'math', 'implementation']",3,https://atcoder.jp/contests/abc249/tasks/abc249_a,22.358,,,
atcoder,abc,abc249,モノグサプログラミングコンテスト2022（AtCoder Beginner Contest 249）,2022,1650715200,abc249_b,B,Perfect String,B. Perfect String,-459.0,12222,"['implementation', 'set', 'string']",3,https://atcoder.jp/contests/abc249/tasks/abc249_b,16.829,,,
atcoder,abc,abc249,モノグサプログラミングコンテスト2022（AtCoder Beginner Contest 249）,2022,1650715200,abc249_c,C,Just K,C. Just K,528.0,9102,"['bitmask', 'brute force', 'enumeration']",3,https://atcoder.jp/contests/abc249/tasks/abc249_c,34.043,,,
atcoder,abc,abc249,モノグサプログラミングコンテスト2022（AtCoder Beginner Contest 249）,2022,1650715200,abc249_d,D,Index Trio,D. Index Trio,983.0,7046,"['counting', 'implementation', 'number theory']",3,https://atcoder.jp/contests/abc249/tasks/abc249_d,41.978,,,
atcoder,abc,abc249,モノグサプログラミングコンテスト2022（AtCoder Beginner Contest 249）,2022,1650715200,abc249_e,E,RLE,E. RLE,1970.0,1983,"['dp', 'prefix sum', 'combinatorics']",3,https://atcoder.jp/contests/abc249/tasks/abc249_e,59.191,,,
atcoder,abc,abc249,モノグサプログラミングコンテスト2022（AtCoder Beginner Contest 249）,2022,1650715200,abc249_f,F,Ignore Operations,F. Ignore Operations,1786.0,2529,"['greedy', 'priority queue', 'data structure']",3,https://atcoder.jp/contests/abc249/tasks/abc249_f,55.982,,,
atcoder,abc,abc249,モノグサプログラミングコンテスト2022（AtCoder Beginner Contest 249）,2022,1650715200,abc249_g,G,Xor Cards,G. Xor Cards,2756.0,518,"['xor basis', 'gaussian elimination', 'bit manipulation', 'greedy']",4,https://atcoder.jp/contests/abc249/tasks/abc249_g,72.899,,,
atcoder,abc,abc249,モノグサプログラミングコンテスト2022（AtCoder Beginner Contest 249）,2022,1650715200,abc249_h,Ex,Dye Color,Ex. Dye Color,3487.0,160,"['expectation', 'dp', 'formula', 'probability', 'combinatorics', 'modular arithmetic']",6,https://atcoder.jp/contests/abc249/tasks/abc249_h,85.647,,,
atcoder,abc,abc250,AtCoder Beginner Contest 250,2022,1652011200,abc250_a,A,Adjacent Squares,A. Adjacent Squares,-706.0,13728,"['case work', 'grid', 'implementation']",3,https://atcoder.jp/contests/abc250/tasks/abc250_a,12.522,,,
atcoder,abc,abc250,AtCoder Beginner Contest 250,2022,1652011200,abc250_b,B,Enlarged Checker Board,B. Enlarged Checker Board,-119.0,11121,"['implementation', 'simulation']",2,https://atcoder.jp/contests/abc250/tasks/abc250_b,22.759,,,
atcoder,abc,abc250,AtCoder Beginner Contest 250,2022,1652011200,abc250_c,C,Adjacent Swaps,C. Adjacent Swaps,517.0,9704,"['simulation', 'implementation', 'array', 'permutation', 'mapping']",5,https://atcoder.jp/contests/abc250/tasks/abc250_c,33.851,,,
atcoder,abc,abc250,AtCoder Beginner Contest 250,2022,1652011200,abc250_d,D,250-like Number,D. 250-like Number,797.0,7888,"['number theory', 'prime factorization', 'prime sieve', 'two pointer']",4,https://atcoder.jp/contests/abc250/tasks/abc250_d,38.734,,,
atcoder,abc,abc250,AtCoder Beginner Contest 250,2022,1652011200,abc250_e,E,Prefix Equality,E. Prefix Equality,1421.0,5779,"['hashing', 'zobrist hashing', 'set', 'prefix', 'xor']",5,https://atcoder.jp/contests/abc250/tasks/abc250_e,49.616,,,
atcoder,abc,abc250,AtCoder Beginner Contest 250,2022,1652011200,abc250_f,F,One Fourth,F. One Fourth,2044.0,1463,"['computational geometry', 'two pointer', 'sliding window', 'convex polygon', 'polygon']",5,https://atcoder.jp/contests/abc250/tasks/abc250_f,60.481,,,
atcoder,abc,abc250,AtCoder Beginner Contest 250,2022,1652011200,abc250_g,G,Stonks,G. Stonks,2219.0,1377,"['dp', 'greedy', 'priority queue', 'slope trick']",4,https://atcoder.jp/contests/abc250/tasks/abc250_g,63.533,,,
atcoder,abc,abc250,AtCoder Beginner Contest 250,2022,1652011200,abc250_h,Ex,Trespassing Takahashi,Ex. Trespassing Takahashi,2773.0,454,"['minimum spanning tree', 'boruvka', 'dsu', 'dijkstra', 'connectivity', 'offline processing']",6,https://atcoder.jp/contests/abc250/tasks/abc250_h,73.195,,,
atcoder,abc,abc251,パナソニックグループプログラミングコンテスト2022（AtCoder Beginner Contest 251）,2022,1652529600,abc251_a,A,Six Characters,A. Six Characters,-1113.0,14569,"['implementation', 'string']",2,https://atcoder.jp/contests/abc251/tasks/abc251_a,5.424,,,
atcoder,abc,abc251,パナソニックグループプログラミングコンテスト2022（AtCoder Beginner Contest 251）,2022,1652529600,abc251_b,B,At Most 3 (Judge ver.),B. At Most 3 (Judge ver.),83.0,11232,"['brute force', 'combinatorics', 'enumeration', 'implementation', 'set']",5,https://atcoder.jp/contests/abc251/tasks/abc251_b,26.282,,,
atcoder,abc,abc251,パナソニックグループプログラミングコンテスト2022（AtCoder Beginner Contest 251）,2022,1652529600,abc251_c,C,Poem Online Judge,C. Poem Online Judge,205.0,10836,"['counting', 'greedy', 'implementation', 'string']",4,https://atcoder.jp/contests/abc251/tasks/abc251_c,28.409,,,
atcoder,abc,abc251,パナソニックグループプログラミングコンテスト2022（AtCoder Beginner Contest 251）,2022,1652529600,abc251_d,D,At Most 3 (Contestant ver.),D. At Most 3 (Contestant ver.),1463.0,5509,"['constructive', 'base representation', 'greedy', 'number theory']",4,https://atcoder.jp/contests/abc251/tasks/abc251_d,50.349,,,
atcoder,abc,abc251,パナソニックグループプログラミングコンテスト2022（AtCoder Beginner Contest 251）,2022,1652529600,abc251_e,E,Tahakashi and Animals,E. Tahakashi and Animals,1227.0,5359,['dp'],1,https://atcoder.jp/contests/abc251/tasks/abc251_e,46.233,,,
atcoder,abc,abc251,パナソニックグループプログラミングコンテスト2022（AtCoder Beginner Contest 251）,2022,1652529600,abc251_f,F,Two Spanning Trees,F. Two Spanning Trees,1703.0,2675,"['graph theory', 'spanning tree', 'dfs', 'bfs', 'tree', 'graph']",6,https://atcoder.jp/contests/abc251/tasks/abc251_f,54.534,,,
atcoder,abc,abc251,パナソニックグループプログラミングコンテスト2022（AtCoder Beginner Contest 251）,2022,1652529600,abc251_g,G,Intersection of Polygons,G. Intersection of Polygons,2468.0,530,"['computational geometry', 'convex polygon', 'vector', 'half plane', 'precomputation']",5,https://atcoder.jp/contests/abc251/tasks/abc251_g,67.876,,,
atcoder,abc,abc251,パナソニックグループプログラミングコンテスト2022（AtCoder Beginner Contest 251）,2022,1652529600,abc251_h,Ex,Fill Triangle,Ex. Fill Triangle,3108.0,168,"['lucas theorem', 'binomial coefficient', 'combinatorics', 'number theory', 'compression', 'digit dp']",6,https://atcoder.jp/contests/abc251/tasks/abc251_h,79.037,,,
atcoder,abc,abc252,AtCoder Beginner Contest 252,2022,1653134400,abc252_a,A,ASCII code,A. ASCII code,-1225.0,16557,"['encoding', 'implementation', 'data types', 'input output']",4,https://atcoder.jp/contests/abc252/tasks/abc252_a,3.471,,,
atcoder,abc,abc252,AtCoder Beginner Contest 252,2022,1653134400,abc252_b,B,Takahashi's Failure,B. Takahashi's Failure,-497.0,14314,"['array', 'implementation', 'search', 'set']",4,https://atcoder.jp/contests/abc252/tasks/abc252_b,16.167,,,
atcoder,abc,abc252,AtCoder Beginner Contest 252,2022,1653134400,abc252_c,C,Slot Strategy,C. Slot Strategy,441.0,9688,"['greedy', 'implementation', 'enumeration', 'counting', 'modular arithmetic']",5,https://atcoder.jp/contests/abc252/tasks/abc252_c,32.525,,,
atcoder,abc,abc252,AtCoder Beginner Contest 252,2022,1653134400,abc252_d,D,Distinct Trio,D. Distinct Trio,884.0,7961,"['combinatorics', 'prefix sum', 'counting', 'contribution counting']",4,https://atcoder.jp/contests/abc252/tasks/abc252_d,40.251,,,
atcoder,abc,abc252,AtCoder Beginner Contest 252,2022,1653134400,abc252_e,E,Road Reduction,E. Road Reduction,1294.0,5206,"['dijkstra', 'shortest path', 'graph theory']",3,https://atcoder.jp/contests/abc252/tasks/abc252_e,47.401,,,
atcoder,abc,abc252,AtCoder Beginner Contest 252,2022,1653134400,abc252_f,F,Bread,F. Bread,1609.0,3772,"['greedy', 'huffman coding', 'implementation', 'priority queue']",4,https://atcoder.jp/contests/abc252/tasks/abc252_f,52.895,,,
atcoder,abc,abc252,AtCoder Beginner Contest 252,2022,1653134400,abc252_g,G,Pre-Order,G. Pre-Order,2153.0,1479,"['segment dp', 'dp on trees', 'combinatorics', 'traversal', 'dp']",5,https://atcoder.jp/contests/abc252/tasks/abc252_g,62.382,,,
atcoder,abc,abc252,AtCoder Beginner Contest 252,2022,1653134400,abc252_h,Ex,K-th beautiful Necklace,Ex. K-th beautiful Necklace,3015.0,391,"['meet in the middle', 'binary search', 'binary trie', 'xor', 'bit manipulation']",5,https://atcoder.jp/contests/abc252/tasks/abc252_h,77.415,,,
atcoder,abc,abc253,NOMURA プログラミングコンテスト2022（AtCoder Beginner Contest 253）,2022,1653739200,abc253_a,A,Median?,A. Median?,-857.0,14984,"['ad hoc', 'conditional', 'comparison']",3,https://atcoder.jp/contests/abc253/tasks/abc253_a,9.888,,,
atcoder,abc,abc253,NOMURA プログラミングコンテスト2022（AtCoder Beginner Contest 253）,2022,1653739200,abc253_b,B,Distance Between Tokens,B. Distance Between Tokens,-378.0,12629,"['grid', 'implementation', 'math']",3,https://atcoder.jp/contests/abc253/tasks/abc253_b,18.242,,,
atcoder,abc,abc253,NOMURA プログラミングコンテスト2022（AtCoder Beginner Contest 253）,2022,1653739200,abc253_c,C,Max - Min Query,C. Max - Min Query,518.0,10042,"['multiset', 'data structure', 'query', 'balanced bst', 'stl']",5,https://atcoder.jp/contests/abc253/tasks/abc253_c,33.868,,,
atcoder,abc,abc253,NOMURA プログラミングコンテスト2022（AtCoder Beginner Contest 253）,2022,1653739200,abc253_d,D,FizzBuzz Sum Hard,D. FizzBuzz Sum Hard,520.0,9812,"['inclusion exclusion', 'formula', 'number theory', 'sum']",4,https://atcoder.jp/contests/abc253/tasks/abc253_d,33.903,,,
atcoder,abc,abc253,NOMURA プログラミングコンテスト2022（AtCoder Beginner Contest 253）,2022,1653739200,abc253_e,E,Distance Sequence,E. Distance Sequence,1073.0,6375,"['dp', 'prefix sum']",2,https://atcoder.jp/contests/abc253/tasks/abc253_e,43.547,,,
atcoder,abc,abc253,NOMURA プログラミングコンテスト2022（AtCoder Beginner Contest 253）,2022,1653739200,abc253_f,F,Operations on a Matrix,F. Operations on a Matrix,1756.0,2536,"['binary indexed tree', 'difference array', 'range update', 'offline processing']",4,https://atcoder.jp/contests/abc253/tasks/abc253_f,55.459,,,
atcoder,abc,abc253,NOMURA プログラミングコンテスト2022（AtCoder Beginner Contest 253）,2022,1653739200,abc253_g,G,Swap Many Times,G. Swap Many Times,2051.0,1281,"['combinatorics', 'implementation', 'observation', 'array', 'reversal']",5,https://atcoder.jp/contests/abc253/tasks/abc253_g,60.603,,,
atcoder,abc,abc253,NOMURA プログラミングコンテスト2022（AtCoder Beginner Contest 253）,2022,1653739200,abc253_h,Ex,We Love Forest,Ex. We Love Forest,2758.0,488,"['bitmask dp', 'kirchhoff theorem', 'counting', 'probability', 'forest']",5,https://atcoder.jp/contests/abc253/tasks/abc253_h,72.933,,,
atcoder,abc,abc254,AtCoder Beginner Contest 254,2022,1654344000,abc254_a,A,Last Two Digits,A. Last Two Digits,-1194.0,17380,"['modular arithmetic', 'digit', 'implementation', 'math']",4,https://atcoder.jp/contests/abc254/tasks/abc254_a,4.011,,,
atcoder,abc,abc254,AtCoder Beginner Contest 254,2022,1654344000,abc254_b,B,Practical Computing,B. Practical Computing,-476.0,13624,"['binomial coefficient', 'dp', 'implementation']",3,https://atcoder.jp/contests/abc254/tasks/abc254_b,16.533,,,
atcoder,abc,abc254,AtCoder Beginner Contest 254,2022,1654344000,abc254_c,C,K Swap,C. K Swap,536.0,10395,"['sorting', 'modular arithmetic', 'greedy', 'array', 'implementation']",5,https://atcoder.jp/contests/abc254/tasks/abc254_c,34.182,,,
atcoder,abc,abc254,AtCoder Beginner Contest 254,2022,1654344000,abc254_d,D,Together Square,D. Together Square,1191.0,6343,"['number theory', 'math', 'divisors', 'counting', 'factorization']",5,https://atcoder.jp/contests/abc254/tasks/abc254_d,45.605,,,
atcoder,abc,abc254,AtCoder Beginner Contest 254,2022,1654344000,abc254_e,E,Small d and k,E. Small d and k,1202.0,5744,"['graph', 'bfs', 'dfs', 'distance', 'optimization', 'query']",6,https://atcoder.jp/contests/abc254/tasks/abc254_e,45.797,,,
atcoder,abc,abc254,AtCoder Beginner Contest 254,2022,1654344000,abc254_f,F,Rectangle GCD,F. Rectangle GCD,1764.0,2746,"['gcd', 'segment tree', 'range query', 'number theory', 'difference array']",5,https://atcoder.jp/contests/abc254/tasks/abc254_f,55.598,,,
atcoder,abc,abc254,AtCoder Beginner Contest 254,2022,1654344000,abc254_g,G,Elevators,G. Elevators,2890.0,366,"['bipartite graph', 'cycle', 'graph theory', 'implementation']",4,https://atcoder.jp/contests/abc254/tasks/abc254_g,75.235,,,
atcoder,abc,abc254,AtCoder Beginner Contest 254,2022,1654344000,abc254_h,Ex,Multiply or Divide by 2,Ex. Multiply or Divide by 2,2499.0,1045,"['trie', 'greedy', 'base representation', 'dfs', 'tree']",5,https://atcoder.jp/contests/abc254/tasks/abc254_h,68.416,,,
atcoder,abc,abc255,エイシングプログラミングコンテスト2022（AtCoder Beginner Contest 255）,2022,1654948800,abc255_a,A,"You should output ARC, though this is ABC.","A. You should output ARC, though this is ABC.",-983.0,14496,"['array', 'implementation', 'matrix']",3,https://atcoder.jp/contests/abc255/tasks/abc255_a,7.691,,,
atcoder,abc,abc255,エイシングプログラミングコンテスト2022（AtCoder Beginner Contest 255）,2022,1654948800,abc255_b,B,Light It Up,B. Light It Up,348.0,9858,"['binary search', 'computational geometry', 'distance', 'optimization']",4,https://atcoder.jp/contests/abc255/tasks/abc255_b,30.903,,,
atcoder,abc,abc255,エイシングプログラミングコンテスト2022（AtCoder Beginner Contest 255）,2022,1654948800,abc255_c,C,±1 Operation 1 ,C. ±1 Operation 1 ,574.0,8821,"['binary search', 'arithmetic progression', 'case work', 'modular arithmetic', 'math']",5,https://atcoder.jp/contests/abc255/tasks/abc255_c,34.845,,,
atcoder,abc,abc255,エイシングプログラミングコンテスト2022（AtCoder Beginner Contest 255）,2022,1654948800,abc255_d,D,±1 Operation 2,D. ±1 Operation 2,788.0,8158,"['sorting', 'prefix sum', 'binary search', 'math']",4,https://atcoder.jp/contests/abc255/tasks/abc255_d,38.577,,,
atcoder,abc,abc255,エイシングプログラミングコンテスト2022（AtCoder Beginner Contest 255）,2022,1654948800,abc255_e,E,Lucky Numbers,E. Lucky Numbers,1519.0,3720,"['sprague grundy', 'impartial game', 'mex', 'nim', 'xor']",5,https://atcoder.jp/contests/abc255/tasks/abc255_e,51.325,,,
atcoder,abc,abc255,エイシングプログラミングコンテスト2022（AtCoder Beginner Contest 255）,2022,1654948800,abc255_f,F,Pre-order and In-order,F. Pre-order and In-order,1797.0,2372,"['binary tree', 'implementation', 'recursion']",3,https://atcoder.jp/contests/abc255/tasks/abc255_f,56.174,,,
atcoder,abc,abc255,エイシングプログラミングコンテスト2022（AtCoder Beginner Contest 255）,2022,1654948800,abc255_g,G,Constrained Nim,G. Constrained Nim,2734.0,592,"['sprague grundy', 'game theory', 'mex', 'xor', 'impartial game']",5,https://atcoder.jp/contests/abc255/tasks/abc255_g,72.515,,,
atcoder,abc,abc255,エイシングプログラミングコンテスト2022（AtCoder Beginner Contest 255）,2022,1654948800,abc255_h,Ex,Range Harvest Query,Ex. Range Harvest Query,2430.0,853,"['chtholly tree', 'balanced binary tree', 'range query', 'range update', 'arithmetic progression', 'modular arithmetic']",6,https://atcoder.jp/contests/abc255/tasks/abc255_h,67.213,,,
atcoder,abc,abc256,東京海上日動プログラミングコンテスト2022（AtCoder Beginner Contest 256）,2022,1655553600,abc256_a,A,2^N,A. 2^N,-1191.0,15713,"['bit manipulation', 'modular exponentiation']",2,https://atcoder.jp/contests/abc256/tasks/abc256_a,4.063,,,
atcoder,abc,abc256,東京海上日動プログラミングコンテスト2022（AtCoder Beginner Contest 256）,2022,1655553600,abc256_b,B,Batters,B. Batters,-227.0,11454,"['simulation', 'array', 'implementation']",3,https://atcoder.jp/contests/abc256/tasks/abc256_b,20.875,,,
atcoder,abc,abc256,東京海上日動プログラミングコンテスト2022（AtCoder Beginner Contest 256）,2022,1655553600,abc256_c,C,Filling 3x3 array,C. Filling 3x3 array,541.0,8929,"['backtracking', 'brute force', 'constraint', 'enumeration', 'grid']",5,https://atcoder.jp/contests/abc256/tasks/abc256_c,34.269,,,
atcoder,abc,abc256,東京海上日動プログラミングコンテスト2022（AtCoder Beginner Contest 256）,2022,1655553600,abc256_d,D,Union of Interval,D. Union of Interval,546.0,8645,"['sorting', 'interval', 'plane sweep']",3,https://atcoder.jp/contests/abc256/tasks/abc256_d,34.356,,,
atcoder,abc,abc256,東京海上日動プログラミングコンテスト2022（AtCoder Beginner Contest 256）,2022,1655553600,abc256_e,E,Takahashi's Anguish,E. Takahashi's Anguish,1224.0,4727,"['functional graph', 'cycle', 'dsu', 'graph theory']",4,https://atcoder.jp/contests/abc256/tasks/abc256_e,46.181,,,
atcoder,abc,abc256,東京海上日動プログラミングコンテスト2022（AtCoder Beginner Contest 256）,2022,1655553600,abc256_f,F,Cumulative Cumulative Cumulative Sum,F. Cumulative Cumulative Cumulative Sum,2067.0,2050,"['binary indexed tree', 'prefix sum', 'combinatorics', 'modular arithmetic', 'point update']",5,https://atcoder.jp/contests/abc256/tasks/abc256_f,60.882,,,
atcoder,abc,abc256,東京海上日動プログラミングコンテスト2022（AtCoder Beginner Contest 256）,2022,1655553600,abc256_g,G,Black and White Stones,G. Black and White Stones,2250.0,1038,"['combinatorics', 'dp', 'matrix']",3,https://atcoder.jp/contests/abc256/tasks/abc256_g,64.074,,,
atcoder,abc,abc256,東京海上日動プログラミングコンテスト2022（AtCoder Beginner Contest 256）,2022,1655553600,abc256_h,Ex,I like Query Problem,Ex. I like Query Problem,2531.0,968,"['segment tree beats', 'lazy segment tree', 'range update', 'range sum query', 'amortized analysis']",5,https://atcoder.jp/contests/abc256/tasks/abc256_h,68.975,,,
atcoder,abc,abc257,日鉄ソリューションズプログラミングコンテスト2022（AtCoder Beginner Contest 257）,2022,1656158400,abc257_a,A,A to Z String 2,A. A to Z String 2,-754.0,13259,"['string', 'math', 'indexing']",3,https://atcoder.jp/contests/abc257/tasks/abc257_a,11.685,,,
atcoder,abc,abc257,日鉄ソリューションズプログラミングコンテスト2022（AtCoder Beginner Contest 257）,2022,1656158400,abc257_b,B,1D Pawn,B. 1D Pawn,-194.0,10708,"['simulation', 'array', 'implementation']",3,https://atcoder.jp/contests/abc257/tasks/abc257_b,21.451,,,
atcoder,abc,abc257,日鉄ソリューションズプログラミングコンテスト2022（AtCoder Beginner Contest 257）,2022,1656158400,abc257_c,C,Robot Takahashi ,C. Robot Takahashi ,678.0,8286,"['greedy', 'implementation', 'sorting']",3,https://atcoder.jp/contests/abc257/tasks/abc257_c,36.659,,,
atcoder,abc,abc257,日鉄ソリューションズプログラミングコンテスト2022（AtCoder Beginner Contest 257）,2022,1656158400,abc257_d,D,Jumping Takahashi 2,D. Jumping Takahashi 2,1203.0,5421,"['binary search', 'graph theory', 'bfs', 'reachability']",4,https://atcoder.jp/contests/abc257/tasks/abc257_d,45.814,,,
atcoder,abc,abc257,日鉄ソリューションズプログラミングコンテスト2022（AtCoder Beginner Contest 257）,2022,1656158400,abc257_e,E,Addition and Multiplication 2,E. Addition and Multiplication 2,1385.0,4642,"['dp', 'greedy', 'implementation', 'optimization']",4,https://atcoder.jp/contests/abc257/tasks/abc257_e,48.988,,,
atcoder,abc,abc257,日鉄ソリューションズプログラミングコンテスト2022（AtCoder Beginner Contest 257）,2022,1656158400,abc257_f,F,Teleporter Setting ,F. Teleporter Setting ,1775.0,2785,"['bfs', 'shortest path', 'graph theory', 'case work']",4,https://atcoder.jp/contests/abc257/tasks/abc257_f,55.79,,,
atcoder,abc,abc257,日鉄ソリューションズプログラミングコンテスト2022（AtCoder Beginner Contest 257）,2022,1656158400,abc257_g,G,Prefix Concatenation,G. Prefix Concatenation,2078.0,1599,"['z algorithm', 'dp', 'string matching']",3,https://atcoder.jp/contests/abc257/tasks/abc257_g,61.074,,,
atcoder,abc,abc257,日鉄ソリューションズプログラミングコンテスト2022（AtCoder Beginner Contest 257）,2022,1656158400,abc257_h,Ex,Dice Sum 2,Ex. Dice Sum 2,3461.0,141,"['expectation', 'convex hull', 'greedy', 'slope optimization', 'sorting']",5,https://atcoder.jp/contests/abc257/tasks/abc257_h,85.194,,,
atcoder,abc,abc258,AtCoder Beginner Contest 258,2022,1656763200,abc258_a,A,When?,A. When?,-1060.0,17481,"['implementation', 'string']",2,https://atcoder.jp/contests/abc258/tasks/abc258_a,6.348,,,
atcoder,abc,abc258,AtCoder Beginner Contest 258,2022,1656763200,abc258_b,B,Number Box,B. Number Box,511.0,9402,"['brute force', 'grid', 'simulation', 'implementation', 'modular arithmetic']",5,https://atcoder.jp/contests/abc258/tasks/abc258_b,33.746,,,
atcoder,abc,abc258,AtCoder Beginner Contest 258,2022,1656763200,abc258_c,C,Rotation,C. Rotation,419.0,11508,"['string', 'modular arithmetic', 'lazy propagation', 'indexing', 'query']",5,https://atcoder.jp/contests/abc258/tasks/abc258_c,32.142,,,
atcoder,abc,abc258,AtCoder Beginner Contest 258,2022,1656763200,abc258_d,D,Trophy,D. Trophy,687.0,8814,"['greedy', 'implementation', 'prefix sum']",3,https://atcoder.jp/contests/abc258/tasks/abc258_d,36.815,,,
atcoder,abc,abc258,AtCoder Beginner Contest 258,2022,1656763200,abc258_e,E,Packing Potatoes,E. Packing Potatoes,1545.0,3550,"['sliding window', 'two pointer', 'functional graph', 'cycle', 'simulation', 'modular arithmetic']",6,https://atcoder.jp/contests/abc258/tasks/abc258_e,51.779,,,
atcoder,abc,abc258,AtCoder Beginner Contest 258,2022,1656763200,abc258_f,F,Main Street,F. Main Street,2306.0,1128,"['shortest path', 'manhattan distance', 'case work', 'coordinate geometry', 'modular arithmetic']",5,https://atcoder.jp/contests/abc258/tasks/abc258_f,65.051,,,
atcoder,abc,abc258,AtCoder Beginner Contest 258,2022,1656763200,abc258_g,G,Triangle,G. Triangle,1944.0,3073,"['graph theory', 'bitset', 'bit manipulation', 'adjacency matrix', 'triangle']",5,https://atcoder.jp/contests/abc258/tasks/abc258_g,58.737,,,
atcoder,abc,abc258,AtCoder Beginner Contest 258,2022,1656763200,abc258_h,Ex,Odd Steps,Ex. Odd Steps,2708.0,557,"['dp', 'matrix', 'counting', 'parity', 'modular arithmetic']",5,https://atcoder.jp/contests/abc258/tasks/abc258_h,72.061,,,
atcoder,abc,abc259,AtCoder Beginner Contest 259,2022,1657368000,abc259_a,A,Growth Record,A. Growth Record,-582.0,13243,"['tree', 'implementation']",2,https://atcoder.jp/contests/abc259/tasks/abc259_a,14.684,,,
atcoder,abc,abc259,AtCoder Beginner Contest 259,2022,1657368000,abc259_b,B,Counterclockwise Rotation,B. Counterclockwise Rotation,81.0,10524,"['geometry', 'trigonometry', 'coordinate geometry', 'angle calculation']",4,https://atcoder.jp/contests/abc259/tasks/abc259_b,26.247,,,
atcoder,abc,abc259,AtCoder Beginner Contest 259,2022,1657368000,abc259_c,C,XX to XXX,C. XX to XXX,451.0,9839,"['compression', 'string', 'greedy']",3,https://atcoder.jp/contests/abc259/tasks/abc259_c,32.7,,,
atcoder,abc,abc259,AtCoder Beginner Contest 259,2022,1657368000,abc259_d,D,Circumferences,D. Circumferences,947.0,7142,"['computational geometry', 'connectivity', 'circle intersection', 'dfs', 'bfs']",5,https://atcoder.jp/contests/abc259/tasks/abc259_d,41.35,,,
atcoder,abc,abc259,AtCoder Beginner Contest 259,2022,1657368000,abc259_e,E,LCM on Whiteboard,E. LCM on Whiteboard,1370.0,4330,"['prime factorization', 'lcm', 'number theory', 'map', 'counting']",5,https://atcoder.jp/contests/abc259/tasks/abc259_e,48.727,,,
atcoder,abc,abc259,AtCoder Beginner Contest 259,2022,1657368000,abc259_f,F,Select Edges,F. Select Edges,1961.0,2869,"['dp on trees', 'greedy', 'dfs', 'sorting']",4,https://atcoder.jp/contests/abc259/tasks/abc259_f,59.034,,,
atcoder,abc,abc259,AtCoder Beginner Contest 259,2022,1657368000,abc259_g,G,Grid Card Game,G. Grid Card Game,2428.0,883,"['min cut', 'max flow', 'flow', 'dinic', 'graph', 'optimization']",6,https://atcoder.jp/contests/abc259/tasks/abc259_g,67.178,,,
atcoder,abc,abc259,AtCoder Beginner Contest 259,2022,1657368000,abc259_h,Ex,Yet Another Path Counting,Ex. Yet Another Path Counting,2406.0,1290,"['dp', 'combinatorics', 'grid path', 'sqrt decomposition', 'counting']",5,https://atcoder.jp/contests/abc259/tasks/abc259_h,66.795,,,
atcoder,abc,abc260,AtCoder Beginner Contest 260,2022,1658059200,abc260_a,A,A Unique Letter,A. A Unique Letter,-989.0,14393,"['counting', 'implementation', 'string']",3,https://atcoder.jp/contests/abc260/tasks/abc260_a,7.586,,,
atcoder,abc,abc260,AtCoder Beginner Contest 260,2022,1658059200,abc260_b,B,Better Students Are Needed!,B. Better Students Are Needed!,112.0,10309,"['implementation', 'simulation', 'sorting']",3,https://atcoder.jp/contests/abc260/tasks/abc260_b,26.788,,,
atcoder,abc,abc260,AtCoder Beginner Contest 260,2022,1658059200,abc260_c,C,Changing Jewels,C. Changing Jewels,413.0,10164,"['implementation', 'math', 'recursion']",3,https://atcoder.jp/contests/abc260/tasks/abc260_c,32.037,,,
atcoder,abc,abc260,AtCoder Beginner Contest 260,2022,1658059200,abc260_d,D,Draw Your Cards,D. Draw Your Cards,1074.0,6070,"['data structure', 'set', 'simulation', 'ordered set', 'binary search tree']",5,https://atcoder.jp/contests/abc260/tasks/abc260_d,43.565,,,
atcoder,abc,abc260,AtCoder Beginner Contest 260,2022,1658059200,abc260_e,E,At Least One,E. At Least One,1692.0,3181,"['sliding window', 'two pointer', 'difference array', 'counting', 'monotonic']",5,https://atcoder.jp/contests/abc260/tasks/abc260_e,54.343,,,
atcoder,abc,abc260,AtCoder Beginner Contest 260,2022,1658059200,abc260_f,F,Find 4-cycle,F. Find 4-cycle,1995.0,2251,"['bipartite graph', 'cycle', 'graph theory', 'implementation']",4,https://atcoder.jp/contests/abc260/tasks/abc260_f,59.627,,,
atcoder,abc,abc260,AtCoder Beginner Contest 260,2022,1658059200,abc260_g,G,Scalene Triangle Area,G. Scalene Triangle Area,2339.0,797,"['2d prefix sum', 'difference array', 'diagonal prefix sum']",3,https://atcoder.jp/contests/abc260/tasks/abc260_g,65.626,,,
atcoder,abc,abc260,AtCoder Beginner Contest 260,2022,1658059200,abc260_h,Ex,Colorfulness,Ex. Colorfulness,3339.0,153,"['inclusion exclusion', 'generating function', 'convolution', 'divide and conquer', 'formal power series', 'polynomial', 'fft']",7,https://atcoder.jp/contests/abc260/tasks/abc260_h,83.066,,,
atcoder,abc,abc261,AtCoder Beginner Contest 261,2022,1658577600,abc261_a,A,Intersection,A. Intersection,-423.0,13790,"['case work', 'implementation', 'interval']",3,https://atcoder.jp/contests/abc261/tasks/abc261_a,17.457,,,
atcoder,abc,abc261,AtCoder Beginner Contest 261,2022,1658577600,abc261_b,B,Tournament Result,B. Tournament Result,-275.0,12259,"['array', 'implementation', 'matrix', 'validation']",4,https://atcoder.jp/contests/abc261/tasks/abc261_b,20.038,,,
atcoder,abc,abc261,AtCoder Beginner Contest 261,2022,1658577600,abc261_c,C,NewFolder(1),C. NewFolder(1),79.0,12009,"['counting', 'implementation', 'map', 'string']",4,https://atcoder.jp/contests/abc261/tasks/abc261_c,26.212,,,
atcoder,abc,abc261,AtCoder Beginner Contest 261,2022,1658577600,abc261_d,D,Flipping and Bonus,D. Flipping and Bonus,801.0,8428,['dp'],1,https://atcoder.jp/contests/abc261/tasks/abc261_d,38.804,,,
atcoder,abc,abc261,AtCoder Beginner Contest 261,2022,1658577600,abc261_e,E,Many Operations,E. Many Operations,1261.0,5012,"['bit manipulation', 'function', 'simulation']",3,https://atcoder.jp/contests/abc261/tasks/abc261_e,46.826,,,
atcoder,abc,abc261,AtCoder Beginner Contest 261,2022,1658577600,abc261_f,F,Sorting Color Balls,F. Sorting Color Balls,1587.0,3130,"['greedy', 'implementation', 'inversion counting', 'sorting']",4,https://atcoder.jp/contests/abc261/tasks/abc261_f,52.511,,,
atcoder,abc,abc261,AtCoder Beginner Contest 261,2022,1658577600,abc261_g,G,Replace,G. Replace,2803.0,405,"['dp', 'interval dp', 'dijkstra', 'string']",4,https://atcoder.jp/contests/abc261/tasks/abc261_g,73.718,,,
atcoder,abc,abc261,AtCoder Beginner Contest 261,2022,1658577600,abc261_h,Ex,Game on Graph,Ex. Game on Graph,2531.0,801,"['game theory', 'dp', 'induction', 'directed graph', 'optimization']",5,https://atcoder.jp/contests/abc261/tasks/abc261_h,68.975,,,
atcoder,abc,abc262,第三回日本最強プログラマー学生選手権-予選-（ABC262）,2022,1659268800,abc262_a,A,World Cup,A. World Cup,-1190.0,14276,"['implementation', 'math', 'modular arithmetic']",3,https://atcoder.jp/contests/abc262/tasks/abc262_a,4.081,,,
atcoder,abc,abc262,第三回日本最強プログラマー学生選手権-予選-（ABC262）,2022,1659268800,abc262_b,B,Triangle (Easier),B. Triangle (Easier),160.0,10067,"['graph', 'adjacency matrix', 'brute force', 'enumeration', 'triangle']",5,https://atcoder.jp/contests/abc262/tasks/abc262_b,27.625,,,
atcoder,abc,abc262,第三回日本最強プログラマー学生選手権-予選-（ABC262）,2022,1659268800,abc262_c,C,Min Max Pair,C. Min Max Pair,360.0,10010,"['conditional', 'counting', 'implementation']",3,https://atcoder.jp/contests/abc262/tasks/abc262_c,31.113,,,
atcoder,abc,abc262,第三回日本最強プログラマー学生選手権-予選-（ABC262）,2022,1659268800,abc262_d,D,I Hate Non-integer Number,D. I Hate Non-integer Number,1213.0,5785,"['dp', 'modular arithmetic', 'combinatorics']",3,https://atcoder.jp/contests/abc262/tasks/abc262_d,45.989,,,
atcoder,abc,abc262,第三回日本最強プログラマー学生選手権-予選-（ABC262）,2022,1659268800,abc262_e,E,Red and Blue Graph,E. Red and Blue Graph,1719.0,2796,"['combinatorics', 'graph theory', 'parity', 'binomial coefficient']",4,https://atcoder.jp/contests/abc262/tasks/abc262_e,54.813,,,
atcoder,abc,abc262,第三回日本最強プログラマー学生選手権-予選-（ABC262）,2022,1659268800,abc262_f,F,Erase and Rotate,F. Erase and Rotate,2334.0,967,"['backtracking', 'brute force', 'dfs', 'enumeration', 'grid']",5,https://atcoder.jp/contests/abc262/tasks/abc262_f,65.539,,,
atcoder,abc,abc262,第三回日本最強プログラマー学生選手権-予選-（ABC262）,2022,1659268800,abc262_g,G,LIS with Stack,G. LIS with Stack,3114.0,344,"['dp', 'range dp', 'stack']",3,https://atcoder.jp/contests/abc262/tasks/abc262_g,79.142,,,
atcoder,abc,abc262,第三回日本最強プログラマー学生選手権-予選-（ABC262）,2022,1659268800,abc262_h,Ex,Max Limited Sequence,Ex. Max Limited Sequence,2957.0,615,"['dp', 'segment tree', 'coordinate compression', 'prefix sum', 'combinatorics']",5,https://atcoder.jp/contests/abc262/tasks/abc262_h,76.404,,,
atcoder,abc,abc263,LINE  Verda プログラミングコンテスト（AtCoder Beginner Contest 263）,2022,1659787200,abc263_a,A,Full House,A. Full House,-679.0,14646,"['counting', 'implementation']",2,https://atcoder.jp/contests/abc263/tasks/abc263_a,12.993,,,
atcoder,abc,abc263,LINE  Verda プログラミングコンテスト（AtCoder Beginner Contest 263）,2022,1659787200,abc263_b,B,Ancestor,B. Ancestor,-32.0,10865,"['implementation', 'simulation', 'tree']",3,https://atcoder.jp/contests/abc263/tasks/abc263_b,24.276,,,
atcoder,abc,abc263,LINE  Verda プログラミングコンテスト（AtCoder Beginner Contest 263）,2022,1659787200,abc263_c,C,Monotonically Increasing,C. Monotonically Increasing,282.0,9970,"['backtracking', 'combinatorics', 'lexicographical', 'recursion']",4,https://atcoder.jp/contests/abc263/tasks/abc263_c,29.752,,,
atcoder,abc,abc263,LINE  Verda プログラミングコンテスト（AtCoder Beginner Contest 263）,2022,1659787200,abc263_d,D,Left Right Operation,D. Left Right Operation,1016.0,6547,"['dp', 'prefix sum', 'greedy', 'enumeration']",4,https://atcoder.jp/contests/abc263/tasks/abc263_d,42.553,,,
atcoder,abc,abc263,LINE  Verda プログラミングコンテスト（AtCoder Beginner Contest 263）,2022,1659787200,abc263_e,E,Sugoroku 3,E. Sugoroku 3,1659.0,3242,"['dp', 'expectation', 'probability', 'modular arithmetic', 'prefix sum']",5,https://atcoder.jp/contests/abc263/tasks/abc263_e,53.767,,,
atcoder,abc,abc263,LINE  Verda プログラミングコンテスト（AtCoder Beginner Contest 263）,2022,1659787200,abc263_f,F,Tournament,F. Tournament,2066.0,1620,"['dp', 'dp on trees']",2,https://atcoder.jp/contests/abc263/tasks/abc263_f,60.865,,,
atcoder,abc,abc263,LINE  Verda プログラミングコンテスト（AtCoder Beginner Contest 263）,2022,1659787200,abc263_g,G,Erasing Prime Pairs,G. Erasing Prime Pairs,2261.0,1017,"['max flow', 'bipartite matching', 'ternary search', 'number theory', 'graph theory']",5,https://atcoder.jp/contests/abc263/tasks/abc263_g,64.266,,,
atcoder,abc,abc263,LINE  Verda プログラミングコンテスト（AtCoder Beginner Contest 263）,2022,1659787200,abc263_h,Ex,Intersection 2,Ex. Intersection 2,3041.0,224,"['binary search', 'computational geometry', 'circle intersection', 'segment intersection', 'binary indexed tree', 'sorting']",6,https://atcoder.jp/contests/abc263/tasks/abc263_h,77.869,,,
atcoder,abc,abc264,freee プログラミングコンテスト2022（AtCoder Beginner Contest 264）,2022,1660392000,abc264_a,A,"""atcoder"".substr()","A. ""atcoder"".substr()",-1180.0,14539,"['implementation', 'string']",2,https://atcoder.jp/contests/abc264/tasks/abc264_a,4.255,,,
atcoder,abc,abc264,freee プログラミングコンテスト2022（AtCoder Beginner Contest 264）,2022,1660392000,abc264_b,B,Nice Grid,B. Nice Grid,-391.0,11707,"['implementation', 'math', 'pattern']",3,https://atcoder.jp/contests/abc264/tasks/abc264_b,18.015,,,
atcoder,abc,abc264,freee プログラミングコンテスト2022（AtCoder Beginner Contest 264）,2022,1660392000,abc264_c,C,Matrix Reducing,C. Matrix Reducing,758.0,7540,"['bit brute force', 'bitmask', 'matrix', 'brute force']",4,https://atcoder.jp/contests/abc264/tasks/abc264_c,38.054,,,
atcoder,abc,abc264,freee プログラミングコンテスト2022（AtCoder Beginner Contest 264）,2022,1660392000,abc264_d,D,"""redocta"".swap(i,i+1)","D. ""redocta"".swap(i,i+1)",414.0,9388,"['bfs', 'implementation', 'search', 'string']",4,https://atcoder.jp/contests/abc264/tasks/abc264_d,32.054,,,
atcoder,abc,abc264,freee プログラミングコンテスト2022（AtCoder Beginner Contest 264）,2022,1660392000,abc264_e,E,Blackout 2,E. Blackout 2,1229.0,4894,"['connected components', 'dsu', 'graph', 'implementation', 'offline processing', 'reversal']",6,https://atcoder.jp/contests/abc264/tasks/abc264_e,46.268,,,
atcoder,abc,abc264,freee プログラミングコンテスト2022（AtCoder Beginner Contest 264）,2022,1660392000,abc264_f,F,Monochromatic Path,F. Monochromatic Path,1878.0,2103,"['dp', 'dp on grids', 'shortest path', 'bitmask']",4,https://atcoder.jp/contests/abc264/tasks/abc264_f,57.586,,,
atcoder,abc,abc264,freee プログラミングコンテスト2022（AtCoder Beginner Contest 264）,2022,1660392000,abc264_g,G,String Fair,G. String Fair,2348.0,816,"['graph theory', 'shortest path', 'bellman ford', 'negative cycle', 'dp', 'string']",6,https://atcoder.jp/contests/abc264/tasks/abc264_g,65.783,,,
atcoder,abc,abc264,freee プログラミングコンテスト2022（AtCoder Beginner Contest 264）,2022,1660392000,abc264_h,Ex,Perfect Binary Tree,Ex. Perfect Binary Tree,2660.0,425,"['dp on trees', 'dp', 'incremental']",3,https://atcoder.jp/contests/abc264/tasks/abc264_h,71.224,,,
atcoder,abc,abc265,AtCoder Beginner Contest 265,2022,1661083200,abc265_a,A,Apple,A. Apple,-841.0,14271,"['greedy', 'implementation', 'math']",3,https://atcoder.jp/contests/abc265/tasks/abc265_a,10.167,,,
atcoder,abc,abc265,AtCoder Beginner Contest 265,2022,1661083200,abc265_b,B,Explore,B. Explore,13.0,10807,"['greedy', 'implementation', 'simulation']",3,https://atcoder.jp/contests/abc265/tasks/abc265_b,25.061,,,
atcoder,abc,abc265,AtCoder Beginner Contest 265,2022,1661083200,abc265_c,C,Belt Conveyor,C. Belt Conveyor,146.0,10823,"['cycle', 'grid', 'implementation', 'boolean array']",4,https://atcoder.jp/contests/abc265/tasks/abc265_c,27.381,,,
atcoder,abc,abc265,AtCoder Beginner Contest 265,2022,1661083200,abc265_d,D,Iroha and Haiku (New ABC Edition),D. Iroha and Haiku (New ABC Edition),727.0,7748,"['prefix sum', 'binary search']",2,https://atcoder.jp/contests/abc265/tasks/abc265_d,37.513,,,
atcoder,abc,abc265,AtCoder Beginner Contest 265,2022,1661083200,abc265_e,E,Warp,E. Warp,1531.0,4244,"['coordinate compression', 'counting', 'dp', 'map', 'modular arithmetic']",5,https://atcoder.jp/contests/abc265/tasks/abc265_e,51.535,,,
atcoder,abc,abc265,AtCoder Beginner Contest 265,2022,1661083200,abc265_f,F,Manhattan Cafe,F. Manhattan Cafe,2290.0,958,"['dp', 'diagonal prefix sum', 'manhattan distance', 'counting', 'prefix sum']",5,https://atcoder.jp/contests/abc265/tasks/abc265_f,64.772,,,
atcoder,abc,abc265,AtCoder Beginner Contest 265,2022,1661083200,abc265_g,G,012 Inversion,G. 012 Inversion,2436.0,859,"['segment tree', 'lazy propagation', 'inversion counting', 'range query', 'range update']",5,https://atcoder.jp/contests/abc265/tasks/abc265_g,67.318,,,
atcoder,abc,abc265,AtCoder Beginner Contest 265,2022,1661083200,abc265_h,Ex,No-capture Lance Game,Ex. No-capture Lance Game,3319.0,140,"['game theory', 'math', 'sprague grundy', 'dp', 'fft', 'xor convolution', 'convolution', 'combinatorics']",8,https://atcoder.jp/contests/abc265/tasks/abc265_h,82.717,,,
atcoder,abc,abc266,AtCoder Beginner Contest 266,2022,1661601600,abc266_a,A,Middle  Letter,A. Middle  Letter,-1129.0,15397,"['implementation', 'string']",2,https://atcoder.jp/contests/abc266/tasks/abc266_a,5.145,,,
atcoder,abc,abc266,AtCoder Beginner Contest 266,2022,1661601600,abc266_b,B,Modulo Number,B. Modulo Number,-176.0,12745,"['implementation', 'math', 'modular arithmetic']",3,https://atcoder.jp/contests/abc266/tasks/abc266_b,21.765,,,
atcoder,abc,abc266,AtCoder Beginner Contest 266,2022,1661601600,abc266_c,C,Convex Quadrilateral,C. Convex Quadrilateral,516.0,8330,"['computational geometry', 'convexity', 'vector', 'graph']",4,https://atcoder.jp/contests/abc266/tasks/abc266_c,33.833,,,
atcoder,abc,abc266,AtCoder Beginner Contest 266,2022,1661601600,abc266_d,D,Snuke Panic (1D),D. Snuke Panic (1D),840.0,7443,['dp'],1,https://atcoder.jp/contests/abc266/tasks/abc266_d,39.484,,,
atcoder,abc,abc266,AtCoder Beginner Contest 266,2022,1661601600,abc266_e,E,Throwing the Die,E. Throwing the Die,1227.0,5134,"['dp', 'expectation', 'probability', 'greedy']",4,https://atcoder.jp/contests/abc266/tasks/abc266_e,46.233,,,
atcoder,abc,abc266,AtCoder Beginner Contest 266,2022,1661601600,abc266_f,F,Well-defined Path Queries on a Namori,F. Well-defined Path Queries on a Namori,1525.0,3708,"['graph theory', 'cycle', 'tree', 'dfs', 'namori graph']",5,https://atcoder.jp/contests/abc266/tasks/abc266_f,51.43,,,
atcoder,abc,abc266,AtCoder Beginner Contest 266,2022,1661601600,abc266_g,G,Yet Another RGB Sequence,G. Yet Another RGB Sequence,2045.0,2086,"['combinatorics', 'inclusion exclusion', 'binomial coefficient', 'multinomial coefficient', 'string', 'modular arithmetic']",6,https://atcoder.jp/contests/abc266/tasks/abc266_g,60.499,,,
atcoder,abc,abc266,AtCoder Beginner Contest 266,2022,1661601600,abc266_h,Ex,Snuke Panic (2D),Ex. Snuke Panic (2D),2865.0,371,"['dp', 'coordinate geometry', '2d segment tree', '2d binary indexed tree', 'divide and conquer', 'plane sweep']",6,https://atcoder.jp/contests/abc266/tasks/abc266_h,74.799,,,
atcoder,abc,abc267,NECプログラミングコンテスト2022 (AtCoder Beginner Contest 267),2022,1662206400,abc267_a,A,Saturday,A. Saturday,-984.0,14413,"['case work', 'implementation', 'string']",3,https://atcoder.jp/contests/abc267/tasks/abc267_a,7.674,,,
atcoder,abc,abc267,NECプログラミングコンテスト2022 (AtCoder Beginner Contest 267),2022,1662206400,abc267_b,B,Split?,B. Split?,61.0,10230,"['tree', 'implementation', 'string']",3,https://atcoder.jp/contests/abc267/tasks/abc267_b,25.898,,,
atcoder,abc,abc267,NECプログラミングコンテスト2022 (AtCoder Beginner Contest 267),2022,1662206400,abc267_c,C,Index × A(Continuous ver.),C. Index × A(Continuous ver.),524.0,9573,"['sliding window', 'prefix sum', 'array']",3,https://atcoder.jp/contests/abc267/tasks/abc267_c,33.973,,,
atcoder,abc,abc267,NECプログラミングコンテスト2022 (AtCoder Beginner Contest 267),2022,1662206400,abc267_d,D,Index × A(Not Continuous ver.),D. Index × A(Not Continuous ver.),864.0,7884,"['dp', 'subsequence']",2,https://atcoder.jp/contests/abc267/tasks/abc267_d,39.902,,,
atcoder,abc,abc267,NECプログラミングコンテスト2022 (AtCoder Beginner Contest 267),2022,1662206400,abc267_e,E,Erasing Vertices 2,E. Erasing Vertices 2,1313.0,4704,"['binary search', 'greedy']",2,https://atcoder.jp/contests/abc267/tasks/abc267_e,47.733,,,
atcoder,abc,abc267,NECプログラミングコンテスト2022 (AtCoder Beginner Contest 267),2022,1662206400,abc267_f,F,Exactly K Steps,F. Exactly K Steps,1939.0,2993,"['tree diameter', 'lca', 'dfs', 'tree']",4,https://atcoder.jp/contests/abc267/tasks/abc267_f,58.65,,,
atcoder,abc,abc267,NECプログラミングコンテスト2022 (AtCoder Beginner Contest 267),2022,1662206400,abc267_g,G,Increasing K Times,G. Increasing K Times,2561.0,935,"['dp', 'combinatorics', 'permutation', 'math']",4,https://atcoder.jp/contests/abc267/tasks/abc267_g,69.498,,,
atcoder,abc,abc267,NECプログラミングコンテスト2022 (AtCoder Beginner Contest 267),2022,1662206400,abc267_h,Ex,Odd Sum,Ex. Odd Sum,2422.0,800,"['dp', 'generating function', 'polynomial', 'convolution', 'divide and conquer', 'combinatorics']",6,https://atcoder.jp/contests/abc267/tasks/abc267_h,67.074,,,
atcoder,abc,abc268,ユニークビジョンプログラミングコンテスト2022 夏(AtCoder Beginner Contest 268),2022,1662811200,abc268_a,A,Five Integers,A. Five Integers,-876.0,13545,"['implementation', 'set', 'counting']",3,https://atcoder.jp/contests/abc268/tasks/abc268_a,9.557,,,
atcoder,abc,abc268,ユニークビジョンプログラミングコンテスト2022 夏(AtCoder Beginner Contest 268),2022,1662811200,abc268_b,B,Prefix?,B. Prefix?,-696.0,12705,"['implementation', 'simulation', 'string']",3,https://atcoder.jp/contests/abc268/tasks/abc268_b,12.696,,,
atcoder,abc,abc268,ユニークビジョンプログラミングコンテスト2022 夏(AtCoder Beginner Contest 268),2022,1662811200,abc268_c,C,Chinese Restaurant,C. Chinese Restaurant,676.0,8015,"['implementation', 'modular arithmetic', 'counting', 'optimization', 'simulation']",5,https://atcoder.jp/contests/abc268/tasks/abc268_c,36.624,,,
atcoder,abc,abc268,ユニークビジョンプログラミングコンテスト2022 夏(AtCoder Beginner Contest 268),2022,1662811200,abc268_d,D,Unique Username,D. Unique Username,1309.0,4608,"['backtracking', 'implementation', 'set', 'string']",4,https://atcoder.jp/contests/abc268/tasks/abc268_d,47.663,,,
atcoder,abc,abc268,ユニークビジョンプログラミングコンテスト2022 夏(AtCoder Beginner Contest 268),2022,1662811200,abc268_e,E,Chinese Restaurant (Three-Star Version),E. Chinese Restaurant (Three-Star Version),1927.0,1798,"['prefix sum', 'difference array', 'circular array', 'optimization', 'range update']",5,https://atcoder.jp/contests/abc268/tasks/abc268_e,58.441,,,
atcoder,abc,abc268,ユニークビジョンプログラミングコンテスト2022 夏(AtCoder Beginner Contest 268),2022,1662811200,abc268_f,F,Best Concatenation,F. Best Concatenation,1807.0,2301,"['greedy', 'sorting']",2,https://atcoder.jp/contests/abc268/tasks/abc268_f,56.348,,,
atcoder,abc,abc268,ユニークビジョンプログラミングコンテスト2022 夏(AtCoder Beginner Contest 268),2022,1662811200,abc268_g,G,Random Student ID,G. Random Student ID,2311.0,989,"['expectation', 'trie', 'string', 'prefix', 'modular arithmetic', 'bfs']",6,https://atcoder.jp/contests/abc268/tasks/abc268_g,65.138,,,
atcoder,abc,abc268,ユニークビジョンプログラミングコンテスト2022 夏(AtCoder Beginner Contest 268),2022,1662811200,abc268_h,Ex,Taboo,Ex. Taboo,2560.0,691,"['string matching', 'suffix array', 'lcp', 'greedy', 'segment']",5,https://atcoder.jp/contests/abc268/tasks/abc268_h,69.48,,,
atcoder,abc,abc269,UNICORNプログラミングコンテスト2022(AtCoder Beginner Contest 269),2022,1663416000,abc269_a,A,Anyway Takahashi,A. Anyway Takahashi,-1162.0,14882,"['implementation', 'math', 'input output']",3,https://atcoder.jp/contests/abc269/tasks/abc269_a,4.569,,,
atcoder,abc,abc269,UNICORNプログラミングコンテスト2022(AtCoder Beginner Contest 269),2022,1663416000,abc269_b,B,Rectangle Detection,B. Rectangle Detection,-308.0,11187,"['grid', 'implementation', 'optimization']",3,https://atcoder.jp/contests/abc269/tasks/abc269_b,19.463,,,
atcoder,abc,abc269,UNICORNプログラミングコンテスト2022(AtCoder Beginner Contest 269),2022,1663416000,abc269_c,C,Submask,C. Submask,384.0,9396,"['base representation', 'bit manipulation', 'bitmask', 'subset']",4,https://atcoder.jp/contests/abc269/tasks/abc269_c,31.531,,,
atcoder,abc,abc269,UNICORNプログラミングコンテスト2022(AtCoder Beginner Contest 269),2022,1663416000,abc269_d,D,Do use hexagon grid,D. Do use hexagon grid,612.0,7613,"['connected components', 'dsu', 'graph theory', 'grid']",4,https://atcoder.jp/contests/abc269/tasks/abc269_d,35.507,,,
atcoder,abc,abc269,UNICORNプログラミングコンテスト2022(AtCoder Beginner Contest 269),2022,1663416000,abc269_e,E,Last Rook,E. Last Rook,1030.0,5008,"['interactive', 'binary search']",2,https://atcoder.jp/contests/abc269/tasks/abc269_e,42.797,,,
atcoder,abc,abc269,UNICORNプログラミングコンテスト2022(AtCoder Beginner Contest 269),2022,1663416000,abc269_f,F,Numbered Checker,F. Numbered Checker,1601.0,2664,"['prefix sum', 'grid', 'implementation', 'math', 'modular arithmetic']",5,https://atcoder.jp/contests/abc269/tasks/abc269_f,52.755,,,
atcoder,abc,abc269,UNICORNプログラミングコンテスト2022(AtCoder Beginner Contest 269),2022,1663416000,abc269_g,G,Reversible Cards 2,G. Reversible Cards 2,2440.0,895,"['dp', 'knapsack', 'bit manipulation']",3,https://atcoder.jp/contests/abc269/tasks/abc269_g,67.388,,,
atcoder,abc,abc269,UNICORNプログラミングコンテスト2022(AtCoder Beginner Contest 269),2022,1663416000,abc269_h,Ex,Antichain,Ex. Antichain,3178.0,305,"['dp on trees', 'heavy light decomposition', 'generating function', 'divide and conquer', 'polynomial']",5,https://atcoder.jp/contests/abc269/tasks/abc269_h,80.258,,,
atcoder,abc,abc270,トヨタ自動車プログラミングコンテスト2022(AtCoder Beginner Contest 270),2022,1664020800,abc270_a,A,1-2-4 Test,A. 1-2-4 Test,-473.0,13236,['bit manipulation'],1,https://atcoder.jp/contests/abc270/tasks/abc270_a,16.585,,,
atcoder,abc,abc270,トヨタ自動車プログラミングコンテスト2022(AtCoder Beginner Contest 270),2022,1664020800,abc270_b,B,Hammer,B. Hammer,-131.0,11181,"['case work', 'coordinate geometry', 'implementation', 'conditional']",4,https://atcoder.jp/contests/abc270/tasks/abc270_b,22.55,,,
atcoder,abc,abc270,トヨタ自動車プログラミングコンテスト2022(AtCoder Beginner Contest 270),2022,1664020800,abc270_c,C,Simple path,C. Simple path,625.0,8921,"['dfs', 'graph', 'path', 'tree']",4,https://atcoder.jp/contests/abc270/tasks/abc270_c,35.734,,,
atcoder,abc,abc270,トヨタ自動車プログラミングコンテスト2022(AtCoder Beginner Contest 270),2022,1664020800,abc270_d,D,Stones,D. Stones,1300.0,5957,"['dp', 'game theory']",2,https://atcoder.jp/contests/abc270/tasks/abc270_d,47.506,,,
atcoder,abc,abc270,トヨタ自動車プログラミングコンテスト2022(AtCoder Beginner Contest 270),2022,1664020800,abc270_e,E,Apple Baskets on Circle,E. Apple Baskets on Circle,1211.0,5322,"['binary search', 'simulation', 'circular array']",3,https://atcoder.jp/contests/abc270/tasks/abc270_e,45.954,,,
atcoder,abc,abc270,トヨタ自動車プログラミングコンテスト2022(AtCoder Beginner Contest 270),2022,1664020800,abc270_f,F,Transportation,F. Transportation,1834.0,2679,"['minimum spanning tree', 'kruskal', 'dsu', 'connectivity', 'case work']",5,https://atcoder.jp/contests/abc270/tasks/abc270_f,56.819,,,
atcoder,abc,abc270,トヨタ自動車プログラミングコンテスト2022(AtCoder Beginner Contest 270),2022,1664020800,abc270_g,G,Sequence in mod P,G. Sequence in mod P,2220.0,1049,"['baby step giant step', 'discrete logarithm', 'modular arithmetic', 'recurrence']",4,https://atcoder.jp/contests/abc270/tasks/abc270_g,63.551,,,
atcoder,abc,abc270,トヨタ自動車プログラミングコンテスト2022(AtCoder Beginner Contest 270),2022,1664020800,abc270_h,Ex,add 1 ,Ex. add 1 ,3159.0,396,"['expectation', 'dp', 'recurrence', 'modular arithmetic', 'modular exponentiation', 'modular inverse']",6,https://atcoder.jp/contests/abc270/tasks/abc270_h,79.927,,,
atcoder,abc,abc271,京セラプログラミングコンテスト2022(AtCoder Beginner Contest 271),2022,1664625600,abc271_a,A,484558,A. 484558,-662.0,12806,"['implementation', 'base conversion']",2,https://atcoder.jp/contests/abc271/tasks/abc271_a,13.289,,,
atcoder,abc,abc271,京セラプログラミングコンテスト2022(AtCoder Beginner Contest 271),2022,1664625600,abc271_b,B,Maintain Multiple Sequences,B. Maintain Multiple Sequences,-166.0,11243,"['array', 'implementation', 'query']",3,https://atcoder.jp/contests/abc271/tasks/abc271_b,21.939,,,
atcoder,abc,abc271,京セラプログラミングコンテスト2022(AtCoder Beginner Contest 271),2022,1664625600,abc271_c,C,Manga,C. Manga,842.0,8153,"['greedy', 'two pointer', 'simulation', 'array']",4,https://atcoder.jp/contests/abc271/tasks/abc271_c,39.519,,,
atcoder,abc,abc271,京セラプログラミングコンテスト2022(AtCoder Beginner Contest 271),2022,1664625600,abc271_d,D,Flip and Adjust,D. Flip and Adjust,886.0,7612,"['dp', 'subset sum', 'reconstruction']",3,https://atcoder.jp/contests/abc271/tasks/abc271_d,40.286,,,
atcoder,abc,abc271,京セラプログラミングコンテスト2022(AtCoder Beginner Contest 271),2022,1664625600,abc271_e,E,Subsequence Path,E. Subsequence Path,1402.0,4309,"['dp', 'graph theory', 'shortest path', 'subsequence']",4,https://atcoder.jp/contests/abc271/tasks/abc271_e,49.285,,,
atcoder,abc,abc271,京セラプログラミングコンテスト2022(AtCoder Beginner Contest 271),2022,1664625600,abc271_f,F,XOR on Grid Path,F. XOR on Grid Path,1669.0,3451,"['meet in the middle', 'xor', 'grid path', 'counting', 'sorting']",5,https://atcoder.jp/contests/abc271/tasks/abc271_f,53.941,,,
atcoder,abc,abc271,京セラプログラミングコンテスト2022(AtCoder Beginner Contest 271),2022,1664625600,abc271_g,G,Access Counter,G. Access Counter,2323.0,780,"['matrix', 'probability', 'dp', 'modular arithmetic', 'geometric progression']",5,https://atcoder.jp/contests/abc271/tasks/abc271_g,65.347,,,
atcoder,abc,abc271,京セラプログラミングコンテスト2022(AtCoder Beginner Contest 271),2022,1664625600,abc271_h,Ex,General General,Ex. General General,2908.0,246,"['dp', 'digit dp', 'math', 'case work', 'symmetry', 'coordinate geometry', 'bit manipulation']",7,https://atcoder.jp/contests/abc271/tasks/abc271_h,75.549,,,
atcoder,abc,abc272,AtCoder Beginner Contest 272,2022,1665230400,abc272_a,A,Integer Sum,A. Integer Sum,-1186.0,15442,"['sum', 'array', 'implementation']",3,https://atcoder.jp/contests/abc272/tasks/abc272_a,4.151,,,
atcoder,abc,abc272,AtCoder Beginner Contest 272,2022,1665230400,abc272_b,B,Everyone is Friends,B. Everyone is Friends,-24.0,11000,"['implementation', 'search', 'set']",3,https://atcoder.jp/contests/abc272/tasks/abc272_b,24.416,,,
atcoder,abc,abc272,AtCoder Beginner Contest 272,2022,1665230400,abc272_c,C,Max Even,C. Max Even,51.0,12015,"['greedy', 'implementation', 'math', 'sorting']",4,https://atcoder.jp/contests/abc272/tasks/abc272_c,25.724,,,
atcoder,abc,abc272,AtCoder Beginner Contest 272,2022,1665230400,abc272_d,D,Root M Leaper,D. Root M Leaper,804.0,7290,"['bfs', 'graph theory', 'shortest path', 'number theory', 'precomputation']",5,https://atcoder.jp/contests/abc272/tasks/abc272_d,38.856,,,
atcoder,abc,abc272,AtCoder Beginner Contest 272,2022,1665230400,abc272_e,E,Add and Mex,E. Add and Mex,1434.0,4247,"['mex', 'harmonic series', 'value', 'precomputation']",4,https://atcoder.jp/contests/abc272/tasks/abc272_e,49.843,,,
atcoder,abc,abc272,AtCoder Beginner Contest 272,2022,1665230400,abc272_f,F,Two Strings,F. Two Strings,2238.0,1122,"['cycle', 'lexicographical', 'sorting', 'string', 'suffix array']",5,https://atcoder.jp/contests/abc272/tasks/abc272_f,63.865,,,
atcoder,abc,abc272,AtCoder Beginner Contest 272,2022,1665230400,abc272_g,G,Yet Another mod M,G. Yet Another mod M,2187.0,1320,"['randomization', 'number theory', 'modular arithmetic', 'divisors', 'prime factorization', 'search']",6,https://atcoder.jp/contests/abc272/tasks/abc272_g,62.975,,,
atcoder,abc,abc272,AtCoder Beginner Contest 272,2022,1665230400,abc272_h,Ex,Flipping Coins 2,Ex. Flipping Coins 2,3740.0,77,"['polynomial', 'inclusion exclusion', 'dp', 'generating function', 'formal power series', 'combinatorics']",6,https://atcoder.jp/contests/abc272/tasks/abc272_h,90.059,,,
atcoder,abc,abc273,パナソニックグループプログラミングコンテスト2022（AtCoder Beginner Contest 273）,2022,1665835200,abc273_a,A,A Recursive Function,A. A Recursive Function,-1038.0,14556,"['recursion', 'factorial', 'implementation']",3,https://atcoder.jp/contests/abc273/tasks/abc273_a,6.732,,,
atcoder,abc,abc273,パナソニックグループプログラミングコンテスト2022（AtCoder Beginner Contest 273）,2022,1665835200,abc273_b,B,Broken Rounding,B. Broken Rounding,77.0,9838,"['implementation', 'number theory', 'simulation']",3,https://atcoder.jp/contests/abc273/tasks/abc273_b,26.177,,,
atcoder,abc,abc273,パナソニックグループプログラミングコンテスト2022（AtCoder Beginner Contest 273）,2022,1665835200,abc273_c,C,(K+1)-th Largest Number,C. (K+1)-th Largest Number,369.0,8763,"['coordinate compression', 'counting', 'implementation', 'sorting']",4,https://atcoder.jp/contests/abc273/tasks/abc273_c,31.27,,,
atcoder,abc,abc273,パナソニックグループプログラミングコンテスト2022（AtCoder Beginner Contest 273）,2022,1665835200,abc273_d,D,LRUD Instructions,D. LRUD Instructions,1119.0,5023,"['binary search', 'coordinate compression', 'simulation', 'data structure']",4,https://atcoder.jp/contests/abc273/tasks/abc273_d,44.349,,,
atcoder,abc,abc273,パナソニックグループプログラミングコンテスト2022（AtCoder Beginner Contest 273）,2022,1665835200,abc273_e,E,Notebook,E. Notebook,1624.0,3318,"['persistent data structure', 'stack', 'implementation']",3,https://atcoder.jp/contests/abc273/tasks/abc273_e,53.157,,,
atcoder,abc,abc273,パナソニックグループプログラミングコンテスト2022（AtCoder Beginner Contest 273）,2022,1665835200,abc273_f,F,Hammer 2,F. Hammer 2,2277.0,1114,"['dp', 'interval dp']",2,https://atcoder.jp/contests/abc273/tasks/abc273_f,64.545,,,
atcoder,abc,abc273,パナソニックグループプログラミングコンテスト2022（AtCoder Beginner Contest 273）,2022,1665835200,abc273_g,G,Row Column Sums 2,G. Row Column Sums 2,2521.0,637,"['dp', 'combinatorics', 'modular arithmetic', 'counting', 'matrix']",5,https://atcoder.jp/contests/abc273/tasks/abc273_g,68.8,,,
atcoder,abc,abc273,パナソニックグループプログラミングコンテスト2022（AtCoder Beginner Contest 273）,2022,1665835200,abc273_h,Ex,"Inv(0,1)ving Insert(1,0)n","Ex. Inv(0,1)ving Insert(1,0)n",3598.0,97,"['stern brocot tree', 'number theory', 'divide and conquer', 'binary search', 'contribution counting', 'fractions', 'merge']",7,https://atcoder.jp/contests/abc273/tasks/abc273_h,87.583,,,
atcoder,abc,abc274,キーエンスプログラミングコンテスト2022（AtCoder Beginner Contest 274）,2022,1666440000,abc274_a,A,Batting Average,A. Batting Average,-738.0,12991,"['implementation', 'math', 'string']",3,https://atcoder.jp/contests/abc274/tasks/abc274_a,11.964,,,
atcoder,abc,abc274,キーエンスプログラミングコンテスト2022（AtCoder Beginner Contest 274）,2022,1666440000,abc274_b,B,Line Sensor,B. Line Sensor,-449.0,11677,"['graph', 'implementation']",2,https://atcoder.jp/contests/abc274/tasks/abc274_b,17.004,,,
atcoder,abc,abc274,キーエンスプログラミングコンテスト2022（AtCoder Beginner Contest 274）,2022,1666440000,abc274_c,C,Ameba,C. Ameba,304.0,9726,"['bfs', 'graph', 'implementation', 'tree']",4,https://atcoder.jp/contests/abc274/tasks/abc274_c,30.136,,,
atcoder,abc,abc274,キーエンスプログラミングコンテスト2022（AtCoder Beginner Contest 274）,2022,1666440000,abc274_d,D,Robot Arms 2,D. Robot Arms 2,916.0,6317,"['dp', 'coordinate geometry', 'reachability', 'reduction']",4,https://atcoder.jp/contests/abc274/tasks/abc274_d,40.809,,,
atcoder,abc,abc274,キーエンスプログラミングコンテスト2022（AtCoder Beginner Contest 274）,2022,1666440000,abc274_e,E,Booster,E. Booster,1520.0,3451,"['bitmask dp', 'dp', 'traveling salesman', 'bitmask']",4,https://atcoder.jp/contests/abc274/tasks/abc274_e,51.343,,,
atcoder,abc,abc274,キーエンスプログラミングコンテスト2022（AtCoder Beginner Contest 274）,2022,1666440000,abc274_f,F,Fishing,F. Fishing,2212.0,1249,"['brute force', 'plane sweep', 'simulation', 'geometry']",4,https://atcoder.jp/contests/abc274/tasks/abc274_f,63.411,,,
atcoder,abc,abc274,キーエンスプログラミングコンテスト2022（AtCoder Beginner Contest 274）,2022,1666440000,abc274_g,G,Security Camera 3,G. Security Camera 3,2340.0,917,"['max flow', 'vertex cover', 'graph', 'grid', 'submodular']",5,https://atcoder.jp/contests/abc274/tasks/abc274_g,65.644,,,
atcoder,abc,abc274,キーエンスプログラミングコンテスト2022（AtCoder Beginner Contest 274）,2022,1666440000,abc274_h,Ex,XOR Sum of Arrays,Ex. XOR Sum of Arrays,3191.0,247,"['xor', 'binary lifting', 'matrix', 'lexicographical', 'range query']",5,https://atcoder.jp/contests/abc274/tasks/abc274_h,80.485,,,
atcoder,abc,abc275,AtCoder Beginner Contest 275,2022,1667044800,abc275_a,A,Find Takahashi,A. Find Takahashi,-929.0,13590,"['array', 'implementation']",2,https://atcoder.jp/contests/abc275/tasks/abc275_a,8.633,,,
atcoder,abc,abc275,AtCoder Beginner Contest 275,2022,1667044800,abc275_b,B,ABC-DEF,B. ABC-DEF,-1.0,11422,"['implementation', 'math', 'modular arithmetic']",3,https://atcoder.jp/contests/abc275/tasks/abc275_b,24.817,,,
atcoder,abc,abc275,AtCoder Beginner Contest 275,2022,1667044800,abc275_c,C,Counting Squares,C. Counting Squares,760.0,6867,"['geometry', 'grid', 'implementation']",3,https://atcoder.jp/contests/abc275/tasks/abc275_c,38.089,,,
atcoder,abc,abc275,AtCoder Beginner Contest 275,2022,1667044800,abc275_d,D,Yet Another Recursive Function,D. Yet Another Recursive Function,606.0,8927,"['memoization', 'recursion', 'dp']",3,https://atcoder.jp/contests/abc275/tasks/abc275_d,35.403,,,
atcoder,abc,abc275,AtCoder Beginner Contest 275,2022,1667044800,abc275_e,E,Sugoroku 4,E. Sugoroku 4,1264.0,4285,"['dp', 'modular arithmetic', 'probability']",3,https://atcoder.jp/contests/abc275/tasks/abc275_e,46.878,,,
atcoder,abc,abc275,AtCoder Beginner Contest 275,2022,1667044800,abc275_f,F,Erase Subarrays,F. Erase Subarrays,1608.0,3088,"['dp', 'knapsack', 'subset sum']",3,https://atcoder.jp/contests/abc275/tasks/abc275_f,52.878,,,
atcoder,abc,abc275,AtCoder Beginner Contest 275,2022,1667044800,abc275_g,G,Infinite Knapsack,G. Infinite Knapsack,2522.0,465,"['convex hull', 'computational geometry', 'linear programming', 'optimization']",4,https://atcoder.jp/contests/abc275/tasks/abc275_g,68.818,,,
atcoder,abc,abc275,AtCoder Beginner Contest 275,2022,1667044800,abc275_h,Ex,Monster,Ex. Monster,3210.0,271,"['dp', 'cartesian tree', 'slope trick', 'divide and conquer', 'data structure']",5,https://atcoder.jp/contests/abc275/tasks/abc275_h,80.816,,,
atcoder,abc,abc276,AtCoder Beginner Contest 276,2022,1667649600,abc276_a,A,Rightmost,A. Rightmost,-974.0,14945,"['string', 'implementation']",2,https://atcoder.jp/contests/abc276/tasks/abc276_a,7.848,,,
atcoder,abc,abc276,AtCoder Beginner Contest 276,2022,1667649600,abc276_b,B,Adjacency List,B. Adjacency List,-11.0,11552,"['graph', 'implementation', 'sorting']",3,https://atcoder.jp/contests/abc276/tasks/abc276_b,24.642,,,
atcoder,abc,abc276,AtCoder Beginner Contest 276,2022,1667649600,abc276_c,C,Previous Permutation,C. Previous Permutation,389.0,9599,"['permutation', 'greedy', 'implementation', 'lexicographical']",4,https://atcoder.jp/contests/abc276/tasks/abc276_c,31.618,,,
atcoder,abc,abc276,AtCoder Beginner Contest 276,2022,1667649600,abc276_d,D,Divide by 2 or 3,D. Divide by 2 or 3,645.0,8879,"['number theory', 'prime factorization', 'gcd', 'greedy']",4,https://atcoder.jp/contests/abc276/tasks/abc276_d,36.083,,,
atcoder,abc,abc276,AtCoder Beginner Contest 276,2022,1667649600,abc276_e,E,Round Trip,E. Round Trip,1058.0,5587,"['graph', 'bfs', 'dsu', 'grid', 'connectivity']",5,https://atcoder.jp/contests/abc276/tasks/abc276_e,43.286,,,
atcoder,abc,abc276,AtCoder Beginner Contest 276,2022,1667649600,abc276_f,F,Double Chance,F. Double Chance,1562.0,2979,"['prefix sum', 'expectation', 'implementation', 'modular arithmetic', 'sorting']",5,https://atcoder.jp/contests/abc276/tasks/abc276_f,52.075,,,
atcoder,abc,abc276,AtCoder Beginner Contest 276,2022,1667649600,abc276_g,G,Count Sequences,G. Count Sequences,2278.0,1192,"['combinatorics', 'binomial coefficient', 'stars and bars', 'modular arithmetic', 'counting', 'difference array']",6,https://atcoder.jp/contests/abc276/tasks/abc276_g,64.562,,,
atcoder,abc,abc276,AtCoder Beginner Contest 276,2022,1667649600,abc276_h,Ex,Construct a Matrix,Ex. Construct a Matrix,3087.0,223,"['linear algebra', 'gaussian elimination', '2d prefix sum', 'modular arithmetic', 'bitset']",5,https://atcoder.jp/contests/abc276/tasks/abc276_h,78.671,,,
atcoder,abc,abc277,大和証券プログラミングコンテスト2022 Autumn (AtCoder Beginner Contest 277),2022,1668254400,abc277_a,A,^{-1},A. ^{-1},-1045.0,13991,"['implementation', 'search']",2,https://atcoder.jp/contests/abc277/tasks/abc277_a,6.61,,,
atcoder,abc,abc277,大和証券プログラミングコンテスト2022 Autumn (AtCoder Beginner Contest 277),2022,1668254400,abc277_b,B,Playing Cards Validation,B. Playing Cards Validation,-362.0,11364,"['implementation', 'set', 'string', 'validation']",4,https://atcoder.jp/contests/abc277/tasks/abc277_b,18.521,,,
atcoder,abc,abc277,大和証券プログラミングコンテスト2022 Autumn (AtCoder Beginner Contest 277),2022,1668254400,abc277_c,C,Ladder Takahashi,C. Ladder Takahashi,540.0,9727,"['graph theory', 'bfs', 'dfs', 'dsu', 'connected components', 'coordinate compression']",6,https://atcoder.jp/contests/abc277/tasks/abc277_c,34.252,,,
atcoder,abc,abc277,大和証券プログラミングコンテスト2022 Autumn (AtCoder Beginner Contest 277),2022,1668254400,abc277_d,D,Takahashi's Solitaire,D. Takahashi's Solitaire,873.0,6365,"['greedy', 'modular arithmetic', 'counting', 'implementation']",4,https://atcoder.jp/contests/abc277/tasks/abc277_d,40.059,,,
atcoder,abc,abc277,大和証券プログラミングコンテスト2022 Autumn (AtCoder Beginner Contest 277),2022,1668254400,abc277_e,E,Crystal Switches,E. Crystal Switches,1183.0,5119,"['0-1 bfs', 'graph', 'shortest path']",3,https://atcoder.jp/contests/abc277/tasks/abc277_e,45.466,,,
atcoder,abc,abc277,大和証券プログラミングコンテスト2022 Autumn (AtCoder Beginner Contest 277),2022,1668254400,abc277_f,F,Sorting a Matrix,F. Sorting a Matrix,2400.0,996,"['topological sort', 'dag', 'graph', 'greedy', 'sorting', 'cycle']",6,https://atcoder.jp/contests/abc277/tasks/abc277_f,66.69,,,
atcoder,abc,abc277,大和証券プログラミングコンテスト2022 Autumn (AtCoder Beginner Contest 277),2022,1668254400,abc277_g,G,Random Walk to Millionaire,G. Random Walk to Millionaire,2491.0,774,"['random walk', 'expectation', 'dp', 'graph', 'probability', 'modular arithmetic']",6,https://atcoder.jp/contests/abc277/tasks/abc277_g,68.277,,,
atcoder,abc,abc277,大和証券プログラミングコンテスト2022 Autumn (AtCoder Beginner Contest 277),2022,1668254400,abc277_h,Ex,Constrained Sums,Ex. Constrained Sums,2917.0,472,"['2-sat', 'constraint', 'graph']",3,https://atcoder.jp/contests/abc277/tasks/abc277_h,75.706,,,
atcoder,abc,abc278,AtCoder Beginner Contest 278,2022,1668859200,abc278_a,A,Shift,A. Shift,-872.0,14026,"['simulation', 'array', 'implementation']",3,https://atcoder.jp/contests/abc278/tasks/abc278_a,9.627,,,
atcoder,abc,abc278,AtCoder Beginner Contest 278,2022,1668859200,abc278_b,B,Misjudge the Time,B. Misjudge the Time,-72.0,10869,"['digit', 'implementation', 'simulation', 'validation']",4,https://atcoder.jp/contests/abc278/tasks/abc278_b,23.579,,,
atcoder,abc,abc278,AtCoder Beginner Contest 278,2022,1668859200,abc278_c,C,FF,C. FF,320.0,10155,"['set', 'simulation', 'pair', 'data structure']",4,https://atcoder.jp/contests/abc278/tasks/abc278_c,30.415,,,
atcoder,abc,abc278,AtCoder Beginner Contest 278,2022,1668859200,abc278_d,D,All Assign Point Add,D. All Assign Point Add,559.0,8503,"['segment tree', 'lazy propagation', 'range update', 'point query', 'amortized analysis', 'data structure']",6,https://atcoder.jp/contests/abc278/tasks/abc278_d,34.583,,,
atcoder,abc,abc278,AtCoder Beginner Contest 278,2022,1668859200,abc278_e,E,Grid Filling,E. Grid Filling,996.0,5267,"['2d prefix sum', 'inclusion exclusion', 'grid']",3,https://atcoder.jp/contests/abc278/tasks/abc278_e,42.204,,,
atcoder,abc,abc278,AtCoder Beginner Contest 278,2022,1668859200,abc278_f,F,Shiritori,F. Shiritori,1452.0,3424,"['dp', 'game theory', 'graph theory', 'implementation']",4,https://atcoder.jp/contests/abc278/tasks/abc278_f,50.157,,,
atcoder,abc,abc278,AtCoder Beginner Contest 278,2022,1668859200,abc278_g,G,Generalized Subtraction Game,G. Generalized Subtraction Game,2533.0,569,"['game theory', 'sprague grundy', 'interactive']",3,https://atcoder.jp/contests/abc278/tasks/abc278_g,69.009,,,
atcoder,abc,abc278,AtCoder Beginner Contest 278,2022,1668859200,abc278_h,Ex,make 1,Ex. make 1,3768.0,76,"['binomial coefficient', 'inclusion exclusion', 'convolution', 'linear algebra', 'counting']",5,https://atcoder.jp/contests/abc278/tasks/abc278_h,90.548,,,
atcoder,abc,abc279,トヨタシステムズプログラミングコンテスト2022(AtCoder Beginner Contest 279),2022,1669464000,abc279_a,A,wwwvvvvvv,A. wwwvvvvvv,-1224.0,14986,"['string', 'counting', 'iteration']",3,https://atcoder.jp/contests/abc279/tasks/abc279_a,3.488,,,
atcoder,abc,abc279,トヨタシステムズプログラミングコンテスト2022(AtCoder Beginner Contest 279),2022,1669464000,abc279_b,B,LOOKUP,B. LOOKUP,-533.0,11921,"['implementation', 'string', 'string matching', 'substring']",4,https://atcoder.jp/contests/abc279/tasks/abc279_b,15.539,,,
atcoder,abc,abc279,トヨタシステムズプログラミングコンテスト2022(AtCoder Beginner Contest 279),2022,1669464000,abc279_c,C,RANDOM,C. RANDOM,246.0,9335,"['counting', 'implementation', 'string']",3,https://atcoder.jp/contests/abc279/tasks/abc279_c,29.125,,,
atcoder,abc,abc279,トヨタシステムズプログラミングコンテスト2022(AtCoder Beginner Contest 279),2022,1669464000,abc279_d,D,Freefall,D. Freefall,766.0,6935,"['ternary search', 'convexity', 'optimization', 'calculus']",4,https://atcoder.jp/contests/abc279/tasks/abc279_d,38.193,,,
atcoder,abc,abc279,トヨタシステムズプログラミングコンテスト2022(AtCoder Beginner Contest 279),2022,1669464000,abc279_e,E,Cheating Amidakuji,E. Cheating Amidakuji,1390.0,3514,"['divide and conquer', 'permutation', 'segment tree', 'simulation', 'swap']",5,https://atcoder.jp/contests/abc279/tasks/abc279_e,49.076,,,
atcoder,abc,abc279,トヨタシステムズプログラミングコンテスト2022(AtCoder Beginner Contest 279),2022,1669464000,abc279_f,F,BOX,F. BOX,1777.0,2486,"['dsu', 'set', 'mapping']",3,https://atcoder.jp/contests/abc279/tasks/abc279_f,55.825,,,
atcoder,abc,abc279,トヨタシステムズプログラミングコンテスト2022(AtCoder Beginner Contest 279),2022,1669464000,abc279_g,G,At Most 2 Colors,G. At Most 2 Colors,2431.0,843,"['dp', 'prefix sum', 'combinatorics', 'modular arithmetic']",4,https://atcoder.jp/contests/abc279/tasks/abc279_g,67.231,,,
atcoder,abc,abc279,トヨタシステムズプログラミングコンテスト2022(AtCoder Beginner Contest 279),2022,1669464000,abc279_h,Ex,Sum of Prod of Min,Ex. Sum of Prod of Min,3279.0,180,"['pentagonal number theorem', 'generating function', 'binomial coefficient', 'lucas theorem', 'combinatorics']",5,https://atcoder.jp/contests/abc279/tasks/abc279_h,82.02,,,
atcoder,abc,abc280,デンソークリエイトプログラミングコンテスト2022 Winter(AtCoder Beginner Contest 280),2022,1670068800,abc280_a,A,Pawn on a Grid,A. Pawn on a Grid,-1011.0,14255,"['string', 'counting', 'grid', 'implementation']",4,https://atcoder.jp/contests/abc280/tasks/abc280_a,7.203,,,
atcoder,abc,abc280,デンソークリエイトプログラミングコンテスト2022 Winter(AtCoder Beginner Contest 280),2022,1670068800,abc280_b,B,Inverse Prefix Sum,B. Inverse Prefix Sum,-769.0,13465,"['array', 'implementation', 'prefix sum']",3,https://atcoder.jp/contests/abc280/tasks/abc280_b,11.423,,,
atcoder,abc,abc280,デンソークリエイトプログラミングコンテスト2022 Winter(AtCoder Beginner Contest 280),2022,1670068800,abc280_c,C,Extra Character,C. Extra Character,-333.0,12461,"['implementation', 'string', 'two pointer']",3,https://atcoder.jp/contests/abc280/tasks/abc280_c,19.027,,,
atcoder,abc,abc280,デンソークリエイトプログラミングコンテスト2022 Winter(AtCoder Beginner Contest 280),2022,1670068800,abc280_d,D,Factorial and Multiple,D. Factorial and Multiple,880.0,7510,"['counting', 'factorial', 'number theory', 'prime factorization']",4,https://atcoder.jp/contests/abc280/tasks/abc280_d,40.181,,,
atcoder,abc,abc280,デンソークリエイトプログラミングコンテスト2022 Winter(AtCoder Beginner Contest 280),2022,1670068800,abc280_e,E,Critical Hit,E. Critical Hit,1251.0,4737,"['dp', 'expectation', 'modular arithmetic', 'probability']",4,https://atcoder.jp/contests/abc280/tasks/abc280_e,46.652,,,
atcoder,abc,abc280,デンソークリエイトプログラミングコンテスト2022 Winter(AtCoder Beginner Contest 280),2022,1670068800,abc280_f,F,Pay or Receive,F. Pay or Receive,1819.0,2393,"['bellman ford', 'cycle', 'graph', 'longest path', 'shortest path']",5,https://atcoder.jp/contests/abc280/tasks/abc280_f,56.557,,,
atcoder,abc,abc280,デンソークリエイトプログラミングコンテスト2022 Winter(AtCoder Beginner Contest 280),2022,1670068800,abc280_g,G,Do Use Hexagon Grid 2,G. Do Use Hexagon Grid 2,2842.0,273,"['coordinate geometry', 'chebyshev distance', 'combinatorics', 'counting', 'modular arithmetic']",5,https://atcoder.jp/contests/abc280/tasks/abc280_g,74.398,,,
atcoder,abc,abc280,デンソークリエイトプログラミングコンテスト2022 Winter(AtCoder Beginner Contest 280),2022,1670068800,abc280_h,Ex,Substring Sort,Ex. Substring Sort,3307.0,128,"['suffix array', 'lcp', 'string', 'stack', 'lexicographical']",5,https://atcoder.jp/contests/abc280/tasks/abc280_h,82.508,,,
atcoder,abc,abc281,AtCoder Beginner Contest 281,2022,1670673600,abc281_a,A,Count Down,A. Count Down,-1303.0,17064,"['implementation', 'iteration', 'language features']",3,https://atcoder.jp/contests/abc281/tasks/abc281_a,2.11,,,
atcoder,abc,abc281,AtCoder Beginner Contest 281,2022,1670673600,abc281_b,B,Sandwich Number,B. Sandwich Number,-322.0,12827,"['implementation', 'pattern', 'string']",3,https://atcoder.jp/contests/abc281/tasks/abc281_b,19.219,,,
atcoder,abc,abc281,AtCoder Beginner Contest 281,2022,1670673600,abc281_c,C,Circular Playlist,C. Circular Playlist,-45.0,12242,"['modular arithmetic', 'periodicity', 'simulation']",3,https://atcoder.jp/contests/abc281/tasks/abc281_c,24.05,,,
atcoder,abc,abc281,AtCoder Beginner Contest 281,2022,1670673600,abc281_d,D,Max Multiple,D. Max Multiple,1031.0,7370,"['dp', 'knapsack', 'modular arithmetic', 'optimization', 'subset sum']",5,https://atcoder.jp/contests/abc281/tasks/abc281_d,42.815,,,
atcoder,abc,abc281,AtCoder Beginner Contest 281,2022,1670673600,abc281_e,E,Least Elements ,E. Least Elements ,1334.0,4697,"['sliding window', 'ordered set', 'data structure']",3,https://atcoder.jp/contests/abc281/tasks/abc281_e,48.099,,,
atcoder,abc,abc281,AtCoder Beginner Contest 281,2022,1670673600,abc281_f,F,Xor Minimization,F. Xor Minimization,1714.0,3135,"['bit manipulation', 'divide and conquer', 'trie', 'xor']",4,https://atcoder.jp/contests/abc281/tasks/abc281_f,54.726,,,
atcoder,abc,abc281,AtCoder Beginner Contest 281,2022,1670673600,abc281_g,G,Farthest City,G. Farthest City,2304.0,1185,"['dp', 'graph theory', 'bfs', 'combinatorics', 'counting']",5,https://atcoder.jp/contests/abc281/tasks/abc281_g,65.016,,,
atcoder,abc,abc281,AtCoder Beginner Contest 281,2022,1670673600,abc281_h,Ex,Alchemy,Ex. Alchemy,3180.0,179,"['generating function', 'divide and conquer', 'fft', 'polynomial', 'combinatorics', 'dp']",6,https://atcoder.jp/contests/abc281/tasks/abc281_h,80.293,,,
atcoder,abc,abc282,HHKBプログラミングコンテスト2022 Winter(AtCoder Beginner Contest 282),2022,1671278400,abc282_a,A,Generalized ABC,A. Generalized ABC,-1239.0,14267,"['implementation', 'string']",2,https://atcoder.jp/contests/abc282/tasks/abc282_a,3.226,,,
atcoder,abc,abc282,HHKBプログラミングコンテスト2022 Winter(AtCoder Beginner Contest 282),2022,1671278400,abc282_b,B,Let's Get a Perfect Score,B. Let's Get a Perfect Score,-284.0,11408,"['brute force', 'conditional', 'implementation', 'string']",4,https://atcoder.jp/contests/abc282/tasks/abc282_b,19.881,,,
atcoder,abc,abc282,HHKBプログラミングコンテスト2022 Winter(AtCoder Beginner Contest 282),2022,1671278400,abc282_c,C,String Delimiter,C. String Delimiter,-139.0,11536,"['implementation', 'simulation', 'string']",3,https://atcoder.jp/contests/abc282/tasks/abc282_c,22.41,,,
atcoder,abc,abc282,HHKBプログラミングコンテスト2022 Winter(AtCoder Beginner Contest 282),2022,1671278400,abc282_d,D,Make Bipartite 2,D. Make Bipartite 2,1154.0,5630,"['bipartite graph', 'connected components', 'counting', 'graph theory', 'graph coloring']",5,https://atcoder.jp/contests/abc282/tasks/abc282_d,44.96,,,
atcoder,abc,abc282,HHKBプログラミングコンテスト2022 Winter(AtCoder Beginner Contest 282),2022,1671278400,abc282_e,E,Choose Two and Eat One,E. Choose Two and Eat One,1604.0,4385,"['maximum spanning tree', 'graph theory', 'modular exponentiation', 'greedy']",4,https://atcoder.jp/contests/abc282/tasks/abc282_e,52.808,,,
atcoder,abc,abc282,HHKBプログラミングコンテスト2022 Winter(AtCoder Beginner Contest 282),2022,1671278400,abc282_f,F,Union of Two Sets,F. Union of Two Sets,1734.0,2324,"['sparse table', 'constructive', 'interval', 'powers of two']",4,https://atcoder.jp/contests/abc282/tasks/abc282_f,55.075,,,
atcoder,abc,abc282,HHKBプログラミングコンテスト2022 Winter(AtCoder Beginner Contest 282),2022,1671278400,abc282_g,G,Similar Permutation,G. Similar Permutation,2412.0,935,"['dp', '2d prefix sum']",2,https://atcoder.jp/contests/abc282/tasks/abc282_g,66.899,,,
atcoder,abc,abc282,HHKBプログラミングコンテスト2022 Winter(AtCoder Beginner Contest 282),2022,1671278400,abc282_h,Ex,Min + Sum,Ex. Min + Sum,2621.0,953,"['divide and conquer', 'binary search', 'prefix sum', 'range minimum query', 'two pointer']",5,https://atcoder.jp/contests/abc282/tasks/abc282_h,70.544,,,
atcoder,abc,abc283,ユニークビジョンプログラミングコンテスト2022 冬(AtCoder Beginner Contest 283),2022,1671883200,abc283_a,A,Power,A. Power,-1172.0,16519,"['implementation', 'math', 'modular exponentiation']",3,https://atcoder.jp/contests/abc283/tasks/abc283_a,4.395,,,
atcoder,abc,abc283,ユニークビジョンプログラミングコンテスト2022 冬(AtCoder Beginner Contest 283),2022,1671883200,abc283_b,B,First Query Problem,B. First Query Problem,-578.0,12656,"['array', 'simulation', 'query']",3,https://atcoder.jp/contests/abc283/tasks/abc283_b,14.754,,,
atcoder,abc,abc283,ユニークビジョンプログラミングコンテスト2022 冬(AtCoder Beginner Contest 283),2022,1671883200,abc283_c,C,Cash Register,C. Cash Register,-207.0,12553,"['greedy', 'implementation', 'string']",3,https://atcoder.jp/contests/abc283/tasks/abc283_c,21.224,,,
atcoder,abc,abc283,ユニークビジョンプログラミングコンテスト2022 冬(AtCoder Beginner Contest 283),2022,1671883200,abc283_d,D,Scope,D. Scope,453.0,8951,"['implementation', 'set', 'stack', 'string']",4,https://atcoder.jp/contests/abc283/tasks/abc283_d,32.735,,,
atcoder,abc,abc283,ユニークビジョンプログラミングコンテスト2022 冬(AtCoder Beginner Contest 283),2022,1671883200,abc283_e,E,Don't Isolate Elements,E. Don't Isolate Elements,1802.0,2656,"['dp', 'grid', 'bitmask']",3,https://atcoder.jp/contests/abc283/tasks/abc283_e,56.261,,,
atcoder,abc,abc283,ユニークビジョンプログラミングコンテスト2022 冬(AtCoder Beginner Contest 283),2022,1671883200,abc283_f,F,Permutation Distance,F. Permutation Distance,1771.0,2370,"['segment tree', 'range query', 'plane sweep', 'coordinate geometry', 'permutation']",5,https://atcoder.jp/contests/abc283/tasks/abc283_f,55.72,,,
atcoder,abc,abc283,ユニークビジョンプログラミングコンテスト2022 冬(AtCoder Beginner Contest 283),2022,1671883200,abc283_g,G,Partial Xor Enumeration,G. Partial Xor Enumeration,2173.0,1121,"['xor basis', 'xor', 'linear algebra', 'enumeration']",4,https://atcoder.jp/contests/abc283/tasks/abc283_g,62.731,,,
atcoder,abc,abc283,ユニークビジョンプログラミングコンテスト2022 冬(AtCoder Beginner Contest 283),2022,1671883200,abc283_h,Ex,Popcount Sum,Ex. Popcount Sum,2682.0,512,"['number theory', 'bit manipulation', 'floor sum', 'modular arithmetic']",4,https://atcoder.jp/contests/abc283/tasks/abc283_h,71.608,,,
atcoder,abc,abc284,AtCoder Beginner Contest 284,2023,1673092800,abc284_a,A,Sequence of Strings,A. Sequence of Strings,-1072.0,16245,"['math', 'implementation']",2,https://atcoder.jp/contests/abc284/tasks/abc284_a,6.139,,,
atcoder,abc,abc284,AtCoder Beginner Contest 284,2023,1673092800,abc284_b,B,Multi Test Cases,B. Multi Test Cases,-936.0,15337,"['implementation', 'counting', 'parity']",3,https://atcoder.jp/contests/abc284/tasks/abc284_b,8.511,,,
atcoder,abc,abc284,AtCoder Beginner Contest 284,2023,1673092800,abc284_c,C,Count Connected Components,C. Count Connected Components,108.0,12601,"['bfs', 'graph', 'implementation', 'dsu']",4,https://atcoder.jp/contests/abc284/tasks/abc284_c,26.718,,,
atcoder,abc,abc284,AtCoder Beginner Contest 284,2023,1673092800,abc284_d,D,Happy New Year 2023 ,D. Happy New Year 2023 ,658.0,9830,"['number theory', 'prime factorization', 'optimization']",3,https://atcoder.jp/contests/abc284/tasks/abc284_d,36.31,,,
atcoder,abc,abc284,AtCoder Beginner Contest 284,2023,1673092800,abc284_e,E,Count Simple Paths,E. Count Simple Paths,1043.0,6893,"['graph theory', 'dfs', 'backtracking', 'path']",4,https://atcoder.jp/contests/abc284/tasks/abc284_e,43.024,,,
atcoder,abc,abc284,AtCoder Beginner Contest 284,2023,1673092800,abc284_f,F,ABCBAC,F. ABCBAC,1575.0,3899,"['z algorithm', 'string matching', 'string']",3,https://atcoder.jp/contests/abc284/tasks/abc284_f,52.302,,,
atcoder,abc,abc284,AtCoder Beginner Contest 284,2023,1673092800,abc284_g,G,Only Once,G. Only Once,2218.0,1022,"['combinatorics', 'functional graph', 'cycle', 'permutation', 'expectation']",5,https://atcoder.jp/contests/abc284/tasks/abc284_g,63.516,,,
atcoder,abc,abc284,AtCoder Beginner Contest 284,2023,1673092800,abc284_h,Ex,Count Unlabeled Graphs,Ex. Count Unlabeled Graphs,3125.0,207,"['polya enumeration', 'inclusion exclusion', 'cycle', 'partition', 'graph', 'combinatorics', 'burnside lemma']",7,https://atcoder.jp/contests/abc284/tasks/abc284_h,79.334,,,
atcoder,abc,abc285,AtCoder Beginner Contest 285,2023,1673784000,abc285_a,A,Edge Checker 2,A. Edge Checker 2,-1022.0,14181,"['graph', 'tree', 'binary tree', 'implementation']",4,https://atcoder.jp/contests/abc285/tasks/abc285_a,7.011,,,
atcoder,abc,abc285,AtCoder Beginner Contest 285,2023,1673784000,abc285_b,B,Longest Uncommon Prefix,B. Longest Uncommon Prefix,-123.0,10797,"['implementation', 'simulation', 'string']",3,https://atcoder.jp/contests/abc285/tasks/abc285_b,22.689,,,
atcoder,abc,abc285,AtCoder Beginner Contest 285,2023,1673784000,abc285_c,C,abc285_brutmhyhiizp,C. abc285_brutmhyhiizp,25.0,10635,"['base conversion', 'implementation', 'string']",3,https://atcoder.jp/contests/abc285/tasks/abc285_c,25.27,,,
atcoder,abc,abc285,AtCoder Beginner Contest 285,2023,1673784000,abc285_d,D,Change Usernames,D. Change Usernames,663.0,7256,"['directed graph', 'cycle', 'dfs', 'graph theory']",4,https://atcoder.jp/contests/abc285/tasks/abc285_d,36.397,,,
atcoder,abc,abc285,AtCoder Beginner Contest 285,2023,1673784000,abc285_e,E,Work or Rest,E. Work or Rest,1466.0,3558,"['dp', 'cycle', 'prefix sum']",3,https://atcoder.jp/contests/abc285/tasks/abc285_e,50.401,,,
atcoder,abc,abc285,AtCoder Beginner Contest 285,2023,1673784000,abc285_f,F,Substring of Sorted String,F. Substring of Sorted String,1876.0,2145,"['segment tree', 'string', 'range query', 'point update', 'counting']",5,https://atcoder.jp/contests/abc285/tasks/abc285_f,57.551,,,
atcoder,abc,abc285,AtCoder Beginner Contest 285,2023,1673784000,abc285_g,G,Tatami,G. Tatami,2566.0,633,"['max flow', 'bipartite matching', 'flow', 'dinic', 'graph theory', 'constraint']",6,https://atcoder.jp/contests/abc285/tasks/abc285_g,69.585,,,
atcoder,abc,abc285,AtCoder Beginner Contest 285,2023,1673784000,abc285_h,Ex,Avoid Square Number,Ex. Avoid Square Number,3192.0,291,"['inclusion exclusion', 'formal power series', 'generating function', 'combinatorics', 'polynomial', 'prefix sum']",6,https://atcoder.jp/contests/abc285/tasks/abc285_h,80.502,,,
atcoder,abc,abc286,ウルシステムズプログラミングコンテスト2023(AtCoder Beginner Contest 286),2023,1674302400,abc286_a,A,Range Swap,A. Range Swap,-640.0,12112,"['counting', 'implementation', 'string']",3,https://atcoder.jp/contests/abc286/tasks/abc286_a,13.673,,,
atcoder,abc,abc286,ウルシステムズプログラミングコンテスト2023(AtCoder Beginner Contest 286),2023,1674302400,abc286_b,B,Cat,B. Cat,-605.0,11899,"['string', 'implementation', 'substring']",3,https://atcoder.jp/contests/abc286/tasks/abc286_b,14.283,,,
atcoder,abc,abc286,ウルシステムズプログラミングコンテスト2023(AtCoder Beginner Contest 286),2023,1674302400,abc286_c,C,Rotate and Palindrome,C. Rotate and Palindrome,565.0,8132,"['string', 'palindrome', 'brute force', 'rotation', 'greedy', 'implementation']",6,https://atcoder.jp/contests/abc286/tasks/abc286_c,34.688,,,
atcoder,abc,abc286,ウルシステムズプログラミングコンテスト2023(AtCoder Beginner Contest 286),2023,1674302400,abc286_d,D,Money in Hand,D. Money in Hand,607.0,8321,"['dp', 'knapsack', 'dp optimization']",3,https://atcoder.jp/contests/abc286/tasks/abc286_d,35.42,,,
atcoder,abc,abc286,ウルシステムズプログラミングコンテスト2023(AtCoder Beginner Contest 286),2023,1674302400,abc286_e,E,Souvenir,E. Souvenir,1128.0,4843,"['bfs', 'dp', 'graph', 'shortest path']",4,https://atcoder.jp/contests/abc286/tasks/abc286_e,44.506,,,
atcoder,abc,abc286,ウルシステムズプログラミングコンテスト2023(AtCoder Beginner Contest 286),2023,1674302400,abc286_f,F,Guess The Number 2,F. Guess The Number 2,1841.0,1953,"['chinese remainder theorem', 'interactive', 'number theory', 'cycle', 'constructive']",5,https://atcoder.jp/contests/abc286/tasks/abc286_f,56.941,,,
atcoder,abc,abc286,ウルシステムズプログラミングコンテスト2023(AtCoder Beginner Contest 286),2023,1674302400,abc286_g,G,Unique Walk,G. Unique Walk,2135.0,1358,"['graph theory', 'connected components', 'eulerian path', 'graph', 'parity']",5,https://atcoder.jp/contests/abc286/tasks/abc286_g,62.068,,,
atcoder,abc,abc286,ウルシステムズプログラミングコンテスト2023(AtCoder Beginner Contest 286),2023,1674302400,abc286_h,Ex,Don't Swim,Ex. Don't Swim,2526.0,454,"['computational geometry', 'convex hull', 'shortest path']",3,https://atcoder.jp/contests/abc286/tasks/abc286_h,68.887,,,
atcoder,abc,abc287,ユニークビジョンプログラミングコンテスト2023 新春 (AtCoder Beginner Contest 287),2023,1674907200,abc287_a,A,Majority,A. Majority,-1023.0,14306,"['counting', 'implementation', 'comparison']",3,https://atcoder.jp/contests/abc287/tasks/abc287_a,6.993,,,
atcoder,abc,abc287,ユニークビジョンプログラミングコンテスト2023 新春 (AtCoder Beginner Contest 287),2023,1674907200,abc287_b,B,Postal Card,B. Postal Card,-471.0,12679,"['string', 'implementation', 'set', 'hashing']",4,https://atcoder.jp/contests/abc287/tasks/abc287_b,16.62,,,
atcoder,abc,abc287,ユニークビジョンプログラミングコンテスト2023 新春 (AtCoder Beginner Contest 287),2023,1674907200,abc287_c,C,Path Graph?,C. Path Graph?,466.0,9085,"['graph theory', 'degree', 'connectivity', 'bfs', 'dfs', 'dsu']",6,https://atcoder.jp/contests/abc287/tasks/abc287_c,32.961,,,
atcoder,abc,abc287,ユニークビジョンプログラミングコンテスト2023 新春 (AtCoder Beginner Contest 287),2023,1674907200,abc287_d,D,Match or Not,D. Match or Not,796.0,6740,"['string matching', 'prefix', 'suffix']",3,https://atcoder.jp/contests/abc287/tasks/abc287_d,38.716,,,
atcoder,abc,abc287,ユニークビジョンプログラミングコンテスト2023 新春 (AtCoder Beginner Contest 287),2023,1674907200,abc287_e,E,Karuta,E. Karuta,1093.0,5744,"['implementation', 'sorting', 'string', 'trie']",4,https://atcoder.jp/contests/abc287/tasks/abc287_e,43.896,,,
atcoder,abc,abc287,ユニークビジョンプログラミングコンテスト2023 新春 (AtCoder Beginner Contest 287),2023,1674907200,abc287_f,F,Components,F. Components,2034.0,1757,"['dp on trees', 'connected components', 'subgraph', 'combinatorics']",4,https://atcoder.jp/contests/abc287/tasks/abc287_f,60.307,,,
atcoder,abc,abc287,ユニークビジョンプログラミングコンテスト2023 新春 (AtCoder Beginner Contest 287),2023,1674907200,abc287_g,G,Balance Update Query,G. Balance Update Query,2180.0,1209,"['coordinate compression', 'binary indexed tree', 'binary search', 'data structure']",4,https://atcoder.jp/contests/abc287/tasks/abc287_g,62.853,,,
atcoder,abc,abc287,ユニークビジョンプログラミングコンテスト2023 新春 (AtCoder Beginner Contest 287),2023,1674907200,abc287_h,Ex,Directed Graph and Query,Ex. Directed Graph and Query,2639.0,717,"['floyd warshall', 'bitset', 'reachability', 'directed graph', 'query']",5,https://atcoder.jp/contests/abc287/tasks/abc287_h,70.858,,,
atcoder,abc,abc288,Toyota Programming Contest 2023 Spring Qual A（AtCoder Beginner Contest 288）,2023,1675512000,abc288_a,A,Many A+B Problems,A. Many A+B Problems,-1292.0,14848,"['implementation', 'language features', 'math']",3,https://atcoder.jp/contests/abc288/tasks/abc288_a,2.302,,,
atcoder,abc,abc288,Toyota Programming Contest 2023 Spring Qual A（AtCoder Beginner Contest 288）,2023,1675512000,abc288_b,B,Qualification Contest,B. Qualification Contest,-483.0,12464,"['string', 'sorting', 'lexicographical', 'implementation']",4,https://atcoder.jp/contests/abc288/tasks/abc288_b,16.411,,,
atcoder,abc,abc288,Toyota Programming Contest 2023 Spring Qual A（AtCoder Beginner Contest 288）,2023,1675512000,abc288_c,C,Don’t be cycle,C. Don’t be cycle,436.0,9255,"['connected components', 'counting', 'graph', 'implementation', 'dsu']",5,https://atcoder.jp/contests/abc288/tasks/abc288_c,32.438,,,
atcoder,abc,abc288,Toyota Programming Contest 2023 Spring Qual A（AtCoder Beginner Contest 288）,2023,1675512000,abc288_d,D,Range Add Query,D. Range Add Query,1757.0,3048,"['difference array', 'prefix sum', 'modular arithmetic', 'range query']",4,https://atcoder.jp/contests/abc288/tasks/abc288_d,55.476,,,
atcoder,abc,abc288,Toyota Programming Contest 2023 Spring Qual A（AtCoder Beginner Contest 288）,2023,1675512000,abc288_e,E,Wish List,E. Wish List,2000.0,2016,"['dp', 'implementation', 'optimization']",3,https://atcoder.jp/contests/abc288/tasks/abc288_e,59.714,,,
atcoder,abc,abc288,Toyota Programming Contest 2023 Spring Qual A（AtCoder Beginner Contest 288）,2023,1675512000,abc288_f,F,Integer Division,F. Integer Division,2024.0,1850,"['dp', 'implementation', 'modular arithmetic', 'string']",4,https://atcoder.jp/contests/abc288/tasks/abc288_f,60.133,,,
atcoder,abc,abc288,Toyota Programming Contest 2023 Spring Qual A（AtCoder Beginner Contest 288）,2023,1675512000,abc288_g,G,3^N Minesweeper,G. 3^N Minesweeper,2606.0,704,"['zeta transform', 'prefix sum', 'base representation', 'inclusion exclusion']",4,https://atcoder.jp/contests/abc288/tasks/abc288_g,70.283,,,
atcoder,abc,abc288,Toyota Programming Contest 2023 Spring Qual A（AtCoder Beginner Contest 288）,2023,1675512000,abc288_h,Ex,A Nameless Counting Problem,Ex. A Nameless Counting Problem,3282.0,258,"['digit dp', 'dp', 'combinatorics', 'xor', 'counting', 'binomial coefficient', 'partition']",7,https://atcoder.jp/contests/abc288/tasks/abc288_h,82.072,,,
atcoder,abc,abc289,Ｓｋｙ株式会社プログラミングコンテスト2023（AtCoder Beginner Contest 289）,2023,1676116800,abc289_a,A,flip,A. flip,-952.0,14730,"['string', 'implementation']",2,https://atcoder.jp/contests/abc289/tasks/abc289_a,8.232,,,
atcoder,abc,abc289,Ｓｋｙ株式会社プログラミングコンテスト2023（AtCoder Beginner Contest 289）,2023,1676116800,abc289_b,B,V,B. V,169.0,10228,"['connected components', 'graph', 'implementation', 'simulation']",4,https://atcoder.jp/contests/abc289/tasks/abc289_b,27.782,,,
atcoder,abc,abc289,Ｓｋｙ株式会社プログラミングコンテスト2023（AtCoder Beginner Contest 289）,2023,1676116800,abc289_c,C,Coverage,C. Coverage,396.0,9578,"['bitmask', 'brute force', 'implementation', 'set', 'set cover']",5,https://atcoder.jp/contests/abc289/tasks/abc289_c,31.74,,,
atcoder,abc,abc289,Ｓｋｙ株式会社プログラミングコンテスト2023（AtCoder Beginner Contest 289）,2023,1676116800,abc289_d,D,Step Up Robot,D. Step Up Robot,551.0,8815,"['dp', 'reachability']",2,https://atcoder.jp/contests/abc289/tasks/abc289_d,34.444,,,
atcoder,abc,abc289,Ｓｋｙ株式会社プログラミングコンテスト2023（AtCoder Beginner Contest 289）,2023,1676116800,abc289_e,E,Swap Places,E. Swap Places,1318.0,4581,"['bfs', 'shortest path', 'graph', 'search']",4,https://atcoder.jp/contests/abc289/tasks/abc289_e,47.82,,,
atcoder,abc,abc289,Ｓｋｙ株式会社プログラミングコンテスト2023（AtCoder Beginner Contest 289）,2023,1676116800,abc289_f,F,Teleporter Takahashi,F. Teleporter Takahashi,2100.0,1223,"['parity', 'constructive', 'geometry', 'case work', 'coordinate geometry']",5,https://atcoder.jp/contests/abc289/tasks/abc289_f,61.458,,,
atcoder,abc,abc289,Ｓｋｙ株式会社プログラミングコンテスト2023（AtCoder Beginner Contest 289）,2023,1676116800,abc289_g,G,Shopping in AtCoder store,G. Shopping in AtCoder store,2109.0,1195,"['convex hull trick', 'sorting', 'function', 'range maximum query']",4,https://atcoder.jp/contests/abc289/tasks/abc289_g,61.615,,,
atcoder,abc,abc289,Ｓｋｙ株式会社プログラミングコンテスト2023（AtCoder Beginner Contest 289）,2023,1676116800,abc289_h,Ex,Trio,Ex. Trio,3246.0,162,"['generating function', 'formal power series', 'convolution', 'fft', 'combinatorics', 'probability', 'random walk', 'dp']",8,https://atcoder.jp/contests/abc289/tasks/abc289_h,81.444,,,
atcoder,abc,abc290,Toyota Programming Contest 2023 Spring Qual B（AtCoder Beginner Contest 290）,2023,1676808000,abc290_a,A,Contest Result,A. Contest Result,-1118.0,13412,"['implementation', 'array', 'sum']",3,https://atcoder.jp/contests/abc290/tasks/abc290_a,5.337,,,
atcoder,abc,abc290,Toyota Programming Contest 2023 Spring Qual B（AtCoder Beginner Contest 290）,2023,1676808000,abc290_b,B,Qual B,B. Qual B,-764.0,11405,"['implementation', 'greedy', 'string']",3,https://atcoder.jp/contests/abc290/tasks/abc290_b,11.51,,,
atcoder,abc,abc290,Toyota Programming Contest 2023 Spring Qual B（AtCoder Beginner Contest 290）,2023,1676808000,abc290_c,C,Max MEX,C. Max MEX,170.0,9818,"['greedy', 'constructive', 'mex', 'set']",4,https://atcoder.jp/contests/abc290/tasks/abc290_c,27.799,,,
atcoder,abc,abc290,Toyota Programming Contest 2023 Spring Qual B（AtCoder Beginner Contest 290）,2023,1676808000,abc290_d,D,Marking,D. Marking,1036.0,5275,"['number theory', 'gcd', 'modular arithmetic', 'math']",4,https://atcoder.jp/contests/abc290/tasks/abc290_d,42.902,,,
atcoder,abc,abc290,Toyota Programming Contest 2023 Spring Qual B（AtCoder Beginner Contest 290）,2023,1676808000,abc290_e,E,Make it Palindrome,E. Make it Palindrome,1485.0,3242,"['combinatorics', 'contribution counting', 'two pointer', 'palindrome', 'counting']",5,https://atcoder.jp/contests/abc290/tasks/abc290_e,50.732,,,
atcoder,abc,abc290,Toyota Programming Contest 2023 Spring Qual B（AtCoder Beginner Contest 290）,2023,1676808000,abc290_f,F,Maximum Diameter,F. Maximum Diameter,2300.0,1159,"['combinatorics', 'binomial coefficient', 'stars and bars', 'tree', 'modular arithmetic']",5,https://atcoder.jp/contests/abc290/tasks/abc290_f,64.946,,,
atcoder,abc,abc290,Toyota Programming Contest 2023 Spring Qual B（AtCoder Beginner Contest 290）,2023,1676808000,abc290_g,G,Edge Elimination,G. Edge Elimination,2407.0,613,"['greedy', 'tree', 'math', 'enumeration']",4,https://atcoder.jp/contests/abc290/tasks/abc290_g,66.812,,,
atcoder,abc,abc290,Toyota Programming Contest 2023 Spring Qual B（AtCoder Beginner Contest 290）,2023,1676808000,abc290_h,Ex,Bow Meow Optimization,Ex. Bow Meow Optimization,3569.0,299,"['dp', 'combinatorics', 'sorting', 'constructive']",4,https://atcoder.jp/contests/abc290/tasks/abc290_h,87.077,,,
atcoder,abc,abc291,AtCoder Beginner Contest 291（Sponsored by TOYOTA SYSTEMS）,2023,1677412800,abc291_a,A,camel Case,A. camel Case,-1162.0,13791,"['implementation', 'string']",2,https://atcoder.jp/contests/abc291/tasks/abc291_a,4.569,,,
atcoder,abc,abc291,AtCoder Beginner Contest 291（Sponsored by TOYOTA SYSTEMS）,2023,1677412800,abc291_b,B,Trimmed Mean,B. Trimmed Mean,-606.0,12135,"['array', 'implementation', 'sorting', 'statistics']",4,https://atcoder.jp/contests/abc291/tasks/abc291_b,14.266,,,
atcoder,abc,abc291,AtCoder Beginner Contest 291（Sponsored by TOYOTA SYSTEMS）,2023,1677412800,abc291_c,C,LRUD Instructions 2,C. LRUD Instructions 2,97.0,11081,"['implementation', 'search', 'set', 'simulation', 'string']",5,https://atcoder.jp/contests/abc291/tasks/abc291_c,26.526,,,
atcoder,abc,abc291,AtCoder Beginner Contest 291（Sponsored by TOYOTA SYSTEMS）,2023,1677412800,abc291_d,D,Flip Cards,D. Flip Cards,720.0,8225,"['dp', 'counting', 'modular arithmetic']",3,https://atcoder.jp/contests/abc291/tasks/abc291_d,37.391,,,
atcoder,abc,abc291,AtCoder Beginner Contest 291（Sponsored by TOYOTA SYSTEMS）,2023,1677412800,abc291_e,E,Find Permutation,E. Find Permutation,1069.0,6193,"['topological sort', 'directed graph', 'graph theory', 'validation']",4,https://atcoder.jp/contests/abc291/tasks/abc291_e,43.478,,,
atcoder,abc,abc291,AtCoder Beginner Contest 291（Sponsored by TOYOTA SYSTEMS）,2023,1677412800,abc291_f,F,Teleporter and Closed off,F. Teleporter and Closed off,1449.0,3274,"['bfs', 'directed graph', 'graph', 'shortest path']",4,https://atcoder.jp/contests/abc291/tasks/abc291_f,50.105,,,
atcoder,abc,abc291,AtCoder Beginner Contest 291（Sponsored by TOYOTA SYSTEMS）,2023,1677412800,abc291_g,G,OR Sum,G. OR Sum,2176.0,992,"['convolution', 'fft', 'bit manipulation', 'cycle']",4,https://atcoder.jp/contests/abc291/tasks/abc291_g,62.783,,,
atcoder,abc,abc291,AtCoder Beginner Contest 291（Sponsored by TOYOTA SYSTEMS）,2023,1677412800,abc291_h,Ex,Balanced Tree,Ex. Balanced Tree,2097.0,1038,"['centroid decomposition', 'tree', 'recursion', 'lca']",4,https://atcoder.jp/contests/abc291/tasks/abc291_h,61.406,,,
atcoder,abc,abc292,AtCoder Beginner Contest 292,2023,1677931200,abc292_a,A,CAPS LOCK,A. CAPS LOCK,-1207.0,15835,"['string', 'implementation']",2,https://atcoder.jp/contests/abc292/tasks/abc292_a,3.784,,,
atcoder,abc,abc292,AtCoder Beginner Contest 292,2023,1677931200,abc292_b,B,Yellow and Red Card,B. Yellow and Red Card,-534.0,13387,"['simulation', 'array', 'implementation']",3,https://atcoder.jp/contests/abc292/tasks/abc292_b,15.521,,,
atcoder,abc,abc292,AtCoder Beginner Contest 292,2023,1677931200,abc292_c,C,Four Variables,C. Four Variables,444.0,10107,"['number theory', 'divisors', 'enumeration', 'optimization', 'harmonic series']",5,https://atcoder.jp/contests/abc292/tasks/abc292_c,32.578,,,
atcoder,abc,abc292,AtCoder Beginner Contest 292,2023,1677931200,abc292_d,D,Unicyclic Components,D. Unicyclic Components,579.0,8408,"['graph theory', 'connected components', 'dsu']",3,https://atcoder.jp/contests/abc292/tasks/abc292_d,34.932,,,
atcoder,abc,abc292,AtCoder Beginner Contest 292,2023,1677931200,abc292_e,E,Transitivity,E. Transitivity,1272.0,4925,"['graph theory', 'reachability', 'bfs']",3,https://atcoder.jp/contests/abc292/tasks/abc292_e,47.018,,,
atcoder,abc,abc292,AtCoder Beginner Contest 292,2023,1677931200,abc292_f,F,Regular Triangle Inside a Rectangle,F. Regular Triangle Inside a Rectangle,1522.0,3001,"['binary search', 'geometry', 'trigonometry', 'optimization']",4,https://atcoder.jp/contests/abc292/tasks/abc292_f,51.378,,,
atcoder,abc,abc292,AtCoder Beginner Contest 292,2023,1677931200,abc292_g,G,Count Strictly Increasing Sequences,G. Count Strictly Increasing Sequences,2340.0,781,"['dp', 'digit dp', 'combinatorics', 'modular arithmetic']",4,https://atcoder.jp/contests/abc292/tasks/abc292_g,65.644,,,
atcoder,abc,abc292,AtCoder Beginner Contest 292,2023,1677931200,abc292_h,Ex,Rating Estimator,Ex. Rating Estimator,2248.0,1138,"['segment tree', 'prefix sum', 'binary search on segment tree', 'point update']",4,https://atcoder.jp/contests/abc292/tasks/abc292_h,64.039,,,
atcoder,abc,abc293,AtCoder Beginner Contest 293,2023,1678536000,abc293_a,A,Swap Odd and Even,A. Swap Odd and Even,-998.0,14932,"['implementation', 'string']",2,https://atcoder.jp/contests/abc293/tasks/abc293_a,7.429,,,
atcoder,abc,abc293,AtCoder Beginner Contest 293,2023,1678536000,abc293_b,B,Call the ID Number,B. Call the ID Number,-328.0,12840,"['implementation', 'simulation', 'sorting']",3,https://atcoder.jp/contests/abc293/tasks/abc293_b,19.114,,,
atcoder,abc,abc293,AtCoder Beginner Contest 293,2023,1678536000,abc293_c,C,Make Takahashi Happy ,C. Make Takahashi Happy ,431.0,10469,"['backtracking', 'counting', 'dfs', 'grid', 'implementation']",5,https://atcoder.jp/contests/abc293/tasks/abc293_c,32.351,,,
atcoder,abc,abc293,AtCoder Beginner Contest 293,2023,1678536000,abc293_d,D,Tying Rope,D. Tying Rope,830.0,7088,"['graph theory', 'connected components', 'bfs', 'cycle', 'degree']",5,https://atcoder.jp/contests/abc293/tasks/abc293_d,39.309,,,
atcoder,abc,abc293,AtCoder Beginner Contest 293,2023,1678536000,abc293_e,E,Geometric Progression,E. Geometric Progression,1453.0,4846,"['matrix', 'modular arithmetic', 'geometric progression', 'modular exponentiation', 'recurrence']",5,https://atcoder.jp/contests/abc293/tasks/abc293_e,50.174,,,
atcoder,abc,abc293,AtCoder Beginner Contest 293,2023,1678536000,abc293_f,F,Zero or One,F. Zero or One,2038.0,1662,"['binary search', 'number theory', 'base representation', 'enumeration']",4,https://atcoder.jp/contests/abc293/tasks/abc293_f,60.377,,,
atcoder,abc,abc293,AtCoder Beginner Contest 293,2023,1678536000,abc293_g,G,Triple Index,G. Triple Index,1753.0,2922,"[""mo's algorithm"", 'combinatorics', 'offline processing', 'sqrt decomposition']",4,https://atcoder.jp/contests/abc293/tasks/abc293_g,55.406,,,
atcoder,abc,abc293,AtCoder Beginner Contest 293,2023,1678536000,abc293_h,Ex,Optimal Path Decomposition,Ex. Optimal Path Decomposition,2831.0,321,"['binary search', 'dp on trees']",2,https://atcoder.jp/contests/abc293/tasks/abc293_h,74.206,,,
atcoder,abc,abc294,AtCoder Beginner Contest 294,2023,1679227200,abc294_a,A,Filter,A. Filter,-1166.0,14781,"['implementation', 'array', 'modular arithmetic']",3,https://atcoder.jp/contests/abc294/tasks/abc294_a,4.499,,,
atcoder,abc,abc294,AtCoder Beginner Contest 294,2023,1679227200,abc294_b,B,ASCII Art,B. ASCII Art,-714.0,13329,"['implementation', 'string', 'encoding', '2d array']",4,https://atcoder.jp/contests/abc294/tasks/abc294_b,12.382,,,
atcoder,abc,abc294,AtCoder Beginner Contest 294,2023,1679227200,abc294_c,C,Merge Sequences,C. Merge Sequences,-59.0,11238,"['implementation', 'sorting', 'two pointer']",3,https://atcoder.jp/contests/abc294/tasks/abc294_c,23.805,,,
atcoder,abc,abc294,AtCoder Beginner Contest 294,2023,1679227200,abc294_d,D,Bank,D. Bank,385.0,8745,"['simulation', 'data structure', 'set', 'two pointer', 'greedy']",5,https://atcoder.jp/contests/abc294/tasks/abc294_d,31.549,,,
atcoder,abc,abc294,AtCoder Beginner Contest 294,2023,1679227200,abc294_e,E,2xN Grid,E. 2xN Grid,792.0,6047,"['compression', 'two pointer', 'implementation']",3,https://atcoder.jp/contests/abc294/tasks/abc294_e,38.647,,,
atcoder,abc,abc294,AtCoder Beginner Contest 294,2023,1679227200,abc294_f,F,Sugar Water 2,F. Sugar Water 2,1891.0,2347,"['binary search', 'counting', 'two pointer']",3,https://atcoder.jp/contests/abc294/tasks/abc294_f,57.813,,,
atcoder,abc,abc294,AtCoder Beginner Contest 294,2023,1679227200,abc294_g,G,Distance Queries on a Tree,G. Distance Queries on a Tree,1702.0,3270,"['euler tour', 'lca', 'binary indexed tree', 'segment tree', 'tree distance']",5,https://atcoder.jp/contests/abc294/tasks/abc294_g,54.517,,,
atcoder,abc,abc294,AtCoder Beginner Contest 294,2023,1679227200,abc294_h,Ex,K-Coloring,Ex. K-Coloring,3058.0,305,"['combinatorics', 'connected components', 'graph theory', 'inclusion exclusion', 'modular arithmetic']",5,https://atcoder.jp/contests/abc294/tasks/abc294_h,78.165,,,
atcoder,abc,abc295,AtCoder Beginner Contest 295,2023,1679745600,abc295_a,A,Probably English,A. Probably English,-921.0,14903,"['string matching', 'implementation', 'search']",3,https://atcoder.jp/contests/abc295/tasks/abc295_a,8.772,,,
atcoder,abc,abc295,AtCoder Beginner Contest 295,2023,1679745600,abc295_b,B,Bombs,B. Bombs,24.0,11077,"['grid', 'implementation', 'manhattan distance', 'simulation']",4,https://atcoder.jp/contests/abc295/tasks/abc295_b,25.253,,,
atcoder,abc,abc295,AtCoder Beginner Contest 295,2023,1679745600,abc295_c,C,Socks,C. Socks,-75.0,12535,"['counting', 'hash map', 'implementation']",3,https://atcoder.jp/contests/abc295/tasks/abc295_c,23.526,,,
atcoder,abc,abc295,AtCoder Beginner Contest 295,2023,1679745600,abc295_d,D, Three Days Ago,D.  Three Days Ago,939.0,8319,"['bitmask', 'prefix xor', 'counting', 'hashing']",4,https://atcoder.jp/contests/abc295/tasks/abc295_d,41.21,,,
atcoder,abc,abc295,AtCoder Beginner Contest 295,2023,1679745600,abc295_e,E,Kth Number,E. Kth Number,2157.0,1669,"['probability', 'expectation', 'combinatorics', 'binomial coefficient', 'modular arithmetic', 'order statistic tree']",6,https://atcoder.jp/contests/abc295/tasks/abc295_e,62.452,,,
atcoder,abc,abc295,AtCoder Beginner Contest 295,2023,1679745600,abc295_f,F,substr = S,F. substr = S,2306.0,990,"['binary search', 'digit', 'combinatorics', 'range', 'string matching']",5,https://atcoder.jp/contests/abc295/tasks/abc295_f,65.051,,,
atcoder,abc,abc295,AtCoder Beginner Contest 295,2023,1679745600,abc295_g,G,Minimum Reachable City ,G. Minimum Reachable City ,2091.0,1435,"['dsu', 'scc', 'tree', 'graph theory']",4,https://atcoder.jp/contests/abc295/tasks/abc295_g,61.301,,,
atcoder,abc,abc295,AtCoder Beginner Contest 295,2023,1679745600,abc295_h,Ex,E or m,Ex. E or m,2728.0,425,"['dp', 'bitmask dp', 'zeta transform']",3,https://atcoder.jp/contests/abc295/tasks/abc295_h,72.41,,,
atcoder,abc,abc296,AtCoder Beginner Contest 296,2023,1680350400,abc296_a,A,Alternately,A. Alternately,-937.0,15654,"['implementation', 'string']",2,https://atcoder.jp/contests/abc296/tasks/abc296_a,8.493,,,
atcoder,abc,abc296,AtCoder Beginner Contest 296,2023,1680350400,abc296_b,B,Chessboard,B. Chessboard,-622.0,13453,"['grid', 'implementation', 'string']",3,https://atcoder.jp/contests/abc296/tasks/abc296_b,13.987,,,
atcoder,abc,abc296,AtCoder Beginner Contest 296,2023,1680350400,abc296_c,C,Gap Existence,C. Gap Existence,38.0,12351,"['implementation', 'set', 'sorting']",3,https://atcoder.jp/contests/abc296/tasks/abc296_c,25.497,,,
atcoder,abc,abc296,AtCoder Beginner Contest 296,2023,1680350400,abc296_d,D,M<=ab,D. M<=ab,999.0,7500,"['enumeration', 'implementation', 'optimization', 'search']",4,https://atcoder.jp/contests/abc296/tasks/abc296_d,42.257,,,
atcoder,abc,abc296,AtCoder Beginner Contest 296,2023,1680350400,abc296_e,E,Transition Game,E. Transition Game,1285.0,4068,"['graph theory', 'functional graph', 'topological sort', 'in degree', 'queue']",5,https://atcoder.jp/contests/abc296/tasks/abc296_e,47.245,,,
atcoder,abc,abc296,AtCoder Beginner Contest 296,2023,1680350400,abc296_f,F,Simultaneous Swap,F. Simultaneous Swap,1811.0,2060,"['implementation', 'math', 'permutation']",3,https://atcoder.jp/contests/abc296/tasks/abc296_f,56.418,,,
atcoder,abc,abc296,AtCoder Beginner Contest 296,2023,1680350400,abc296_g,G,Polygon and Points,G. Polygon and Points,2241.0,848,"['computational geometry', 'vector', 'dot product', 'binary search', 'convex polygon', 'plane sweep']",6,https://atcoder.jp/contests/abc296/tasks/abc296_g,63.917,,,
atcoder,abc,abc296,AtCoder Beginner Contest 296,2023,1680350400,abc296_h,Ex,Unite,Ex. Unite,2822.0,217,"['dp', 'broken profile dp', 'connected components', 'dp on grids', 'bitmask']",5,https://atcoder.jp/contests/abc296/tasks/abc296_h,74.05,,,
atcoder,abc,abc297,AtCoder Beginner Contest 297,2023,1681041600,abc297_a,A,Double Click,A. Double Click,-900.0,15674,"['array', 'conditional', 'implementation']",3,https://atcoder.jp/contests/abc297/tasks/abc297_a,9.138,,,
atcoder,abc,abc297,AtCoder Beginner Contest 297,2023,1681041600,abc297_b,B,chess960,B. chess960,-455.0,12374,"['implementation', 'string']",2,https://atcoder.jp/contests/abc297/tasks/abc297_b,16.899,,,
atcoder,abc,abc297,AtCoder Beginner Contest 297,2023,1681041600,abc297_c,C,PC on the Table,C. PC on the Table,-172.0,11747,"['greedy', 'string', 'divide and conquer']",3,https://atcoder.jp/contests/abc297/tasks/abc297_c,21.835,,,
atcoder,abc,abc297,AtCoder Beginner Contest 297,2023,1681041600,abc297_d,D,Count Subtractions,D. Count Subtractions,247.0,10223,"['euclidean algorithm', 'number theory', 'simulation', 'gcd']",4,https://atcoder.jp/contests/abc297/tasks/abc297_d,29.142,,,
atcoder,abc,abc297,AtCoder Beginner Contest 297,2023,1681041600,abc297_e,E,Kth Takoyaki Set,E. Kth Takoyaki Set,1176.0,6145,"['priority queue', 'dijkstra', 'search']",3,https://atcoder.jp/contests/abc297/tasks/abc297_e,45.344,,,
atcoder,abc,abc297,AtCoder Beginner Contest 297,2023,1681041600,abc297_f,F,Minimum Bounding Box 2,F. Minimum Bounding Box 2,1990.0,1739,"['expectation', 'inclusion exclusion', 'combinatorics', 'binomial coefficient', 'contribution counting', 'modular arithmetic']",6,https://atcoder.jp/contests/abc297/tasks/abc297_f,59.54,,,
atcoder,abc,abc297,AtCoder Beginner Contest 297,2023,1681041600,abc297_g,G,Constrained Nim 2,G. Constrained Nim 2,1834.0,2092,"['game theory', 'sprague grundy', 'nim', 'xor']",4,https://atcoder.jp/contests/abc297/tasks/abc297_g,56.819,,,
atcoder,abc,abc297,AtCoder Beginner Contest 297,2023,1681041600,abc297_h,Ex,Diff Adjacent,Ex. Diff Adjacent,2855.0,220,"['generating function', 'inclusion exclusion', 'polynomial', 'combinatorics']",4,https://atcoder.jp/contests/abc297/tasks/abc297_h,74.625,,,
atcoder,abc,abc298,トヨタ自動車プログラミングコンテスト2023#1(AtCoder Beginner Contest 298),2023,1681560000,abc298_a,A,Job Interview,A. Job Interview,,13080,"['string', 'implementation', 'conditional', 'boolean']",4,https://atcoder.jp/contests/abc298/tasks/abc298_a,,,,
atcoder,abc,abc298,トヨタ自動車プログラミングコンテスト2023#1(AtCoder Beginner Contest 298),2023,1681560000,abc298_b,B,Coloring Matrix,B. Coloring Matrix,,9387,"['matrix', 'rotation', 'simulation', 'implementation']",4,https://atcoder.jp/contests/abc298/tasks/abc298_b,,,,
atcoder,abc,abc298,トヨタ自動車プログラミングコンテスト2023#1(AtCoder Beginner Contest 298),2023,1681560000,abc298_c,C,Cards Query Problem,C. Cards Query Problem,548.0,8675,"['simulation', 'sorting', 'data structure', 'implementation', 'deduplication']",5,https://atcoder.jp/contests/abc298/tasks/abc298_c,34.391,,,
atcoder,abc,abc298,トヨタ自動車プログラミングコンテスト2023#1(AtCoder Beginner Contest 298),2023,1681560000,abc298_d,D,Writing a Numeral,D. Writing a Numeral,943.0,6695,"['modular arithmetic', 'deque', 'simulation', 'modular exponentiation', 'incremental']",5,https://atcoder.jp/contests/abc298/tasks/abc298_d,41.28,,,
atcoder,abc,abc298,トヨタ自動車プログラミングコンテスト2023#1(AtCoder Beginner Contest 298),2023,1681560000,abc298_e,E,Unfair Sugoroku,E. Unfair Sugoroku,1341.0,4048,"['dp', 'probability', 'modular arithmetic', 'game theory', 'expectation']",5,https://atcoder.jp/contests/abc298/tasks/abc298_e,48.221,,,
atcoder,abc,abc298,トヨタ自動車プログラミングコンテスト2023#1(AtCoder Beginner Contest 298),2023,1681560000,abc298_f,F,Rook Score,F. Rook Score,1568.0,2916,"['coordinate compression', 'greedy', 'sorting', 'prefix sum', 'implementation']",5,https://atcoder.jp/contests/abc298/tasks/abc298_f,52.18,,,
atcoder,abc,abc298,トヨタ自動車プログラミングコンテスト2023#1(AtCoder Beginner Contest 298),2023,1681560000,abc298_g,G,Strawberry War,G. Strawberry War,2418.0,601,"['dp', 'dp on grids', 'rectangle', 'enumeration', 'optimization']",5,https://atcoder.jp/contests/abc298/tasks/abc298_g,67.004,,,
atcoder,abc,abc298,トヨタ自動車プログラミングコンテスト2023#1(AtCoder Beginner Contest 298),2023,1681560000,abc298_h,Ex,Sum of Min of Length,Ex. Sum of Min of Length,2808.0,338,"['tree', 'lca', 'tree distance', 'subtree', 'binary lifting', 'precomputation', 'query']",7,https://atcoder.jp/contests/abc298/tasks/abc298_h,73.805,,,
atcoder,abc,abc299,東京海上日動プログラミングコンテスト2023（AtCoder Beginner Contest 299）,2023,1682164800,abc299_a,A,Treasure Chest,A. Treasure Chest,,12845,"['string', 'implementation', 'search']",3,https://atcoder.jp/contests/abc299/tasks/abc299_a,,,,
atcoder,abc,abc299,東京海上日動プログラミングコンテスト2023（AtCoder Beginner Contest 299）,2023,1682164800,abc299_b,B,Trick Taking,B. Trick Taking,,10479,"['simulation', 'implementation', 'conditional', 'array', 'search']",5,https://atcoder.jp/contests/abc299/tasks/abc299_b,,,,
atcoder,abc,abc299,東京海上日動プログラミングコンテスト2023（AtCoder Beginner Contest 299）,2023,1682164800,abc299_c,C,Dango,C. Dango,257.0,10192,"['implementation', 'pattern', 'plane sweep', 'string']",4,https://atcoder.jp/contests/abc299/tasks/abc299_c,29.316,,,
atcoder,abc,abc299,東京海上日動プログラミングコンテスト2023（AtCoder Beginner Contest 299）,2023,1682164800,abc299_d,D,Find by Query,D. Find by Query,763.0,7227,"['binary search', 'interactive']",2,https://atcoder.jp/contests/abc299/tasks/abc299_d,38.141,,,
atcoder,abc,abc299,東京海上日動プログラミングコンテスト2023（AtCoder Beginner Contest 299）,2023,1682164800,abc299_e,E,Nearest Black Vertex,E. Nearest Black Vertex,1262.0,4507,"['graph theory', 'bfs', 'shortest path', 'constructive', 'graph coloring']",5,https://atcoder.jp/contests/abc299/tasks/abc299_e,46.843,,,
atcoder,abc,abc299,東京海上日動プログラミングコンテスト2023（AtCoder Beginner Contest 299）,2023,1682164800,abc299_f,F,Square Subsequence,F. Square Subsequence,2366.0,1061,"['dp', 'string', 'subsequence', 'counting']",4,https://atcoder.jp/contests/abc299/tasks/abc299_f,66.097,,,
atcoder,abc,abc299,東京海上日動プログラミングコンテスト2023（AtCoder Beginner Contest 299）,2023,1682164800,abc299_g,G,Minimum Permutation,G. Minimum Permutation,2088.0,1726,"['greedy', 'segment tree', 'range minimum query']",3,https://atcoder.jp/contests/abc299/tasks/abc299_g,61.249,,,
atcoder,abc,abc299,東京海上日動プログラミングコンテスト2023（AtCoder Beginner Contest 299）,2023,1682164800,abc299_h,Ex,Dice Sum Infinity,Ex. Dice Sum Infinity,2997.0,182,"['expectation', 'recurrence', 'formula', 'modular arithmetic', 'matrix', 'dp']",6,https://atcoder.jp/contests/abc299/tasks/abc299_h,77.101,,,
atcoder,abc,abc300,ユニークビジョンプログラミングコンテスト2023 春 (AtCoder Beginner Contest 300),2023,1682769600,abc300_a,A,N-choice question,A. N-choice question,-1147.0,16828,"['implementation', 'search', 'array', 'math']",4,https://atcoder.jp/contests/abc300/tasks/abc300_a,4.831,,,
atcoder,abc,abc300,ユニークビジョンプログラミングコンテスト2023 春 (AtCoder Beginner Contest 300),2023,1682769600,abc300_b,B,Same Map in the RPG World,B. Same Map in the RPG World,350.0,10275,"['brute force', 'grid', 'cycle', 'simulation', 'modular arithmetic']",5,https://atcoder.jp/contests/abc300/tasks/abc300_b,30.938,,,
atcoder,abc,abc300,ユニークビジョンプログラミングコンテスト2023 春 (AtCoder Beginner Contest 300),2023,1682769600,abc300_c,C,Cross,C. Cross,534.0,8422,"['grid', 'simulation', 'implementation', 'pattern']",4,https://atcoder.jp/contests/abc300/tasks/abc300_c,34.147,,,
atcoder,abc,abc300,ユニークビジョンプログラミングコンテスト2023 春 (AtCoder Beginner Contest 300),2023,1682769600,abc300_d,D,AABCC,D. AABCC,908.0,6919,"['prime sieve', 'two pointer', 'enumeration']",3,https://atcoder.jp/contests/abc300/tasks/abc300_d,40.67,,,
atcoder,abc,abc300,ユニークビジョンプログラミングコンテスト2023 春 (AtCoder Beginner Contest 300),2023,1682769600,abc300_e,E,Dice Product 3,E. Dice Product 3,1354.0,4761,"['dp', 'probability', 'modular arithmetic', 'memoization', 'number theory']",5,https://atcoder.jp/contests/abc300/tasks/abc300_e,48.448,,,
atcoder,abc,abc300,ユニークビジョンプログラミングコンテスト2023 春 (AtCoder Beginner Contest 300),2023,1682769600,abc300_f,F,More Holidays,F. More Holidays,1846.0,2319,"['binary search', 'prefix sum', 'sliding window', 'string', 'two pointer']",5,https://atcoder.jp/contests/abc300/tasks/abc300_f,57.028,,,
atcoder,abc,abc300,ユニークビジョンプログラミングコンテスト2023 春 (AtCoder Beginner Contest 300),2023,1682769600,abc300_g,G,P-smooth number,G. P-smooth number,2343.0,1369,"['meet in the middle', 'prime factorization', 'math', 'two pointer', 'enumeration']",5,https://atcoder.jp/contests/abc300/tasks/abc300_g,65.696,,,
atcoder,abc,abc300,ユニークビジョンプログラミングコンテスト2023 春 (AtCoder Beginner Contest 300),2023,1682769600,abc300_h,Ex,Fibonacci: Revisited,Ex. Fibonacci: Revisited,3209.0,186,"['recurrence', 'generating function', 'digit dp', 'fft', 'bostan mori', 'polynomial', 'bit manipulation']",7,https://atcoder.jp/contests/abc300/tasks/abc300_h,80.799,,,
atcoder,abc,abc301,パナソニックグループプログラミングコンテスト2023（AtCoder Beginner Contest 301）,2023,1683979200,abc301_a,A,Overall Winner,A. Overall Winner,-821.0,14439,"['string', 'counting', 'simulation', 'implementation']",4,https://atcoder.jp/contests/abc301/tasks/abc301_a,10.516,,,
atcoder,abc,abc301,パナソニックグループプログラミングコンテスト2023（AtCoder Beginner Contest 301）,2023,1683979200,abc301_b,B, Fill the Gaps,B.  Fill the Gaps,-314.0,12992,"['simulation', 'array', 'implementation']",3,https://atcoder.jp/contests/abc301/tasks/abc301_b,19.358,,,
atcoder,abc,abc301,パナソニックグループプログラミングコンテスト2023（AtCoder Beginner Contest 301）,2023,1683979200,abc301_c,C,AtCoder Cards,C. AtCoder Cards,379.0,9387,"['counting', 'greedy', 'implementation', 'string']",4,https://atcoder.jp/contests/abc301/tasks/abc301_c,31.444,,,
atcoder,abc,abc301,パナソニックグループプログラミングコンテスト2023（AtCoder Beginner Contest 301）,2023,1683979200,abc301_d,D,Bitmask,D. Bitmask,885.0,7371,"['bit manipulation', 'greedy', 'base representation']",3,https://atcoder.jp/contests/abc301/tasks/abc301_d,40.269,,,
atcoder,abc,abc301,パナソニックグループプログラミングコンテスト2023（AtCoder Beginner Contest 301）,2023,1683979200,abc301_e,E,Pac-Takahashi ,E. Pac-Takahashi ,1673.0,3026,"['bfs', 'bitmask dp', 'dp', 'shortest path', 'traveling salesman', 'grid']",6,https://atcoder.jp/contests/abc301/tasks/abc301_e,54.011,,,
atcoder,abc,abc301,パナソニックグループプログラミングコンテスト2023（AtCoder Beginner Contest 301）,2023,1683979200,abc301_f,F,Anti-DDoS,F. Anti-DDoS,2548.0,745,"['dp', 'string dp', 'subsequence', 'combinatorics', 'bitmask', 'modular arithmetic']",6,https://atcoder.jp/contests/abc301/tasks/abc301_f,69.271,,,
atcoder,abc,abc301,パナソニックグループプログラミングコンテスト2023（AtCoder Beginner Contest 301）,2023,1683979200,abc301_g,G,Worst Picture,G. Worst Picture,3262.0,119,"['computational geometry', '3d geometry', 'line intersection', 'brute force', 'fractions', 'map']",6,https://atcoder.jp/contests/abc301/tasks/abc301_g,81.723,,,
atcoder,abc,abc301,パナソニックグループプログラミングコンテスト2023（AtCoder Beginner Contest 301）,2023,1683979200,abc301_h,Ex,Difference of Distance,Ex. Difference of Distance,2898.0,232,"['path', 'dsu', 'bridge', 'tarjan', 'dfs', 'offline processing']",6,https://atcoder.jp/contests/abc301/tasks/abc301_h,75.375,,,
atcoder,abc,abc302,トヨタ自動車プログラミングコンテスト2023#2(AtCoder Beginner Contest 302),2023,1684584000,abc302_a,A,Attack,A. Attack,-723.0,15814,['math'],1,https://atcoder.jp/contests/abc302/tasks/abc302_a,12.225,,,
atcoder,abc,abc302,トヨタ自動車プログラミングコンテスト2023#2(AtCoder Beginner Contest 302),2023,1684584000,abc302_b,B,Find snuke,B. Find snuke,349.0,9362,"['grid', 'brute force', 'string matching', '2d array', 'direction', 'implementation']",6,https://atcoder.jp/contests/abc302/tasks/abc302_b,30.921,,,
atcoder,abc,abc302,トヨタ自動車プログラミングコンテスト2023#2(AtCoder Beginner Contest 302),2023,1684584000,abc302_c,C,Almost Equal,C. Almost Equal,469.0,9368,"['permutation', 'brute force', 'string']",3,https://atcoder.jp/contests/abc302/tasks/abc302_c,33.014,,,
atcoder,abc,abc302,トヨタ自動車プログラミングコンテスト2023#2(AtCoder Beginner Contest 302),2023,1684584000,abc302_d,D,Impartial Gift,D. Impartial Gift,682.0,7930,"['sorting', 'two pointer', 'greedy', 'implementation']",4,https://atcoder.jp/contests/abc302/tasks/abc302_d,36.728,,,
atcoder,abc,abc302,トヨタ自動車プログラミングコンテスト2023#2(AtCoder Beginner Contest 302),2023,1684584000,abc302_e,E,Isolation,E. Isolation,988.0,6048,"['data structure', 'degree', 'graph', 'implementation', 'simulation']",5,https://atcoder.jp/contests/abc302/tasks/abc302_e,42.065,,,
atcoder,abc,abc302,トヨタ自動車プログラミングコンテスト2023#2(AtCoder Beginner Contest 302),2023,1684584000,abc302_f,F,Merge Set,F. Merge Set,1430.0,3951,"['graph theory', 'bfs', 'virtual tree', 'shortest path', 'bipartite graph']",5,https://atcoder.jp/contests/abc302/tasks/abc302_f,49.773,,,
atcoder,abc,abc302,トヨタ自動車プログラミングコンテスト2023#2(AtCoder Beginner Contest 302),2023,1684584000,abc302_g,G,Sort from 1 to 4,G. Sort from 1 to 4,1891.0,1753,"['combinatorics', 'graph theory', 'permutation', 'cycle', 'greedy', 'math']",6,https://atcoder.jp/contests/abc302/tasks/abc302_g,57.813,,,
atcoder,abc,abc302,トヨタ自動車プログラミングコンテスト2023#2(AtCoder Beginner Contest 302),2023,1684584000,abc302_h,Ex,Ball Collector,Ex. Ball Collector,2407.0,1012,"['tree', 'dsu', 'dsu with rollback', 'dfs', 'connected components']",5,https://atcoder.jp/contests/abc302/tasks/abc302_h,66.812,,,
atcoder,abc,abc303,日鉄ソリューションズプログラミングコンテスト2023（AtCoder Beginner Contest 303）,2023,1685188800,abc303_a,A,Similar String,A. Similar String,-763.0,14076,"['string matching', 'implementation', 'string']",3,https://atcoder.jp/contests/abc303/tasks/abc303_a,11.528,,,
atcoder,abc,abc303,日鉄ソリューションズプログラミングコンテスト2023（AtCoder Beginner Contest 303）,2023,1685188800,abc303_b,B,Discord,B. Discord,-110.0,11967,"['brute force', 'array', 'implementation', 'counting']",4,https://atcoder.jp/contests/abc303/tasks/abc303_b,22.916,,,
atcoder,abc,abc303,日鉄ソリューションズプログラミングコンテスト2023（AtCoder Beginner Contest 303）,2023,1685188800,abc303_c,C,Dash,C. Dash,417.0,9738,"['simulation', 'set', 'implementation']",3,https://atcoder.jp/contests/abc303/tasks/abc303_c,32.107,,,
atcoder,abc,abc303,日鉄ソリューションズプログラミングコンテスト2023（AtCoder Beginner Contest 303）,2023,1685188800,abc303_d,D,Shift vs. CapsLock,D. Shift vs. CapsLock,778.0,7667,"['dp', 'string', 'optimization']",3,https://atcoder.jp/contests/abc303/tasks/abc303_d,38.403,,,
atcoder,abc,abc303,日鉄ソリューションズプログラミングコンテスト2023（AtCoder Beginner Contest 303）,2023,1685188800,abc303_e,E,A Gift From the Stars,E. A Gift From the Stars,1113.0,4938,"['tree', 'bfs', 'graph', 'distance']",4,https://atcoder.jp/contests/abc303/tasks/abc303_e,44.245,,,
atcoder,abc,abc303,日鉄ソリューションズプログラミングコンテスト2023（AtCoder Beginner Contest 303）,2023,1685188800,abc303_f,F,Damage over Time,F. Damage over Time,2381.0,916,"['binary search', 'greedy', 'implementation', 'math', 'optimization']",5,https://atcoder.jp/contests/abc303/tasks/abc303_f,66.359,,,
atcoder,abc,abc303,日鉄ソリューションズプログラミングコンテスト2023（AtCoder Beginner Contest 303）,2023,1685188800,abc303_g,G,Bags Game,G. Bags Game,2736.0,433,"['game theory', 'dp', 'interval dp', 'segment tree', 'sliding window']",5,https://atcoder.jp/contests/abc303/tasks/abc303_g,72.55,,,
atcoder,abc,abc303,日鉄ソリューションズプログラミングコンテスト2023（AtCoder Beginner Contest 303）,2023,1685188800,abc303_h,Ex,Constrained Tree Degree,Ex. Constrained Tree Degree,2501.0,502,"['prufer sequence', 'generating function', 'ntt', 'polynomial', 'combinatorics', 'cayley formula']",6,https://atcoder.jp/contests/abc303/tasks/abc303_h,68.451,,,
atcoder,abc,abc304,東京海上日動プログラミングコンテスト2023（AtCoder Beginner Contest 304）,2023,1685793600,abc304_a,A,First Player,A. First Player,,12343,"['implementation', 'array', 'modular arithmetic', 'search']",4,https://atcoder.jp/contests/abc304/tasks/abc304_a,,,,
atcoder,abc,abc304,東京海上日動プログラミングコンテスト2023（AtCoder Beginner Contest 304）,2023,1685793600,abc304_b,B,Subscribers,B. Subscribers,,12021,"['implementation', 'string', 'math']",3,https://atcoder.jp/contests/abc304/tasks/abc304_b,,,,
atcoder,abc,abc304,東京海上日動プログラミングコンテスト2023（AtCoder Beginner Contest 304）,2023,1685793600,abc304_c,C,Virus,C. Virus,365.0,9496,"['bfs', 'connected components', 'dfs', 'graph', 'implementation']",5,https://atcoder.jp/contests/abc304/tasks/abc304_c,31.2,,,
atcoder,abc,abc304,東京海上日動プログラミングコンテスト2023（AtCoder Beginner Contest 304）,2023,1685793600,abc304_d,D,A Piece of Cake,D. A Piece of Cake,1015.0,5898,"['binary search', 'map', 'coordinate compression', 'counting']",4,https://atcoder.jp/contests/abc304/tasks/abc304_d,42.536,,,
atcoder,abc,abc304,東京海上日動プログラミングコンテスト2023（AtCoder Beginner Contest 304）,2023,1685793600,abc304_e,E,Good Graph,E. Good Graph,971.0,5759,"['connected components', 'dsu', 'graph theory', 'implementation']",4,https://atcoder.jp/contests/abc304/tasks/abc304_e,41.768,,,
atcoder,abc,abc304,東京海上日動プログラミングコンテスト2023（AtCoder Beginner Contest 304）,2023,1685793600,abc304_f,F,Shift Table,F. Shift Table,1619.0,2548,"['divisors', 'inclusion exclusion', 'mobius inversion', 'periodicity', 'modular arithmetic']",5,https://atcoder.jp/contests/abc304/tasks/abc304_f,53.069,,,
atcoder,abc,abc304,東京海上日動プログラミングコンテスト2023（AtCoder Beginner Contest 304）,2023,1685793600,abc304_g,G,Max of Medians,G. Max of Medians,3177.0,250,"['binary search', 'bit manipulation', 'greedy', 'recursion', 'digit dp']",5,https://atcoder.jp/contests/abc304/tasks/abc304_g,80.241,,,
atcoder,abc,abc304,東京海上日動プログラミングコンテスト2023（AtCoder Beginner Contest 304）,2023,1685793600,abc304_h,Ex,Constrained Topological Sort,Ex. Constrained Topological Sort,2642.0,634,"['topological sort', 'greedy', 'priority queue', 'dag', 'constraint']",5,https://atcoder.jp/contests/abc304/tasks/abc304_h,70.91,,,
atcoder,abc,abc305,京セラプログラミングコンテスト2023(AtCoder Beginner Contest 305),2023,1686398400,abc305_a,A,Water Station,A. Water Station,-1093.0,15337,"['implementation', 'math']",2,https://atcoder.jp/contests/abc305/tasks/abc305_a,5.773,,,
atcoder,abc,abc305,京セラプログラミングコンテスト2023(AtCoder Beginner Contest 305),2023,1686398400,abc305_b,B,ABCDEFG,B. ABCDEFG,-749.0,13106,"['prefix sum', 'implementation', 'math']",3,https://atcoder.jp/contests/abc305/tasks/abc305_b,11.772,,,
atcoder,abc,abc305,京セラプログラミングコンテスト2023(AtCoder Beginner Contest 305),2023,1686398400,abc305_c,C,Snuke the Cookie Picker,C. Snuke the Cookie Picker,30.0,10833,"['implementation', 'grid', '2d array', 'observation', 'boundary']",5,https://atcoder.jp/contests/abc305/tasks/abc305_c,25.358,,,
atcoder,abc,abc305,京セラプログラミングコンテスト2023(AtCoder Beginner Contest 305),2023,1686398400,abc305_d,D,Sleep Log,D. Sleep Log,671.0,7516,"['binary search', 'implementation', 'prefix sum']",3,https://atcoder.jp/contests/abc305/tasks/abc305_d,36.536,,,
atcoder,abc,abc305,京セラプログラミングコンテスト2023(AtCoder Beginner Contest 305),2023,1686398400,abc305_e,E,Art Gallery on Graph,E. Art Gallery on Graph,1158.0,5674,"['graph', 'dijkstra', 'shortest path', 'priority queue', 'multi source']",5,https://atcoder.jp/contests/abc305/tasks/abc305_e,45.03,,,
atcoder,abc,abc305,京セラプログラミングコンテスト2023(AtCoder Beginner Contest 305),2023,1686398400,abc305_f,F,Dungeon Explore,F. Dungeon Explore,1420.0,3437,"['interactive', 'dfs', 'graph', 'graph theory']",4,https://atcoder.jp/contests/abc305/tasks/abc305_f,49.599,,,
atcoder,abc,abc305,京セラプログラミングコンテスト2023(AtCoder Beginner Contest 305),2023,1686398400,abc305_g,G,Banned Substrings,G. Banned Substrings,1989.0,1462,"['dp', 'matrix', 'string', 'recurrence']",4,https://atcoder.jp/contests/abc305/tasks/abc305_g,59.522,,,
atcoder,abc,abc305,京セラプログラミングコンテスト2023(AtCoder Beginner Contest 305),2023,1686398400,abc305_h,Ex,Shojin,Ex. Shojin,3344.0,258,"['alien trick', 'wqs binary search', 'monge optimization', 'quadrangle inequality', 'dp', 'ternary search', 'greedy', 'submodular', 'convexity']",9,https://atcoder.jp/contests/abc305/tasks/abc305_h,83.153,,,
atcoder,abc,abc306,トヨタ自動車プログラミングコンテスト2023#3(AtCoder Beginner Contest 306),2023,1687003200,abc306_a,A,Echo,A. Echo,,14382,"['string', 'implementation', 'iteration']",3,https://atcoder.jp/contests/abc306/tasks/abc306_a,,,,
atcoder,abc,abc306,トヨタ自動車プログラミングコンテスト2023#3(AtCoder Beginner Contest 306),2023,1687003200,abc306_b,B,Base 2,B. Base 2,,12326,"['base conversion', 'bit manipulation', 'base representation', 'math']",4,https://atcoder.jp/contests/abc306/tasks/abc306_b,,,,
atcoder,abc,abc306,トヨタ自動車プログラミングコンテスト2023#3(AtCoder Beginner Contest 306),2023,1687003200,abc306_c,C,Centers,C. Centers,31.0,11606,"['counting', 'implementation', 'sorting']",3,https://atcoder.jp/contests/abc306/tasks/abc306_c,25.375,,,
atcoder,abc,abc306,トヨタ自動車プログラミングコンテスト2023#3(AtCoder Beginner Contest 306),2023,1687003200,abc306_d,D,Poisonous Full-Course,D. Poisonous Full-Course,596.0,8697,"['dp', 'automaton']",2,https://atcoder.jp/contests/abc306/tasks/abc306_d,35.228,,,
atcoder,abc,abc306,トヨタ自動車プログラミングコンテスト2023#3(AtCoder Beginner Contest 306),2023,1687003200,abc306_e,E,Best Performances,E. Best Performances,1268.0,4735,"['data structure', 'multiset', 'order statistic tree', 'set', 'incremental']",5,https://atcoder.jp/contests/abc306/tasks/abc306_e,46.948,,,
atcoder,abc,abc306,トヨタ自動車プログラミングコンテスト2023#3(AtCoder Beginner Contest 306),2023,1687003200,abc306_f,F,Merge Sets,F. Merge Sets,1557.0,2929,"['combinatorics', 'coordinate compression', 'counting', 'implementation', 'sorting']",5,https://atcoder.jp/contests/abc306/tasks/abc306_f,51.988,,,
atcoder,abc,abc306,トヨタ自動車プログラミングコンテスト2023#3(AtCoder Beginner Contest 306),2023,1687003200,abc306_g,G,Return to 1,G. Return to 1,2563.0,695,"['graph theory', 'directed graph', 'dfs', 'gcd', 'number theory', 'cycle', 'reachability']",7,https://atcoder.jp/contests/abc306/tasks/abc306_g,69.533,,,
atcoder,abc,abc306,トヨタ自動車プログラミングコンテスト2023#3(AtCoder Beginner Contest 306),2023,1687003200,abc306_h,Ex,Balance Scale,Ex. Balance Scale,3335.0,746,"['bitmask dp', 'inclusion exclusion', 'connected components', 'graph theory', 'dag']",5,https://atcoder.jp/contests/abc306/tasks/abc306_h,82.996,,,
atcoder,abc,abc307,東京海上日動プログラミングコンテスト2023（AtCoder Beginner Contest 307）,2023,1687608000,abc307_a,A,Weekly Records,A. Weekly Records,-1088.0,14123,"['array', 'implementation', 'sum', 'iteration']",4,https://atcoder.jp/contests/abc307/tasks/abc307_a,5.86,,,
atcoder,abc,abc307,東京海上日動プログラミングコンテスト2023（AtCoder Beginner Contest 307）,2023,1687608000,abc307_b,B,racecar,B. racecar,-298.0,11671,"['implementation', 'palindrome', 'string']",3,https://atcoder.jp/contests/abc307/tasks/abc307_b,19.637,,,
atcoder,abc,abc307,東京海上日動プログラミングコンテスト2023（AtCoder Beginner Contest 307）,2023,1687608000,abc307_c,C,Ideal Sheet,C. Ideal Sheet,1307.0,4144,"['brute force', 'grid', 'coordinate geometry', 'simulation', '2d array']",5,https://atcoder.jp/contests/abc307/tasks/abc307_c,47.628,,,
atcoder,abc,abc307,東京海上日動プログラミングコンテスト2023（AtCoder Beginner Contest 307）,2023,1687608000,abc307_d,D,Mismatched Parentheses,D. Mismatched Parentheses,666.0,7981,"['implementation', 'simulation', 'stack', 'string']",4,https://atcoder.jp/contests/abc307/tasks/abc307_d,36.449,,,
atcoder,abc,abc307,東京海上日動プログラミングコンテスト2023（AtCoder Beginner Contest 307）,2023,1687608000,abc307_e,E,Distinct Adjacent,E. Distinct Adjacent,1240.0,4925,"['dp on ring', 'inclusion exclusion', 'combinatorics', 'modular arithmetic']",4,https://atcoder.jp/contests/abc307/tasks/abc307_e,46.46,,,
atcoder,abc,abc307,東京海上日動プログラミングコンテスト2023（AtCoder Beginner Contest 307）,2023,1687608000,abc307_f,F,Virus 2,F. Virus 2,2139.0,1520,"['dijkstra', 'graph', 'shortest path', 'simulation']",4,https://atcoder.jp/contests/abc307/tasks/abc307_f,62.138,,,
atcoder,abc,abc307,東京海上日動プログラミングコンテスト2023（AtCoder Beginner Contest 307）,2023,1687608000,abc307_g,G,Approximate Equalization,G. Approximate Equalization,2330.0,933,"['dp', 'prefix sum', 'math']",3,https://atcoder.jp/contests/abc307/tasks/abc307_g,65.469,,,
atcoder,abc,abc307,東京海上日動プログラミングコンテスト2023（AtCoder Beginner Contest 307）,2023,1687608000,abc307_h,Ex,Marquee,Ex. Marquee,2754.0,268,"['string matching', 'fft', 'convolution', 'polynomial']",4,https://atcoder.jp/contests/abc307/tasks/abc307_h,72.864,,,
atcoder,abc,abc308,CodeQUEEN 2023 予選 (AtCoder Beginner Contest 308),2023,1688212800,abc308_a,A,New Scheme,A. New Scheme,-881.0,15180,"['implementation', 'string']",2,https://atcoder.jp/contests/abc308/tasks/abc308_a,9.47,,,
atcoder,abc,abc308,CodeQUEEN 2023 予選 (AtCoder Beginner Contest 308),2023,1688212800,abc308_b,B,Default Price,B. Default Price,-417.0,13036,"['implementation', 'string matching', 'hash map', 'simulation']",4,https://atcoder.jp/contests/abc308/tasks/abc308_b,17.562,,,
atcoder,abc,abc308,CodeQUEEN 2023 予選 (AtCoder Beginner Contest 308),2023,1688212800,abc308_c,C,Standings,C. Standings,605.0,10216,"['sorting', 'math', 'fractions', 'data types']",4,https://atcoder.jp/contests/abc308/tasks/abc308_c,35.385,,,
atcoder,abc,abc308,CodeQUEEN 2023 予選 (AtCoder Beginner Contest 308),2023,1688212800,abc308_d,D,Snuke Maze,D. Snuke Maze,619.0,8477,"['graph', 'dfs', 'bfs', 'grid', 'reachability']",5,https://atcoder.jp/contests/abc308/tasks/abc308_d,35.63,,,
atcoder,abc,abc308,CodeQUEEN 2023 予選 (AtCoder Beginner Contest 308),2023,1688212800,abc308_e,E,MEX,E. MEX,1042.0,5857,"['prefix sum', 'combinatorics', 'implementation', 'optimization']",4,https://atcoder.jp/contests/abc308/tasks/abc308_e,43.007,,,
atcoder,abc,abc308,CodeQUEEN 2023 予選 (AtCoder Beginner Contest 308),2023,1688212800,abc308_f,F,Vouchers,F. Vouchers,1284.0,4593,"['greedy', 'priority queue', 'sorting']",3,https://atcoder.jp/contests/abc308/tasks/abc308_f,47.227,,,
atcoder,abc,abc308,CodeQUEEN 2023 予選 (AtCoder Beginner Contest 308),2023,1688212800,abc308_g,G,Minimum Xor Pair Query,G. Minimum Xor Pair Query,2008.0,2044,"['xor', 'ordered set', 'data structure', 'array']",4,https://atcoder.jp/contests/abc308/tasks/abc308_g,59.854,,,
atcoder,abc,abc308,CodeQUEEN 2023 予選 (AtCoder Beginner Contest 308),2023,1688212800,abc308_h,Ex,Make Q,Ex. Make Q,2861.0,362,"['shortest path', 'cycle', 'graph theory', 'dijkstra', 'enumeration']",5,https://atcoder.jp/contests/abc308/tasks/abc308_h,74.73,,,
atcoder,abc,abc309,デンソークリエイトプログラミングコンテスト2023（AtCoder Beginner Contest 309）,2023,1688817600,abc309_a,A,Nine,A. Nine,-756.0,14941,"['tree', 'implementation']",2,https://atcoder.jp/contests/abc309/tasks/abc309_a,11.65,,,
atcoder,abc,abc309,デンソークリエイトプログラミングコンテスト2023（AtCoder Beginner Contest 309）,2023,1688817600,abc309_b,B,Rotate,B. Rotate,-68.0,11960,"['simulation', '2d array', 'implementation', 'grid']",4,https://atcoder.jp/contests/abc309/tasks/abc309_b,23.648,,,
atcoder,abc,abc309,デンソークリエイトプログラミングコンテスト2023（AtCoder Beginner Contest 309）,2023,1688817600,abc309_c,C,Medicine,C. Medicine,344.0,10241,"['sorting', 'greedy', 'simulation']",3,https://atcoder.jp/contests/abc309/tasks/abc309_c,30.834,,,
atcoder,abc,abc309,デンソークリエイトプログラミングコンテスト2023（AtCoder Beginner Contest 309）,2023,1688817600,abc309_d,D,Add One Edge,D. Add One Edge,621.0,8267,"['bfs', 'graph theory', 'implementation', 'shortest path']",4,https://atcoder.jp/contests/abc309/tasks/abc309_d,35.664,,,
atcoder,abc,abc309,デンソークリエイトプログラミングコンテスト2023（AtCoder Beginner Contest 309）,2023,1688817600,abc309_e,E,Family and Insurance,E. Family and Insurance,957.0,6413,"['dp', 'tree']",2,https://atcoder.jp/contests/abc309/tasks/abc309_e,41.524,,,
atcoder,abc,abc309,デンソークリエイトプログラミングコンテスト2023（AtCoder Beginner Contest 309）,2023,1688817600,abc309_f,F,Box in Box,F. Box in Box,1619.0,3043,"['sorting', 'coordinate compression', 'segment tree', '3d dominance']",4,https://atcoder.jp/contests/abc309/tasks/abc309_f,53.069,,,
atcoder,abc,abc309,デンソークリエイトプログラミングコンテスト2023（AtCoder Beginner Contest 309）,2023,1688817600,abc309_g,G,Ban Permutation,G. Ban Permutation,2372.0,919,"['inclusion exclusion', 'dp', 'bitmask dp', 'permutation', 'combinatorics']",5,https://atcoder.jp/contests/abc309/tasks/abc309_g,66.202,,,
atcoder,abc,abc309,デンソークリエイトプログラミングコンテスト2023（AtCoder Beginner Contest 309）,2023,1688817600,abc309_h,Ex,Simple Path Counting Problem,Ex. Simple Path Counting Problem,3029.0,234,"['dp', 'symmetry', 'polynomial', 'modular exponentiation', 'combinatorics', 'path']",6,https://atcoder.jp/contests/abc309/tasks/abc309_h,77.66,,,
atcoder,abc,abc310,freee プログラミングコンテスト2023（AtCoder Beginner Contest 310）,2023,1689422400,abc310_a,A,Order Something Else,A. Order Something Else,-749.0,17402,"['implementation', 'math']",2,https://atcoder.jp/contests/abc310/tasks/abc310_a,11.772,,,
atcoder,abc,abc310,freee プログラミングコンテスト2023（AtCoder Beginner Contest 310）,2023,1689422400,abc310_b,B,Strictly Superior,B. Strictly Superior,171.0,11364,"['brute force', 'conditional', 'implementation', 'set']",4,https://atcoder.jp/contests/abc310/tasks/abc310_b,27.817,,,
atcoder,abc,abc310,freee プログラミングコンテスト2023（AtCoder Beginner Contest 310）,2023,1689422400,abc310_c,C,Reversible,C. Reversible,245.0,12235,"['implementation', 'set', 'string', 'string reversal', 'validation']",5,https://atcoder.jp/contests/abc310/tasks/abc310_c,29.107,,,
atcoder,abc,abc310,freee プログラミングコンテスト2023（AtCoder Beginner Contest 310）,2023,1689422400,abc310_d,D,Peaceful Teams,D. Peaceful Teams,1368.0,4891,"['bitmask dp', 'backtracking', 'combinatorics', 'graph coloring']",4,https://atcoder.jp/contests/abc310/tasks/abc310_d,48.692,,,
atcoder,abc,abc310,freee プログラミングコンテスト2023（AtCoder Beginner Contest 310）,2023,1689422400,abc310_e,E,NAND repeatedly,E. NAND repeatedly,1261.0,4560,"['bit manipulation', 'counting', 'state', 'array']",4,https://atcoder.jp/contests/abc310/tasks/abc310_e,46.826,,,
atcoder,abc,abc310,freee プログラミングコンテスト2023（AtCoder Beginner Contest 310）,2023,1689422400,abc310_f,F,Make 10 Again,F. Make 10 Again,1938.0,2064,"['counting', 'dp', 'modular arithmetic', 'optimization', 'subset sum']",5,https://atcoder.jp/contests/abc310/tasks/abc310_f,58.633,,,
atcoder,abc,abc310,freee プログラミングコンテスト2023（AtCoder Beginner Contest 310）,2023,1689422400,abc310_g,G,Takahashi And Pass-The-Ball Game,G. Takahashi And Pass-The-Ball Game,2696.0,517,"['binary lifting', 'functional graph', 'modular arithmetic', 'expectation']",4,https://atcoder.jp/contests/abc310/tasks/abc310_g,71.852,,,
atcoder,abc,abc310,freee プログラミングコンテスト2023（AtCoder Beginner Contest 310）,2023,1689422400,abc310_h,Ex,Negative Cost,Ex. Negative Cost,3343.0,240,"['dp', 'knapsack', 'pigeonhole principle', 'greedy']",4,https://atcoder.jp/contests/abc310/tasks/abc310_h,83.136,,,
atcoder,abc,abc311,トヨタ自動車プログラミングコンテスト2023#4(AtCoder Beginner Contest 311),2023,1690027200,abc311_a,A,First ABC,A. First ABC,-876.0,16938,"['implementation', 'set', 'string']",3,https://atcoder.jp/contests/abc311/tasks/abc311_a,9.557,,,
atcoder,abc,abc311,トヨタ自動車プログラミングコンテスト2023#4(AtCoder Beginner Contest 311),2023,1690027200,abc311_b,B,Vacation Together,B. Vacation Together,-312.0,14538,"['implementation', 'string', 'array', 'greedy', 'segment']",5,https://atcoder.jp/contests/abc311/tasks/abc311_b,19.393,,,
atcoder,abc,abc311,トヨタ自動車プログラミングコンテスト2023#4(AtCoder Beginner Contest 311),2023,1690027200,abc311_c,C,Find it!,C. Find it!,448.0,10628,"['cycle', 'dfs', 'graph', 'implementation']",4,https://atcoder.jp/contests/abc311/tasks/abc311_c,32.647,,,
atcoder,abc,abc311,トヨタ自動車プログラミングコンテスト2023#4(AtCoder Beginner Contest 311),2023,1690027200,abc311_d,D,Grid Ice Floor,D. Grid Ice Floor,885.0,7211,"['bfs', 'graph', 'state', 'grid']",4,https://atcoder.jp/contests/abc311/tasks/abc311_d,40.269,,,
atcoder,abc,abc311,トヨタ自動車プログラミングコンテスト2023#4(AtCoder Beginner Contest 311),2023,1690027200,abc311_e,E,Defect-free Squares,E. Defect-free Squares,1293.0,5025,"['dp', '2d dp', 'dp on grids']",3,https://atcoder.jp/contests/abc311/tasks/abc311_e,47.384,,,
atcoder,abc,abc311,トヨタ自動車プログラミングコンテスト2023#4(AtCoder Beginner Contest 311),2023,1690027200,abc311_f,F,Yet Another Grid Task,F. Yet Another Grid Task,1984.0,1865,"['counting', 'prefix sum', 'dp', 'grid', 'modular arithmetic', 'optimization']",6,https://atcoder.jp/contests/abc311/tasks/abc311_f,59.435,,,
atcoder,abc,abc311,トヨタ自動車プログラミングコンテスト2023#4(AtCoder Beginner Contest 311),2023,1690027200,abc311_g,G,One More Grid Task,G. One More Grid Task,2265.0,1258,"['grid', 'enumeration', '2d prefix sum', 'rectangle', 'optimization']",5,https://atcoder.jp/contests/abc311/tasks/abc311_g,64.336,,,
atcoder,abc,abc311,トヨタ自動車プログラミングコンテスト2023#4(AtCoder Beginner Contest 311),2023,1690027200,abc311_h,Ex,Many Illumination Plans,Ex. Many Illumination Plans,3605.0,233,"['heavy light decomposition', 'dp on trees', 'dp', 'recursion']",4,https://atcoder.jp/contests/abc311/tasks/abc311_h,87.705,,,
atcoder,abc,abc312,ユニークビジョンプログラミングコンテスト2023 夏 (AtCoder Beginner Contest 312),2023,1690632000,abc312_a,A,Chord,A. Chord,-990.0,15468,"['tree', 'implementation']",2,https://atcoder.jp/contests/abc312/tasks/abc312_a,7.569,,,
atcoder,abc,abc312,ユニークビジョンプログラミングコンテスト2023 夏 (AtCoder Beginner Contest 312),2023,1690632000,abc312_b,B,TaK Code,B. TaK Code,153.0,10341,"['grid', 'simulation', 'brute force', 'pattern', 'implementation']",5,https://atcoder.jp/contests/abc312/tasks/abc312_b,27.503,,,
atcoder,abc,abc312,ユニークビジョンプログラミングコンテスト2023 夏 (AtCoder Beginner Contest 312),2023,1690632000,abc312_c,C,Invisible Hand,C. Invisible Hand,727.0,8850,"['binary search', 'monotonic', 'two pointer']",3,https://atcoder.jp/contests/abc312/tasks/abc312_c,37.513,,,
atcoder,abc,abc312,ユニークビジョンプログラミングコンテスト2023 夏 (AtCoder Beginner Contest 312),2023,1690632000,abc312_d,D,Count Bracket Sequences,D. Count Bracket Sequences,964.0,6952,"['dp', 'counting', 'balanced bracket sequence', 'modular arithmetic']",4,https://atcoder.jp/contests/abc312/tasks/abc312_d,41.646,,,
atcoder,abc,abc312,ユニークビジョンプログラミングコンテスト2023 夏 (AtCoder Beginner Contest 312),2023,1690632000,abc312_e,E,Tangency of Cuboids ,E. Tangency of Cuboids ,2047.0,1902,"['3d geometry', 'grid', 'set', 'graph', 'implementation']",5,https://atcoder.jp/contests/abc312/tasks/abc312_e,60.534,,,
atcoder,abc,abc312,ユニークビジョンプログラミングコンテスト2023 夏 (AtCoder Beginner Contest 312),2023,1690632000,abc312_f,F,Cans and Openers,F. Cans and Openers,1534.0,3480,"['greedy', 'optimization', 'selection', 'sorting']",4,https://atcoder.jp/contests/abc312/tasks/abc312_f,51.587,,,
atcoder,abc,abc312,ユニークビジョンプログラミングコンテスト2023 夏 (AtCoder Beginner Contest 312),2023,1690632000,abc312_g,G,Avoid Straight Line,G. Avoid Straight Line,1819.0,2468,"['dp on trees', 'combinatorics', 'counting']",3,https://atcoder.jp/contests/abc312/tasks/abc312_g,56.557,,,
atcoder,abc,abc312,ユニークビジョンプログラミングコンテスト2023 夏 (AtCoder Beginner Contest 312),2023,1690632000,abc312_h,Ex,snukesnuke,Ex. snukesnuke,2477.0,712,"['periodicity', 'z algorithm', 'rolling hash', 'number theory', 'amortized analysis', 'string']",6,https://atcoder.jp/contests/abc312/tasks/abc312_h,68.033,,,
atcoder,abc,abc313,第四回日本最強プログラマー学生選手権-予選-（AtCoder Beginner Contest 313）,2023,1691236800,abc313_a,A,To Be Saikyo,A. To Be Saikyo,-524.0,14833,"['case work', 'implementation', 'search']",3,https://atcoder.jp/contests/abc313/tasks/abc313_a,15.696,,,
atcoder,abc,abc313,第四回日本最強プログラマー学生選手権-予選-（AtCoder Beginner Contest 313）,2023,1691236800,abc313_b,B,Who is Saikyo?,B. Who is Saikyo?,147.0,11682,"['graph theory', 'in degree', 'topological sort', 'directed graph']",4,https://atcoder.jp/contests/abc313/tasks/abc313_b,27.398,,,
atcoder,abc,abc313,第四回日本最強プログラマー学生選手権-予選-（AtCoder Beginner Contest 313）,2023,1691236800,abc313_c,C,Approximate Equalization 2,C. Approximate Equalization 2,681.0,8886,"['greedy', 'implementation', 'math', 'sorting']",4,https://atcoder.jp/contests/abc313/tasks/abc313_c,36.711,,,
atcoder,abc,abc313,第四回日本最強プログラマー学生選手権-予選-（AtCoder Beginner Contest 313）,2023,1691236800,abc313_d,D,Odd or Even,D. Odd or Even,1630.0,3204,"['interactive', 'parity', 'xor', 'constructive', 'linear algebra']",5,https://atcoder.jp/contests/abc313/tasks/abc313_d,53.261,,,
atcoder,abc,abc313,第四回日本最強プログラマー学生選手権-予選-（AtCoder Beginner Contest 313）,2023,1691236800,abc313_e,E,Duplicate,E. Duplicate,1672.0,2968,"['compression', 'string', 'modular arithmetic', 'greedy', 'stack']",5,https://atcoder.jp/contests/abc313/tasks/abc313_e,53.994,,,
atcoder,abc,abc313,第四回日本最強プログラマー学生選手権-予選-（AtCoder Beginner Contest 313）,2023,1691236800,abc313_f,F,Flip Machines,F. Flip Machines,3100.0,405,"['expectation', 'bitmask dp', 'meet in the middle', 'subset']",4,https://atcoder.jp/contests/abc313/tasks/abc313_f,78.898,,,
atcoder,abc,abc313,第四回日本最強プログラマー学生選手権-予選-（AtCoder Beginner Contest 313）,2023,1691236800,abc313_g,G,Redistribution of Piles,G. Redistribution of Piles,2454.0,677,"['combinatorics', 'floor sum', 'number theory', 'optimization', 'counting']",5,https://atcoder.jp/contests/abc313/tasks/abc313_g,67.632,,,
atcoder,abc,abc313,第四回日本最強プログラマー学生選手権-予選-（AtCoder Beginner Contest 313）,2023,1691236800,abc313_h,Ex,Group Photo,Ex. Group Photo,3008.0,447,"['dp', 'connected components', 'combinatorics', 'counting', 'sorting']",5,https://atcoder.jp/contests/abc313/tasks/abc313_h,77.293,,,
atcoder,abc,abc314,AtCoder Beginner Contest 314,2023,1691841600,abc314_a,A,3.14,A. 3.14,-630.0,16150,"['implementation', 'string']",2,https://atcoder.jp/contests/abc314/tasks/abc314_a,13.847,,,
atcoder,abc,abc314,AtCoder Beginner Contest 314,2023,1691841600,abc314_b,B,Roulette,B. Roulette,-34.0,12162,"['array', 'implementation', 'sorting']",3,https://atcoder.jp/contests/abc314/tasks/abc314_b,24.241,,,
atcoder,abc,abc314,AtCoder Beginner Contest 314,2023,1691841600,abc314_c,C,Rotate Colored Subsequence,C. Rotate Colored Subsequence,337.0,10256,"['string', 'array', 'cycle', 'implementation', 'grouping']",5,https://atcoder.jp/contests/abc314/tasks/abc314_c,30.712,,,
atcoder,abc,abc314,AtCoder Beginner Contest 314,2023,1691841600,abc314_d,D,LOWER,D. LOWER,585.0,9069,"['string', 'lazy propagation', 'time', 'simulation']",4,https://atcoder.jp/contests/abc314/tasks/abc314_d,35.037,,,
atcoder,abc,abc314,AtCoder Beginner Contest 314,2023,1691841600,abc314_e,E,Roulettes,E. Roulettes,1722.0,2884,"['dp', 'expectation', 'optimization', 'probability']",4,https://atcoder.jp/contests/abc314/tasks/abc314_e,54.866,,,
atcoder,abc,abc314,AtCoder Beginner Contest 314,2023,1691841600,abc314_f,F,A Certain Game,F. A Certain Game,1736.0,2569,"['dsu', 'tree', 'expectation', 'dfs', 'probability', 'tree path']",6,https://atcoder.jp/contests/abc314/tasks/abc314_f,55.11,,,
atcoder,abc,abc314,AtCoder Beginner Contest 314,2023,1691841600,abc314_g,G,Amulets,G. Amulets,2301.0,1042,"['greedy', 'data structure', 'sliding window', 'binary search']",4,https://atcoder.jp/contests/abc314/tasks/abc314_g,64.963,,,
atcoder,abc,abc314,AtCoder Beginner Contest 314,2023,1691841600,abc314_h,Ex,Disk and Segments,Ex. Disk and Segments,2938.0,263,"['convex optimization', 'ternary search', 'computational geometry', 'distance']",4,https://atcoder.jp/contests/abc314/tasks/abc314_h,76.073,,,
atcoder,abc,abc315,キーエンスプログラミングコンテスト2023夏（AtCoder Beginner Contest 315）,2023,1692446400,abc315_a,A,tcdr,A. tcdr,-997.0,16090,"['implementation', 'string']",2,https://atcoder.jp/contests/abc315/tasks/abc315_a,7.447,,,
atcoder,abc,abc315,キーエンスプログラミングコンテスト2023夏（AtCoder Beginner Contest 315）,2023,1692446400,abc315_b,B,The Middle Day,B. The Middle Day,-470.0,13904,"['implementation', 'simulation', 'array']",3,https://atcoder.jp/contests/abc315/tasks/abc315_b,16.638,,,
atcoder,abc,abc315,キーエンスプログラミングコンテスト2023夏（AtCoder Beginner Contest 315）,2023,1692446400,abc315_c,C,Flavors,C. Flavors,312.0,11007,"['greedy', 'implementation', 'search', 'sorting']",4,https://atcoder.jp/contests/abc315/tasks/abc315_c,30.276,,,
atcoder,abc,abc315,キーエンスプログラミングコンテスト2023夏（AtCoder Beginner Contest 315）,2023,1692446400,abc315_d,D,Magical Cookies,D. Magical Cookies,1531.0,3774,"['simulation', 'counting', 'grid', 'optimization']",4,https://atcoder.jp/contests/abc315/tasks/abc315_d,51.535,,,
atcoder,abc,abc315,キーエンスプログラミングコンテスト2023夏（AtCoder Beginner Contest 315）,2023,1692446400,abc315_e,E,Prerequisites,E. Prerequisites,921.0,6584,"['directed graph', 'dag', 'bfs', 'topological sort']",4,https://atcoder.jp/contests/abc315/tasks/abc315_e,40.896,,,
atcoder,abc,abc315,キーエンスプログラミングコンテスト2023夏（AtCoder Beginner Contest 315）,2023,1692446400,abc315_f,F,Shortcuts,F. Shortcuts,1674.0,3156,"['dp', 'euclidean distance', 'geometry', 'optimization', 'shortest path']",5,https://atcoder.jp/contests/abc315/tasks/abc315_f,54.029,,,
atcoder,abc,abc315,キーエンスプログラミングコンテスト2023夏（AtCoder Beginner Contest 315）,2023,1692446400,abc315_g,G,"Ai + Bj + Ck = X (1 <= i, j, k <= N)","G. Ai + Bj + Ck = X (1 <= i, j, k <= N)",2315.0,1242,"['number theory', 'diophantine equation', 'extended euclidean algorithm', 'counting']",4,https://atcoder.jp/contests/abc315/tasks/abc315_g,65.208,,,
atcoder,abc,abc315,キーエンスプログラミングコンテスト2023夏（AtCoder Beginner Contest 315）,2023,1692446400,abc315_h,Ex,Typical Convolution Problem,Ex. Typical Convolution Problem,2807.0,336,"['convolution', 'polynomial', 'fft', 'generating function', 'dp']",5,https://atcoder.jp/contests/abc315/tasks/abc315_h,73.788,,,
atcoder,abc,abc317,ゲームフリーク Programming Contest 2023（AtCoder Beginner Contest 317）,2023,1693051200,abc317_a,A,Potions,A. Potions,-942.0,15003,"['search', 'language features', 'implementation', 'array']",4,https://atcoder.jp/contests/abc317/tasks/abc317_a,8.406,,,
atcoder,abc,abc317,ゲームフリーク Programming Contest 2023（AtCoder Beginner Contest 317）,2023,1693051200,abc317_b,B,MissingNo.,B. MissingNo.,-764.0,14143,"['sorting', 'array', 'implementation']",3,https://atcoder.jp/contests/abc317/tasks/abc317_b,11.51,,,
atcoder,abc,abc317,ゲームフリーク Programming Contest 2023（AtCoder Beginner Contest 317）,2023,1693051200,abc317_c,C,Remembering the Days,C. Remembering the Days,604.0,9498,"['dfs', 'backtracking', 'graph', 'brute force']",4,https://atcoder.jp/contests/abc317/tasks/abc317_c,35.368,,,
atcoder,abc,abc317,ゲームフリーク Programming Contest 2023（AtCoder Beginner Contest 317）,2023,1693051200,abc317_d,D,President,D. President,929.0,7001,"['dp', 'knapsack']",2,https://atcoder.jp/contests/abc317/tasks/abc317_d,41.036,,,
atcoder,abc,abc317,ゲームフリーク Programming Contest 2023（AtCoder Beginner Contest 317）,2023,1693051200,abc317_e,E,Avoid Eye Contact,E. Avoid Eye Contact,1085.0,5600,"['bfs', 'grid', 'simulation', 'shortest path']",4,https://atcoder.jp/contests/abc317/tasks/abc317_e,43.757,,,
atcoder,abc,abc317,ゲームフリーク Programming Contest 2023（AtCoder Beginner Contest 317）,2023,1693051200,abc317_f,F,Nim,F. Nim,2072.0,1669,"['digit dp', 'xor', 'dp', 'bit manipulation', 'modular arithmetic']",5,https://atcoder.jp/contests/abc317/tasks/abc317_f,60.97,,,
atcoder,abc,abc317,ゲームフリーク Programming Contest 2023（AtCoder Beginner Contest 317）,2023,1693051200,abc317_g,G,Rearranging,G. Rearranging,2649.0,696,"['bipartite matching', 'hall theorem', 'max flow', 'graph theory', 'graph coloring']",5,https://atcoder.jp/contests/abc317/tasks/abc317_g,71.032,,,
atcoder,abc,abc317,ゲームフリーク Programming Contest 2023（AtCoder Beginner Contest 317）,2023,1693051200,abc317_h,Ex,Walk,Ex. Walk,3426.0,72,"['generating function', 'matrix', 'dp', 'divide and conquer', 'polynomial', 'counting']",6,https://atcoder.jp/contests/abc317/tasks/abc317_h,84.583,,,
atcoder,abc,abc318,THIRD プログラミングコンテスト 2023 アルゴ（AtCoder Beginner Contest 318）,2023,1693656000,abc318_a,A,Full Moon,A. Full Moon,-934.0,19063,"['simulation', 'implementation', 'language features', 'counting']",4,https://atcoder.jp/contests/abc318/tasks/abc318_a,8.546,,,
atcoder,abc,abc318,THIRD プログラミングコンテスト 2023 アルゴ（AtCoder Beginner Contest 318）,2023,1693656000,abc318_b,B,Overlapping sheets,B. Overlapping sheets,-152.0,15471,"['grid', '2d boolean array', 'coordinate geometry', 'rectangle union']",4,https://atcoder.jp/contests/abc318/tasks/abc318_b,22.183,,,
atcoder,abc,abc318,THIRD プログラミングコンテスト 2023 アルゴ（AtCoder Beginner Contest 318）,2023,1693656000,abc318_c,C,Blue Spring,C. Blue Spring,400.0,11875,"['greedy', 'sorting', 'prefix sum']",3,https://atcoder.jp/contests/abc318/tasks/abc318_c,31.81,,,
atcoder,abc,abc318,THIRD プログラミングコンテスト 2023 アルゴ（AtCoder Beginner Contest 318）,2023,1693656000,abc318_d,D,General Weighted Max Matching,D. General Weighted Max Matching,1017.0,7160,"['bitmask dp', 'dp', 'matching', 'maximum weight matching', 'optimization']",5,https://atcoder.jp/contests/abc318/tasks/abc318_d,42.571,,,
atcoder,abc,abc318,THIRD プログラミングコンテスト 2023 アルゴ（AtCoder Beginner Contest 318）,2023,1693656000,abc318_e,E,Sandwiches,E. Sandwiches,1004.0,6533,"['combinatorics', 'counting', 'implementation']",3,https://atcoder.jp/contests/abc318/tasks/abc318_e,42.344,,,
atcoder,abc,abc318,THIRD プログラミングコンテスト 2023 アルゴ（AtCoder Beginner Contest 318）,2023,1693656000,abc318_f,F,Octopus,F. Octopus,2009.0,1860,"['greedy', 'two pointer', 'coordinate compression', 'enumeration', 'interval']",5,https://atcoder.jp/contests/abc318/tasks/abc318_f,59.871,,,
atcoder,abc,abc318,THIRD プログラミングコンテスト 2023 アルゴ（AtCoder Beginner Contest 318）,2023,1693656000,abc318_g,G,Typical Path Problem,G. Typical Path Problem,2260.0,1621,"['flow', 'max flow', 'vertex disjoint paths', 'graph theory', 'dinic']",5,https://atcoder.jp/contests/abc318/tasks/abc318_g,64.248,,,
atcoder,abc,abc318,THIRD プログラミングコンテスト 2023 アルゴ（AtCoder Beginner Contest 318）,2023,1693656000,abc318_h,Ex,Count Strong Test Cases,Ex. Count Strong Test Cases,2785.0,278,"['formal power series', 'generating function', 'combinatorics', 'cycle', 'counting', 'newton method']",6,https://atcoder.jp/contests/abc318/tasks/abc318_h,73.404,,,
atcoder,abc,abc319,AtCoder Beginner Contest 319,2023,1694260800,abc319_a,A,Legendary Players,A. Legendary Players,-1069.0,20563,"['string matching', 'implementation', 'map', 'conditional']",4,https://atcoder.jp/contests/abc319/tasks/abc319_a,6.191,,,
atcoder,abc,abc319,AtCoder Beginner Contest 319,2023,1694260800,abc319_b,B,Measure,B. Measure,-299.0,17001,"['implementation', 'number theory', 'divisors', 'string', 'brute force']",5,https://atcoder.jp/contests/abc319/tasks/abc319_b,19.62,,,
atcoder,abc,abc319,AtCoder Beginner Contest 319,2023,1694260800,abc319_c,C,False Hope,C. False Hope,1111.0,6068,"['permutation', 'probability', 'brute force', 'simulation', 'case work']",5,https://atcoder.jp/contests/abc319/tasks/abc319_c,44.21,,,
atcoder,abc,abc319,AtCoder Beginner Contest 319,2023,1694260800,abc319_d,D,Minimum Width,D. Minimum Width,631.0,11085,"['binary search on answer', 'greedy', 'simulation', 'monotonic']",4,https://atcoder.jp/contests/abc319/tasks/abc319_d,35.839,,,
atcoder,abc,abc319,AtCoder Beginner Contest 319,2023,1694260800,abc319_e,E,Bus Stops,E. Bus Stops,1353.0,4551,"['implementation', 'lcm', 'number theory', 'simulation']",4,https://atcoder.jp/contests/abc319/tasks/abc319_e,48.43,,,
atcoder,abc,abc319,AtCoder Beginner Contest 319,2023,1694260800,abc319_f,F,Fighter Takahashi,F. Fighter Takahashi,2480.0,929,"['tree', 'bitmask dp', 'dp', 'greedy', 'simulation']",5,https://atcoder.jp/contests/abc319/tasks/abc319_f,68.085,,,
atcoder,abc,abc319,AtCoder Beginner Contest 319,2023,1694260800,abc319_g,G,Counting Shortest Paths,G. Counting Shortest Paths,2185.0,1473,"['bfs', 'dp', 'graph', 'shortest path', 'counting']",5,https://atcoder.jp/contests/abc319/tasks/abc319_g,62.94,,,
atcoder,abc,abc320,トヨタ自動車プログラミングコンテスト2023#5(AtCoder Beginner Contest 320),2023,1694865600,abc320_a,A,Leyland Number,A. Leyland Number,-1061.0,20232,"['implementation', 'modular exponentiation', 'math']",3,https://atcoder.jp/contests/abc320/tasks/abc320_a,6.331,,,
atcoder,abc,abc320,トヨタ自動車プログラミングコンテスト2023#5(AtCoder Beginner Contest 320),2023,1694865600,abc320_b,B,Longest Palindrome,B. Longest Palindrome,-225.0,16474,"['string', 'brute force', 'palindrome', 'substring']",4,https://atcoder.jp/contests/abc320/tasks/abc320_b,20.91,,,
atcoder,abc,abc320,トヨタ自動車プログラミングコンテスト2023#5(AtCoder Beginner Contest 320),2023,1694865600,abc320_c,C,Slot Strategy 2 (Easy),C. Slot Strategy 2 (Easy),851.0,7968,"['brute force', 'simulation', 'modular arithmetic', 'enumeration']",4,https://atcoder.jp/contests/abc320/tasks/abc320_c,39.676,,,
atcoder,abc,abc320,トヨタ自動車プログラミングコンテスト2023#5(AtCoder Beginner Contest 320),2023,1694865600,abc320_d,D,Relative Position,D. Relative Position,873.0,7510,"['graph', 'dfs', 'coordinate geometry']",3,https://atcoder.jp/contests/abc320/tasks/abc320_d,40.059,,,
atcoder,abc,abc320,トヨタ自動車プログラミングコンテスト2023#5(AtCoder Beginner Contest 320),2023,1694865600,abc320_e,E,Somen Nagashi,E. Somen Nagashi,1096.0,5621,"['simulation', 'priority queue', 'ordered set', 'greedy']",4,https://atcoder.jp/contests/abc320/tasks/abc320_e,43.948,,,
atcoder,abc,abc320,トヨタ自動車プログラミングコンテスト2023#5(AtCoder Beginner Contest 320),2023,1694865600,abc320_f,F,Fuel Round Trip,F. Fuel Round Trip,2042.0,1815,"['dp', '3d dp', 'bitmask']",3,https://atcoder.jp/contests/abc320/tasks/abc320_f,60.446,,,
atcoder,abc,abc320,トヨタ自動車プログラミングコンテスト2023#5(AtCoder Beginner Contest 320),2023,1694865600,abc320_g,G,Slot Strategy 2 (Hard),G. Slot Strategy 2 (Hard),2575.0,706,"['binary search', 'bipartite matching', 'max flow', 'dinic']",4,https://atcoder.jp/contests/abc320/tasks/abc320_g,69.742,,,
atcoder,abc,abc321,サントリープログラミングコンテスト2023（AtCoder Beginner Contest 321）,2023,1695470400,abc321_a,A,321-like Checker,A. 321-like Checker,-754.0,19274,"['implementation', 'string', 'digit']",3,https://atcoder.jp/contests/abc321/tasks/abc321_a,11.685,,,
atcoder,abc,abc321,サントリープログラミングコンテスト2023（AtCoder Beginner Contest 321）,2023,1695470400,abc321_b,B,Cutoff,B. Cutoff,160.0,14411,"['simulation', 'sorting', 'greedy', 'implementation']",4,https://atcoder.jp/contests/abc321/tasks/abc321_b,27.625,,,
atcoder,abc,abc321,サントリープログラミングコンテスト2023（AtCoder Beginner Contest 321）,2023,1695470400,abc321_c,C,321-like Searcher,C. 321-like Searcher,591.0,11703,"['bitmask', 'combinatorics', 'constructive', 'sorting', 'enumeration']",5,https://atcoder.jp/contests/abc321/tasks/abc321_c,35.141,,,
atcoder,abc,abc321,サントリープログラミングコンテスト2023（AtCoder Beginner Contest 321）,2023,1695470400,abc321_d,D,Set Menu,D. Set Menu,806.0,8791,"['binary search', 'prefix sum', 'implementation', 'sorting']",4,https://atcoder.jp/contests/abc321/tasks/abc321_d,38.891,,,
atcoder,abc,abc321,サントリープログラミングコンテスト2023（AtCoder Beginner Contest 321）,2023,1695470400,abc321_e,E,Complete Binary Tree,E. Complete Binary Tree,1627.0,3330,"['binary tree', 'lca', 'tree', 'bit manipulation', 'range counting']",5,https://atcoder.jp/contests/abc321/tasks/abc321_e,53.209,,,
atcoder,abc,abc321,サントリープログラミングコンテスト2023（AtCoder Beginner Contest 321）,2023,1695470400,abc321_f,F,#(subset sum = K) with Add and Erase ,F. #(subset sum = K) with Add and Erase ,1645.0,6152,"['dp', 'subset sum', 'operations', 'modular arithmetic']",4,https://atcoder.jp/contests/abc321/tasks/abc321_f,53.523,,,
atcoder,abc,abc321,サントリープログラミングコンテスト2023（AtCoder Beginner Contest 321）,2023,1695470400,abc321_g,G,Electric Circuit,G. Electric Circuit,2439.0,792,"['expectation', 'bitmask dp', 'connected components', 'modular arithmetic', 'combinatorics']",5,https://atcoder.jp/contests/abc321/tasks/abc321_g,67.37,,,
atcoder,abc,abc322,AtCoder Beginner Contest 322,2023,1696075200,abc322_a,A,First ABC 2,A. First ABC 2,-992.0,20194,"['string', 'substring', 'implementation', 'brute force']",4,https://atcoder.jp/contests/abc322/tasks/abc322_a,7.534,,,
atcoder,abc,abc322,AtCoder Beginner Contest 322,2023,1696075200,abc322_b,B,Prefix and Suffix,B. Prefix and Suffix,-398.0,18033,"['string', 'prefix', 'suffix', 'implementation']",4,https://atcoder.jp/contests/abc322/tasks/abc322_b,17.893,,,
atcoder,abc,abc322,AtCoder Beginner Contest 322,2023,1696075200,abc322_c,C,Festival,C. Festival,-56.0,16497,"['binary search', 'implementation', 'search']",3,https://atcoder.jp/contests/abc322/tasks/abc322_c,23.858,,,
atcoder,abc,abc322,AtCoder Beginner Contest 322,2023,1696075200,abc322_d,D,Polyomino,D. Polyomino,1310.0,4410,"['brute force', 'backtracking', 'grid', 'implementation', 'geometry', 'rotation']",6,https://atcoder.jp/contests/abc322/tasks/abc322_d,47.681,,,
atcoder,abc,abc322,AtCoder Beginner Contest 322,2023,1696075200,abc322_e,E,Product Development,E. Product Development,1193.0,5266,"['bitmask', 'dp', 'optimization', 'subset']",4,https://atcoder.jp/contests/abc322/tasks/abc322_e,45.64,,,
atcoder,abc,abc322,AtCoder Beginner Contest 322,2023,1696075200,abc322_f,F,Vacation Query,F. Vacation Query,1806.0,2528,"['lazy segment tree', 'range update', 'range maximum query', 'monoid', 'data structure']",5,https://atcoder.jp/contests/abc322/tasks/abc322_f,56.331,,,
atcoder,abc,abc322,AtCoder Beginner Contest 322,2023,1696075200,abc322_g,G,Two Kinds of Base,G. Two Kinds of Base,2876.0,268,"['number theory', 'dp', 'divisors', 'math', 'base representation', 'greedy']",6,https://atcoder.jp/contests/abc322/tasks/abc322_g,74.991,,,
atcoder,abc,abc323,ユニークビジョンプログラミングコンテスト2023 秋 (AtCoder Beginner Contest 323),2023,1696680000,abc323_a,A,Weak Beats,A. Weak Beats,-921.0,19687,"['string', 'implementation', 'iteration']",3,https://atcoder.jp/contests/abc323/tasks/abc323_a,8.772,,,
atcoder,abc,abc323,ユニークビジョンプログラミングコンテスト2023 秋 (AtCoder Beginner Contest 323),2023,1696680000,abc323_b,B,Round-Robin Tournament,B. Round-Robin Tournament,-267.0,16655,"['sorting', 'string', 'implementation', 'simulation']",4,https://atcoder.jp/contests/abc323/tasks/abc323_b,20.178,,,
atcoder,abc,abc323,ユニークビジョンプログラミングコンテスト2023 秋 (AtCoder Beginner Contest 323),2023,1696680000,abc323_c,C,World Tour Finals,C. World Tour Finals,354.0,11960,"['greedy', 'sorting', 'simulation']",3,https://atcoder.jp/contests/abc323/tasks/abc323_c,31.008,,,
atcoder,abc,abc323,ユニークビジョンプログラミングコンテスト2023 秋 (AtCoder Beginner Contest 323),2023,1696680000,abc323_d,D,Merge Slimes,D. Merge Slimes,852.0,7716,"['base representation', 'bit manipulation', 'number theory', 'greedy', 'map', 'observation']",6,https://atcoder.jp/contests/abc323/tasks/abc323_d,39.693,,,
atcoder,abc,abc323,ユニークビジョンプログラミングコンテスト2023 秋 (AtCoder Beginner Contest 323),2023,1696680000,abc323_e,E,Playlist,E. Playlist,1279.0,4618,"['dp', 'probability', 'modular arithmetic']",3,https://atcoder.jp/contests/abc323/tasks/abc323_e,47.14,,,
atcoder,abc,abc323,ユニークビジョンプログラミングコンテスト2023 秋 (AtCoder Beginner Contest 323),2023,1696680000,abc323_f,F,Push and Carry,F. Push and Carry,1532.0,2623,"['manhattan distance', 'case work', 'coordinate geometry', 'greedy', 'constructive']",5,https://atcoder.jp/contests/abc323/tasks/abc323_f,51.552,,,
atcoder,abc,abc323,ユニークビジョンプログラミングコンテスト2023 秋 (AtCoder Beginner Contest 323),2023,1696680000,abc323_g,G,Inversion of Tree,G. Inversion of Tree,3091.0,141,"['kirchhoff theorem', 'determinant', 'polynomial', 'linear algebra']",4,https://atcoder.jp/contests/abc323/tasks/abc323_g,78.741,,,
atcoder,abc,abc324,日本レジストリサービス（JPRS）プログラミングコンテスト2023（AtCoder Beginner Contest 324）,2023,1697284800,abc324_a,A,Same,A. Same,-922.0,17748,"['implementation', 'array', 'ad hoc']",3,https://atcoder.jp/contests/abc324/tasks/abc324_a,8.755,,,
atcoder,abc,abc324,日本レジストリサービス（JPRS）プログラミングコンテスト2023（AtCoder Beginner Contest 324）,2023,1697284800,abc324_b,B,3-smooth Numbers,B. 3-smooth Numbers,-193.0,15068,"['number theory', 'prime factorization', 'divisibility', 'simulation']",4,https://atcoder.jp/contests/abc324/tasks/abc324_b,21.468,,,
atcoder,abc,abc324,日本レジストリサービス（JPRS）プログラミングコンテスト2023（AtCoder Beginner Contest 324）,2023,1697284800,abc324_c,C,Error Correction,C. Error Correction,637.0,8905,"['string', 'prefix suffix', 'edit distance', 'implementation']",4,https://atcoder.jp/contests/abc324/tasks/abc324_c,35.943,,,
atcoder,abc,abc324,日本レジストリサービス（JPRS）プログラミングコンテスト2023（AtCoder Beginner Contest 324）,2023,1697284800,abc324_d,D,Square Permutation,D. Square Permutation,895.0,7285,"['counting', 'enumeration', 'math', 'number theory', 'perfect squares']",5,https://atcoder.jp/contests/abc324/tasks/abc324_d,40.443,,,
atcoder,abc,abc324,日本レジストリサービス（JPRS）プログラミングコンテスト2023（AtCoder Beginner Contest 324）,2023,1697284800,abc324_e,E,Joint Two Strings,E. Joint Two Strings,1153.0,5184,"['string', 'subsequence', 'greedy', 'counting', 'prefix suffix']",5,https://atcoder.jp/contests/abc324/tasks/abc324_e,44.942,,,
atcoder,abc,abc324,日本レジストリサービス（JPRS）プログラミングコンテスト2023（AtCoder Beginner Contest 324）,2023,1697284800,abc324_f,F,Beautiful Path,F. Beautiful Path,1815.0,2899,"['binary search', 'fractional programming', 'dp', 'dag', 'longest path']",5,https://atcoder.jp/contests/abc324/tasks/abc324_f,56.488,,,
atcoder,abc,abc324,日本レジストリサービス（JPRS）プログラミングコンテスト2023（AtCoder Beginner Contest 324）,2023,1697284800,abc324_g,G,Generate Arrays,G. Generate Arrays,2501.0,613,"['merge', 'balanced bst', 'data structure', 'set', 'complexity analysis']",5,https://atcoder.jp/contests/abc324/tasks/abc324_g,68.451,,,
atcoder,abc,abc325,キーエンスプログラミングコンテスト2023秋（AtCoder Beginner Contest 325）,2023,1697889600,abc325_a,A,Takahashi san,A. Takahashi san,-1158.0,15077,"['string', 'input output', 'implementation']",3,https://atcoder.jp/contests/abc325/tasks/abc325_a,4.639,,,
atcoder,abc,abc325,キーエンスプログラミングコンテスト2023秋（AtCoder Beginner Contest 325）,2023,1697889600,abc325_b,B,World Meeting,B. World Meeting,61.0,10905,"['brute force', 'implementation', 'modular arithmetic']",3,https://atcoder.jp/contests/abc325/tasks/abc325_b,25.898,,,
atcoder,abc,abc325,キーエンスプログラミングコンテスト2023秋（AtCoder Beginner Contest 325）,2023,1697889600,abc325_c,C,Sensors,C. Sensors,400.0,9905,"['grid', 'connected components', 'dfs', 'bfs', 'implementation']",5,https://atcoder.jp/contests/abc325/tasks/abc325_c,31.81,,,
atcoder,abc,abc325,キーエンスプログラミングコンテスト2023秋（AtCoder Beginner Contest 325）,2023,1697889600,abc325_d,D,Printing Machine,D. Printing Machine,1367.0,4476,"['greedy', 'priority queue', 'sorting', 'interval', 'simulation']",5,https://atcoder.jp/contests/abc325/tasks/abc325_d,48.675,,,
atcoder,abc,abc325,キーエンスプログラミングコンテスト2023秋（AtCoder Beginner Contest 325）,2023,1697889600,abc325_e,E,"Our clients, please wait a moment","E. Our clients, please wait a moment",1093.0,5104,"['shortest path', 'dijkstra', 'graph']",3,https://atcoder.jp/contests/abc325/tasks/abc325_e,43.896,,,
atcoder,abc,abc325,キーエンスプログラミングコンテスト2023秋（AtCoder Beginner Contest 325）,2023,1697889600,abc325_f,F,Sensor Optimization Dilemma ,F. Sensor Optimization Dilemma ,1769.0,2257,"['dp', 'dp optimization', 'knapsack']",3,https://atcoder.jp/contests/abc325/tasks/abc325_f,55.685,,,
atcoder,abc,abc325,キーエンスプログラミングコンテスト2023秋（AtCoder Beginner Contest 325）,2023,1697889600,abc325_g,G,offence,G. offence,2388.0,1173,"['dp', 'interval dp', 'string']",3,https://atcoder.jp/contests/abc325/tasks/abc325_g,66.481,,,
atcoder,abc,abc326,パナソニックグループ プログラミングコンテスト2023（AtCoder Beginner Contest 326）,2023,1698494400,abc326_a,A,2UP3DOWN,A. 2UP3DOWN,-665.0,17056,"['implementation', 'conditional']",2,https://atcoder.jp/contests/abc326/tasks/abc326_a,13.237,,,
atcoder,abc,abc326,パナソニックグループ プログラミングコンテスト2023（AtCoder Beginner Contest 326）,2023,1698494400,abc326_b,B,326-like Numbers,B. 326-like Numbers,-503.0,15145,"['brute force', 'digit', 'implementation']",3,https://atcoder.jp/contests/abc326/tasks/abc326_b,16.062,,,
atcoder,abc,abc326,パナソニックグループ プログラミングコンテスト2023（AtCoder Beginner Contest 326）,2023,1698494400,abc326_c,C,Peak,C. Peak,274.0,11519,"['sorting', 'two pointer', 'sliding window']",3,https://atcoder.jp/contests/abc326/tasks/abc326_c,29.613,,,
atcoder,abc,abc326,パナソニックグループ プログラミングコンテスト2023（AtCoder Beginner Contest 326）,2023,1698494400,abc326_d,D,ABC Puzzle,D. ABC Puzzle,1371.0,4532,"['backtracking', 'dfs', 'bitmask', 'brute force', 'pruning', 'permutation', 'constraint', 'grid']",8,https://atcoder.jp/contests/abc326/tasks/abc326_d,48.744,,,
atcoder,abc,abc326,パナソニックグループ プログラミングコンテスト2023（AtCoder Beginner Contest 326）,2023,1698494400,abc326_e,E,"Revenge of ""The Salary of AtCoder Inc.""","E. Revenge of ""The Salary of AtCoder Inc.""",1363.0,4265,"['expectation', 'dp', 'modular arithmetic', 'prefix sum']",4,https://atcoder.jp/contests/abc326/tasks/abc326_e,48.605,,,
atcoder,abc,abc326,パナソニックグループ プログラミングコンテスト2023（AtCoder Beginner Contest 326）,2023,1698494400,abc326_f,F,Robot Rotation,F. Robot Rotation,1870.0,2222,"['meet in the middle', 'coordinate geometry', 'subset sum', 'bitmask', 'sign']",5,https://atcoder.jp/contests/abc326/tasks/abc326_f,57.447,,,
atcoder,abc,abc326,パナソニックグループ プログラミングコンテスト2023（AtCoder Beginner Contest 326）,2023,1698494400,abc326_g,G,Unlock Achievement,G. Unlock Achievement,2470.0,944,"['max flow', 'min cut', 'graph']",3,https://atcoder.jp/contests/abc326/tasks/abc326_g,67.911,,,
atcoder,abc,abc327,HHKBプログラミングコンテスト2023(AtCoder Beginner Contest 327),2023,1699099200,abc327_a,A,ab,A. ab,-738.0,16077,"['string', 'array']",2,https://atcoder.jp/contests/abc327/tasks/abc327_a,11.964,,,
atcoder,abc,abc327,HHKBプログラミングコンテスト2023(AtCoder Beginner Contest 327),2023,1699099200,abc327_b,B,A^A,B. A^A,-54.0,13886,"['brute force', 'math', 'implementation']",3,https://atcoder.jp/contests/abc327/tasks/abc327_b,23.893,,,
atcoder,abc,abc327,HHKBプログラミングコンテスト2023(AtCoder Beginner Contest 327),2023,1699099200,abc327_c,C,Number Place,C. Number Place,55.0,12431,"['simulation', 'grid', '2d array', 'counting', 'implementation']",5,https://atcoder.jp/contests/abc327/tasks/abc327_c,25.794,,,
atcoder,abc,abc327,HHKBプログラミングコンテスト2023(AtCoder Beginner Contest 327),2023,1699099200,abc327_d,D,Good Tuple Problem,D. Good Tuple Problem,709.0,8211,"['graph theory', 'bipartite graph', 'dfs', 'graph coloring']",4,https://atcoder.jp/contests/abc327/tasks/abc327_d,37.199,,,
atcoder,abc,abc327,HHKBプログラミングコンテスト2023(AtCoder Beginner Contest 327),2023,1699099200,abc327_e,E,Maximize Rating,E. Maximize Rating,1227.0,5183,"['dp', 'subsequence', 'optimization']",3,https://atcoder.jp/contests/abc327/tasks/abc327_e,46.233,,,
atcoder,abc,abc327,HHKBプログラミングコンテスト2023(AtCoder Beginner Contest 327),2023,1699099200,abc327_f,F,Apples,F. Apples,1624.0,2875,"['lazy segment tree', 'range update', 'range maximum query', 'plane sweep', '2d range counting']",5,https://atcoder.jp/contests/abc327/tasks/abc327_f,53.157,,,
atcoder,abc,abc327,HHKBプログラミングコンテスト2023(AtCoder Beginner Contest 327),2023,1699099200,abc327_g,G,Many Good Tuple Problems,G. Many Good Tuple Problems,2968.0,309,"['inclusion exclusion', 'counting', 'combinatorics', 'stirling numbers', 'generating function']",5,https://atcoder.jp/contests/abc327/tasks/abc327_g,76.596,,,
atcoder,abc,abc328,トヨタ自動車プログラミングコンテスト2023#7(AtCoder Beginner Contest 328),2023,1699704000,abc328_a,A,Not Too Hard,A. Not Too Hard,-1141.0,16504,"['implementation', 'array', 'prefix sum', 'iteration']",4,https://atcoder.jp/contests/abc328/tasks/abc328_a,4.935,,,
atcoder,abc,abc328,トヨタ自動車プログラミングコンテスト2023#7(AtCoder Beginner Contest 328),2023,1699704000,abc328_b,B,11/11,B. 11/11,-213.0,12915,"['implementation', 'string', 'enumeration', 'math']",4,https://atcoder.jp/contests/abc328/tasks/abc328_b,21.12,,,
atcoder,abc,abc328,トヨタ自動車プログラミングコンテスト2023#7(AtCoder Beginner Contest 328),2023,1699704000,abc328_c,C,Consecutive,C. Consecutive,189.0,11838,"['prefix sum', 'range query', 'string']",3,https://atcoder.jp/contests/abc328/tasks/abc328_c,28.13,,,
atcoder,abc,abc328,トヨタ自動車プログラミングコンテスト2023#7(AtCoder Beginner Contest 328),2023,1699704000,abc328_d,D,Take ABC,D. Take ABC,555.0,10726,"['stack', 'string', 'simulation']",3,https://atcoder.jp/contests/abc328/tasks/abc328_d,34.513,,,
atcoder,abc,abc328,トヨタ自動車プログラミングコンテスト2023#7(AtCoder Beginner Contest 328),2023,1699704000,abc328_e,E,Modulo MST,E. Modulo MST,1160.0,5540,"['enumeration', 'dsu', 'spanning tree', 'combinatorics']",4,https://atcoder.jp/contests/abc328/tasks/abc328_e,45.065,,,
atcoder,abc,abc328,トヨタ自動車プログラミングコンテスト2023#7(AtCoder Beginner Contest 328),2023,1699704000,abc328_f,F,Good Set Query,F. Good Set Query,1477.0,3823,"['weighted dsu', 'dsu', 'constraint', 'path']",4,https://atcoder.jp/contests/abc328/tasks/abc328_f,50.593,,,
atcoder,abc,abc328,トヨタ自動車プログラミングコンテスト2023#7(AtCoder Beginner Contest 328),2023,1699704000,abc328_g,G,Cut and Reorder,G. Cut and Reorder,2193.0,1336,"['bitmask dp', 'dp', 'optimization']",3,https://atcoder.jp/contests/abc328/tasks/abc328_g,63.08,,,
atcoder,abc,abc329,Ｓｋｙ株式会社プログラミングコンテスト2023（AtCoder Beginner Contest 329）,2023,1700308800,abc329_a,A,Spread,A. Spread,-1120.0,15584,"['string', 'implementation', 'iteration']",3,https://atcoder.jp/contests/abc329/tasks/abc329_a,5.302,,,
atcoder,abc,abc329,Ｓｋｙ株式会社プログラミングコンテスト2023（AtCoder Beginner Contest 329）,2023,1700308800,abc329_b,B,Next,B. Next,-802.0,14803,"['implementation', 'array']",2,https://atcoder.jp/contests/abc329/tasks/abc329_b,10.848,,,
atcoder,abc,abc329,Ｓｋｙ株式会社プログラミングコンテスト2023（AtCoder Beginner Contest 329）,2023,1700308800,abc329_c,C,Count xxx,C. Count xxx,133.0,11760,"['compression', 'string', 'counting', 'greedy', 'array']",5,https://atcoder.jp/contests/abc329/tasks/abc329_c,27.154,,,
atcoder,abc,abc329,Ｓｋｙ株式会社プログラミングコンテスト2023（AtCoder Beginner Contest 329）,2023,1700308800,abc329_d,D,Election Quick Report,D. Election Quick Report,232.0,10362,"['simulation', 'greedy', 'implementation']",3,https://atcoder.jp/contests/abc329/tasks/abc329_d,28.88,,,
atcoder,abc,abc329,Ｓｋｙ株式会社プログラミングコンテスト2023（AtCoder Beginner Contest 329）,2023,1700308800,abc329_e,E,Stamp,E. Stamp,1539.0,3931,"['string', 'reasoning', 'greedy', 'queue', 'bfs', 'simulation']",6,https://atcoder.jp/contests/abc329/tasks/abc329_e,51.674,,,
atcoder,abc,abc329,Ｓｋｙ株式会社プログラミングコンテスト2023（AtCoder Beginner Contest 329）,2023,1700308800,abc329_f,F,Colored Ball,F. Colored Ball,1207.0,6025,"['small to large merging', 'set', 'amortized analysis']",3,https://atcoder.jp/contests/abc329/tasks/abc329_f,45.884,,,
atcoder,abc,abc329,Ｓｋｙ株式会社プログラミングコンテスト2023（AtCoder Beginner Contest 329）,2023,1700308800,abc329_g,G,Delivery on Tree,G. Delivery on Tree,2995.0,168,"['dp on trees', 'lca', 'dp', 'memoization', 'combinatorics', 'modular arithmetic', 'binary lifting', 'permutation']",8,https://atcoder.jp/contests/abc329/tasks/abc329_g,77.067,,,
atcoder,abc,abc330,トヨタシステムズプログラミングコンテスト2023(AtCoder Beginner Contest 330),2023,1700913600,abc330_a,A,Counting Passes,A. Counting Passes,-1185.0,16012,"['implementation', 'counting']",2,https://atcoder.jp/contests/abc330/tasks/abc330_a,4.168,,,
atcoder,abc,abc330,トヨタシステムズプログラミングコンテスト2023(AtCoder Beginner Contest 330),2023,1700913600,abc330_b,B,Minimize Abs 1,B. Minimize Abs 1,-88.0,12673,"['implementation', 'conditional', 'optimization', 'value clamping']",4,https://atcoder.jp/contests/abc330/tasks/abc330_b,23.3,,,
atcoder,abc,abc330,トヨタシステムズプログラミングコンテスト2023(AtCoder Beginner Contest 330),2023,1700913600,abc330_c,C,Minimize Abs 2,C. Minimize Abs 2,519.0,10130,"['brute force', 'optimization', 'number theory']",3,https://atcoder.jp/contests/abc330/tasks/abc330_c,33.886,,,
atcoder,abc,abc330,トヨタシステムズプログラミングコンテスト2023(AtCoder Beginner Contest 330),2023,1700913600,abc330_d,D,Counting Ls,D. Counting Ls,569.0,8610,"['combinatorics', 'counting', 'grid', 'precomputation']",4,https://atcoder.jp/contests/abc330/tasks/abc330_d,34.758,,,
atcoder,abc,abc330,トヨタシステムズプログラミングコンテスト2023(AtCoder Beginner Contest 330),2023,1700913600,abc330_e,E,Mex and Update,E. Mex and Update,1004.0,6472,"['mex', 'segment tree', 'set', 'counting', 'point update']",5,https://atcoder.jp/contests/abc330/tasks/abc330_e,42.344,,,
atcoder,abc,abc330,トヨタシステムズプログラミングコンテスト2023(AtCoder Beginner Contest 330),2023,1700913600,abc330_f,F,Minimize Bounding  Square,F. Minimize Bounding  Square,1718.0,2453,"['greedy', 'simulation', 'operations', 'dimension']",4,https://atcoder.jp/contests/abc330/tasks/abc330_f,54.796,,,
atcoder,abc,abc330,トヨタシステムズプログラミングコンテスト2023(AtCoder Beginner Contest 330),2023,1700913600,abc330_g,G,Inversion Squared,G. Inversion Squared,3455.0,92,"['combinatorics', 'sum', 'permutation', 'inversion counting', 'case work', 'symmetry']",6,https://atcoder.jp/contests/abc330/tasks/abc330_g,85.089,,,
atcoder,abc,abc331,大和証券プログラミングコンテスト2023（AtCoder Beginner Contest 331）,2023,1701518400,abc331_a,A,Tomorrow,A. Tomorrow,-704.0,15134,"['implementation', 'conditional', 'date']",3,https://atcoder.jp/contests/abc331/tasks/abc331_a,12.557,,,
atcoder,abc,abc331,大和証券プログラミングコンテスト2023（AtCoder Beginner Contest 331）,2023,1701518400,abc331_b,B,Buy One Carton of Milk,B. Buy One Carton of Milk,85.0,12519,"['brute force', 'enumeration', 'optimization', 'combinatorics']",4,https://atcoder.jp/contests/abc331/tasks/abc331_b,26.317,,,
atcoder,abc,abc331,大和証券プログラミングコンテスト2023（AtCoder Beginner Contest 331）,2023,1701518400,abc331_c,C,Sum of Numbers Greater Than Me,C. Sum of Numbers Greater Than Me,268.0,11280,"['sorting', 'prefix sum']",2,https://atcoder.jp/contests/abc331/tasks/abc331_c,29.508,,,
atcoder,abc,abc331,大和証券プログラミングコンテスト2023（AtCoder Beginner Contest 331）,2023,1701518400,abc331_d,D,Tile Pattern,D. Tile Pattern,1361.0,4594,"['2d prefix sum', 'periodicity', 'inclusion exclusion']",3,https://atcoder.jp/contests/abc331/tasks/abc331_d,48.57,,,
atcoder,abc,abc331,大和証券プログラミングコンテスト2023（AtCoder Beginner Contest 331）,2023,1701518400,abc331_e,E,Set Meal,E. Set Meal,1018.0,6010,"['priority queue', 'greedy', 'sorting']",3,https://atcoder.jp/contests/abc331/tasks/abc331_e,42.588,,,
atcoder,abc,abc331,大和証券プログラミングコンテスト2023（AtCoder Beginner Contest 331）,2023,1701518400,abc331_f,F,Palindrome Query,F. Palindrome Query,1666.0,3155,"['rolling hash', 'segment tree', 'palindrome', 'hashing']",4,https://atcoder.jp/contests/abc331/tasks/abc331_f,53.889,,,
atcoder,abc,abc331,大和証券プログラミングコンテスト2023（AtCoder Beginner Contest 331）,2023,1701518400,abc331_g,G,Collect Them All,G. Collect Them All,2668.0,437,"['inclusion exclusion', 'dp', 'generating function', 'polynomial', 'expectation', 'modular arithmetic']",6,https://atcoder.jp/contests/abc331/tasks/abc331_g,71.364,,,
atcoder,abc,abc332,AtCoder Beginner Contest 332,2023,1702209600,abc332_a,A,Online Shopping,A. Online Shopping,-1099.0,14988,"['implementation', 'math', 'conditional']",3,https://atcoder.jp/contests/abc332/tasks/abc332_a,5.668,,,
atcoder,abc,abc332,AtCoder Beginner Contest 332,2023,1702209600,abc332_b,B,Glass and Mug,B. Glass and Mug,-265.0,13073,"['simulation', 'implementation']",2,https://atcoder.jp/contests/abc332/tasks/abc332_b,20.213,,,
atcoder,abc,abc332,AtCoder Beginner Contest 332,2023,1702209600,abc332_c,C,T-shirts,C. T-shirts,36.0,11495,"['greedy', 'implementation', 'string', 'counting', 'ad hoc']",5,https://atcoder.jp/contests/abc332/tasks/abc332_c,25.462,,,
atcoder,abc,abc332,AtCoder Beginner Contest 332,2023,1702209600,abc332_d,D,Swapping Puzzle,D. Swapping Puzzle,1175.0,5200,"['permutation', 'inversion counting', 'brute force', 'combinatorics', 'swap']",5,https://atcoder.jp/contests/abc332/tasks/abc332_d,45.326,,,
atcoder,abc,abc332,AtCoder Beginner Contest 332,2023,1702209600,abc332_e,E,Lucky bag,E. Lucky bag,1883.0,2608,"['dp', 'bitmask', 'subset']",3,https://atcoder.jp/contests/abc332/tasks/abc332_e,57.674,,,
atcoder,abc,abc332,AtCoder Beginner Contest 332,2023,1702209600,abc332_f,F,Random Update Query,F. Random Update Query,1786.0,2319,"['expectation', 'lazy segment tree', 'range update', 'modular arithmetic']",4,https://atcoder.jp/contests/abc332/tasks/abc332_f,55.982,,,
atcoder,abc,abc332,AtCoder Beginner Contest 332,2023,1702209600,abc332_g,G,Not Too Many Balls,G. Not Too Many Balls,2775.0,588,"['max flow min cut', 'min cut', 'dp', 'knapsack', 'optimization']",5,https://atcoder.jp/contests/abc332/tasks/abc332_g,73.23,,,
atcoder,abc,abc333,トヨタ自動車プログラミングコンテスト2023#8（AtCoder Beginner Contest 333）,2023,1702728000,abc333_a,A,Three Threes ,A. Three Threes ,-1203.0,19440,"['implementation', 'string', 'iteration']",3,https://atcoder.jp/contests/abc333/tasks/abc333_a,3.854,,,
atcoder,abc,abc333,トヨタ自動車プログラミングコンテスト2023#8（AtCoder Beginner Contest 333）,2023,1702728000,abc333_b,B,Pentagon,B. Pentagon,-202.0,15579,"['implementation', 'ad hoc', 'geometry']",3,https://atcoder.jp/contests/abc333/tasks/abc333_b,21.311,,,
atcoder,abc,abc333,トヨタ自動車プログラミングコンテスト2023#8（AtCoder Beginner Contest 333）,2023,1702728000,abc333_c,C,Repunit Trio,C. Repunit Trio,224.0,12998,"['enumeration', 'digit', 'combinatorics', 'constructive']",4,https://atcoder.jp/contests/abc333/tasks/abc333_c,28.741,,,
atcoder,abc,abc333,トヨタ自動車プログラミングコンテスト2023#8（AtCoder Beginner Contest 333）,2023,1702728000,abc333_d,D,Erase Leaves,D. Erase Leaves,704.0,8394,"['tree', 'dp on trees', 'dsu', 'graph theory']",4,https://atcoder.jp/contests/abc333/tasks/abc333_d,37.112,,,
atcoder,abc,abc333,トヨタ自動車プログラミングコンテスト2023#8（AtCoder Beginner Contest 333）,2023,1702728000,abc333_e,E,Takahashi Quest,E. Takahashi Quest,948.0,6118,"['greedy', 'stack', 'difference array', 'prefix sum']",4,https://atcoder.jp/contests/abc333/tasks/abc333_e,41.367,,,
atcoder,abc,abc333,トヨタ自動車プログラミングコンテスト2023#8（AtCoder Beginner Contest 333）,2023,1702728000,abc333_f,F,Bomb Game 2,F. Bomb Game 2,1770.0,2354,"['dp', 'probability', 'modular arithmetic', 'geometric progression', 'optimization']",5,https://atcoder.jp/contests/abc333/tasks/abc333_f,55.703,,,
atcoder,abc,abc333,トヨタ自動車プログラミングコンテスト2023#8（AtCoder Beginner Contest 333）,2023,1702728000,abc333_g,G,Nearest Fraction,G. Nearest Fraction,2536.0,619,"['math', 'stern brocot tree', 'number theory', 'fractions', 'gcd', 'chinese remainder theorem']",6,https://atcoder.jp/contests/abc333/tasks/abc333_g,69.062,,,
atcoder,abc,abc334,ユニークビジョンプログラミングコンテスト2023 クリスマス (AtCoder Beginner Contest 334),2023,1703332800,abc334_a,A,Christmas Present,A. Christmas Present,-1092.0,17416,"['implementation', 'conditional', 'comparison']",3,https://atcoder.jp/contests/abc334/tasks/abc334_a,5.79,,,
atcoder,abc,abc334,ユニークビジョンプログラミングコンテスト2023 クリスマス (AtCoder Beginner Contest 334),2023,1703332800,abc334_b,B,Christmas Trees,B. Christmas Trees,479.0,10692,"['math', 'counting', 'implementation']",3,https://atcoder.jp/contests/abc334/tasks/abc334_b,33.188,,,
atcoder,abc,abc334,ユニークビジョンプログラミングコンテスト2023 クリスマス (AtCoder Beginner Contest 334),2023,1703332800,abc334_c,C,Socks 2,C. Socks 2,1030.0,6535,"['greedy', 'prefix sum', 'suffix sum', 'constructive']",4,https://atcoder.jp/contests/abc334/tasks/abc334_c,42.797,,,
atcoder,abc,abc334,ユニークビジョンプログラミングコンテスト2023 クリスマス (AtCoder Beginner Contest 334),2023,1703332800,abc334_d,D,Reindeer and Sleigh,D. Reindeer and Sleigh,602.0,8967,"['sorting', 'prefix sum', 'binary search', 'greedy']",4,https://atcoder.jp/contests/abc334/tasks/abc334_d,35.333,,,
atcoder,abc,abc334,ユニークビジョンプログラミングコンテスト2023 クリスマス (AtCoder Beginner Contest 334),2023,1703332800,abc334_e,E,Christmas Color Grid 1,E. Christmas Color Grid 1,1195.0,4720,"['connected components', 'grid graph', 'bfs', 'dfs', 'dsu', 'expectation', 'modular arithmetic']",7,https://atcoder.jp/contests/abc334/tasks/abc334_e,45.675,,,
atcoder,abc,abc334,ユニークビジョンプログラミングコンテスト2023 クリスマス (AtCoder Beginner Contest 334),2023,1703332800,abc334_f,F,Christmas Present 2,F. Christmas Present 2,1813.0,2474,"['dp', 'sliding window', 'segment tree', 'geometry', 'distance']",5,https://atcoder.jp/contests/abc334/tasks/abc334_f,56.453,,,
atcoder,abc,abc334,ユニークビジョンプログラミングコンテスト2023 クリスマス (AtCoder Beginner Contest 334),2023,1703332800,abc334_g,G,Christmas Color Grid 2,G. Christmas Color Grid 2,2242.0,1043,"['tarjan', 'dfs', 'articulation points', 'connected components', 'expectation', 'modular arithmetic']",6,https://atcoder.jp/contests/abc334/tasks/abc334_g,63.934,,,
atcoder,abc,abc335,AtCoder Beginner Contest 335（Sponsored by Mynavi）,2024,1704542400,abc335_a,A,202<s>3</s>,A. 202<s>3</s>,-1139.0,17700,"['string', 'implementation']",2,https://atcoder.jp/contests/abc335/tasks/abc335_a,4.97,,,
atcoder,abc,abc335,AtCoder Beginner Contest 335（Sponsored by Mynavi）,2024,1704542400,abc335_b,B,Tetrahedral Number,B. Tetrahedral Number,-416.0,15569,"['brute force', 'enumeration', 'implementation', 'lexicographical']",4,https://atcoder.jp/contests/abc335/tasks/abc335_b,17.579,,,
atcoder,abc,abc335,AtCoder Beginner Contest 335（Sponsored by Mynavi）,2024,1704542400,abc335_c,C,Loong Tracking,C. Loong Tracking,452.0,10401,"['deque', 'simulation', 'data structure']",3,https://atcoder.jp/contests/abc335/tasks/abc335_c,32.717,,,
atcoder,abc,abc335,AtCoder Beginner Contest 335（Sponsored by Mynavi）,2024,1704542400,abc335_d,D,Loong and Takahashi,D. Loong and Takahashi,431.0,9365,"['simulation', 'grid', 'traversal', 'constructive']",4,https://atcoder.jp/contests/abc335/tasks/abc335_d,32.351,,,
atcoder,abc,abc335,AtCoder Beginner Contest 335（Sponsored by Mynavi）,2024,1704542400,abc335_e,E,Non-Decreasing Colorful Path,E. Non-Decreasing Colorful Path,1540.0,4005,"['dsu', 'dp', 'dag', 'connectivity']",4,https://atcoder.jp/contests/abc335/tasks/abc335_e,51.692,,,
atcoder,abc,abc335,AtCoder Beginner Contest 335（Sponsored by Mynavi）,2024,1704542400,abc335_f,F,Hop Sugoroku,F. Hop Sugoroku,1690.0,3128,"['dp', 'sqrt decomposition', 'modular arithmetic']",3,https://atcoder.jp/contests/abc335/tasks/abc335_f,54.308,,,
atcoder,abc,abc335,AtCoder Beginner Contest 335（Sponsored by Mynavi）,2024,1704542400,abc335_g,G,Discrete Logarithm Problems,G. Discrete Logarithm Problems,2614.0,621,"['number theory', 'discrete logarithm', 'sorting', 'prime factorization', 'zeta transform', 'counting', 'modular arithmetic']",7,https://atcoder.jp/contests/abc335/tasks/abc335_g,70.422,,,
atcoder,abc,abc336,AtCoder Beginner Contest 336,2024,1705233600,abc336_a,A,Long Loong,A. Long Loong,-1289.0,16860,"['string', 'implementation', 'constructive']",3,https://atcoder.jp/contests/abc336/tasks/abc336_a,2.354,,,
atcoder,abc,abc336,AtCoder Beginner Contest 336,2024,1705233600,abc336_b,B,CTZ,B. CTZ,-683.0,14334,"['bit manipulation', 'base representation']",2,https://atcoder.jp/contests/abc336/tasks/abc336_b,12.923,,,
atcoder,abc,abc336,AtCoder Beginner Contest 336,2024,1705233600,abc336_c,C,Even Digits,C. Even Digits,339.0,11005,"['base conversion', 'digit', 'number theory']",3,https://atcoder.jp/contests/abc336/tasks/abc336_c,30.746,,,
atcoder,abc,abc336,AtCoder Beginner Contest 336,2024,1705233600,abc336_d,D,Pyramid,D. Pyramid,991.0,6564,"['prefix suffix', 'math', 'implementation']",3,https://atcoder.jp/contests/abc336/tasks/abc336_d,42.117,,,
atcoder,abc,abc336,AtCoder Beginner Contest 336,2024,1705233600,abc336_e,E,Digit Sum Divisible,E. Digit Sum Divisible,1538.0,3862,"['digit dp', 'dp', 'modular arithmetic']",3,https://atcoder.jp/contests/abc336/tasks/abc336_e,51.657,,,
atcoder,abc,abc336,AtCoder Beginner Contest 336,2024,1705233600,abc336_f,F,Rotation Puzzle,F. Rotation Puzzle,2018.0,1459,"['meet in the middle', 'search', 'bfs', 'grid']",4,https://atcoder.jp/contests/abc336/tasks/abc336_f,60.028,,,
atcoder,abc,abc336,AtCoder Beginner Contest 336,2024,1705233600,abc336_g,G,16 Integers,G. 16 Integers,3138.0,268,"['graph theory', 'eulerian path', 'best theorem', 'kirchhoff theorem', 'spanning tree', 'determinant', 'combinatorics', 'counting']",8,https://atcoder.jp/contests/abc336/tasks/abc336_g,79.561,,,
atcoder,abc,abc337,トヨタ自動車プログラミングコンテスト2024#1（AtCoder Beginner Contest 337）,2024,1705752000,abc337_a,A,Scoreboard,A. Scoreboard,-923.0,17564,"['implementation', 'sum', 'comparison']",3,https://atcoder.jp/contests/abc337/tasks/abc337_a,8.737,,,
atcoder,abc,abc337,トヨタ自動車プログラミングコンテスト2024#1（AtCoder Beginner Contest 337）,2024,1705752000,abc337_b,B,Extended ABC,B. Extended ABC,-165.0,14871,"['string', 'implementation', 'sorting', 'greedy', 'pattern']",5,https://atcoder.jp/contests/abc337/tasks/abc337_b,21.957,,,
atcoder,abc,abc337,トヨタ自動車プログラミングコンテスト2024#1（AtCoder Beginner Contest 337）,2024,1705752000,abc337_c,C,Lining Up 2,C. Lining Up 2,225.0,12447,"['array', 'simulation', 'linked list', 'traversal']",4,https://atcoder.jp/contests/abc337/tasks/abc337_c,28.758,,,
atcoder,abc,abc337,トヨタ自動車プログラミングコンテスト2024#1（AtCoder Beginner Contest 337）,2024,1705752000,abc337_d,D,Cheating Gomoku Narabe,D. Cheating Gomoku Narabe,760.0,7643,"['prefix sum', 'sliding window', 'grid', 'implementation']",4,https://atcoder.jp/contests/abc337/tasks/abc337_d,38.089,,,
atcoder,abc,abc337,トヨタ自動車プログラミングコンテスト2024#1（AtCoder Beginner Contest 337）,2024,1705752000,abc337_e,E,Bad Juice,E. Bad Juice,1155.0,5207,"['interactive', 'base representation', 'bit manipulation', 'information theory', 'constructive']",5,https://atcoder.jp/contests/abc337/tasks/abc337_e,44.977,,,
atcoder,abc,abc337,トヨタ自動車プログラミングコンテスト2024#1（AtCoder Beginner Contest 337）,2024,1705752000,abc337_f,F,Usual Color Ball Problems,F. Usual Color Ball Problems,2386.0,900,"['sliding window', 'two pointer', 'implementation', 'circular array']",4,https://atcoder.jp/contests/abc337/tasks/abc337_f,66.446,,,
atcoder,abc,abc337,トヨタ自動車プログラミングコンテスト2024#1（AtCoder Beginner Contest 337）,2024,1705752000,abc337_g,G,Tree Inversion,G. Tree Inversion,2080.0,1402,"['tree', 'dfs', 'binary indexed tree', 'subtree', 'prefix sums on trees', 'range counting']",6,https://atcoder.jp/contests/abc337/tasks/abc337_g,61.109,,,
atcoder,arc,arc111,AtCoder Regular Contest 111,2021,1610193600,arc111_a,A,Simple Math 2,A. Simple Math 2,1146.0,4793,"['number theory', 'modular arithmetic', 'modular exponentiation', 'observation']",4,https://atcoder.jp/contests/arc111/tasks/arc111_a,44.82,,,
atcoder,arc,arc111,AtCoder Regular Contest 111,2021,1610193600,arc111_b,B,Reversible Cards,B. Reversible Cards,1334.0,3749,"['graph theory', 'connected components', 'cycle', 'dsu']",4,https://atcoder.jp/contests/arc111/tasks/arc111_b,48.099,,,
atcoder,arc,arc111,AtCoder Regular Contest 111,2021,1610193600,arc111_c,C,Too Heavy,C. Too Heavy,1750.0,2003,"['permutation', 'constructive', 'greedy', 'graph theory']",4,https://atcoder.jp/contests/arc111/tasks/arc111_c,55.354,,,
atcoder,arc,arc111,AtCoder Regular Contest 111,2021,1610193600,arc111_d,D,Orientation,D. Orientation,2064.0,1517,"['graph', 'scc', 'dfs', 'tarjan', 'bridge']",5,https://atcoder.jp/contests/arc111/tasks/arc111_d,60.83,,,
atcoder,arc,arc111,AtCoder Regular Contest 111,2021,1610193600,arc111_e,E,Simple Math 3,E. Simple Math 3,2541.0,785,"['number theory', 'floor sum', 'euclidean algorithm', 'binary search']",4,https://atcoder.jp/contests/arc111/tasks/arc111_e,69.149,,,
atcoder,arc,arc111,AtCoder Regular Contest 111,2021,1610193600,arc111_f,F,Do you like query problems?,F. Do you like query problems?,3119.0,514,"['expectation', 'contribution counting', 'probability', 'combinatorics', 'modular arithmetic', 'geometric progression']",6,https://atcoder.jp/contests/arc111/tasks/arc111_f,79.229,,,
atcoder,arc,arc112,AtCoder Regular Contest 112,2021,1613217600,arc112_a,A,B = C,A. B = C,-125.0,6943,"['combinatorics', 'counting', 'math', 'arithmetic progression']",4,https://atcoder.jp/contests/arc112/tasks/arc112_a,22.654,,,
atcoder,arc,arc112,AtCoder Regular Contest 112,2021,1613217600,arc112_b,B,-- - B,B. -- - B,822.0,4454,"['counting', 'case work', 'interval', 'constructive', 'greedy']",5,https://atcoder.jp/contests/arc112/tasks/arc112_b,39.17,,,
atcoder,arc,arc112,AtCoder Regular Contest 112,2021,1613217600,arc112_c,C,DFS Game,C. DFS Game,1913.0,1906,"['game theory', 'dp on trees', 'dfs', 'greedy', 'sorting']",5,https://atcoder.jp/contests/arc112/tasks/arc112_c,58.197,,,
atcoder,arc,arc112,AtCoder Regular Contest 112,2021,1613217600,arc112_d,D,Skate,D. Skate,2028.0,1682,"['graph', 'connected components', 'dsu', 'graph theory', 'bfs', 'dfs']",6,https://atcoder.jp/contests/arc112/tasks/arc112_d,60.202,,,
atcoder,arc,arc112,AtCoder Regular Contest 112,2021,1613217600,arc112_e,E,Cigar Box,E. Cigar Box,2659.0,879,"['dp', 'combinatorics', 'permutation', 'counting', 'binomial coefficient']",5,https://atcoder.jp/contests/arc112/tasks/arc112_e,71.207,,,
atcoder,arc,arc112,AtCoder Regular Contest 112,2021,1613217600,arc112_f,F,Die Siedler,F. Die Siedler,3432.0,352,"['number theory', 'gcd', 'bezout theorem', 'sqrt decomposition', 'shortest path', 'dijkstra', 'graph theory', 'math']",8,https://atcoder.jp/contests/arc112/tasks/arc112_f,84.688,,,
atcoder,arc,arc113,AtCoder Regular Contest 113,2021,1613908800,arc113_a,A,A*B*C,A. A*B*C,191.0,6819,"['number theory', 'enumeration', 'counting', 'combinatorics', 'brute force']",5,https://atcoder.jp/contests/arc113/tasks/arc113_a,28.165,,,
atcoder,arc,arc113,AtCoder Regular Contest 113,2021,1613908800,arc113_b,B,A^B^C,B. A^B^C,573.0,5696,"['modular arithmetic', 'number theory', 'modular exponentiation', 'euler theorem']",4,https://atcoder.jp/contests/arc113/tasks/arc113_b,34.827,,,
atcoder,arc,arc113,AtCoder Regular Contest 113,2021,1613908800,arc113_c,C,String Invasion,C. String Invasion,829.0,4707,"['string', 'greedy', 'implementation']",3,https://atcoder.jp/contests/arc113/tasks/arc113_c,39.292,,,
atcoder,arc,arc113,AtCoder Regular Contest 113,2021,1613908800,arc113_d,D,Sky Reflector,D. Sky Reflector,1389.0,2831,"['combinatorics', 'counting', 'inclusion exclusion', 'modular arithmetic', 'observation']",5,https://atcoder.jp/contests/arc113/tasks/arc113_d,49.058,,,
atcoder,arc,arc113,AtCoder Regular Contest 113,2021,1613908800,arc113_e,E,Rvom and Rsrev,E. Rvom and Rsrev,2789.0,441,"['greedy', 'constructive', 'string', 'case work', 'simulation']",5,https://atcoder.jp/contests/arc113/tasks/arc113_e,73.474,,,
atcoder,arc,arc113,AtCoder Regular Contest 113,2021,1613908800,arc113_f,F,Social Distance,F. Social Distance,3990.0,150,"['expectation', 'probability', 'calculus', 'dp', 'coordinate compression', 'polynomial', 'combinatorics', 'modular arithmetic']",8,https://atcoder.jp/contests/arc113/tasks/arc113_f,94.419,,,
atcoder,arc,arc114,AtCoder Regular Contest 114,2021,1615723200,arc114_a,A,Not coprime,A. Not coprime,750.0,4929,"['prime factorization', 'bitmask', 'number theory', 'subset', 'gcd']",5,https://atcoder.jp/contests/arc114/tasks/arc114_a,37.914,,,
atcoder,arc,arc114,AtCoder Regular Contest 114,2021,1615723200,arc114_b,B,Special Subsets,B. Special Subsets,1000.0,3772,"['functional graph', 'cycle', 'graph theory', 'combinatorics', 'counting']",5,https://atcoder.jp/contests/arc114/tasks/arc114_b,42.274,,,
atcoder,arc,arc114,AtCoder Regular Contest 114,2021,1615723200,arc114_c,C,Sequence Scores,C. Sequence Scores,2056.0,1623,"['combinatorics', 'dp', 'prefix sum', 'contribution counting']",4,https://atcoder.jp/contests/arc114/tasks/arc114_c,60.691,,,
atcoder,arc,arc114,AtCoder Regular Contest 114,2021,1615723200,arc114_d,D,Moving Pieces on Line,D. Moving Pieces on Line,2723.0,615,"['dp', 'greedy', 'xor', 'matching', 'combinatorics']",5,https://atcoder.jp/contests/arc114/tasks/arc114_d,72.323,,,
atcoder,arc,arc114,AtCoder Regular Contest 114,2021,1615723200,arc114_e,E,Paper Cutting 2,E. Paper Cutting 2,2514.0,1055,"['expectation', 'probability', 'modular arithmetic']",3,https://atcoder.jp/contests/arc114/tasks/arc114_e,68.678,,,
atcoder,arc,arc114,AtCoder Regular Contest 114,2021,1615723200,arc114_f,F,Permutation Division,F. Permutation Division,3545.0,344,"['greedy', 'binary search', 'lds', 'constructive', 'segment tree', 'permutation']",6,https://atcoder.jp/contests/arc114/tasks/arc114_f,86.659,,,
atcoder,arc,arc115,AtCoder Regular Contest 115,2021,1616324400,arc115_a,A,Two Choices,A. Two Choices,641.0,4385,"['combinatorics', 'bit manipulation', 'counting', 'hash map', 'implementation']",5,https://atcoder.jp/contests/arc115/tasks/arc115_a,36.013,,,
atcoder,arc,arc115,AtCoder Regular Contest 115,2021,1616324400,arc115_b,B,Plus Matrix,B. Plus Matrix,629.0,4054,"['constructive', 'matrix', 'greedy', 'implementation', 'validation']",5,https://atcoder.jp/contests/arc115/tasks/arc115_b,35.804,,,
atcoder,arc,arc115,AtCoder Regular Contest 115,2021,1616324400,arc115_c,C,ℕ Coloring,C. ℕ Coloring,706.0,4157,"['constructive', 'number theory', 'greedy', 'divisibility', 'math']",5,https://atcoder.jp/contests/arc115/tasks/arc115_c,37.147,,,
atcoder,arc,arc115,AtCoder Regular Contest 115,2021,1616324400,arc115_d,D,Odd Degree,D. Odd Degree,2325.0,1043,"['graph theory', 'connected components', 'combinatorics', 'binomial coefficient', 'knapsack', 'dfs', 'modular arithmetic']",7,https://atcoder.jp/contests/arc115/tasks/arc115_d,65.382,,,
atcoder,arc,arc115,AtCoder Regular Contest 115,2021,1616324400,arc115_e,E,LEQ and NEQ,E. LEQ and NEQ,2363.0,1466,"['inclusion exclusion', 'dp', 'cartesian tree', 'stack', 'prefix sum']",5,https://atcoder.jp/contests/arc115/tasks/arc115_e,66.045,,,
atcoder,arc,arc115,AtCoder Regular Contest 115,2021,1616324400,arc115_f,F,Migration,F. Migration,3336.0,327,"['binary search', 'dp on trees', 'greedy', 'precomputation']",4,https://atcoder.jp/contests/arc115/tasks/arc115_f,83.014,,,
atcoder,arc,arc116,AtCoder Regular Contest 116,2021,1616932800,arc116_a,A,Odd vs Even,A. Odd vs Even,22.0,6925,"['number theory', 'divisors', 'parity']",3,https://atcoder.jp/contests/arc116/tasks/arc116_a,25.218,,,
atcoder,arc,arc116,AtCoder Regular Contest 116,2021,1616932800,arc116_b,B,Products of Min-Max,B. Products of Min-Max,816.0,4705,"['combinatorics', 'counting', 'sorting', 'contribution counting', 'prefix sum', 'modular arithmetic']",6,https://atcoder.jp/contests/arc116/tasks/arc116_b,39.065,,,
atcoder,arc,arc116,AtCoder Regular Contest 116,2021,1616932800,arc116_c,C,Multiple Sequences,C. Multiple Sequences,1468.0,3044,"['combinatorics', 'binomial coefficient', 'prime factorization', 'counting', 'number theory']",5,https://atcoder.jp/contests/arc116/tasks/arc116_c,50.436,,,
atcoder,arc,arc116,AtCoder Regular Contest 116,2021,1616932800,arc116_d,D,I Wanna Win The Game,D. I Wanna Win The Game,1718.0,2370,"['dp', 'combinatorics', 'bit manipulation', 'knapsack', 'counting', 'xor', 'base representation']",7,https://atcoder.jp/contests/arc116/tasks/arc116_d,54.796,,,
atcoder,arc,arc116,AtCoder Regular Contest 116,2021,1616932800,arc116_e,E,Spread of Information,E. Spread of Information,2236.0,1315,"['binary search', 'dp on trees', 'greedy', 'tree']",4,https://atcoder.jp/contests/arc116/tasks/arc116_e,63.83,,,
atcoder,arc,arc116,AtCoder Regular Contest 116,2021,1616932800,arc116_f,F,Deque Game,F. Deque Game,3125.0,430,"['game theory', 'greedy', 'parity', 'sorting', 'observation']",5,https://atcoder.jp/contests/arc116/tasks/arc116_f,79.334,,,
atcoder,arc,arc117,AtCoder Regular Contest 117,2021,1618747200,arc117_a,A,God Sequence,A. God Sequence,-403.0,6258,"['constructive', 'math', 'greedy']",3,https://atcoder.jp/contests/arc117/tasks/arc117_a,17.806,,,
atcoder,arc,arc117,AtCoder Regular Contest 117,2021,1618747200,arc117_b,B,ARC Wrecker,B. ARC Wrecker,609.0,4581,"['combinatorics', 'counting', 'sorting', 'greedy']",4,https://atcoder.jp/contests/arc117/tasks/arc117_b,35.455,,,
atcoder,arc,arc117,AtCoder Regular Contest 117,2021,1618747200,arc117_c,C,Tricolor Pyramid,C. Tricolor Pyramid,1768.0,2604,"['implementation', 'binomial coefficient', 'combinatorics', 'input output', 'modular arithmetic', 'number theory', 'pascal triangle']",7,https://atcoder.jp/contests/arc117/tasks/arc117_c,55.668,,,
atcoder,arc,arc117,AtCoder Regular Contest 117,2021,1618747200,arc117_d,D,Miracle Tree,D. Miracle Tree,2115.0,1610,"['tree', 'tree diameter', 'dfs', 'constructive', 'graph theory']",5,https://atcoder.jp/contests/arc117/tasks/arc117_d,61.72,,,
atcoder,arc,arc117,AtCoder Regular Contest 117,2021,1618747200,arc117_e,E,Zero-Sum Ranges 2,E. Zero-Sum Ranges 2,3166.0,697,"['dp', 'prefix sum', 'combinatorics', 'connected component dp', 'counting']",5,https://atcoder.jp/contests/arc117/tasks/arc117_e,80.049,,,
atcoder,arc,arc117,AtCoder Regular Contest 117,2021,1618747200,arc117_f,F,Gateau,F. Gateau,3378.0,395,"['binary search', 'greedy', 'prefix sum', 'optimization', 'circular array']",5,https://atcoder.jp/contests/arc117/tasks/arc117_f,83.746,,,
atcoder,arc,arc118,AtCoder Regular Contest 118,2021,1620565500,arc118_a,A,Tax Included Price,A. Tax Included Price,418.0,4419,"['math', 'binary search', 'periodicity', 'number theory']",4,https://atcoder.jp/contests/arc118/tasks/arc118_a,32.124,,,
atcoder,arc,arc118,AtCoder Regular Contest 118,2021,1620565500,arc118_b,B,Village of M People,B. Village of M People,1196.0,2775,"['binary search', 'greedy', 'math', 'constructive']",4,https://atcoder.jp/contests/arc118/tasks/arc118_b,45.692,,,
atcoder,arc,arc118,AtCoder Regular Contest 118,2021,1620565500,arc118_c,C,Coprime Set,C. Coprime Set,1151.0,3429,"['constructive', 'number theory', 'gcd', 'prime factorization', 'greedy']",5,https://atcoder.jp/contests/arc118/tasks/arc118_c,44.908,,,
atcoder,arc,arc118,AtCoder Regular Contest 118,2021,1620565500,arc118_d,D,Hamiltonian Cycle,D. Hamiltonian Cycle,2448.0,722,"['number theory', 'primitive root', 'discrete logarithm', 'graph theory', 'hamiltonian path', 'constructive', 'grid', 'modular arithmetic', 'group theory']",9,https://atcoder.jp/contests/arc118/tasks/arc118_d,67.527,,,
atcoder,arc,arc118,AtCoder Regular Contest 118,2021,1620565500,arc118_e,E,Avoid Permutations,E. Avoid Permutations,3092.0,706,"['inclusion exclusion', 'dp', 'combinatorics', 'grid path', 'permutation']",5,https://atcoder.jp/contests/arc118/tasks/arc118_e,78.758,,,
atcoder,arc,arc118,AtCoder Regular Contest 118,2021,1620565500,arc118_f,F,Growth Rate,F. Growth Rate,3610.0,258,"['dp', 'combinatorics', 'polynomial', 'counting', 'suffix sum']",5,https://atcoder.jp/contests/arc118/tasks/arc118_f,87.792,,,
atcoder,arc,arc119,AtCoder Regular Contest 119,2021,1621166400,arc119_a,A,119 × 2^23 + 1,A. 119 × 2^23 + 1,-303.0,5656,"['math', 'number theory', 'base representation', 'brute force', 'implementation']",5,https://atcoder.jp/contests/arc119/tasks/arc119_a,19.55,,,
atcoder,arc,arc119,AtCoder Regular Contest 119,2021,1621166400,arc119_b,B,Electric Board,B. Electric Board,1196.0,3320,"['greedy', 'string', 'implementation', 'constructive', 'counting']",5,https://atcoder.jp/contests/arc119/tasks/arc119_b,45.692,,,
atcoder,arc,arc119,AtCoder Regular Contest 119,2021,1621166400,arc119_c,C,ARC Wrecker 2,C. ARC Wrecker 2,1354.0,2828,"['invariant', 'prefix sum', 'counting']",3,https://atcoder.jp/contests/arc119/tasks/arc119_c,48.448,,,
atcoder,arc,arc119,AtCoder Regular Contest 119,2021,1621166400,arc119_d,D,Grid Repainting 3,D. Grid Repainting 3,2713.0,617,"['bipartite graph', 'connected components', 'spanning tree', 'dsu', 'constructive', 'graph theory', 'greedy']",7,https://atcoder.jp/contests/arc119/tasks/arc119_d,72.149,,,
atcoder,arc,arc119,AtCoder Regular Contest 119,2021,1621166400,arc119_e,E,Pancakes,E. Pancakes,2502.0,763,"['case work', 'segment intersection', 'sorting', 'greedy', 'optimization', 'observation']",6,https://atcoder.jp/contests/arc119/tasks/arc119_e,68.469,,,
atcoder,arc,arc119,AtCoder Regular Contest 119,2021,1621166400,arc119_f,F,AtCoder Express 3,F. AtCoder Express 3,3671.0,357,"['dp', 'shortest path', 'counting', 'state', 'graph theory']",5,https://atcoder.jp/contests/arc119/tasks/arc119_f,88.856,,,
atcoder,arc,arc120,AtCoder Regular Contest 120,2021,1621767600,arc120_a,A,Max Add,A. Max Add,183.0,4459,"['observation', 'prefix sum', 'prefix', 'complexity analysis']",4,https://atcoder.jp/contests/arc120/tasks/arc120_a,28.026,,,
atcoder,arc,arc120,AtCoder Regular Contest 120,2021,1621767600,arc120_b,B,Uniformly Distributed,B. Uniformly Distributed,835.0,3522,"['combinatorics', 'grid', 'matrix', 'invariant', 'modular arithmetic', 'counting']",6,https://atcoder.jp/contests/arc120/tasks/arc120_b,39.397,,,
atcoder,arc,arc120,AtCoder Regular Contest 120,2021,1621767600,arc120_c,C,Swaps 2,C. Swaps 2,1478.0,2507,"['invariant', 'greedy', 'segment tree', 'inversion counting', 'constructive']",5,https://atcoder.jp/contests/arc120/tasks/arc120_c,50.61,,,
atcoder,arc,arc120,AtCoder Regular Contest 120,2021,1621767600,arc120_d,D,Bracket Score 2,D. Bracket Score 2,1996.0,1718,"['greedy', 'stack', 'balanced bracket sequence', 'constructive']",4,https://atcoder.jp/contests/arc120/tasks/arc120_d,59.644,,,
atcoder,arc,arc120,AtCoder Regular Contest 120,2021,1621767600,arc120_e,E,1D Party,E. 1D Party,2653.0,633,"['binary search on answer', 'dp', 'validation', 'greedy', 'optimization']",5,https://atcoder.jp/contests/arc120/tasks/arc120_e,71.102,,,
atcoder,arc,arc120,AtCoder Regular Contest 120,2021,1621767600,arc120_f,F,Wine Thief,F. Wine Thief,3094.0,478,"['combinatorics', 'contribution counting', 'counting', 'cycle', 'recursion', 'binomial coefficient']",6,https://atcoder.jp/contests/arc120/tasks/arc120_f,78.793,,,
atcoder,arc,arc120,AtCoder Regular Contest 120,2021,1621767600,arc120_f2,F2,Wine Thief,F2. Wine Thief,,50,"['combinatorics', 'contribution counting', 'binomial coefficient', 'counting', 'case work']",5,https://atcoder.jp/contests/arc120/tasks/arc120_f2,,,,
atcoder,arc,arc121,NOMURA プログラミングコンテスト 2021(AtCoder Regular Contest 121),2021,1622289600,arc121_a,A,2nd Greatest Distance,A. 2nd Greatest Distance,459.0,4473,"['chebyshev distance', 'sorting', 'coordinate geometry', 'enumeration', 'geometry']",5,https://atcoder.jp/contests/arc121/tasks/arc121_a,32.839,,,
atcoder,arc,arc121,NOMURA プログラミングコンテスト 2021(AtCoder Regular Contest 121),2021,1622289600,arc121_b,B,RGB Matching,B. RGB Matching,1159.0,3150,"['greedy', 'sorting', 'counting', 'parity', 'implementation']",5,https://atcoder.jp/contests/arc121/tasks/arc121_b,45.047,,,
atcoder,arc,arc121,NOMURA プログラミングコンテスト 2021(AtCoder Regular Contest 121),2021,1622289600,arc121_c,C,Odd Even Sort,C. Odd Even Sort,1856.0,1496,"['constructive', 'sorting', 'greedy', 'permutation']",4,https://atcoder.jp/contests/arc121/tasks/arc121_c,57.203,,,
atcoder,arc,arc121,NOMURA プログラミングコンテスト 2021(AtCoder Regular Contest 121),2021,1622289600,arc121_d,D,1 or 2,D. 1 or 2,2784.0,1266,"['greedy', 'constructive', 'sorting', 'enumeration', 'observation']",5,https://atcoder.jp/contests/arc121/tasks/arc121_d,73.387,,,
atcoder,arc,arc121,NOMURA プログラミングコンテスト 2021(AtCoder Regular Contest 121),2021,1622289600,arc121_e,E,Directed Tree,E. Directed Tree,2645.0,1107,"['dp on trees', 'inclusion exclusion', 'permutation']",3,https://atcoder.jp/contests/arc121/tasks/arc121_e,70.963,,,
atcoder,arc,arc121,NOMURA プログラミングコンテスト 2021(AtCoder Regular Contest 121),2021,1622289600,arc121_f,F,Logical Operations on Tree,F. Logical Operations on Tree,2940.0,643,"['dp on trees', 'inclusion exclusion', 'combinatorics']",3,https://atcoder.jp/contests/arc121/tasks/arc121_f,76.107,,,
atcoder,arc,arc122,東京海上日動 プログラミングコンテスト2021（AtCoder Regular Contest 122),2021,1623499200,arc122_a,A,Many Formulae,A. Many Formulae,783.0,3628,"['dp', 'counting', 'combinatorics', 'modular arithmetic']",4,https://atcoder.jp/contests/arc122/tasks/arc122_a,38.49,,,
atcoder,arc,arc122,東京海上日動 プログラミングコンテスト2021（AtCoder Regular Contest 122),2021,1623499200,arc122_b,B,Insurance,B. Insurance,729.0,3481,"['ternary search', 'expectation', 'optimization', 'convexity', 'binary search']",5,https://atcoder.jp/contests/arc122/tasks/arc122_b,37.548,,,
atcoder,arc,arc122,東京海上日動 プログラミングコンテスト2021（AtCoder Regular Contest 122),2021,1623499200,arc122_c,C,Calculator,C. Calculator,1818.0,1700,"['constructive', 'greedy', 'fibonacci', 'euclidean algorithm']",4,https://atcoder.jp/contests/arc122/tasks/arc122_c,56.54,,,
atcoder,arc,arc122,東京海上日動 プログラミングコンテスト2021（AtCoder Regular Contest 122),2021,1623499200,arc122_d,D,XOR Game,D. XOR Game,2331.0,1330,"['game theory', 'bit manipulation', 'divide and conquer', 'binary trie', 'greedy']",5,https://atcoder.jp/contests/arc122/tasks/arc122_d,65.487,,,
atcoder,arc,arc122,東京海上日動 プログラミングコンテスト2021（AtCoder Regular Contest 122),2021,1623499200,arc122_e,E,Increasing LCMs,E. Increasing LCMs,2535.0,1286,"['greedy', 'number theory', 'constructive', 'lcm', 'gcd']",5,https://atcoder.jp/contests/arc122/tasks/arc122_e,69.044,,,
atcoder,arc,arc122,東京海上日動 プログラミングコンテスト2021（AtCoder Regular Contest 122),2021,1623499200,arc122_f,F,Domination,F. Domination,,229,"['dp', 'min cost max flow', 'shortest path', 'coordinate compression', 'greedy', 'interval', '2d geometry', 'manhattan distance']",8,https://atcoder.jp/contests/arc122/tasks/arc122_f,,,,
atcoder,arc,arc123,AtCoder Regular Contest 123,2021,1626609600,arc123_a,A,Arithmetic Sequence,A. Arithmetic Sequence,73.0,5365,"['math', 'constructive', 'case work']",3,https://atcoder.jp/contests/arc123/tasks/arc123_a,26.107,,,
atcoder,arc,arc123,AtCoder Regular Contest 123,2021,1626609600,arc123_b,B,Increasing Triples,B. Increasing Triples,348.0,4870,"['sorting', 'greedy', 'two pointer']",3,https://atcoder.jp/contests/arc123/tasks/arc123_b,30.903,,,
atcoder,arc,arc123,AtCoder Regular Contest 123,2021,1626609600,arc123_c,C,"1, 2, 3 - Decomposition","C. 1, 2, 3 - Decomposition",1827.0,1880,"['dp', 'digit dp', 'greedy', 'math', 'recursion']",5,https://atcoder.jp/contests/arc123/tasks/arc123_c,56.697,,,
atcoder,arc,arc123,AtCoder Regular Contest 123,2021,1626609600,arc123_d,D,"Inc, Dec - Decomposition","D. Inc, Dec - Decomposition",2143.0,1306,"['math', 'median', 'convex optimization', 'slope trick', 'constructive']",5,https://atcoder.jp/contests/arc123/tasks/arc123_d,62.208,,,
atcoder,arc,arc123,AtCoder Regular Contest 123,2021,1626609600,arc123_e,E,Training,E. Training,2828.0,398,"['math', 'number theory', 'interval', 'floor sum', 'case work']",5,https://atcoder.jp/contests/arc123/tasks/arc123_e,74.154,,,
atcoder,arc,arc123,AtCoder Regular Contest 123,2021,1626609600,arc123_f,F,Insert Addition,F. Insert Addition,3424.0,131,"['math', 'stern brocot tree', 'number theory', 'binary search', 'mobius inversion', 'gcd', 'counting']",7,https://atcoder.jp/contests/arc123/tasks/arc123_f,84.548,,,
atcoder,arc,arc124,AtCoder Regular Contest 124,2021,1627214400,arc124_a,A,LR Constraints,A. LR Constraints,149.0,3954,"['combinatorics', 'counting', 'constructive', 'modular arithmetic', 'constraint']",5,https://atcoder.jp/contests/arc124/tasks/arc124_a,27.433,,,
atcoder,arc,arc124,AtCoder Regular Contest 124,2021,1627214400,arc124_b,B,XOR Matching 2,B. XOR Matching 2,788.0,3782,"['bit manipulation', 'enumeration', 'permutation', 'multiset', 'validation']",5,https://atcoder.jp/contests/arc124/tasks/arc124_b,38.577,,,
atcoder,arc,arc124,AtCoder Regular Contest 124,2021,1627214400,arc124_c,C,LCM of GCDs,C. LCM of GCDs,1495.0,2564,"['number theory', 'divisors', 'brute force', 'gcd', 'lcm']",5,https://atcoder.jp/contests/arc124/tasks/arc124_c,50.907,,,
atcoder,arc,arc124,AtCoder Regular Contest 124,2021,1627214400,arc124_d,D,Yet Another Sorting Problem,D. Yet Another Sorting Problem,2008.0,1321,"['permutation', 'graph theory', 'counting', 'greedy']",4,https://atcoder.jp/contests/arc124/tasks/arc124_d,59.854,,,
atcoder,arc,arc124,AtCoder Regular Contest 124,2021,1627214400,arc124_e,E,Pass to Next,E. Pass to Next,3031.0,766,"['dp', 'combinatorics', 'inclusion exclusion', 'math', 'dp on ring']",5,https://atcoder.jp/contests/arc124/tasks/arc124_e,77.694,,,
atcoder,arc,arc124,AtCoder Regular Contest 124,2021,1627214400,arc124_f,F,Chance Meeting,F. Chance Meeting,3246.0,245,"['combinatorics', 'dp', 'inclusion exclusion', 'convolution', 'grid path', 'prefix sum']",6,https://atcoder.jp/contests/arc124/tasks/arc124_f,81.444,,,
atcoder,arc,arc125,AtCoder Regular Contest 125,2021,1629633600,arc125_a,A,Dial Up,A. Dial Up,442.0,3845,"['greedy', 'implementation', 'simulation', 'ad hoc']",4,https://atcoder.jp/contests/arc125/tasks/arc125_a,32.543,,,
atcoder,arc,arc125,AtCoder Regular Contest 125,2021,1629633600,arc125_b,B,Squares,B. Squares,1273.0,2966,"['number theory', 'counting', 'arithmetic progression', 'perfect squares', 'combinatorics']",5,https://atcoder.jp/contests/arc125/tasks/arc125_b,47.035,,,
atcoder,arc,arc125,AtCoder Regular Contest 125,2021,1629633600,arc125_c,C,LIS to Original Sequence,C. LIS to Original Sequence,1896.0,1655,"['greedy', 'constructive', 'lis']",3,https://atcoder.jp/contests/arc125/tasks/arc125_c,57.9,,,
atcoder,arc,arc125,AtCoder Regular Contest 125,2021,1629633600,arc125_d,D,Unique Subsequence,D. Unique Subsequence,2187.0,1386,"['dp', 'binary indexed tree', 'combinatorics']",3,https://atcoder.jp/contests/arc125/tasks/arc125_d,62.975,,,
atcoder,arc,arc125,AtCoder Regular Contest 125,2021,1629633600,arc125_e,E,Snack,E. Snack,2874.0,868,"['max flow', 'min cut', 'greedy']",3,https://atcoder.jp/contests/arc125/tasks/arc125_e,74.956,,,
atcoder,arc,arc125,AtCoder Regular Contest 125,2021,1629633600,arc125_f,F,Tree Degree Subset Sum,F. Tree Degree Subset Sum,3541.0,500,"['tree', 'dp', 'knapsack', 'sqrt decomposition', 'observation', 'degree', 'subset sum']",7,https://atcoder.jp/contests/arc125/tasks/arc125_f,86.589,,,
atcoder,arc,arc126,AtCoder Regular Contest 126,2021,1632056400,arc126_a,A,Make 10,A. Make 10,465.0,4151,"['greedy', 'math', 'combinatorics', 'case work', 'constructive']",5,https://atcoder.jp/contests/arc126/tasks/arc126_a,32.944,,,
atcoder,arc,arc126,AtCoder Regular Contest 126,2021,1632056400,arc126_b,B,Cross-free Matching,B. Cross-free Matching,1370.0,2607,"['lis', 'sorting', 'dp', 'binary search', 'greedy']",5,https://atcoder.jp/contests/arc126/tasks/arc126_b,48.727,,,
atcoder,arc,arc126,AtCoder Regular Contest 126,2021,1632056400,arc126_c,C,Maximize GCD,C. Maximize GCD,1824.0,2018,"['number theory', 'gcd', 'prefix sum', 'enumeration', 'harmonic series']",5,https://atcoder.jp/contests/arc126/tasks/arc126_c,56.645,,,
atcoder,arc,arc126,AtCoder Regular Contest 126,2021,1632056400,arc126_d,D,Pure Straight,D. Pure Straight,2332.0,968,"['bitmask dp', 'dp', 'inversion counting', 'swap']",4,https://atcoder.jp/contests/arc126/tasks/arc126_d,65.504,,,
atcoder,arc,arc126,AtCoder Regular Contest 126,2021,1632056400,arc126_e,E,Infinite Operations,E. Infinite Operations,2766.0,540,"['math', 'greedy', 'contribution counting', 'segment tree', 'sorting', 'data structure']",6,https://atcoder.jp/contests/arc126/tasks/arc126_e,73.073,,,
atcoder,arc,arc126,AtCoder Regular Contest 126,2021,1632056400,arc126_f,F,Affine Sort,F. Affine Sort,3488.0,89,"['number theory', 'combinatorics', 'stolz cesaro theorem', 'calculus', 'geometry', 'math']",6,https://atcoder.jp/contests/arc126/tasks/arc126_f,85.664,,,
atcoder,arc,arc127,AtCoder Regular Contest 127,2021,1632567600,arc127_a,A,Leading 1s,A. Leading 1s,808.0,2964,"['math', 'implementation', 'digit dp']",3,https://atcoder.jp/contests/arc127/tasks/arc127_a,38.926,,,
atcoder,arc,arc127,AtCoder Regular Contest 127,2021,1632567600,arc127_b,B,Ternary Strings,B. Ternary Strings,1594.0,1674,"['constructive', 'greedy', 'combinatorics', 'string']",4,https://atcoder.jp/contests/arc127/tasks/arc127_b,52.633,,,
atcoder,arc,arc127,AtCoder Regular Contest 127,2021,1632567600,arc127_c,C,Binary Strings,C. Binary Strings,2092.0,1112,"['binary string', 'tree', 'greedy', 'bit manipulation', 'lexicographical', 'constructive']",6,https://atcoder.jp/contests/arc127/tasks/arc127_c,61.318,,,
atcoder,arc,arc127,AtCoder Regular Contest 127,2021,1632567600,arc127_d,D,Sum of Min of Xor,D. Sum of Min of Xor,2593.0,805,"['bit manipulation', 'divide and conquer', 'binary trie', 'xor']",4,https://atcoder.jp/contests/arc127/tasks/arc127_d,70.056,,,
atcoder,arc,arc127,AtCoder Regular Contest 127,2021,1632567600,arc127_e,E,Priority Queue,E. Priority Queue,2678.0,770,"['dp', 'combinatorics', 'greedy', 'prefix sum']",4,https://atcoder.jp/contests/arc127/tasks/arc127_e,71.538,,,
atcoder,arc,arc127,AtCoder Regular Contest 127,2021,1632567600,arc127_f,F,±AB,F. ±AB,3723.0,170,"['number theory', 'linear algebra', 'gcd', 'counting', 'modular arithmetic', 'reachability']",6,https://atcoder.jp/contests/arc127/tasks/arc127_f,89.763,,,
atcoder,arc,arc128,大和証券プログラミングコンテスト2021（AtCoder Regular Contest 128）,2021,1634385600,arc128_a,A,Gold and Silver,A. Gold and Silver,650.0,3765,"['greedy', 'constructive']",2,https://atcoder.jp/contests/arc128/tasks/arc128_a,36.17,,,
atcoder,arc,arc128,大和証券プログラミングコンテスト2021（AtCoder Regular Contest 128）,2021,1634385600,arc128_b,B,Balls of Three Colors,B. Balls of Three Colors,941.0,3150,"['number theory', 'modular arithmetic', 'invariant', 'optimization', 'case work']",5,https://atcoder.jp/contests/arc128/tasks/arc128_b,41.245,,,
atcoder,arc,arc128,大和証券プログラミングコンテスト2021（AtCoder Regular Contest 128）,2021,1634385600,arc128_c,C,Max Dot,C. Max Dot,1810.0,1531,"['dp', 'greedy', 'optimization', 'prefix suffix', 'convexity']",5,https://atcoder.jp/contests/arc128/tasks/arc128_c,56.4,,,
atcoder,arc,arc128,大和証券プログラミングコンテスト2021（AtCoder Regular Contest 128）,2021,1634385600,arc128_d,D,Neq Neq,D. Neq Neq,2554.0,806,"['dp', 'combinatorics', 'prefix sum', 'two pointer']",4,https://atcoder.jp/contests/arc128/tasks/arc128_d,69.376,,,
atcoder,arc,arc128,大和証券プログラミングコンテスト2021（AtCoder Regular Contest 128）,2021,1634385600,arc128_e,E,K Different Values,E. K Different Values,3049.0,316,"['greedy', 'constructive', 'implementation']",3,https://atcoder.jp/contests/arc128/tasks/arc128_e,78.008,,,
atcoder,arc,arc128,大和証券プログラミングコンテスト2021（AtCoder Regular Contest 128）,2021,1634385600,arc128_f,F,Game against Robot,F. Game against Robot,3671.0,238,"['combinatorics', 'game theory', 'counting', 'contribution counting', '0-1 sequence transformation', 'binomial coefficient', 'lattice path']",7,https://atcoder.jp/contests/arc128/tasks/arc128_f,88.856,,,
atcoder,arc,arc129,AtCoder Regular Contest 129,2021,1637496000,arc129_a,A,Smaller XOR,A. Smaller XOR,727.0,3014,"['bit manipulation', 'digit dp', 'counting', 'base representation']",4,https://atcoder.jp/contests/arc129/tasks/arc129_a,37.513,,,
atcoder,arc,arc129,AtCoder Regular Contest 129,2021,1637496000,arc129_b,B,Range Point Distance,B. Range Point Distance,735.0,2767,"['binary search on answer', 'greedy', 'math']",3,https://atcoder.jp/contests/arc129/tasks/arc129_b,37.653,,,
atcoder,arc,arc129,AtCoder Regular Contest 129,2021,1637496000,arc129_c,C,Multiple of 7,C. Multiple of 7,1687.0,1467,"['constructive', 'number theory', 'modular arithmetic', 'divisibility']",4,https://atcoder.jp/contests/arc129/tasks/arc129_c,54.255,,,
atcoder,arc,arc129,AtCoder Regular Contest 129,2021,1637496000,arc129_d,D,-1+2-1,D. -1+2-1,2300.0,905,"['invariant', 'circular array', 'constructive', 'formula', 'difference array']",5,https://atcoder.jp/contests/arc129/tasks/arc129_d,64.946,,,
atcoder,arc,arc129,AtCoder Regular Contest 129,2021,1637496000,arc129_e,E,Yet Another Minimization,E. Yet Another Minimization,3337.0,312,"['min cut', 'flow', 'graph', 'optimization']",4,https://atcoder.jp/contests/arc129/tasks/arc129_e,83.031,,,
atcoder,arc,arc129,AtCoder Regular Contest 129,2021,1637496000,arc129_f,F,Let's Play Tag,F. Let's Play Tag,3596.0,80,"['combinatorics', 'generating function', 'ntt', 'convolution', 'binomial coefficient']",5,https://atcoder.jp/contests/arc129/tasks/arc129_f,87.548,,,
atcoder,arc,arc130,AtCoder Regular Contest 130,2021,1638100800,arc130_a,A,Remove One Character,A. Remove One Character,-68.0,4095,"['string', 'counting', 'combinatorics']",3,https://atcoder.jp/contests/arc130/tasks/arc130_a,23.648,,,
atcoder,arc,arc130,AtCoder Regular Contest 130,2021,1638100800,arc130_b,B,Colorful Lines,B. Colorful Lines,576.0,3297,"['constructive', 'coordinate compression', 'reversal', 'counting', 'set']",5,https://atcoder.jp/contests/arc130/tasks/arc130_b,34.88,,,
atcoder,arc,arc130,AtCoder Regular Contest 130,2021,1638100800,arc130_c,C,Digit Sum Minimization,C. Digit Sum Minimization,1814.0,1261,"['greedy', 'digit dp', 'number theory', 'sorting']",4,https://atcoder.jp/contests/arc130/tasks/arc130_c,56.47,,,
atcoder,arc,arc130,AtCoder Regular Contest 130,2021,1638100800,arc130_d,D,Zigzag Tree,D. Zigzag Tree,2437.0,770,"['dp on trees', 'combinatorics', 'dp', 'permutation']",4,https://atcoder.jp/contests/arc130/tasks/arc130_d,67.335,,,
atcoder,arc,arc130,AtCoder Regular Contest 130,2021,1638100800,arc130_e,E,Increasing Minimum,E. Increasing Minimum,3188.0,255,"['dp', 'constructive', 'greedy', 'constraint', 'simulation']",5,https://atcoder.jp/contests/arc130/tasks/arc130_e,80.433,,,
atcoder,arc,arc130,AtCoder Regular Contest 130,2021,1638100800,arc130_f,F,Replace by Average,F. Replace by Average,3211.0,308,"['convex hull', 'slope trick', 'dp', 'greedy', 'two pointer']",5,https://atcoder.jp/contests/arc130/tasks/arc130_f,80.834,,,
atcoder,arc,arc131,AtCoder Regular Contest 131,2021,1638705600,arc131_a,A,Two Lucky Numbers,A. Two Lucky Numbers,-529.0,4618,"['constructive', 'number theory', 'digit']",3,https://atcoder.jp/contests/arc131/tasks/arc131_a,15.609,,,
atcoder,arc,arc131,AtCoder Regular Contest 131,2021,1638705600,arc131_b,B,Grid Repainting 4,B. Grid Repainting 4,-158.0,3849,"['greedy', 'constructive', 'grid']",3,https://atcoder.jp/contests/arc131/tasks/arc131_b,22.079,,,
atcoder,arc,arc131,AtCoder Regular Contest 131,2021,1638705600,arc131_c,C,Zero XOR,C. Zero XOR,1162.0,2587,"['game theory', 'xor', 'parity', 'case work', 'bit manipulation', 'impartial game', 'winning losing positions']",7,https://atcoder.jp/contests/arc131/tasks/arc131_c,45.099,,,
atcoder,arc,arc131,AtCoder Regular Contest 131,2021,1638705600,arc131_d,D,AtArcher,D. AtArcher,2271.0,732,"['dp', 'binary search', 'difference array', 'greedy', 'optimization']",5,https://atcoder.jp/contests/arc131/tasks/arc131_d,64.44,,,
atcoder,arc,arc131,AtCoder Regular Contest 131,2021,1638705600,arc131_e,E,Christmas Wreath,E. Christmas Wreath,2314.0,965,"['constructive', 'graph theory', 'graph coloring', 'partition', 'greedy', 'combinatorics', 'case work']",7,https://atcoder.jp/contests/arc131/tasks/arc131_e,65.19,,,
atcoder,arc,arc131,AtCoder Regular Contest 131,2021,1638705600,arc131_f,F,ARC Stamp,F. ARC Stamp,3501.0,137,"['dp', 'combinatorics', 'string', 'counting']",4,https://atcoder.jp/contests/arc131/tasks/arc131_f,85.891,,,
atcoder,arc,arc132,AtCoder Regular Contest 132,2021,1640520000,arc132_a,A,Permutation Grid,A. Permutation Grid,347.0,3686,"['constructive', 'combinatorics', 'permutation', 'grid', 'observation']",5,https://atcoder.jp/contests/arc132/tasks/arc132_a,30.886,,,
atcoder,arc,arc132,AtCoder Regular Contest 132,2021,1640520000,arc132_b,B,Shift and Reverse,B. Shift and Reverse,753.0,3050,"['permutation', 'cycle', 'reversal', 'constructive', 'case work']",5,https://atcoder.jp/contests/arc132/tasks/arc132_b,37.967,,,
atcoder,arc,arc132,AtCoder Regular Contest 132,2021,1640520000,arc132_c,C,Almost Sorted,C. Almost Sorted,1616.0,2004,"['bitmask dp', 'dp', 'permutation']",3,https://atcoder.jp/contests/arc132/tasks/arc132_c,53.017,,,
atcoder,arc,arc132,AtCoder Regular Contest 132,2021,1640520000,arc132_d,D,Between Two Binary Strings,D. Between Two Binary Strings,2221.0,1009,"['greedy', 'constructive', 'string']",3,https://atcoder.jp/contests/arc132/tasks/arc132_d,63.568,,,
atcoder,arc,arc132,AtCoder Regular Contest 132,2021,1640520000,arc132_e,E,Paw,E. Paw,3144.0,520,"['probability', 'dp', 'counting', 'expectation', 'symmetry']",5,https://atcoder.jp/contests/arc132/tasks/arc132_e,79.665,,,
atcoder,arc,arc132,AtCoder Regular Contest 132,2021,1640520000,arc132_f,F,Takahashi The Strongest,F. Takahashi The Strongest,3076.0,412,"['fwht', 'dp', 'inclusion exclusion', 'convolution', 'bitmask']",5,https://atcoder.jp/contests/arc132/tasks/arc132_f,78.479,,,
atcoder,arc,arc133,AtCoder Regular Contest 133,2022,1642852800,arc133_a,A,Erase by Value,A. Erase by Value,235.0,5096,"['greedy', 'lexicographical', 'array']",3,https://atcoder.jp/contests/arc133/tasks/arc133_a,28.933,,,
atcoder,arc,arc133,AtCoder Regular Contest 133,2022,1642852800,arc133_b,B,Dividing Subsequence,B. Dividing Subsequence,1317.0,2758,"['dp', 'lcs', 'divisibility', 'subsequence']",4,https://atcoder.jp/contests/arc133/tasks/arc133_b,47.803,,,
atcoder,arc,arc133,AtCoder Regular Contest 133,2022,1642852800,arc133_c,C,Row Column Sums,C. Row Column Sums,1583.0,1861,"['constructive', 'modular arithmetic', 'greedy', 'math']",4,https://atcoder.jp/contests/arc133/tasks/arc133_c,52.442,,,
atcoder,arc,arc133,AtCoder Regular Contest 133,2022,1642852800,arc133_d,D,Range XOR,D. Range XOR,2658.0,529,"['digit dp', 'prefix xor', 'inclusion exclusion', 'bit manipulation', 'modular arithmetic']",5,https://atcoder.jp/contests/arc133/tasks/arc133_d,71.189,,,
atcoder,arc,arc133,AtCoder Regular Contest 133,2022,1642852800,arc133_e,E,Cyclic Medians,E. Cyclic Medians,3238.0,281,"['combinatorics', 'gcd', 'compression', 'symmetry', 'case work', 'counting', 'median', 'modular arithmetic']",8,https://atcoder.jp/contests/arc133/tasks/arc133_e,81.304,,,
atcoder,arc,arc133,AtCoder Regular Contest 133,2022,1642852800,arc133_f,F,Random Transition,F. Random Transition,,84,"['generating function', 'matrix', 'polynomial', 'probability', 'dp', 'markov chain']",6,https://atcoder.jp/contests/arc133/tasks/arc133_f,,,,
atcoder,arc,arc134,AtCoder Regular Contest 134,2022,1643457600,arc134_a,A,Bridge and Sheets,A. Bridge and Sheets,207.0,4959,"['greedy', 'interval', 'implementation']",3,https://atcoder.jp/contests/arc134/tasks/arc134_a,28.444,,,
atcoder,arc,arc134,AtCoder Regular Contest 134,2022,1643457600,arc134_b,B,Reserve or Reverse,B. Reserve or Reverse,934.0,3498,"['greedy', 'string', 'constructive']",3,https://atcoder.jp/contests/arc134/tasks/arc134_b,41.123,,,
atcoder,arc,arc134,AtCoder Regular Contest 134,2022,1643457600,arc134_c,C,The Majority,C. The Majority,1560.0,2231,"['combinatorics', 'stars and bars', 'modular arithmetic']",3,https://atcoder.jp/contests/arc134/tasks/arc134_c,52.04,,,
atcoder,arc,arc134,AtCoder Regular Contest 134,2022,1643457600,arc134_d,D,Concatenate Subsequences,D. Concatenate Subsequences,1998.0,1341,"['greedy', 'monotonic stack', 'constructive', 'lexicographical', 'case work']",5,https://atcoder.jp/contests/arc134/tasks/arc134_d,59.679,,,
atcoder,arc,arc134,AtCoder Regular Contest 134,2022,1643457600,arc134_e,E,Modulo Nim,E. Modulo Nim,3026.0,485,"['game theory', 'nim', 'dp', 'bitmask dp', 'bitmask', 'case work', 'modular arithmetic', 'counting', 'combinatorics', 'memoization', 'dfs']",11,https://atcoder.jp/contests/arc134/tasks/arc134_e,77.607,,,
atcoder,arc,arc134,AtCoder Regular Contest 134,2022,1643457600,arc134_f,F,Flipping Coins,F. Flipping Coins,3530.0,161,"['permutation', 'bijection', 'dp', 'divide and conquer fft', 'generating function', 'formal power series', 'combinatorics', 'expectation']",8,https://atcoder.jp/contests/arc134/tasks/arc134_f,86.397,,,
atcoder,arc,arc135,AtCoder Regular Contest 135,2022,1644753600,arc135_a,A,"Floor, Ceil - Decomposition","A. Floor, Ceil - Decomposition",634.0,4385,"['math', 'memoization', 'recursion', 'modular arithmetic']",4,https://atcoder.jp/contests/arc135/tasks/arc135_a,35.891,,,
atcoder,arc,arc135,AtCoder Regular Contest 135,2022,1644753600,arc135_b,B,Sum of Three Terms,B. Sum of Three Terms,1239.0,2781,"['constructive', 'math', 'difference array', 'modular arithmetic', 'formula']",5,https://atcoder.jp/contests/arc135/tasks/arc135_b,46.442,,,
atcoder,arc,arc135,AtCoder Regular Contest 135,2022,1644753600,arc135_c,C,XOR to All,C. XOR to All,1512.0,2697,"['bit manipulation', 'counting', 'greedy']",3,https://atcoder.jp/contests/arc135/tasks/arc135_c,51.203,,,
atcoder,arc,arc135,AtCoder Regular Contest 135,2022,1644753600,arc135_d,D,Add to Square,D. Add to Square,2750.0,676,"['constructive', 'grid', 'implementation', 'math']",4,https://atcoder.jp/contests/arc135/tasks/arc135_d,72.794,,,
atcoder,arc,arc135,AtCoder Regular Contest 135,2022,1644753600,arc135_e,E,Sequence of Multiples,E. Sequence of Multiples,3157.0,300,"['math', 'sequence', 'number theory', 'value', 'formula', 'greedy', 'optimization']",7,https://atcoder.jp/contests/arc135/tasks/arc135_e,79.892,,,
atcoder,arc,arc135,AtCoder Regular Contest 135,2022,1644753600,arc135_f,F,"Delete 1, 4, 7, ...","F. Delete 1, 4, 7, ...",3821.0,178,"['dp', 'meet in the middle', 'bit manipulation', 'math', 'memoization']",5,https://atcoder.jp/contests/arc135/tasks/arc135_f,91.472,,,
atcoder,arc,arc136,AtCoder Regular Contest 136,2022,1645963200,arc136_a,A,A ↔ BB,A. A ↔ BB,-114.0,5409,"['string', 'greedy', 'lexicographical']",3,https://atcoder.jp/contests/arc136/tasks/arc136_a,22.846,,,
atcoder,arc,arc136,AtCoder Regular Contest 136,2022,1645963200,arc136_b,B,Triple Shift,B. Triple Shift,1358.0,2837,"['permutation', 'inversion counting', 'constructive', 'multiset']",4,https://atcoder.jp/contests/arc136/tasks/arc136_b,48.518,,,
atcoder,arc,arc136,AtCoder Regular Contest 136,2022,1645963200,arc136_c,C,Circular Addition,C. Circular Addition,2137.0,1635,"['difference array', 'greedy', 'circular array', 'constructive']",4,https://atcoder.jp/contests/arc136/tasks/arc136_c,62.103,,,
atcoder,arc,arc136,AtCoder Regular Contest 136,2022,1645963200,arc136_d,D,Without Carry,D. Without Carry,1908.0,1915,"['sos dp', 'zeta transform', 'digit dp', 'high dimensional prefix sum']",4,https://atcoder.jp/contests/arc136/tasks/arc136_d,58.11,,,
atcoder,arc,arc136,AtCoder Regular Contest 136,2022,1645963200,arc136_e,E,Non-coprime DAG,E. Non-coprime DAG,3100.0,678,"['number theory', 'dag', 'antichain', 'interval', 'plane sweep', 'prime factorization', 'parity']",7,https://atcoder.jp/contests/arc136/tasks/arc136_e,78.898,,,
atcoder,arc,arc136,AtCoder Regular Contest 136,2022,1645963200,arc136_f,F,Flip Cells,F. Flip Cells,3554.0,138,"['expectation', 'generating function', 'dp', 'random walk', 'modular arithmetic']",5,https://atcoder.jp/contests/arc136/tasks/arc136_f,86.815,,,
atcoder,arc,arc137,AtCoder Regular Contest 137,2022,1647691200,arc137_a,A,Coprime Pair,A. Coprime Pair,480.0,5011,"['number theory', 'gcd', 'prime numbers', 'constructive']",4,https://atcoder.jp/contests/arc137/tasks/arc137_a,33.205,,,
atcoder,arc,arc137,AtCoder Regular Contest 137,2022,1647691200,arc137_b,B,Count 1's,B. Count 1's,883.0,3881,"['prefix sum', 'greedy', 'implementation', 'observation']",4,https://atcoder.jp/contests/arc137/tasks/arc137_b,40.234,,,
atcoder,arc,arc137,AtCoder Regular Contest 137,2022,1647691200,arc137_c,C,Distinct Numbers,C. Distinct Numbers,2043.0,1883,"['game theory', 'parity', 'constructive', 'case work']",4,https://atcoder.jp/contests/arc137/tasks/arc137_c,60.464,,,
atcoder,arc,arc137,AtCoder Regular Contest 137,2022,1647691200,arc137_d,D,Prefix XORs,D. Prefix XORs,2191.0,1316,"['combinatorics', 'lucas theorem', 'xor', 'zeta transform', 'prefix']",5,https://atcoder.jp/contests/arc137/tasks/arc137_d,63.045,,,
atcoder,arc,arc137,AtCoder Regular Contest 137,2022,1647691200,arc137_e,E,Bakery,E. Bakery,3034.0,392,"['min cost flow', 'flow', 'graph theory']",3,https://atcoder.jp/contests/arc137/tasks/arc137_e,77.747,,,
atcoder,arc,arc137,AtCoder Regular Contest 137,2022,1647691200,arc137_f,F,Overlaps,F. Overlaps,3313.0,112,"['inclusion exclusion', 'divide and conquer', 'fft', 'ntt', 'dp', 'combinatorics', 'generating function', 'probability', 'counting']",9,https://atcoder.jp/contests/arc137/tasks/arc137_f,82.612,,,
atcoder,arc,arc138,大和証券プログラミングコンテスト2022 Spring(AtCoder Regular Contest 138),2022,1649505600,arc138_a,A,Larger Score,A. Larger Score,837.0,3811,"['greedy', 'binary search', 'suffix', 'swap']",4,https://atcoder.jp/contests/arc138/tasks/arc138_a,39.431,,,
atcoder,arc,arc138,大和証券プログラミングコンテスト2022 Spring(AtCoder Regular Contest 138),2022,1649505600,arc138_b,B,01 Generation,B. 01 Generation,934.0,3310,"['simulation', 'greedy', 'two pointer', 'implementation']",4,https://atcoder.jp/contests/arc138/tasks/arc138_b,41.123,,,
atcoder,arc,arc138,大和証券プログラミングコンテスト2022 Spring(AtCoder Regular Contest 138),2022,1649505600,arc138_c,C,Rotate and Play Game,C. Rotate and Play Game,1728.0,1819,"['greedy', 'prefix sum', 'cycle', 'game theory']",4,https://atcoder.jp/contests/arc138/tasks/arc138_c,54.97,,,
atcoder,arc,arc138,大和証券プログラミングコンテスト2022 Spring(AtCoder Regular Contest 138),2022,1649505600,arc138_d,D,Differ by K bits,D. Differ by K bits,2083.0,1201,"['gray code', 'xor basis', 'bit manipulation', 'constructive', 'parity', 'hamming distance']",6,https://atcoder.jp/contests/arc138/tasks/arc138_d,61.161,,,
atcoder,arc,arc138,大和証券プログラミングコンテスト2022 Spring(AtCoder Regular Contest 138),2022,1649505600,arc138_e,E,Decreasing Subsequence,E. Decreasing Subsequence,3624.0,305,"['combinatorics', 'dp', 'bijection', 'graph', 'heavy light decomposition', 'stirling numbers', 'bell numbers']",7,https://atcoder.jp/contests/arc138/tasks/arc138_e,88.036,,,
atcoder,arc,arc138,大和証券プログラミングコンテスト2022 Spring(AtCoder Regular Contest 138),2022,1649505600,arc138_f,F,KD Tree,F. KD Tree,3882.0,222,"['dp', 'inclusion exclusion', 'combinatorics', 'interval dp', 'greedy']",5,https://atcoder.jp/contests/arc138/tasks/arc138_f,92.536,,,
atcoder,arc,arc139,AtCoder Regular Contest 139,2022,1650801600,arc139_a,A,Trailing Zeros,A. Trailing Zeros,599.0,3322,"['constructive', 'greedy', 'bit manipulation', 'number theory', 'base representation']",5,https://atcoder.jp/contests/arc139/tasks/arc139_a,35.281,,,
atcoder,arc,arc139,AtCoder Regular Contest 139,2022,1650801600,arc139_b,B,Make N,B. Make N,1719.0,1777,"['math', 'enumeration', 'greedy', 'number theory']",4,https://atcoder.jp/contests/arc139/tasks/arc139_b,54.813,,,
atcoder,arc,arc139,AtCoder Regular Contest 139,2022,1650801600,arc139_c,C,One Three Nine,C. One Three Nine,2406.0,666,"['constructive', 'grid', 'case work', 'math', 'path']",5,https://atcoder.jp/contests/arc139/tasks/arc139_c,66.795,,,
atcoder,arc,arc139,AtCoder Regular Contest 139,2022,1650801600,arc139_d,D,Priority Queue 2,D. Priority Queue 2,2816.0,654,"['combinatorics', 'contribution counting', 'binomial coefficient', 'modular arithmetic', 'expectation']",5,https://atcoder.jp/contests/arc139/tasks/arc139_d,73.945,,,
atcoder,arc,arc139,AtCoder Regular Contest 139,2022,1650801600,arc139_e,E,Wazir,E. Wazir,3222.0,213,"['combinatorics', 'independent set', 'toroidal grid', 'polynomial', 'fft', 'ntt', 'case work', 'modular arithmetic']",8,https://atcoder.jp/contests/arc139/tasks/arc139_e,81.025,,,
atcoder,arc,arc139,AtCoder Regular Contest 139,2022,1650801600,arc139_f,F,Many Xor Optimization Problems,F. Many Xor Optimization Problems,,111,"['xor basis', 'xor', 'combinatorics', 'generating function', 'dp', 'probability', 'counting', 'binomial coefficient']",8,https://atcoder.jp/contests/arc139/tasks/arc139_f,,,,
atcoder,arc,arc140,AtCoder Regular Contest 140,2022,1652616000,arc140_a,A,Right String,A. Right String,951.0,3103,"['periodicity', 'divisors', 'greedy', 'implementation']",4,https://atcoder.jp/contests/arc140/tasks/arc140_a,41.42,,,
atcoder,arc,arc140,AtCoder Regular Contest 140,2022,1652616000,arc140_b,B,Shorten ARC,B. Shorten ARC,1092.0,2697,"['string', 'greedy', 'observation']",3,https://atcoder.jp/contests/arc140/tasks/arc140_b,43.879,,,
atcoder,arc,arc140,AtCoder Regular Contest 140,2022,1652616000,arc140_c,C,ABS Permutation (LIS ver.),C. ABS Permutation (LIS ver.),1596.0,1770,"['constructive', 'permutation', 'lis', 'greedy', 'case work', 'two pointer']",6,https://atcoder.jp/contests/arc140/tasks/arc140_c,52.668,,,
atcoder,arc,arc140,AtCoder Regular Contest 140,2022,1652616000,arc140_d,D,One to One,D. One to One,2443.0,895,"['graph theory', 'functional graph', 'connected components', 'dsu', 'dp', 'combinatorics', 'cycle', 'pseudoforest']",8,https://atcoder.jp/contests/arc140/tasks/arc140_d,67.44,,,
atcoder,arc,arc140,AtCoder Regular Contest 140,2022,1652616000,arc140_e,E,Not Equal Rectangle,E. Not Equal Rectangle,2739.0,656,"['constructive', 'modular arithmetic', 'combinatorics']",3,https://atcoder.jp/contests/arc140/tasks/arc140_e,72.602,,,
atcoder,arc,arc140,AtCoder Regular Contest 140,2022,1652616000,arc140_f,F,ABS Permutation (Count ver.),F. ABS Permutation (Count ver.),3392.0,181,"['combinatorics', 'generating function', 'binomial inversion', 'graph theory', 'dp', 'matrix', 'ntt', 'permutation']",8,https://atcoder.jp/contests/arc140/tasks/arc140_f,83.99,,,
atcoder,arc,arc141,AtCoder Regular Contest 141,2022,1653825600,arc141_a,A,Periodic Number,A. Periodic Number,734.0,3066,"['constructive', 'string', 'observation', 'digit', 'greedy']",5,https://atcoder.jp/contests/arc141/tasks/arc141_a,37.635,,,
atcoder,arc,arc141,AtCoder Regular Contest 141,2022,1653825600,arc141_b,B,Increasing Prefix XOR,B. Increasing Prefix XOR,1265.0,2357,"['digit dp', 'dp', 'bit manipulation', 'combinatorics', 'observation']",5,https://atcoder.jp/contests/arc141/tasks/arc141_b,46.896,,,
atcoder,arc,arc141,AtCoder Regular Contest 141,2022,1653825600,arc141_c,C,Bracket and Permutation,C. Bracket and Permutation,2342.0,753,"['constructive', 'balanced bracket sequence', 'permutation', 'greedy', 'geometry', 'validation']",6,https://atcoder.jp/contests/arc141/tasks/arc141_c,65.678,,,
atcoder,arc,arc141,AtCoder Regular Contest 141,2022,1653825600,arc141_d,D,Non-divisible Set,D. Non-divisible Set,2890.0,518,"['number theory', 'greedy', 'poset', 'range', 'two pass']",5,https://atcoder.jp/contests/arc141/tasks/arc141_d,75.235,,,
atcoder,arc,arc141,AtCoder Regular Contest 141,2022,1653825600,arc141_e,E,Sliding Edge on Torus,E. Sliding Edge on Torus,3009.0,313,"['graph theory', 'connected components', 'toroidal grid', 'coordinate geometry', 'gcd', 'dsu', 'dfs', 'number theory']",8,https://atcoder.jp/contests/arc141/tasks/arc141_e,77.311,,,
atcoder,arc,arc141,AtCoder Regular Contest 141,2022,1653825600,arc141_f,F,Well-defined Abbreviation,F. Well-defined Abbreviation,4134.0,208,"['string', 'graph', 'analysis', 'aho corasick', 'trie', 'suffix', 'greedy', 'string matching']",8,https://atcoder.jp/contests/arc141/tasks/arc141_f,96.931,,,
atcoder,arc,arc142,AtCoder Regular Contest 142,2022,1655640000,arc142_a,A,Reverse and Minimize,A. Reverse and Minimize,552.0,3482,"['digit dp', 'constructive', 'number theory', 'palindrome', 'digit']",5,https://atcoder.jp/contests/arc142/tasks/arc142_a,34.461,,,
atcoder,arc,arc142,AtCoder Regular Contest 142,2022,1655640000,arc142_b,B,Unbalanced Squares,B. Unbalanced Squares,692.0,3023,"['constructive', 'grid']",2,https://atcoder.jp/contests/arc142/tasks/arc142_b,36.903,,,
atcoder,arc,arc142,AtCoder Regular Contest 142,2022,1655640000,arc142_c,C,Tree Queries,C. Tree Queries,1347.0,2211,"['interactive', 'tree', 'distance']",3,https://atcoder.jp/contests/arc142/tasks/arc142_c,48.326,,,
atcoder,arc,arc142,AtCoder Regular Contest 142,2022,1655640000,arc142_d,D,Deterministic Placing,D. Deterministic Placing,2938.0,412,"['dp on trees', 'path', 'combinatorics', 'graph theory', 'heavy light decomposition', 'counting']",6,https://atcoder.jp/contests/arc142/tasks/arc142_d,76.073,,,
atcoder,arc,arc142,AtCoder Regular Contest 142,2022,1655640000,arc142_e,E,Pairing Wizards,E. Pairing Wizards,3232.0,566,"['min cut', 'bipartite graph', 'flow', 'graph']",4,https://atcoder.jp/contests/arc142/tasks/arc142_e,81.2,,,
atcoder,arc,arc142,AtCoder Regular Contest 142,2022,1655640000,arc142_f,F,Paired Wizards,F. Paired Wizards,3723.0,171,"['dp', 'case work', 'greedy', 'optimization', 'precomputation']",5,https://atcoder.jp/contests/arc142/tasks/arc142_f,89.763,,,
atcoder,arc,arc143,AtCoder Regular Contest 143,2022,1656244800,arc143_a,A,Three Integers,A. Three Integers,-42.0,4519,"['math', 'greedy', 'constructive', 'case work', 'formula']",5,https://atcoder.jp/contests/arc143/tasks/arc143_a,24.102,,,
atcoder,arc,arc143,AtCoder Regular Contest 143,2022,1656244800,arc143_b,B,Counting Grids,B. Counting Grids,1433.0,2187,"['combinatorics', 'counting', 'modular arithmetic']",3,https://atcoder.jp/contests/arc143/tasks/arc143_b,49.826,,,
atcoder,arc,arc143,AtCoder Regular Contest 143,2022,1656244800,arc143_c,C,Piles of Pebbles,C. Piles of Pebbles,1805.0,1613,"['game theory', 'modular arithmetic', 'partisan game', 'strategy']",4,https://atcoder.jp/contests/arc143/tasks/arc143_c,56.313,,,
atcoder,arc,arc143,AtCoder Regular Contest 143,2022,1656244800,arc143_d,D,Bridges,D. Bridges,2229.0,1056,"['graph theory', 'bridge', 'dfs', 'tarjan', '2 edge connected components', 'graph', 'optimization']",7,https://atcoder.jp/contests/arc143/tasks/arc143_d,63.708,,,
atcoder,arc,arc143,AtCoder Regular Contest 143,2022,1656244800,arc143_e,E,Reversi,E. Reversi,2521.0,715,"['tree', 'greedy', 'topological sort', 'dag', 'graph theory']",5,https://atcoder.jp/contests/arc143/tasks/arc143_e,68.8,,,
atcoder,arc,arc143,AtCoder Regular Contest 143,2022,1656244800,arc143_f,F,Counting Subsets,F. Counting Subsets,,42,"['dp', 'combinatorics', 'binary tree', 'subset sum', 'enumeration']",5,https://atcoder.jp/contests/arc143/tasks/arc143_f,,,,
atcoder,arc,arc144,AtCoder Regular Contest 144,2022,1657972800,arc144_a,A,Digit Sum of 2x,A. Digit Sum of 2x,-136.0,4982,"['digit sum', 'number theory', 'observation', 'greedy', 'math']",5,https://atcoder.jp/contests/arc144/tasks/arc144_a,22.463,,,
atcoder,arc,arc144,AtCoder Regular Contest 144,2022,1657972800,arc144_b,B,Gift Tax,B. Gift Tax,895.0,3719,"['binary search', 'greedy']",2,https://atcoder.jp/contests/arc144/tasks/arc144_b,40.443,,,
atcoder,arc,arc144,AtCoder Regular Contest 144,2022,1657972800,arc144_c,C,K Derangement,C. K Derangement,1622.0,1815,"['constructive', 'greedy', 'permutation', 'combinatorics']",4,https://atcoder.jp/contests/arc144/tasks/arc144_c,53.122,,,
atcoder,arc,arc144,AtCoder Regular Contest 144,2022,1657972800,arc144_d,D,AND OR Equation,D. AND OR Equation,2468.0,833,"['combinatorics', 'bit manipulation', 'functional equation', 'counting', 'modular arithmetic']",5,https://atcoder.jp/contests/arc144/tasks/arc144_d,67.876,,,
atcoder,arc,arc144,AtCoder Regular Contest 144,2022,1657972800,arc144_e,E,GCD of Path Weights,E. GCD of Path Weights,3238.0,346,"['gcd', 'weighted dsu', 'potential', 'vertex', 'graph theory', 'modular arithmetic', 'dag', 'difference constraints']",8,https://atcoder.jp/contests/arc144/tasks/arc144_e,81.304,,,
atcoder,arc,arc144,AtCoder Regular Contest 144,2022,1657972800,arc144_f,F,Arithmetic Sequence Nim,F. Arithmetic Sequence Nim,3744.0,47,"['sprague grundy', 'game theory', 'nim', 'pattern', 'modular arithmetic', 'gcd']",6,https://atcoder.jp/contests/arc144/tasks/arc144_f,90.129,,,
atcoder,arc,arc145,AtCoder Regular Contest 145,2022,1659182400,arc145_a,A,AB Palindrome,A. AB Palindrome,596.0,4910,"['string', 'constructive', 'case work', 'greedy', 'ad hoc']",5,https://atcoder.jp/contests/arc145/tasks/arc145_a,35.228,,,
atcoder,arc,arc145,AtCoder Regular Contest 145,2022,1659182400,arc145_b,B,AB Game,B. AB Game,767.0,3696,"['game theory', 'math', 'modular arithmetic', 'counting', 'number theory', 'complexity analysis']",6,https://atcoder.jp/contests/arc145/tasks/arc145_b,38.211,,,
atcoder,arc,arc145,AtCoder Regular Contest 145,2022,1659182400,arc145_c,C,Split and Maximize,C. Split and Maximize,1697.0,2150,"['combinatorics', 'catalan numbers', 'balanced bracket sequence', 'greedy', 'permutation', 'modular arithmetic']",6,https://atcoder.jp/contests/arc145/tasks/arc145_c,54.43,,,
atcoder,arc,arc145,AtCoder Regular Contest 145,2022,1659182400,arc145_d,D,Non Arithmetic Progression Set,D. Non Arithmetic Progression Set,2297.0,1088,"['constructive', 'base representation', 'number theory', 'arithmetic progression', 'modular arithmetic']",5,https://atcoder.jp/contests/arc145/tasks/arc145_d,64.894,,,
atcoder,arc,arc145,AtCoder Regular Contest 145,2022,1659182400,arc145_e,E,Adjacent XOR,E. Adjacent XOR,3581.0,234,"['constructive', 'xor basis', 'xor', 'prefix xor', 'bit manipulation']",5,https://atcoder.jp/contests/arc145/tasks/arc145_e,87.286,,,
atcoder,arc,arc145,AtCoder Regular Contest 145,2022,1659182400,arc145_f,F,Modulo Sum of Increasing Sequences,F. Modulo Sum of Increasing Sequences,3943.0,72,"['generating function', 'polynomial', 'math', 'dp', 'mobius inversion', 'combinatorics', 'number theory', 'sequence']",8,https://atcoder.jp/contests/arc145/tasks/arc145_f,93.6,,,
atcoder,arc,arc146,AtCoder Regular Contest 146,2022,1660996800,arc146_a,A,Three Cards,A. Three Cards,32.0,4910,"['greedy', 'string', 'sorting', 'combinatorics']",4,https://atcoder.jp/contests/arc146/tasks/arc146_a,25.392,,,
atcoder,arc,arc146,AtCoder Regular Contest 146,2022,1660996800,arc146_b,B,Plus and AND,B. Plus and AND,1335.0,2278,"['greedy', 'bit manipulation', 'sorting']",3,https://atcoder.jp/contests/arc146/tasks/arc146_b,48.116,,,
atcoder,arc,arc146,AtCoder Regular Contest 146,2022,1660996800,arc146_c,C,Even XOR,C. Even XOR,2428.0,1030,"['dp', 'xor basis', 'combinatorics', 'modular arithmetic', 'linear algebra']",5,https://atcoder.jp/contests/arc146/tasks/arc146_c,67.178,,,
atcoder,arc,arc146,AtCoder Regular Contest 146,2022,1660996800,arc146_d,D,>=<,D. >=<,2663.0,690,"['graph', 'shortest path', 'constraint', 'constructive']",4,https://atcoder.jp/contests/arc146/tasks/arc146_d,71.277,,,
atcoder,arc,arc146,AtCoder Regular Contest 146,2022,1660996800,arc146_e,E,Simple Speed,E. Simple Speed,3131.0,497,"['dp', 'combinatorics', 'counting', 'consecutive segment dp']",4,https://atcoder.jp/contests/arc146/tasks/arc146_e,79.438,,,
atcoder,arc,arc146,AtCoder Regular Contest 146,2022,1660996800,arc146_f,F,Simple Solitaire,F. Simple Solitaire,,54,"['combinatorics', 'dp', 'permutation', 'modular arithmetic', 'counting']",5,https://atcoder.jp/contests/arc146/tasks/arc146_f,,,,
atcoder,arc,arc147,AtCoder Regular Contest 147,2022,1662292800,arc147_a,A,Max Mod Min,A. Max Mod Min,347.0,4151,"['simulation', 'modular arithmetic', 'sorting', 'greedy', 'math']",5,https://atcoder.jp/contests/arc147/tasks/arc147_a,30.886,,,
atcoder,arc,arc147,AtCoder Regular Contest 147,2022,1662292800,arc147_b,B,Swap to Sort,B. Swap to Sort,1167.0,2594,"['permutation', 'parity', 'greedy', 'constructive', 'sorting']",5,https://atcoder.jp/contests/arc147/tasks/arc147_b,45.187,,,
atcoder,arc,arc147,AtCoder Regular Contest 147,2022,1662292800,arc147_c,C,Min Diff Sum,C. Min Diff Sum,1704.0,1977,"['greedy', 'median', 'math', 'interval']",4,https://atcoder.jp/contests/arc147/tasks/arc147_c,54.552,,,
atcoder,arc,arc147,AtCoder Regular Contest 147,2022,1662292800,arc147_d,D,Sets Scores,D. Sets Scores,2145.0,1353,"['combinatorics', 'counting', 'constructive', 'parity', 'math']",5,https://atcoder.jp/contests/arc147/tasks/arc147_d,62.243,,,
atcoder,arc,arc147,AtCoder Regular Contest 147,2022,1662292800,arc147_e,E,Examination,E. Examination,2553.0,881,"['greedy', 'priority queue', 'sorting', 'constructive', 'matching']",5,https://atcoder.jp/contests/arc147/tasks/arc147_e,69.358,,,
atcoder,arc,arc147,AtCoder Regular Contest 147,2022,1662292800,arc147_f,F,Again ABC String,F. Again ABC String,4016.0,109,"['dp', 'matrix', 'generating function', 'modular arithmetic', 'bit manipulation']",5,https://atcoder.jp/contests/arc147/tasks/arc147_f,94.873,,,
atcoder,arc,arc148,AtCoder Regular Contest 148,2022,1662897600,arc148_a,A,mod M,A. mod M,656.0,4295,"['number theory', 'gcd', 'modular arithmetic', 'observation']",4,https://atcoder.jp/contests/arc148/tasks/arc148_a,36.275,,,
atcoder,arc,arc148,AtCoder Regular Contest 148,2022,1662897600,arc148_b,B,dp,B. dp,975.0,3122,"['string', 'greedy', 'lexicographical', 'interval']",4,https://atcoder.jp/contests/arc148/tasks/arc148_b,41.838,,,
atcoder,arc,arc148,AtCoder Regular Contest 148,2022,1662897600,arc148_c,C,Lights Out on Tree,C. Lights Out on Tree,1488.0,2161,"['tree', 'xor', 'greedy', 'counting', 'subtree']",5,https://atcoder.jp/contests/arc148/tasks/arc148_c,50.785,,,
atcoder,arc,arc148,AtCoder Regular Contest 148,2022,1662897600,arc148_d,D,mod M Game,D. mod M Game,2009.0,1422,"['game theory', 'modular arithmetic', 'perfect matching', 'graph theory', 'parity', 'constructive']",6,https://atcoder.jp/contests/arc148/tasks/arc148_d,59.871,,,
atcoder,arc,arc148,AtCoder Regular Contest 148,2022,1662897600,arc148_e,E,≥ K,E. ≥ K,2785.0,836,"['combinatorics', 'array', 'stars and bars', 'binomial coefficient', 'greedy', 'modular arithmetic', 'permutation']",7,https://atcoder.jp/contests/arc148/tasks/arc148_e,73.404,,,
atcoder,arc,arc148,AtCoder Regular Contest 148,2022,1662897600,arc148_f,F,998244353 → 1000000007,F. 998244353 → 1000000007,3621.0,220,"['modular arithmetic', 'number theory', 'modular inverse', 'integer overflow', 'implementation', 'constructive']",6,https://atcoder.jp/contests/arc148/tasks/arc148_f,87.984,,,
atcoder,arc,arc149,AtCoder Regular Contest 149,2022,1664712000,arc149_a,A,Repdigit Number,A. Repdigit Number,878.0,3523,"['number theory', 'modular arithmetic', 'math', 'iteration', 'divisibility']",5,https://atcoder.jp/contests/arc149/tasks/arc149_a,40.146,,,
atcoder,arc,arc149,AtCoder Regular Contest 149,2022,1664712000,arc149_b,B,Two LIS Sum,B. Two LIS Sum,983.0,2956,"['greedy', 'lis', 'dp', 'binary search', 'constructive']",5,https://atcoder.jp/contests/arc149/tasks/arc149_b,41.978,,,
atcoder,arc,arc149,AtCoder Regular Contest 149,2022,1664712000,arc149_c,C,Avoid Prime Sum,C. Avoid Prime Sum,1415.0,1997,"['constructive', 'number theory', 'parity', 'prime numbers', 'grid', 'case work']",6,https://atcoder.jp/contests/arc149/tasks/arc149_c,49.512,,,
atcoder,arc,arc149,AtCoder Regular Contest 149,2022,1664712000,arc149_d,D,Simultaneous Sugoroku,D. Simultaneous Sugoroku,2991.0,653,"['dsu', 'simulation', 'interval']",3,https://atcoder.jp/contests/arc149/tasks/arc149_d,76.997,,,
atcoder,arc,arc149,AtCoder Regular Contest 149,2022,1664712000,arc149_e,E,Sliding Window Sort,E. Sliding Window Sort,3188.0,368,"['combinatorics', 'simulation', 'prefix', 'permutation', 'case work', 'greedy']",6,https://atcoder.jp/contests/arc149/tasks/arc149_e,80.433,,,
atcoder,arc,arc149,AtCoder Regular Contest 149,2022,1664712000,arc149_f,F,Rational Number System,F. Rational Number System,3583.0,94,"['base representation', 'trie', 'dfs', 'subtree', 'lexicographical', 'search']",6,https://atcoder.jp/contests/arc149/tasks/arc149_f,87.321,,,
atcoder,arc,arc150,AtCoder Regular Contest 150,2022,1665316800,arc150_a,A,Continuous 1,A. Continuous 1,952.0,3367,"['string', 'sliding window', 'prefix sum', 'ad hoc']",4,https://atcoder.jp/contests/arc150/tasks/arc150_a,41.437,,,
atcoder,arc,arc150,AtCoder Regular Contest 150,2022,1665316800,arc150_b,B,Make Divisible,B. Make Divisible,1466.0,2222,"['number theory', 'greedy', 'sqrt decomposition', 'divisors']",4,https://atcoder.jp/contests/arc150/tasks/arc150_b,50.401,,,
atcoder,arc,arc150,AtCoder Regular Contest 150,2022,1665316800,arc150_c,C,Path and Subsequence,C. Path and Subsequence,1802.0,1718,"['graph theory', '0-1 bfs', 'subsequence', 'shortest path', 'greedy']",5,https://atcoder.jp/contests/arc150/tasks/arc150_c,56.261,,,
atcoder,arc,arc150,AtCoder Regular Contest 150,2022,1665316800,arc150_d,D,Removing Gacha,D. Removing Gacha,2407.0,1254,"['tree', 'expectation', 'harmonic series', 'modular arithmetic', 'randomization']",5,https://atcoder.jp/contests/arc150/tasks/arc150_d,66.812,,,
atcoder,arc,arc150,AtCoder Regular Contest 150,2022,1665316800,arc150_e,E,Weathercock,E. Weathercock,3466.0,236,"['prefix sum', 'observation', 'case work', 'counting', 'simulation']",5,https://atcoder.jp/contests/arc150/tasks/arc150_e,85.281,,,
atcoder,arc,arc150,AtCoder Regular Contest 150,2022,1665316800,arc150_f,F,Constant Sum Subsequence,F. Constant Sum Subsequence,3432.0,326,"['dp', 'dp optimization', 'greedy', 'subsequence', 'periodicity']",5,https://atcoder.jp/contests/arc150/tasks/arc150_f,84.688,,,
atcoder,arc,arc151,AtCoder Regular Contest 151,2022,1665921600,arc151_a,A,Equal Hamming Distances,A. Equal Hamming Distances,355.0,3927,"['greedy', 'constructive', 'hamming distance', 'binary string', 'case work']",5,https://atcoder.jp/contests/arc151/tasks/arc151_a,31.025,,,
atcoder,arc,arc151,AtCoder Regular Contest 151,2022,1665921600,arc151_b,B,A < AP,B. A < AP,1333.0,2511,"['combinatorics', 'dsu', 'permutation', 'counting', 'lexicographical']",5,https://atcoder.jp/contests/arc151/tasks/arc151_b,48.082,,,
atcoder,arc,arc151,AtCoder Regular Contest 151,2022,1665921600,arc151_c,C,01 Game,C. 01 Game,1940.0,1524,"['game theory', 'sprague grundy', 'nim', 'xor', 'segment', 'impartial game']",6,https://atcoder.jp/contests/arc151/tasks/arc151_c,58.668,,,
atcoder,arc,arc151,AtCoder Regular Contest 151,2022,1665921600,arc151_d,D,Binary Representations and Queries,D. Binary Representations and Queries,2282.0,842,"['fwht', 'mobius inversion', 'matrix', 'bit manipulation', 'high dimensional prefix sum']",5,https://atcoder.jp/contests/arc151/tasks/arc151_d,64.632,,,
atcoder,arc,arc151,AtCoder Regular Contest 151,2022,1665921600,arc151_e,E,Keep Being Substring,E. Keep Being Substring,2713.0,677,"['suffix array', 'lcp', 'substring', 'bfs', 'shortest path', 'graph', 'string matching', 'greedy']",8,https://atcoder.jp/contests/arc151/tasks/arc151_e,72.149,,,
atcoder,arc,arc151,AtCoder Regular Contest 151,2022,1665921600,arc151_f,F,RGB Card Game,F. RGB Card Game,3744.0,104,"['game theory', 'minimax', 'case work']",3,https://atcoder.jp/contests/arc151/tasks/arc151_f,90.129,,,
atcoder,arc,arc152,AtCoder Regular Contest 152,2022,1668945600,arc152_a,A,Seat Occupation,A. Seat Occupation,269.0,3965,"['greedy', 'simulation', 'complexity analysis', 'ad hoc']",4,https://atcoder.jp/contests/arc152/tasks/arc152_a,29.526,,,
atcoder,arc,arc152,AtCoder Regular Contest 152,2022,1668945600,arc152_b,B,Pass on Path,B. Pass on Path,1628.0,1550,"['greedy', 'math', 'two pointer', 'implementation']",4,https://atcoder.jp/contests/arc152/tasks/arc152_b,53.226,,,
atcoder,arc,arc152,AtCoder Regular Contest 152,2022,1668945600,arc152_c,C,Pivot,C. Pivot,2081.0,1273,"['number theory', 'gcd', 'invariant', 'optimization']",4,https://atcoder.jp/contests/arc152/tasks/arc152_c,61.127,,,
atcoder,arc,arc152,AtCoder Regular Contest 152,2022,1668945600,arc152_d,D,Halftree,D. Halftree,2381.0,819,"['constructive', 'graph theory', 'tree', 'modular arithmetic', 'dsu']",5,https://atcoder.jp/contests/arc152/tasks/arc152_d,66.359,,,
atcoder,arc,arc152,AtCoder Regular Contest 152,2022,1668945600,arc152_e,E,Xor Annihilation,E. Xor Annihilation,2990.0,371,"['xor', 'prefix xor', 'bit manipulation', 'bit', 'combinatorics', 'counting']",6,https://atcoder.jp/contests/arc152/tasks/arc152_e,76.979,,,
atcoder,arc,arc152,AtCoder Regular Contest 152,2022,1668945600,arc152_f,F,Attraction on Tree,F. Attraction on Tree,3664.0,199,"['dp on trees', 'greedy', 'dfs', 'tree', 'path', 'constructive']",6,https://atcoder.jp/contests/arc152/tasks/arc152_f,88.734,,,
atcoder,arc,arc153,AtCoder Regular Contest 153,2023,1673697600,arc153_a,A,AABCDDEFE,A. AABCDDEFE,-259.0,5530,"['combinatorics', 'constructive', 'digit', 'counting']",4,https://atcoder.jp/contests/arc153/tasks/arc153_a,20.317,,,
atcoder,arc,arc153,AtCoder Regular Contest 153,2023,1673697600,arc153_b,B,Grid Rotations,B. Grid Rotations,1369.0,2285,"['grid', 'coordinate geometry', 'simulation', 'dimension', 'modular arithmetic']",5,https://atcoder.jp/contests/arc153/tasks/arc153_b,48.709,,,
atcoder,arc,arc153,AtCoder Regular Contest 153,2023,1673697600,arc153_c,C,± Increasing Sequence,C. ± Increasing Sequence,1960.0,1393,"['constructive', 'prefix sum', 'greedy']",3,https://atcoder.jp/contests/arc153/tasks/arc153_c,59.016,,,
atcoder,arc,arc153,AtCoder Regular Contest 153,2023,1673697600,arc153_d,D,Sum of Sum of Digits,D. Sum of Sum of Digits,2664.0,693,"['digit dp', 'math', 'dp', 'greedy', 'prefix sum']",5,https://atcoder.jp/contests/arc153/tasks/arc153_d,71.294,,,
atcoder,arc,arc153,AtCoder Regular Contest 153,2023,1673697600,arc153_e,E,Deque Minimization,E. Deque Minimization,3276.0,216,"['dp', 'convolution', 'deque', 'greedy', 'combinatorics']",5,https://atcoder.jp/contests/arc153/tasks/arc153_e,81.967,,,
atcoder,arc,arc153,AtCoder Regular Contest 153,2023,1673697600,arc153_f,F,Tri-Colored Paths,F. Tri-Colored Paths,3597.0,278,"['counting', 'biconnected components', 'block cut tree', 'articulation points', 'combinatorics', 'case work', 'graph theory', 'cycle']",8,https://atcoder.jp/contests/arc153/tasks/arc153_f,87.565,,,
atcoder,arc,arc154,AtCoder Regular Contest 154,2023,1674388800,arc154_a,A,Swap Digit,A. Swap Digit,364.0,3654,"['greedy', 'math', 'digit', 'modular arithmetic', 'constructive']",5,https://atcoder.jp/contests/arc154/tasks/arc154_a,31.182,,,
atcoder,arc,arc154,AtCoder Regular Contest 154,2023,1674388800,arc154_b,B,New Place,B. New Place,1027.0,2830,"['greedy', 'string', 'suffix']",3,https://atcoder.jp/contests/arc154/tasks/arc154_b,42.745,,,
atcoder,arc,arc154,AtCoder Regular Contest 154,2023,1674388800,arc154_c,C,Roller,C. Roller,1881.0,1284,"['greedy', 'circular array', 'subsequence', 'array', 'compression']",5,https://atcoder.jp/contests/arc154/tasks/arc154_c,57.639,,,
atcoder,arc,arc154,AtCoder Regular Contest 154,2023,1674388800,arc154_d,D,A + B > C ?,D. A + B > C ?,2265.0,1279,"['interactive', 'search', 'merge sort', 'sorting', 'permutation']",5,https://atcoder.jp/contests/arc154/tasks/arc154_d,64.336,,,
atcoder,arc,arc154,AtCoder Regular Contest 154,2023,1674388800,arc154_e,E,Reverse and Inversion,E. Reverse and Inversion,3506.0,487,"['combinatorics', 'expectation', 'dp', 'matrix', 'permutation', 'symmetry', 'probability']",7,https://atcoder.jp/contests/arc154/tasks/arc154_e,85.978,,,
atcoder,arc,arc154,AtCoder Regular Contest 154,2023,1674388800,arc154_f,F,Dice Game,F. Dice Game,3616.0,129,"['generating function', 'polynomial', 'fft', 'divide and conquer', 'expectation', 'coupon collector problem', 'modular arithmetic']",7,https://atcoder.jp/contests/arc154/tasks/arc154_f,87.897,,,
atcoder,arc,arc155,AtCoder Regular Contest 155,2023,1674993600,arc155_a,A,ST and TS  Palindrome,A. ST and TS  Palindrome,1548.0,1792,"['string', 'palindrome', 'constructive', 'string reversal', 'case work']",5,https://atcoder.jp/contests/arc155/tasks/arc155_a,51.831,,,
atcoder,arc,arc155,AtCoder Regular Contest 155,2023,1674993600,arc155_b,B,Abs Abs Function,B. Abs Abs Function,1565.0,1705,"['observation', 'data structure', 'balanced bst', 'range query', 'search']",5,https://atcoder.jp/contests/arc155/tasks/arc155_b,52.128,,,
atcoder,arc,arc155,AtCoder Regular Contest 155,2023,1674993600,arc155_c,C,Even Sum Triplet,C. Even Sum Triplet,2219.0,1038,"['parity', 'case work', 'permutation', 'invariant', 'constructive']",5,https://atcoder.jp/contests/arc155/tasks/arc155_c,63.533,,,
atcoder,arc,arc155,AtCoder Regular Contest 155,2023,1674993600,arc155_d,D,Avoid Coprime Game,D. Avoid Coprime Game,3001.0,475,"['game theory', 'dp', 'number theory', 'gcd', 'mobius inversion', 'inclusion exclusion', 'divisors', 'sprague grundy']",8,https://atcoder.jp/contests/arc155/tasks/arc155_d,77.171,,,
atcoder,arc,arc155,AtCoder Regular Contest 155,2023,1674993600,arc155_e,E,Split and Square,E. Split and Square,3513.0,227,"['xor basis', 'gaussian elimination', 'linear algebra']",3,https://atcoder.jp/contests/arc155/tasks/arc155_e,86.1,,,
atcoder,arc,arc155,AtCoder Regular Contest 155,2023,1674993600,arc155_f,F,Directable as Desired,F. Directable as Desired,,97,"['combinatorics', 'prufer sequence', 'tree', 'graph', 'divide and conquer ntt', 'generating function']",6,https://atcoder.jp/contests/arc155/tasks/arc155_f,,,,
atcoder,arc,arc156,AtCoder Regular Contest 156,2023,1676721600,arc156_a,A,Non-Adjacent Flip,A. Non-Adjacent Flip,510.0,3918,"['greedy', 'case work', 'parity', 'constructive']",4,https://atcoder.jp/contests/arc156/tasks/arc156_a,33.729,,,
atcoder,arc,arc156,AtCoder Regular Contest 156,2023,1676721600,arc156_b,B,Mex on Blackboard,B. Mex on Blackboard,1415.0,2199,"['combinatorics', 'mex', 'counting', 'multiset']",4,https://atcoder.jp/contests/arc156/tasks/arc156_b,49.512,,,
atcoder,arc,arc156,AtCoder Regular Contest 156,2023,1676721600,arc156_c,C,Tree and LCS,C. Tree and LCS,2155.0,1182,"['tree', 'constructive', 'greedy', 'permutation']",4,https://atcoder.jp/contests/arc156/tasks/arc156_c,62.417,,,
atcoder,arc,arc156,AtCoder Regular Contest 156,2023,1676721600,arc156_d,D,Xor Sum 5,D. Xor Sum 5,2568.0,788,"['xor', 'lucas theorem', 'digit dp', 'bit manipulation', 'combinatorics', 'parity']",6,https://atcoder.jp/contests/arc156/tasks/arc156_d,69.62,,,
atcoder,arc,arc156,AtCoder Regular Contest 156,2023,1676721600,arc156_e,E,Non-Adjacent Matching,E. Non-Adjacent Matching,3650.0,191,"['dp', 'inclusion exclusion', 'generating function', 'combinatorics', 'degree']",5,https://atcoder.jp/contests/arc156/tasks/arc156_e,88.49,,,
atcoder,arc,arc156,AtCoder Regular Contest 156,2023,1676721600,arc156_f,F,Make Same Set,F. Make Same Set,4011.0,265,"['max flow', 'dinic', 'min cut', 'graph', 'flow']",5,https://atcoder.jp/contests/arc156/tasks/arc156_f,94.785,,,
atcoder,arc,arc157,AtCoder Regular Contest 157,2023,1677326400,arc157_a,A,XXYYX,A. XXYYX,344.0,4232,"['constructive', 'combinatorics', 'case work', 'ad hoc', 'string']",5,https://atcoder.jp/contests/arc157/tasks/arc157_a,30.834,,,
atcoder,arc,arc157,AtCoder Regular Contest 157,2023,1677326400,arc157_b,B,XYYYX,B. XYYYX,1529.0,1933,"['greedy', 'string', 'case work', 'optimization', 'counting']",5,https://atcoder.jp/contests/arc157/tasks/arc157_b,51.5,,,
atcoder,arc,arc157,AtCoder Regular Contest 157,2023,1677326400,arc157_c,C,YY Square,C. YY Square,1802.0,1604,"['dp', 'dp on grids', 'sum', 'combinatorics', 'path']",5,https://atcoder.jp/contests/arc157/tasks/arc157_c,56.261,,,
atcoder,arc,arc157,AtCoder Regular Contest 157,2023,1677326400,arc157_d,D,YY Garden,D. YY Garden,2435.0,775,"['combinatorics', 'prefix sum', 'grid', 'counting', 'divisors']",5,https://atcoder.jp/contests/arc157/tasks/arc157_d,67.3,,,
atcoder,arc,arc157,AtCoder Regular Contest 157,2023,1677326400,arc157_e,E,XXYX Binary Tree,E. XXYX Binary Tree,2877.0,642,"['dp on trees', 'independent set', 'binary tree', 'dp']",4,https://atcoder.jp/contests/arc157/tasks/arc157_e,75.009,,,
atcoder,arc,arc157,AtCoder Regular Contest 157,2023,1677326400,arc157_f,F,XY Ladder LCS,F. XY Ladder LCS,3517.0,250,"['dp', 'lcs', 'string', 'constructive', 'greedy']",5,https://atcoder.jp/contests/arc157/tasks/arc157_f,86.17,,,
atcoder,arc,arc158,AtCoder Regular Contest 158,2023,1678622400,arc158_a,A,+3 +5 +7,A. +3 +5 +7,720.0,3388,"['number theory', 'parity', 'invariant', 'math', 'greedy']",5,https://atcoder.jp/contests/arc158/tasks/arc158_a,37.391,,,
atcoder,arc,arc158,AtCoder Regular Contest 158,2023,1678622400,arc158_b,B,Sum-Product Ratio,B. Sum-Product Ratio,1446.0,2125,"['math', 'sorting', 'greedy', 'combinatorics', 'enumeration']",5,https://atcoder.jp/contests/arc158/tasks/arc158_b,50.052,,,
atcoder,arc,arc158,AtCoder Regular Contest 158,2023,1678622400,arc158_c,C,All Pair Digit Sums,C. All Pair Digit Sums,1875.0,1769,"['digit sum', 'counting', 'sorting', 'binary search', 'two pointer', 'observation']",6,https://atcoder.jp/contests/arc158/tasks/arc158_c,57.534,,,
atcoder,arc,arc158,AtCoder Regular Contest 158,2023,1678622400,arc158_d,D,Equation,D. Equation,2893.0,797,"['number theory', 'modular arithmetic', 'constructive', 'finite field', 'optimization']",5,https://atcoder.jp/contests/arc158/tasks/arc158_d,75.288,,,
atcoder,arc,arc158,AtCoder Regular Contest 158,2023,1678622400,arc158_e,E,All Pair Shortest Paths,E. All Pair Shortest Paths,2641.0,582,"['divide and conquer', 'dp', '2d partial order', 'binary indexed tree', 'shortest path', 'deque optimization']",6,https://atcoder.jp/contests/arc158/tasks/arc158_e,70.893,,,
atcoder,arc,arc158,AtCoder Regular Contest 158,2023,1678622400,arc158_f,F,Random Radix Sort,F. Random Radix Sort,3500.0,196,"['combinatorics', 'dp', 'subset dp', 'sorting', 'stirling numbers', 'counting', 'bitmask dp', 'inclusion exclusion']",8,https://atcoder.jp/contests/arc158/tasks/arc158_f,85.874,,,
atcoder,arc,arc159,AtCoder Regular Contest 159,2023,1680955200,arc159_a,A,Copy and Paste Graph,A. Copy and Paste Graph,698.0,3239,"['directed graph', 'shortest path', 'bfs', 'matrix', 'modular arithmetic']",5,https://atcoder.jp/contests/arc159/tasks/arc159_a,37.007,,,
atcoder,arc,arc159,AtCoder Regular Contest 159,2023,1680955200,arc159_b,B,GCD Subtraction,B. GCD Subtraction,1438.0,2295,"['number theory', 'gcd', 'divisors', 'prime factorization', 'simulation', 'modular arithmetic']",6,https://atcoder.jp/contests/arc159/tasks/arc159_b,49.913,,,
atcoder,arc,arc159,AtCoder Regular Contest 159,2023,1680955200,arc159_c,C,Permutation Addition,C. Permutation Addition,2304.0,976,"['constructive', 'number theory', 'modular arithmetic', 'permutation', 'invariant', 'greedy']",6,https://atcoder.jp/contests/arc159/tasks/arc159_c,65.016,,,
atcoder,arc,arc159,AtCoder Regular Contest 159,2023,1680955200,arc159_d,D,LIS 2,D. LIS 2,2056.0,1342,"['lis', 'dp', 'segment tree', 'coordinate compression', 'binary indexed tree']",5,https://atcoder.jp/contests/arc159/tasks/arc159_d,60.691,,,
atcoder,arc,arc159,AtCoder Regular Contest 159,2023,1680955200,arc159_e,E,Difference Sum Query,E. Difference Sum Query,3229.0,173,"['binary search tree', 'virtual tree', 'divide and conquer', 'depth', 'binary search', 'recursion']",6,https://atcoder.jp/contests/arc159/tasks/arc159_e,81.148,,,
atcoder,arc,arc159,AtCoder Regular Contest 159,2023,1680955200,arc159_f,F,Good Division,F. Good Division,3250.0,365,"['dp', 'divide and conquer', 'cdq divide and conquer', 'inclusion exclusion', 'search', 'prefix sum']",6,https://atcoder.jp/contests/arc159/tasks/arc159_f,81.514,,,
atcoder,arc,arc160,AtCoder Regular Contest 160,2023,1684065600,arc160_a,A,Reverse and Count,A. Reverse and Count,1275.0,1934,"['greedy', 'constructive', 'combinatorics', 'counting', 'array']",5,https://atcoder.jp/contests/arc160/tasks/arc160_a,47.07,,,
atcoder,arc,arc160,AtCoder Regular Contest 160,2023,1684065600,arc160_b,B,Triple Pair,B. Triple Pair,1275.0,2052,"['number theory', 'case work', 'sqrt decomposition', 'combinatorics', 'enumeration']",5,https://atcoder.jp/contests/arc160/tasks/arc160_b,47.07,,,
atcoder,arc,arc160,AtCoder Regular Contest 160,2023,1684065600,arc160_c,C,Power Up,C. Power Up,1861.0,1391,"['dp', 'prefix sum', 'combinatorics', 'counting']",4,https://atcoder.jp/contests/arc160/tasks/arc160_c,57.29,,,
atcoder,arc,arc160,AtCoder Regular Contest 160,2023,1684065600,arc160_d,D,Mahjong,D. Mahjong,2485.0,878,"['combinatorics', 'inclusion exclusion', 'stars and bars', 'modular arithmetic']",4,https://atcoder.jp/contests/arc160/tasks/arc160_d,68.172,,,
atcoder,arc,arc160,AtCoder Regular Contest 160,2023,1684065600,arc160_e,E,Make Biconnected,E. Make Biconnected,3284.0,243,"['graph theory', 'tree', 'biconnected components', 'graph', 'euler tour', 'dfs', 'lca', 'greedy', 'case work']",9,https://atcoder.jp/contests/arc160/tasks/arc160_e,82.107,,,
atcoder,arc,arc160,AtCoder Regular Contest 160,2023,1684065600,arc160_f,F,Count Sorted Arrays,F. Count Sorted Arrays,3202.0,332,"['bitmask dp', 'permutation', 'inversion counting', 'path', 'amortized analysis']",5,https://atcoder.jp/contests/arc160/tasks/arc160_f,80.677,,,
atcoder,arc,arc161,AtCoder Regular Contest 161,2023,1685275200,arc161_a,A,Make M,A. Make M,265.0,3627,"['constructive', 'greedy', 'counting', 'combinatorics']",4,https://atcoder.jp/contests/arc161/tasks/arc161_a,29.456,,,
atcoder,arc,arc161,AtCoder Regular Contest 161,2023,1685275200,arc161_b,B,Exactly Three Bits,B. Exactly Three Bits,563.0,3088,"['bit manipulation', 'base representation', 'constructive', 'greedy']",4,https://atcoder.jp/contests/arc161/tasks/arc161_b,34.653,,,
atcoder,arc,arc161,AtCoder Regular Contest 161,2023,1685275200,arc161_c,C,Dyed by Majority (Odd Tree),C. Dyed by Majority (Odd Tree),1746.0,1318,"['tree', 'dfs', 'greedy', 'constructive', 'dp']",5,https://atcoder.jp/contests/arc161/tasks/arc161_c,55.284,,,
atcoder,arc,arc161,AtCoder Regular Contest 161,2023,1685275200,arc161_d,D,Everywhere is Sparser than Whole (Construction),D. Everywhere is Sparser than Whole (Construction),1379.0,1656,"['graph theory', 'constructive', 'combinatorics', 'graph', 'subgraph']",5,https://atcoder.jp/contests/arc161/tasks/arc161_d,48.884,,,
atcoder,arc,arc161,AtCoder Regular Contest 161,2023,1685275200,arc161_e,E,Not Dyed by Majority (Cubic Graph),E. Not Dyed by Majority (Cubic Graph),3136.0,400,"['2-sat', 'randomization', 'graph theory', 'constructive', 'graph']",5,https://atcoder.jp/contests/arc161/tasks/arc161_e,79.526,,,
atcoder,arc,arc161,AtCoder Regular Contest 161,2023,1685275200,arc161_f,F,Everywhere is Sparser than Whole (Judge),F. Everywhere is Sparser than Whole (Judge),3106.0,350,"['bipartite matching', 'max flow', 'scc', 'matching', 'hall theorem', 'dinic', 'hopcroft karp', 'graph']",8,https://atcoder.jp/contests/arc161/tasks/arc161_f,79.002,,,
atcoder,arc,arc162,AtCoder Regular Contest 162,2023,1687089600,arc162_a,A,Ekiden Race,A. Ekiden Race,446.0,3090,"['constructive', 'permutation', 'greedy', 'ad hoc', 'implementation']",5,https://atcoder.jp/contests/arc162/tasks/arc162_a,32.612,,,
atcoder,arc,arc162,AtCoder Regular Contest 162,2023,1687089600,arc162_b,B,Insertion Sort 2,B. Insertion Sort 2,1124.0,2039,"['constructive', 'greedy', 'permutation', 'sorting', 'implementation', 'ad hoc']",6,https://atcoder.jp/contests/arc162/tasks/arc162_b,44.437,,,
atcoder,arc,arc162,AtCoder Regular Contest 162,2023,1687089600,arc162_c,C,Mex Game on Tree,C. Mex Game on Tree,1655.0,1546,"['game theory', 'tree', 'mex', 'subtree', 'greedy']",5,https://atcoder.jp/contests/arc162/tasks/arc162_c,53.697,,,
atcoder,arc,arc162,AtCoder Regular Contest 162,2023,1687089600,arc162_d,D,Smallest Vertices,D. Smallest Vertices,2568.0,611,"['dp on trees', 'combinatorics', 'prufer sequence', 'dp', 'counting']",5,https://atcoder.jp/contests/arc162/tasks/arc162_d,69.62,,,
atcoder,arc,arc162,AtCoder Regular Contest 162,2023,1687089600,arc162_e,E,Strange Constraints,E. Strange Constraints,2780.0,637,"['dp', 'combinatorics', 'counting']",3,https://atcoder.jp/contests/arc162/tasks/arc162_e,73.317,,,
atcoder,arc,arc162,AtCoder Regular Contest 162,2023,1687089600,arc162_f,F,Montage,F. Montage,3190.0,380,"['dp', 'combinatorics', 'prefix sum', '2d dp', 'matrix', 'binomial coefficient']",6,https://atcoder.jp/contests/arc162/tasks/arc162_f,80.467,,,
atcoder,arc,arc163,AtCoder Regular Contest 163,2023,1688299200,arc163_a,A,Divide String,A. Divide String,373.0,3869,"['string', 'lexicographical', 'constructive', 'ad hoc']",4,https://atcoder.jp/contests/arc163/tasks/arc163_a,31.339,,,
atcoder,arc,arc163,AtCoder Regular Contest 163,2023,1688299200,arc163_b,B,Favorite Game,B. Favorite Game,936.0,3169,"['greedy', 'sorting', 'optimization']",3,https://atcoder.jp/contests/arc163/tasks/arc163_b,41.158,,,
atcoder,arc,arc163,AtCoder Regular Contest 163,2023,1688299200,arc163_c,C,Harmonic Mean,C. Harmonic Mean,1711.0,1915,"['constructive', 'math', 'fractions', 'case work', 'number theory']",5,https://atcoder.jp/contests/arc163/tasks/arc163_c,54.674,,,
atcoder,arc,arc163,AtCoder Regular Contest 163,2023,1688299200,arc163_d,D,Sum of SCC,D. Sum of SCC,2581.0,1012,"['dp', 'tournament graph', 'scc', 'combinatorics', 'counting']",5,https://atcoder.jp/contests/arc163/tasks/arc163_d,69.847,,,
atcoder,arc,arc163,AtCoder Regular Contest 163,2023,1688299200,arc163_e,E,Chmin XOR Game,E. Chmin XOR Game,3338.0,198,"['game theory', 'bit manipulation', 'xor', 'sprague grundy', 'linear algebra', 'ranking', 'induction']",7,https://atcoder.jp/contests/arc163/tasks/arc163_e,83.048,,,
atcoder,arc,arc163,AtCoder Regular Contest 163,2023,1688299200,arc163_f,F,Many Increasing Problems,F. Many Increasing Problems,3295.0,105,"['combinatorics', 'counting', 'slope trick', 'catalan numbers', 'polynomial', 'generating function', 'contribution counting', 'bit manipulation']",8,https://atcoder.jp/contests/arc163/tasks/arc163_f,82.299,,,
atcoder,arc,arc164,AtCoder Regular Contest 164,2023,1688904000,arc164_a,A,Ternary Decomposition,A. Ternary Decomposition,532.0,4227,"['base representation', 'digit sum', 'number theory', 'greedy', 'parity']",5,https://atcoder.jp/contests/arc164/tasks/arc164_a,34.112,,,
atcoder,arc,arc164,AtCoder Regular Contest 164,2023,1688904000,arc164_b,B,Switching Travel,B. Switching Travel,1189.0,2863,"['graph theory', 'bipartite graph', 'connected components', 'dsu', 'cycle']",5,https://atcoder.jp/contests/arc164/tasks/arc164_b,45.57,,,
atcoder,arc,arc164,AtCoder Regular Contest 164,2023,1688904000,arc164_c,C,Reversible Card Game,C. Reversible Card Game,1199.0,2703,"['game theory', 'greedy', 'priority queue']",3,https://atcoder.jp/contests/arc164/tasks/arc164_c,45.745,,,
atcoder,arc,arc164,AtCoder Regular Contest 164,2023,1688904000,arc164_d,D,1D Coulomb,D. 1D Coulomb,1963.0,1244,"['counting', 'dp', 'combinatorics', 'greedy']",4,https://atcoder.jp/contests/arc164/tasks/arc164_d,59.069,,,
atcoder,arc,arc164,AtCoder Regular Contest 164,2023,1688904000,arc164_e,E,Segment-Tree Optimization,E. Segment-Tree Optimization,2651.0,561,"['segment tree', 'interval dp', 'dp', 'greedy', 'knuth optimization', 'hashing']",6,https://atcoder.jp/contests/arc164/tasks/arc164_e,71.067,,,
atcoder,arc,arc164,AtCoder Regular Contest 164,2023,1688904000,arc164_f,F,Subtree Reversi,F. Subtree Reversi,3486.0,219,"['game theory', 'greedy', 'tree', 'parity', 'priority queue']",5,https://atcoder.jp/contests/arc164/tasks/arc164_f,85.63,,,
atcoder,arc,arc165,AtCoder Regular Contest 165,2023,1694952000,arc165_a,A,Sum equals LCM,A. Sum equals LCM,275.0,3893,"['number theory', 'prime factorization', 'constructive', 'lcm', 'gcd']",5,https://atcoder.jp/contests/arc165/tasks/arc165_a,29.63,,,
atcoder,arc,arc165,AtCoder Regular Contest 165,2023,1694952000,arc165_b,B,Sliding Window Sort 2,B. Sliding Window Sort 2,1364.0,2050,"['greedy', 'sliding window', 'lexicographical', 'permutation', 'implementation']",5,https://atcoder.jp/contests/arc165/tasks/arc165_b,48.622,,,
atcoder,arc,arc165,AtCoder Regular Contest 165,2023,1694952000,arc165_c,C,Social Distance on Graph,C. Social Distance on Graph,1743.0,1797,"['binary search', 'bipartite graph', 'dsu', 'graph coloring', 'graph theory']",5,https://atcoder.jp/contests/arc165/tasks/arc165_c,55.232,,,
atcoder,arc,arc165,AtCoder Regular Contest 165,2023,1694952000,arc165_d,D,Substring Comparison,D. Substring Comparison,2589.0,753,"['lexicographical', 'graph theory', 'scc', 'dsu', 'constraint']",5,https://atcoder.jp/contests/arc165/tasks/arc165_d,69.986,,,
atcoder,arc,arc165,AtCoder Regular Contest 165,2023,1694952000,arc165_e,E,Random Isolation,E. Random Isolation,2783.0,770,"['dp on trees', 'expectation', 'probability', 'combinatorics', 'subtree', 'permutation']",6,https://atcoder.jp/contests/arc165/tasks/arc165_e,73.369,,,
atcoder,arc,arc165,AtCoder Regular Contest 165,2023,1694952000,arc165_f,F,Make Adjacent,F. Make Adjacent,3235.0,406,"['greedy', 'inversion counting', 'constructive', 'data structure', 'lexicographical']",5,https://atcoder.jp/contests/arc165/tasks/arc165_f,81.252,,,
atcoder,arc,arc166,AtCoder Regular Contest 166,2023,1696766400,arc166_a,A,Replace C or Swap AB,A. Replace C or Swap AB,1126.0,2406,"['string', 'greedy', 'ad hoc', 'implementation']",4,https://atcoder.jp/contests/arc166/tasks/arc166_a,44.472,,,
atcoder,arc,arc166,AtCoder Regular Contest 166,2023,1696766400,arc166_b,B,Make Multiples,B. Make Multiples,1134.0,2449,"['dp', 'bitmask dp', 'number theory', 'lcm', 'modular arithmetic']",5,https://atcoder.jp/contests/arc166/tasks/arc166_b,44.611,,,
atcoder,arc,arc166,AtCoder Regular Contest 166,2023,1696766400,arc166_c,C,LU / RD Marking,C. LU / RD Marking,1813.0,1450,"['combinatorics', 'dp', 'fibonacci', 'grid', 'modular arithmetic', 'precomputation', 'modular exponentiation']",7,https://atcoder.jp/contests/arc166/tasks/arc166_c,56.453,,,
atcoder,arc,arc166,AtCoder Regular Contest 166,2023,1696766400,arc166_d,D,Interval Counts,D. Interval Counts,2192.0,873,"['binary search', 'greedy', 'constructive', 'interval']",4,https://atcoder.jp/contests/arc166/tasks/arc166_d,63.062,,,
atcoder,arc,arc166,AtCoder Regular Contest 166,2023,1696766400,arc166_e,E,Fizz Buzz Difference,E. Fizz Buzz Difference,3279.0,146,"['number theory', 'gcd', 'modular arithmetic', 'math', 'stern brocot tree', 'floor sum', 'optimization']",7,https://atcoder.jp/contests/arc166/tasks/arc166_e,82.02,,,
atcoder,arc,arc166,AtCoder Regular Contest 166,2023,1696766400,arc166_f,F,Tangent Addition Formula,F. Tangent Addition Formula,3692.0,44,"['functional equation', 'number theory', 'finite field', 'primitive root', 'discrete logarithm', 'modular arithmetic', 'case work', 'group theory']",8,https://atcoder.jp/contests/arc166/tasks/arc166_f,89.222,,,
atcoder,arc,arc167,AtCoder Regular Contest 167,2023,1697371200,arc167_a,A,Toasts for Breakfast Party,A. Toasts for Breakfast Party,3.0,4190,"['greedy', 'sorting', 'optimization']",3,https://atcoder.jp/contests/arc167/tasks/arc167_a,24.887,,,
atcoder,arc,arc167,AtCoder Regular Contest 167,2023,1697371200,arc167_b,B,Product of Divisors,B. Product of Divisors,1292.0,2496,"['prime factorization', 'number theory', 'divisors', 'modular arithmetic', 'math']",5,https://atcoder.jp/contests/arc167/tasks/arc167_b,47.367,,,
atcoder,arc,arc167,AtCoder Regular Contest 167,2023,1697371200,arc167_c,C,MST on Line++,C. MST on Line++,2388.0,797,"['minimum spanning tree', 'combinatorics', 'dp', 'contribution counting', 'graph theory']",5,https://atcoder.jp/contests/arc167/tasks/arc167_c,66.481,,,
atcoder,arc,arc167,AtCoder Regular Contest 167,2023,1697371200,arc167_d,D,Good Permutation,D. Good Permutation,2313.0,818,"['permutation', 'functional graph', 'greedy', 'dsu', 'segment tree', 'lexicographical']",6,https://atcoder.jp/contests/arc167/tasks/arc167_d,65.173,,,
atcoder,arc,arc167,AtCoder Regular Contest 167,2023,1697371200,arc167_e,E,One Square in a Triangle,E. One Square in a Triangle,3271.0,349,"['constructive', 'computational geometry', 'lattice points', 'math', 'case work', 'area calculation', 'parity']",7,https://atcoder.jp/contests/arc167/tasks/arc167_e,81.88,,,
atcoder,arc,arc167,AtCoder Regular Contest 167,2023,1697371200,arc167_f,F,Tree Tree Tree,F. Tree Tree Tree,3951.0,13,"['graph theory', 'data structure', 'combinatorics', 'expectation', 'formal power series', 'divide and conquer', 'ntt']",7,https://atcoder.jp/contests/arc167/tasks/arc167_f,93.739,,,
atcoder,arc,arc168,ALGO ARTIS プログラミングコンテスト2023 秋 （AtCoder Regular Contest 168）,2023,1700395200,arc168_a,A,<Inversion>,A. <Inversion>,64.0,3404,"['constructive', 'greedy', 'inversion', 'compression']",4,https://atcoder.jp/contests/arc168/tasks/arc168_a,25.95,,,
atcoder,arc,arc168,ALGO ARTIS プログラミングコンテスト2023 秋 （AtCoder Regular Contest 168）,2023,1700395200,arc168_b,B,Arbitrary Nim,B. Arbitrary Nim,1289.0,2059,"['game theory', 'nim', 'sprague grundy', 'xor', 'number theory']",5,https://atcoder.jp/contests/arc168/tasks/arc168_b,47.314,,,
atcoder,arc,arc168,ALGO ARTIS プログラミングコンテスト2023 秋 （AtCoder Regular Contest 168）,2023,1700395200,arc168_c,C,Swap Characters,C. Swap Characters,2071.0,1049,"['counting', 'combinatorics', 'dp', 'permutation', 'case work']",5,https://atcoder.jp/contests/arc168/tasks/arc168_c,60.952,,,
atcoder,arc,arc168,ALGO ARTIS プログラミングコンテスト2023 秋 （AtCoder Regular Contest 168）,2023,1700395200,arc168_d,D,Maximize Update,D. Maximize Update,2440.0,933,"['interval dp', 'dp', 'prefix sum', 'reversal']",4,https://atcoder.jp/contests/arc168/tasks/arc168_d,67.388,,,
atcoder,arc,arc168,ALGO ARTIS プログラミングコンテスト2023 秋 （AtCoder Regular Contest 168）,2023,1700395200,arc168_e,E,Subsegments with Large Sums,E. Subsegments with Large Sums,3001.0,582,"['wqs binary search', 'alien trick', 'dp', 'convexity', 'binary search']",5,https://atcoder.jp/contests/arc168/tasks/arc168_e,77.171,,,
atcoder,arc,arc168,ALGO ARTIS プログラミングコンテスト2023 秋 （AtCoder Regular Contest 168）,2023,1700395200,arc168_f,F,Up-Down Queries,F. Up-Down Queries,,95,"['difference array', 'segment tree', 'greedy', 'priority queue']",4,https://atcoder.jp/contests/arc168/tasks/arc168_f,,,,
atcoder,arc,arc169,estie プログラミングコンテスト2023 （AtCoder Regular Contest 169）,2023,1702123200,arc169_a,A,Please Sign,A. Please Sign,1171.0,2741,"['tree', 'dfs', 'math', 'depth']",4,https://atcoder.jp/contests/arc169/tasks/arc169_a,45.256,,,
atcoder,arc,arc169,estie プログラミングコンテスト2023 （AtCoder Regular Contest 169）,2023,1702123200,arc169_b,B,Subsegments with Small Sums,B. Subsegments with Small Sums,1387.0,2133,"['greedy', 'two pointer', 'dp', 'prefix sum']",4,https://atcoder.jp/contests/arc169/tasks/arc169_b,49.023,,,
atcoder,arc,arc169,estie プログラミングコンテスト2023 （AtCoder Regular Contest 169）,2023,1702123200,arc169_c,C,Not So Consecutive,C. Not So Consecutive,2005.0,1228,"['dp', 'prefix sum', 'counting']",3,https://atcoder.jp/contests/arc169/tasks/arc169_c,59.801,,,
atcoder,arc,arc169,estie プログラミングコンテスト2023 （AtCoder Regular Contest 169）,2023,1702123200,arc169_d,D,Add to Make a Permutation,D. Add to Make a Permutation,2812.0,408,"['greedy', 'math', 'modular arithmetic', 'constructive', 'sorting', 'number theory']",6,https://atcoder.jp/contests/arc169/tasks/arc169_d,73.875,,,
atcoder,arc,arc169,estie プログラミングコンテスト2023 （AtCoder Regular Contest 169）,2023,1702123200,arc169_e,E,Avoid Boring Matches,E. Avoid Boring Matches,3333.0,189,"['greedy', 'constructive', 'string', 'matching', 'swap']",5,https://atcoder.jp/contests/arc169/tasks/arc169_e,82.961,,,
atcoder,arc,arc169,estie プログラミングコンテスト2023 （AtCoder Regular Contest 169）,2023,1702123200,arc169_f,F,Large DP Table,F. Large DP Table,3434.0,129,"['dp', 'contribution counting', 'monotonic stack', 'combinatorics', 'dp on grids', 'suffix sum']",6,https://atcoder.jp/contests/arc169/tasks/arc169_f,84.723,,,
atcoder,arc,arc170,AtCoder Regular Contest 170,2024,1705838400,arc170_a,A,Yet Another AB Problem,A. Yet Another AB Problem,750.0,3175,"['greedy', 'balanced bracket sequence', 'string', 'constructive']",4,https://atcoder.jp/contests/arc170/tasks/arc170_a,37.914,,,
atcoder,arc,arc170,AtCoder Regular Contest 170,2024,1705838400,arc170_b,B,Arithmetic Progression Subsequence,B. Arithmetic Progression Subsequence,1180.0,2315,"['arithmetic progression', 'enumeration', 'prefix suffix', 'counting', 'optimization', 'pigeonhole principle', 'greedy']",7,https://atcoder.jp/contests/arc170/tasks/arc170_b,45.413,,,
atcoder,arc,arc170,AtCoder Regular Contest 170,2024,1705838400,arc170_c,C,Prefix Mex Sequence,C. Prefix Mex Sequence,2028.0,1600,"['dp', 'mex', 'combinatorics', 'counting']",4,https://atcoder.jp/contests/arc170/tasks/arc170_c,60.202,,,
atcoder,arc,arc170,AtCoder Regular Contest 170,2024,1705838400,arc170_d,D,Triangle Card Game,D. Triangle Card Game,2279.0,829,"['game theory', 'triangle inequality', 'sorting', 'binary search', 'case work', 'brute force']",6,https://atcoder.jp/contests/arc170/tasks/arc170_d,64.58,,,
atcoder,arc,arc170,AtCoder Regular Contest 170,2024,1705838400,arc170_e,E,BDFS,E. BDFS,3174.0,234,"['expectation', 'probability', 'combinatorics', 'binomial theorem', 'generating function', 'geometric progression', 'math', 'modular arithmetic', 'cycle graph', 'contribution counting']",10,https://atcoder.jp/contests/arc170/tasks/arc170_e,80.188,,,
atcoder,arc,arc170,AtCoder Regular Contest 170,2024,1705838400,arc170_f,F,Edge Deletion 2,F. Edge Deletion 2,3874.0,67,"['tree', 'greedy', 'lexicographical', 'algebra', 'connected components', 'data structure', 'set']",7,https://atcoder.jp/contests/arc170/tasks/arc170_f,92.396,,,
atcoder,agc,agc052,AtCoder Grand Contest 052,2021,1615118400,agc052_a,A,Long Common Subsequence,A. Long Common Subsequence,779.0,2662,"['constructive', 'combinatorics', 'string', 'subsequence']",4,https://atcoder.jp/contests/agc052/tasks/agc052_a,38.42,,,
atcoder,agc,agc052,AtCoder Grand Contest 052,2021,1615118400,agc052_b,B,Tree Edges XOR,B. Tree Edges XOR,2473.0,953,"['tree', 'xor', 'graph theory', 'invariant', 'permutation', 'edge']",6,https://atcoder.jp/contests/agc052/tasks/agc052_b,67.963,,,
atcoder,agc,agc052,AtCoder Grand Contest 052,2021,1615118400,agc052_c,C,Nondivisible Prefix Sums,C. Nondivisible Prefix Sums,2936.0,538,"['combinatorics', 'dp', 'modular arithmetic', 'prefix sum', 'dp optimization']",5,https://atcoder.jp/contests/agc052/tasks/agc052_c,76.038,,,
atcoder,agc,agc052,AtCoder Grand Contest 052,2021,1615118400,agc052_d,D,Equal LIS,D. Equal LIS,3304.0,362,"['lis', 'dp', 'greedy', 'case work', 'permutation']",5,https://atcoder.jp/contests/agc052/tasks/agc052_d,82.456,,,
atcoder,agc,agc052,AtCoder Grand Contest 052,2021,1615118400,agc052_e,E,3 Letters,E. 3 Letters,3457.0,302,"['constructive', 'greedy', 'math', 'string', 'modular arithmetic', 'invariant']",6,https://atcoder.jp/contests/agc052/tasks/agc052_e,85.124,,,
atcoder,agc,agc052,AtCoder Grand Contest 052,2021,1615118400,agc052_f,F,Tree Vertices XOR,F. Tree Vertices XOR,,51,"['dp on trees', 'xor', 'graph', 'combinatorics', 'case work', 'parity']",6,https://atcoder.jp/contests/agc052/tasks/agc052_f,,,,
atcoder,agc,agc053,AtCoder Grand Contest 053,2021,1618056000,agc053_a,A,>< again,A. >< again,1339.0,1641,"['constructive', 'greedy', 'pigeonhole principle', 'array', 'optimization']",5,https://atcoder.jp/contests/agc053/tasks/agc053_a,48.186,,,
atcoder,agc,agc053,AtCoder Grand Contest 053,2021,1618056000,agc053_b,B,Taking the middle,B. Taking the middle,1755.0,1380,"['greedy', 'constructive', 'median', 'two pointer', 'observation']",5,https://atcoder.jp/contests/agc053/tasks/agc053_b,55.441,,,
atcoder,agc,agc053,AtCoder Grand Contest 053,2021,1618056000,agc053_c,C,Random Card Game,C. Random Card Game,2878.0,348,"['probability', 'expectation', 'combinatorics', 'game theory', 'math', 'modular arithmetic']",6,https://atcoder.jp/contests/agc053/tasks/agc053_c,75.026,,,
atcoder,agc,agc053,AtCoder Grand Contest 053,2021,1618056000,agc053_d,D,Everyone is a winner,D. Everyone is a winner,3949.0,64,"['greedy', 'constructive', 'math']",3,https://atcoder.jp/contests/agc053/tasks/agc053_d,93.704,,,
atcoder,agc,agc053,AtCoder Grand Contest 053,2021,1618056000,agc053_e,E,More Peaks More Fun,E. More Peaks More Fun,4036.0,174,"['combinatorics', 'greedy', 'counting', 'binary indexed tree', 'prefix suffix', 'permutation']",6,https://atcoder.jp/contests/agc053/tasks/agc053_e,95.221,,,
atcoder,agc,agc053,AtCoder Grand Contest 053,2021,1618056000,agc053_f,F,ESPers,F. ESPers,,36,"['probability', 'combinatorics', 'expectation', 'dp']",4,https://atcoder.jp/contests/agc053/tasks/agc053_f,,,,
atcoder,agc,agc054,AtCoder Grand Contest 054,2021,1624795200,agc054_a,A,Remove Substrings,A. Remove Substrings,-62.0,3348,"['string', 'greedy', 'counting', 'implementation']",4,https://atcoder.jp/contests/agc054/tasks/agc054_a,23.753,,,
atcoder,agc,agc054,AtCoder Grand Contest 054,2021,1624795200,agc054_b,B,Greedy Division,B. Greedy Division,1710.0,1692,"['dp', 'subset sum', 'combinatorics', 'partition', 'counting']",5,https://atcoder.jp/contests/agc054/tasks/agc054_b,54.656,,,
atcoder,agc,agc054,AtCoder Grand Contest 054,2021,1624795200,agc054_c,C,Roughly Sorted,C. Roughly Sorted,1863.0,1258,"['combinatorics', 'constructive', 'math', 'inversion counting', 'permutation']",5,https://atcoder.jp/contests/agc054/tasks/agc054_c,57.325,,,
atcoder,agc,agc054,AtCoder Grand Contest 054,2021,1624795200,agc054_d,D,(ox),D. (ox),3426.0,298,"['dp', 'balanced bracket sequence', 'greedy', 'string', 'inversion counting']",5,https://atcoder.jp/contests/agc054/tasks/agc054_d,84.583,,,
atcoder,agc,agc054,AtCoder Grand Contest 054,2021,1624795200,agc054_e,E,ZigZag Break,E. ZigZag Break,3499.0,250,"['combinatorics', 'permutation', 'constructive', 'math', 'case work']",5,https://atcoder.jp/contests/agc054/tasks/agc054_e,85.856,,,
atcoder,agc,agc054,AtCoder Grand Contest 054,2021,1624795200,agc054_f,F,Decrement,F. Decrement,4300.0,51,"['min cost flow', 'dp', 'combinatorics', 'greedy', 'prefix suffix dp']",5,https://atcoder.jp/contests/agc054/tasks/agc054_f,99.826,,,
atcoder,agc,agc055,AtCoder Grand Contest 055,2021,1635681600,agc055_a,A,ABC Identity,A. ABC Identity,1348.0,1369,"['constructive', 'greedy', 'string', 'implementation']",4,https://atcoder.jp/contests/agc055/tasks/agc055_a,48.343,,,
atcoder,agc,agc055,AtCoder Grand Contest 055,2021,1635681600,agc055_b,B,ABC Supremacy,B. ABC Supremacy,2059.0,1232,"['string', 'invariant', 'stack', 'greedy']",4,https://atcoder.jp/contests/agc055/tasks/agc055_b,60.743,,,
atcoder,agc,agc055,AtCoder Grand Contest 055,2021,1635681600,agc055_c,C,Weird LIS,C. Weird LIS,2803.0,391,"['lis', 'combinatorics', 'counting', 'constructive', 'case work']",5,https://atcoder.jp/contests/agc055/tasks/agc055_c,73.718,,,
atcoder,agc,agc055,AtCoder Grand Contest 055,2021,1635681600,agc055_d,D,ABC Ultimatum,D. ABC Ultimatum,3506.0,297,"['dp', 'inclusion exclusion', 'enumeration', 'combinatorics', 'counting', 'greedy']",6,https://atcoder.jp/contests/agc055/tasks/agc055_d,85.978,,,
atcoder,agc,agc055,AtCoder Grand Contest 055,2021,1635681600,agc055_e,E,Set Merging,E. Set Merging,,112,"['permutation', 'inversion counting', 'greedy', 'constructive', 'prefix', 'suffix']",6,https://atcoder.jp/contests/agc055/tasks/agc055_e,,,,
atcoder,agc,agc055,AtCoder Grand Contest 055,2021,1635681600,agc055_f,F,Creative Splitting,F. Creative Splitting,4288.0,175,"['greedy', 'combinatorics', 'dp', 'bijection', 'multinomial coefficient', 'precomputation']",6,https://atcoder.jp/contests/agc055/tasks/agc055_f,99.616,,,
atcoder,agc,agc056,AtCoder Grand Contest 056,2021,1638619200,agc056_a,A,Three Cells per Row and Column,A. Three Cells per Row and Column,1290.0,1635,"['constructive', 'grid', 'connected components', 'pattern']",4,https://atcoder.jp/contests/agc056/tasks/agc056_a,47.332,,,
atcoder,agc,agc056,AtCoder Grand Contest 056,2021,1638619200,agc056_b,B,Range Argmax,B. Range Argmax,3339.0,513,"['interval dp', 'cartesian tree', 'counting', 'permutation', 'dp']",5,https://atcoder.jp/contests/agc056/tasks/agc056_b,83.066,,,
atcoder,agc,agc056,AtCoder Grand Contest 056,2021,1638619200,agc056_c,C,01 Balanced,C. 01 Balanced,2481.0,1280,"['prefix sum', 'shortest path', 'graph theory', 'dijkstra', 'greedy', 'constraint', 'parity']",7,https://atcoder.jp/contests/agc056/tasks/agc056_c,68.103,,,
atcoder,agc,agc056,AtCoder Grand Contest 056,2021,1638619200,agc056_d,D,Subset Sum Game,D. Subset Sum Game,3339.0,325,"['game theory', 'sorting', 'matching', 'minimax', 'enumeration']",5,https://atcoder.jp/contests/agc056/tasks/agc056_d,83.066,,,
atcoder,agc,agc056,AtCoder Grand Contest 056,2021,1638619200,agc056_e,E,Cheese,E. Cheese,3877.0,153,"['probability', 'dp', 'cycle', 'generating function', 'geometric progression', 'combinatorics']",6,https://atcoder.jp/contests/agc056/tasks/agc056_e,92.449,,,
atcoder,agc,agc056,AtCoder Grand Contest 056,2021,1638619200,agc056_f,F,Degree Sequence in DFS Order,F. Degree Sequence in DFS Order,4310.0,89,"['combinatorics', 'graph theory', 'dfs', 'degree', 'inclusion exclusion', 'lattice path', 'binomial coefficient', 'bijection']",8,https://atcoder.jp/contests/agc056/tasks/agc056_f,100.0,,,
atcoder,agc,agc057,AtCoder Grand Contest 057,2022,1651924800,agc057_a,A,Antichain of Integer Strings,A. Antichain of Integer Strings,1389.0,1623,"['greedy', 'string', 'antichain', 'observation', 'combinatorics']",5,https://atcoder.jp/contests/agc057/tasks/agc057_a,49.058,,,
atcoder,agc,agc057,AtCoder Grand Contest 057,2022,1651924800,agc057_b,B,2A + x,B. 2A + x,1952.0,1033,"['greedy', 'sorting', 'case work', 'math', 'binary lifting']",5,https://atcoder.jp/contests/agc057/tasks/agc057_b,58.877,,,
atcoder,agc,agc057,AtCoder Grand Contest 057,2022,1651924800,agc057_c,C,Increment or Xor,C. Increment or Xor,3366.0,277,"['bit manipulation', 'xor', 'segment tree', 'lazy propagation', 'constructive']",5,https://atcoder.jp/contests/agc057/tasks/agc057_c,83.537,,,
atcoder,agc,agc057,AtCoder Grand Contest 057,2022,1651924800,agc057_d,D,Sum Avoidance,D. Sum Avoidance,3307.0,342,"['number theory', 'shortest path', 'greedy', 'binary search', 'constructive', 'frobenius number']",6,https://atcoder.jp/contests/agc057/tasks/agc057_d,82.508,,,
atcoder,agc,agc057,AtCoder Grand Contest 057,2022,1651924800,agc057_e,E,RowCol/ColRow Sort,E. RowCol/ColRow Sort,4128.0,139,"['dp', 'combinatorics', 'counting', 'grid']",4,https://atcoder.jp/contests/agc057/tasks/agc057_e,96.826,,,
atcoder,agc,agc057,AtCoder Grand Contest 057,2022,1651924800,agc057_f,F,Reflection,F. Reflection,4128.0,88,"['number theory', 'gcd', 'dp', 'matrix', 'combinatorics', 'counting']",6,https://atcoder.jp/contests/agc057/tasks/agc057_f,96.826,,,
atcoder,agc,agc058,AtCoder Grand Contest 058,2022,1660479000,agc058_a,A,Make it Zigzag,A. Make it Zigzag,1134.0,1896,"['constructive', 'greedy', 'permutation', 'swap']",4,https://atcoder.jp/contests/agc058/tasks/agc058_a,44.611,,,
atcoder,agc,agc058,AtCoder Grand Contest 058,2022,1660479000,agc058_b,B,Adjacent Chmax,B. Adjacent Chmax,2053.0,1439,"['dp', 'difference array', 'monotonic stack', 'combinatorics']",4,https://atcoder.jp/contests/agc058/tasks/agc058_b,60.638,,,
atcoder,agc,agc058,AtCoder Grand Contest 058,2022,1660479000,agc058_c,C,Planar Tree,C. Planar Tree,2991.0,381,"['constructive', 'greedy', 'graph theory', 'planar graph', 'combinatorics', 'counting']",6,https://atcoder.jp/contests/agc058/tasks/agc058_c,76.997,,,
atcoder,agc,agc058,AtCoder Grand Contest 058,2022,1660479000,agc058_d,D,Yet Another ABC String,D. Yet Another ABC String,3159.0,689,"['inclusion exclusion', 'combinatorics', 'generating function', 'pattern', 'multinomial coefficient']",5,https://atcoder.jp/contests/agc058/tasks/agc058_d,79.927,,,
atcoder,agc,agc058,AtCoder Grand Contest 058,2022,1660479000,agc058_e,E,Nearer Permutation,E. Nearer Permutation,3825.0,57,"['permutation', 'inversion counting', 'greedy', 'constructive', 'swap']",5,https://atcoder.jp/contests/agc058/tasks/agc058_e,91.542,,,
atcoder,agc,agc058,AtCoder Grand Contest 058,2022,1660479000,agc058_f,F,Authentic Tree DP,F. Authentic Tree DP,,229,"['dp on trees', 'combinatorics', 'probability', 'inclusion exclusion', 'tree knapsack', 'modular arithmetic']",6,https://atcoder.jp/contests/agc058/tasks/agc058_f,,,,
atcoder,agc,agc059,AtCoder Grand Contest 059,2022,1670155200,agc059_a,A,My Last ABC Problem,A. My Last ABC Problem,1970.0,1060,"['prefix sum', 'observation', 'string', 'range query']",4,https://atcoder.jp/contests/agc059/tasks/agc059_a,59.191,,,
atcoder,agc,agc059,AtCoder Grand Contest 059,2022,1670155200,agc059_b,B,Arrange Your Balls,B. Arrange Your Balls,1887.0,909,"['constructive', 'graph theory', 'dfs', 'greedy']",4,https://atcoder.jp/contests/agc059/tasks/agc059_b,57.743,,,
atcoder,agc,agc059,AtCoder Grand Contest 059,2022,1670155200,agc059_c,C,Guessing Permutation for as Long as Possible,C. Guessing Permutation for as Long as Possible,2905.0,599,"['combinatorics', 'dsu', 'graph theory', 'constraint', 'permutation']",5,https://atcoder.jp/contests/agc059/tasks/agc059_c,75.497,,,
atcoder,agc,agc059,AtCoder Grand Contest 059,2022,1670155200,agc059_d,D,Distinct Elements on Subsegments,D. Distinct Elements on Subsegments,3319.0,186,"['constructive', 'sliding window', 'greedy', 'array', 'constraint']",5,https://atcoder.jp/contests/agc059/tasks/agc059_d,82.717,,,
atcoder,agc,agc059,AtCoder Grand Contest 059,2022,1670155200,agc059_e,E,Grid 3-coloring,E. Grid 3-coloring,3842.0,187,"['graph coloring', 'grid', 'bipartite graph', 'parity', 'constructive', 'ad hoc', 'constraint']",7,https://atcoder.jp/contests/agc059/tasks/agc059_e,91.838,,,
atcoder,agc,agc059,AtCoder Grand Contest 059,2022,1670155200,agc059_f,F,LIDS,F. LIDS,,41,"['combinatorics', 'young tableau', 'robinson schensted', 'lis', 'lds', 'permutation', 'modular arithmetic', 'partition']",8,https://atcoder.jp/contests/agc059/tasks/agc059_f,,,,
atcoder,agc,agc060,AtCoder Grand Contest 060,2022,1671969600,agc060_a,A,No Majority,A. No Majority,1345.0,1796,"['dp', 'string dp', 'combinatorics', 'observation']",4,https://atcoder.jp/contests/agc060/tasks/agc060_a,48.291,,,
atcoder,agc,agc060,AtCoder Grand Contest 060,2022,1671969600,agc060_b,B,Unique XOR Path,B. Unique XOR Path,1996.0,914,"['constructive', 'greedy', 'bit manipulation', 'xor', 'combinatorics']",5,https://atcoder.jp/contests/agc060/tasks/agc060_b,59.644,,,
atcoder,agc,agc060,AtCoder Grand Contest 060,2022,1671969600,agc060_c,C,Large Heap,C. Large Heap,2680.0,756,"['dp', 'probability', 'combinatorics', 'priority queue', 'dp on trees']",5,https://atcoder.jp/contests/agc060/tasks/agc060_c,71.573,,,
atcoder,agc,agc060,AtCoder Grand Contest 060,2022,1671969600,agc060_d,D,Same Descent Set,D. Same Descent Set,3394.0,238,"['combinatorics', 'permutation', 'inclusion exclusion', 'generating function', 'polynomial', 'ntt', 'divide and conquer']",7,https://atcoder.jp/contests/agc060/tasks/agc060_d,84.025,,,
atcoder,agc,agc060,AtCoder Grand Contest 060,2022,1671969600,agc060_e,E,Number of Cycles,E. Number of Cycles,3452.0,124,"['permutation', 'constructive', 'optimization', 'parity', 'graph theory']",5,https://atcoder.jp/contests/agc060/tasks/agc060_e,85.037,,,
atcoder,agc,agc060,AtCoder Grand Contest 060,2022,1671969600,agc060_f,F,Spanning Trees of Interval Graph,F. Spanning Trees of Interval Graph,,112,"['kirchhoff theorem', 'matrix', 'interval graph', 'spanning tree', 'linear algebra', 'determinant', 'gaussian elimination', 'combinatorics']",8,https://atcoder.jp/contests/agc060/tasks/agc060_f,,,,
atcoder,agc,agc061,AtCoder Grand Contest 061,2023,1676203200,agc061_a,A,Long Shuffle,A. Long Shuffle,1643.0,1032,"['permutation', 'recursion', 'combinatorics', 'binomial coefficient', 'lucas theorem', 'bit manipulation', 'pattern', 'induction']",8,https://atcoder.jp/contests/agc061/tasks/agc061_a,53.488,,,
atcoder,agc,agc061,AtCoder Grand Contest 061,2023,1676203200,agc061_b,B,Summation By Construction,B. Summation By Construction,3371.0,198,"['constructive', 'graph theory', 'bipartite graph', 'path', 'combinatorics']",5,https://atcoder.jp/contests/agc061/tasks/agc061_b,83.624,,,
atcoder,agc,agc061,AtCoder Grand Contest 061,2023,1676203200,agc061_c,C,First Come First Serve,C. First Come First Serve,2697.0,867,"['combinatorics', 'inclusion exclusion', 'dp', 'interval', 'counting']",5,https://atcoder.jp/contests/agc061/tasks/agc061_c,71.87,,,
atcoder,agc,agc061,AtCoder Grand Contest 061,2023,1676203200,agc061_d,D,Almost Multiplication Table,D. Almost Multiplication Table,3632.0,155,"['binary search on answer', 'constraint', 'greedy', 'math']",4,https://atcoder.jp/contests/agc061/tasks/agc061_d,88.176,,,
atcoder,agc,agc061,AtCoder Grand Contest 061,2023,1676203200,agc061_e,E,Increment or XOR,E. Increment or XOR,3901.0,217,"['dp', 'bitmask', 'shortest path', 'dijkstra', 'bit manipulation']",5,https://atcoder.jp/contests/agc061/tasks/agc061_e,92.867,,,
atcoder,agc,agc061,AtCoder Grand Contest 061,2023,1676203200,agc061_f,F,Perfect Strings,F. Perfect Strings,4084.0,108,"['lgv lemma', 'combinatorics', 'counting', 'graph theory', 'determinant', 'polynomial', 'lagrange interpolation', 'grid graph', 'cycle']",9,https://atcoder.jp/contests/agc061/tasks/agc061_f,96.059,,,
atcoder,agc,agc062,AtCoder Grand Contest 062,2023,1684670400,agc062_a,A,Right Side Character ,A. Right Side Character ,1099.0,1532,"['string', 'observation', 'case work', 'simulation', 'math']",5,https://atcoder.jp/contests/agc062/tasks/agc062_a,44.001,,,
atcoder,agc,agc062,AtCoder Grand Contest 062,2023,1684670400,agc062_b,B,Split and Insert,B. Split and Insert,2407.0,571,"['dp', 'interval dp', 'reasoning', 'subsequence', 'optimization']",5,https://atcoder.jp/contests/agc062/tasks/agc062_b,66.812,,,
atcoder,agc,agc062,AtCoder Grand Contest 062,2023,1684670400,agc062_c,C,Mex of Subset Sum,C. Mex of Subset Sum,2320.0,601,"['subset sum', 'greedy', 'dp', 'set', 'math', 'mex']",6,https://atcoder.jp/contests/agc062/tasks/agc062_c,65.295,,,
atcoder,agc,agc062,AtCoder Grand Contest 062,2023,1684670400,agc062_d,D,Walk Around Neighborhood,D. Walk Around Neighborhood,3274.0,171,"['binary search on answer', 'meet in the middle', 'bitset', 'subset sum', 'constructive', 'manhattan distance', 'case work']",7,https://atcoder.jp/contests/agc062/tasks/agc062_d,81.932,,,
atcoder,agc,agc062,AtCoder Grand Contest 062,2023,1684670400,agc062_e,E,Overlap Binary Tree,E. Overlap Binary Tree,4233.0,34,"['dp on trees', 'combinatorics', 'generating function', 'convolution', 'binary tree', 'tree', 'counting']",7,https://atcoder.jp/contests/agc062/tasks/agc062_e,98.657,,,
atcoder,agc,agc062,AtCoder Grand Contest 062,2023,1684670400,agc062_f,F,Preserve Distinct,F. Preserve Distinct,,33,"['operations', 'graph theory', 'functional graph', 'connected components']",4,https://atcoder.jp/contests/agc062/tasks/agc062_f,,,,
atcoder,agc,agc063,AtCoder Grand Contest 063,2023,1690718400,agc063_a,A,Mex Game,A. Mex Game,952.0,2028,"['game theory', 'greedy', 'mex', 'constructive']",4,https://atcoder.jp/contests/agc063/tasks/agc063_a,41.437,,,
atcoder,agc,agc063,AtCoder Grand Contest 063,2023,1690718400,agc063_b,B,"Insert 1, 2, 3, ...","B. Insert 1, 2, 3, ...",1663.0,1183,"['stack', 'greedy', 'dp', 'constructive', 'monotonic']",5,https://atcoder.jp/contests/agc063/tasks/agc063_b,53.837,,,
atcoder,agc,agc063,AtCoder Grand Contest 063,2023,1690718400,agc063_c,C,Add Mod Operations,C. Add Mod Operations,2500.0,484,"['constructive', 'modular arithmetic', 'number theory', 'interval']",4,https://atcoder.jp/contests/agc063/tasks/agc063_c,68.434,,,
atcoder,agc,agc063,AtCoder Grand Contest 063,2023,1690718400,agc063_d,D,Many CRT,D. Many CRT,3609.0,141,"['chinese remainder theorem', 'number theory', 'gcd', 'lcm', 'prime factorization', 'interval', 'modular arithmetic']",7,https://atcoder.jp/contests/agc063/tasks/agc063_d,87.775,,,
atcoder,agc,agc063,AtCoder Grand Contest 063,2023,1690718400,agc063_e,E,Child to Parent,E. Child to Parent,3700.0,115,"['dp on trees', 'generating function', 'polynomial', 'variable', 'convolution']",5,https://atcoder.jp/contests/agc063/tasks/agc063_e,89.362,,,
atcoder,agc,agc063,AtCoder Grand Contest 063,2023,1690718400,agc063_f,F,Simultaneous Floor,F. Simultaneous Floor,4273.0,27,"['math', 'lattice points', 'slope', 'stern brocot tree', 'number theory', 'iteration']",6,https://atcoder.jp/contests/agc063/tasks/agc063_f,99.355,,,
atcoder,agc,agc064,AtCoder Grand Contest 064,2023,1691928000,agc064_a,A,i i's,A. i i's,996.0,1820,"['constructive', 'pattern', 'case work']",3,https://atcoder.jp/contests/agc064/tasks/agc064_a,42.204,,,
atcoder,agc,agc064,AtCoder Grand Contest 064,2023,1691928000,agc064_b,B,Red and Blue Spanning Tree,B. Red and Blue Spanning Tree,1787.0,992,"['constructive', 'graph theory', 'spanning tree', 'dsu', 'greedy', 'bfs']",6,https://atcoder.jp/contests/agc064/tasks/agc064_b,55.999,,,
atcoder,agc,agc064,AtCoder Grand Contest 064,2023,1691928000,agc064_c,C,Erase and Divide Game,C. Erase and Divide Game,2932.0,392,"['game theory', 'sprague grundy', 'binary trie', 'dp', 'base representation']",5,https://atcoder.jp/contests/agc064/tasks/agc064_c,75.968,,,
atcoder,agc,agc064,AtCoder Grand Contest 064,2023,1691928000,agc064_d,D,Red and Blue Chips,D. Red and Blue Chips,2808.0,425,"['dp', 'counting', 'string', 'greedy', 'prefix sum']",5,https://atcoder.jp/contests/agc064/tasks/agc064_d,73.805,,,
atcoder,agc,agc064,AtCoder Grand Contest 064,2023,1691928000,agc064_e,E,Cross Sum Construction,E. Cross Sum Construction,4069.0,36,"['constructive', 'combinatorics', 'math', 'latin square', 'modular arithmetic', 'matrix']",6,https://atcoder.jp/contests/agc064/tasks/agc064_e,95.797,,,
atcoder,agc,agc064,AtCoder Grand Contest 064,2023,1691928000,agc064_f,F,No Permutations,F. No Permutations,,27,"['counting', 'inclusion exclusion', 'formal power series', 'divide and conquer', 'ntt']",5,https://atcoder.jp/contests/agc064/tasks/agc064_f,,,,
atcoder,agc,agc065,AtCoder Grand Contest 065,2023,1702814400,agc065_a,A,Shuffle and mod K,A. Shuffle and mod K,1701.0,940,"['greedy', 'constructive', 'modular arithmetic', 'sorting', 'counting', 'circular arrangement']",6,https://atcoder.jp/contests/agc065/tasks/agc065_a,54.499,,,
atcoder,agc,agc065,AtCoder Grand Contest 065,2023,1702814400,agc065_b,B,Erase and Insert,B. Erase and Insert,2193.0,614,"['combinatorics', 'dp', 'permutation', 'constructive']",4,https://atcoder.jp/contests/agc065/tasks/agc065_b,63.08,,,
atcoder,agc,agc065,AtCoder Grand Contest 065,2023,1702814400,agc065_c,C,Avoid Half Sum,C. Avoid Half Sum,2414.0,464,"['number theory', 'constructive', 'greedy', 'subset sum', 'parity']",5,https://atcoder.jp/contests/agc065/tasks/agc065_c,66.934,,,
atcoder,agc,agc065,AtCoder Grand Contest 065,2023,1702814400,agc065_d,D,Not Intersect,D. Not Intersect,3117.0,238,"['combinatorics', 'counting', 'geometry', 'binomial coefficient', 'modular arithmetic']",5,https://atcoder.jp/contests/agc065/tasks/agc065_d,79.194,,,
atcoder,agc,agc065,AtCoder Grand Contest 065,2023,1702814400,agc065_e,E,One Two Three,E. One Two Three,4235.0,21,"['dp', 'inversion counting', 'optimization']",3,https://atcoder.jp/contests/agc065/tasks/agc065_e,98.692,,,
atcoder,agc,agc065,AtCoder Grand Contest 065,2023,1702814400,agc065_f,F,Always Perfect,F. Always Perfect,3889.0,80,"['graph theory', 'biconnected components', 'spanning tree', 'perfect matching', 'dp', 'combinatorics', 'counting', 'dp on trees']",8,https://atcoder.jp/contests/agc065/tasks/agc065_f,92.658,,,
atcoder,ahc,ahc001,AtCoder Heuristic Contest 001,2021,1614999600,ahc001_a,A,AtCoder Ad,A. AtCoder Ad,,2019,"['heuristic', 'optimization', 'computational geometry', 'grid', 'rectangle', 'simulation', 'search']",7,https://atcoder.jp/contests/ahc001/tasks/ahc001_a,,,,
atcoder,ahc,ahc002,AtCoder Heuristic Contest 002,2021,1619344800,ahc002_a,A,Walking on Tiles,A. Walking on Tiles,,1701,"['heuristic', 'constraint', 'graph', 'grid', 'optimization', 'path', 'shortest path', 'simulation', 'search']",9,https://atcoder.jp/contests/ahc002/tasks/ahc002_a,,,,
atcoder,ahc,ahc003,AtCoder Heuristic Contest 003,2021,1621652400,ahc003_a,A,Shortest Path Queries,A. Shortest Path Queries,,1041,"['heuristic', 'graph theory', 'grid', 'interactive', 'learning algorithms', 'optimization', 'path', 'shortest path', 'simulation', 'search', 'probability']",11,https://atcoder.jp/contests/ahc003/tasks/ahc003_a,,,,
atcoder,ahc,ahc004,AtCoder Heuristic Contest 004,2021,1624680000,ahc004_a,A,Alien's Genome Assembly,A. Alien's Genome Assembly,,821,"['heuristic', 'grid', 'optimization', 'pattern', 'simulation', 'search', 'string', 'torus geometry']",8,https://atcoder.jp/contests/ahc004/tasks/ahc004_a,,,,
atcoder,ahc,ahc005,AtCoder Heuristic Contest 005,2021,1628319600,ahc005_a,A,Patrolling,A. Patrolling,,770,"['heuristic', 'coverage', 'grid', 'line', 'optimization', 'path', 'shortest path', 'simulation', 'search', 'visibility']",10,https://atcoder.jp/contests/ahc005/tasks/ahc005_a,,,,
atcoder,ahc,ahc006,京セラプログラミングコンテスト（AtCoder Heuristic Contest 006）,2021,1636873200,ahc006_a,A,Food Delivery,A. Food Delivery,,888,"['heuristic', 'graph theory', 'optimization', 'path', 'constraint', 'shortest path', 'simulation', 'search', 'traveling salesman']",9,https://atcoder.jp/contests/ahc006/tasks/ahc006_a,,,,
atcoder,ahc,ahc007,THIRD プログラミングコンテスト 2021 （AtCoder Heuristic Contest 007）,2021,1639292400,ahc007_a,A,Online MST,A. Online MST,,811,"['heuristic', 'connectivity', 'graph theory', 'grid', 'interactive', 'minimum spanning tree', 'online algorithm', 'optimization', 'simulation', 'search', 'probability']",11,https://atcoder.jp/contests/ahc007/tasks/ahc007_a,,,,
atcoder,ahc,ahc008,MC Digital プログラミングコンテスト2022（AtCoder Heuristic Contest 008）,2022,1644634800,ahc008_a,A,Territory,A. Territory,,889,"['heuristic', 'connectivity', 'grid', 'multi agent', 'optimization', 'simulation', 'search', 'game theory']",8,https://atcoder.jp/contests/ahc008/tasks/ahc008_a,,,,
atcoder,ahc,ahc009,モノグサ プログラミングコンテスト2022（AtCoder Heuristic Contest 009）,2022,1648274400,ahc009_a,A,Robust Memory of Commuting Routes,A. Robust Memory of Commuting Routes,3594.0,1010,"['heuristic', 'expectation', 'grid', 'optimization', 'path', 'probability', 'simulation', 'search']",8,https://atcoder.jp/contests/ahc009/tasks/ahc009_a,87.513,,,
atcoder,ahc,ahc010,ALGO ARTIS プログラミングコンテスト2022（AtCoder Heuristic Contest 010）,2022,1650780000,ahc010_a,A,Loop Lines,A. Loop Lines,3519.0,828,"['heuristic', 'cycle', 'graph theory', 'grid', 'optimization', 'symmetry', 'simulation', 'search']",8,https://atcoder.jp/contests/ahc010/tasks/ahc010_a,86.205,,,
atcoder,ahc,ahc011,AtCoder Heuristic Contest 011,2022,1653706800,ahc011_a,A,Sliding Tree Puzzle,A. Sliding Tree Puzzle,3615.0,1012,"['heuristic', 'connectivity', 'grid', 'optimization', 'simulation', 'puzzle', 'spanning tree', 'search', 'tree']",9,https://atcoder.jp/contests/ahc011/tasks/ahc011_a,87.879,,,
atcoder,ahc,ahc012,AtCoder Heuristic Contest 012,2022,1656828000,ahc012_a,A,AtCoder 10th Anniversary,A. AtCoder 10th Anniversary,3580.0,978,"['heuristic', 'computational geometry', 'line', 'optimization', 'partition', 'geometry', 'simulation', 'search']",8,https://atcoder.jp/contests/ahc012/tasks/ahc012_a,87.269,,,
atcoder,ahc,ahc013,RECRUIT 日本橋ハーフマラソン 2022夏（AtCoder Heuristic Contest 013）,2022,1660046400,ahc013_a,A,Server Room,A. Server Room,3520.0,946,"['heuristic', 'clustering', 'connected components', 'connectivity', 'grid', 'optimization', 'simulation', 'search']",8,https://atcoder.jp/contests/ahc013/tasks/ahc013_a,86.223,,,
atcoder,ahc,ahc014,estie プログラミングコンテスト2022（AtCoder Heuristic Contest 014）,2022,1663394400,ahc014_a,A,RectJoin,A. RectJoin,3540.0,785,"['heuristic', 'computational geometry', 'grid', 'optimization', 'rectangle', 'simulation', 'search']",7,https://atcoder.jp/contests/ahc014/tasks/ahc014_a,86.571,,,
atcoder,ahc,ahc015,トヨタ自動車 プログラミングコンテスト2022（AtCoder Heuristic Contest 015）,2022,1667109600,ahc015_a,A,Halloween Candy,A. Halloween Candy,3674.0,1019,"['heuristic', 'connected components', 'grid', 'interactive', 'optimization', 'simulation', 'search']",7,https://atcoder.jp/contests/ahc015/tasks/ahc015_a,88.908,,,
atcoder,ahc,ahc016,HACK TO THE FUTURE 2023 予選（AtCoder Heuristic Contest 016）,2022,1668160800,ahc016_a,A,Graphorean,A. Graphorean,3670.0,1139,"['heuristic', 'graph', 'graph theory', 'optimization', 'pattern', 'simulation', 'search']",7,https://atcoder.jp/contests/ahc016/tasks/ahc016_a,88.839,,,
atcoder,ahc,ahc017,THIRD プログラミングコンテスト 2022 （AtCoder Heuristic Contest 017）,2023,1674874800,ahc017_a,A,Road Repair,A. Road Repair,3692.0,999,"['heuristic', 'edge', 'graph theory', 'optimization', 'planar graph', 'shortest path', 'simulated annealing', 'simulation', 'search']",9,https://atcoder.jp/contests/ahc017/tasks/ahc017_a,89.222,,,
atcoder,ahc,ahc018,RECRUIT 日本橋ハーフマラソン 2023冬（AtCoder Heuristic Contest 018）,2023,1676689200,ahc018_a,A,Excavation,A. Excavation,3672.0,1063,"['heuristic', 'connectivity', 'graph theory', 'grid', 'interactive', 'optimization', 'path', 'simulation', 'search']",9,https://atcoder.jp/contests/ahc018/tasks/ahc018_a,88.873,,,
atcoder,ahc,ahc019,MC Digital プログラミングコンテスト2023（AtCoder Heuristic Contest 019）,2023,1679108400,ahc019_a,A,Silhouette Block Puzzle Creation,A. Silhouette Block Puzzle Creation,3680.0,832,"['heuristic', 'search', 'grid', 'connectivity', 'optimization', '3d geometry', 'geometry', 'simulation']",8,https://atcoder.jp/contests/ahc019/tasks/ahc019_a,89.013,,,
atcoder,ahc,ahc020,ALGO ARTIS プログラミングコンテスト2023（AtCoder Heuristic Contest 020）,2023,1686463200,ahc020_a,A,Broadcasting,A. Broadcasting,3705.0,1158,"['heuristic', 'connectivity', 'optimization', 'graph theory', 'grid', 'simulation', 'search']",7,https://atcoder.jp/contests/ahc020/tasks/ahc020_a,89.449,,,
atcoder,ahc,ahc021,TOYOTA Programming Contest 2023 Summer（AtCoder Heuristic Contest 021）,2023,1687672800,ahc021_a,A,Pyramid Sorting,A. Pyramid Sorting,3745.0,1292,"['heuristic', 'grid', 'priority queue', 'optimization', 'simulation', 'sorting', 'search']",7,https://atcoder.jp/contests/ahc021/tasks/ahc021_a,90.146,,,
atcoder,ahc,ahc022,RECRUIT 日本橋ハーフマラソン 2023夏（AtCoder Heuristic Contest 022）,2023,1691722800,ahc022_a,A,Exploring Another Space,A. Exploring Another Space,3680.0,1050,"['heuristic', 'matching', 'grid', 'interactive', 'optimization', 'probability', 'simulation', 'search', 'torus geometry']",9,https://atcoder.jp/contests/ahc022/tasks/ahc022_a,89.013,,,
atcoder,ahc,ahc023,第10回 Asprova プログラミングコンテスト（AtCoder Heuristic Contest 023）,2023,1693702800,asprocon10_a,A,Crops on Grid,A. Crops on Grid,3667.0,914,"['heuristic', 'connectivity', 'grid', 'optimization', 'path', 'scheduling', 'simulation', 'search']",8,https://atcoder.jp/contests/ahc023/tasks/asprocon10_a,88.786,,,
atcoder,ahc,ahc023,第10回 Asprova プログラミングコンテスト（AtCoder Heuristic Contest 023）,2023,1693702800,asprocon10_b,A-Final,Crops on Grid (System Test),A-Final. Crops on Grid (System Test),3667.0,708,"['heuristic', 'grid', 'optimization', 'simulation', 'search']",5,https://atcoder.jp/contests/ahc023/tasks/asprocon10_b,88.786,,,
atcoder,ahc,ahc024,丸紅プログラミングコンテスト2023（AtCoder Heuristic Contest 024）,2023,1695535200,ahc024_a,A,Topological Map,A. Topological Map,3660.0,801,"['heuristic', 'connectivity', 'graph', 'graph theory', 'grid', 'optimization', 'simulation', 'search', 'topology']",9,https://atcoder.jp/contests/ahc024/tasks/ahc024_a,88.664,,,
atcoder,ahc,ahc025,AtCoder Heuristic Contest 025,2023,1697252400,ahc025_a,A,Balancing by Balance,A. Balancing by Balance,3765.0,925,"['heuristic', 'math', 'interactive', 'partition', 'optimization', 'simulation', 'search', 'statistics']",8,https://atcoder.jp/contests/ahc025/tasks/ahc025_a,90.495,,,
atcoder,ahc,ahc026,トヨタ自動車プログラミングコンテスト2023#6（AtCoder Heuristic Contest 026）,2023,1699164000,ahc026_a,A,Stack of Boxes,A. Stack of Boxes,3755.0,872,"['heuristic', 'greedy', 'optimization', 'simulation', 'stack', 'search']",6,https://atcoder.jp/contests/ahc026/tasks/ahc026_a,90.321,,,
atcoder,ahc,ahc027,HACK TO THE FUTURE 2024 （AtCoder Heuristic Contest 027）,2023,1701424800,ahc027_a,A,Recurring Cleaning Route,A. Recurring Cleaning Route,3707.0,1063,"['heuristic', 'cycle', 'graph', 'grid', 'optimization', 'shortest path', 'simulation', 'search']",8,https://atcoder.jp/contests/ahc027/tasks/ahc027_a,89.484,,,
atcoder,ahc,ahc028,ALGO ARTIS プログラミングコンテスト2023 冬（AtCoder Heuristic Contest 028）,2024,1705125600,ahc028_a,A,Lucky Words,A. Lucky Words,3783.0,1064,"['heuristic', 'grid', 'optimization', 'path', 'string', 'simulation', 'search']",7,https://atcoder.jp/contests/ahc028/tasks/ahc028_a,90.809,,,
atcoder,ahc,ahc029,RECRUIT 日本橋ハーフマラソン 2024冬（AtCoder Heuristic Contest 029）,2023,1703214000,ahc029_a,A,Business Simulation Game,A. Business Simulation Game,3680.0,832,"['heuristic', 'game theory', 'greedy', 'interactive', 'optimization', 'simulation', 'search']",7,https://atcoder.jp/contests/ahc029/tasks/ahc029_a,89.013,,,
atcoder,abc_like,jsc2021,第二回日本最強プログラマー学生選手権,2021,1618643400,jsc2021_a,A,Competition,A. Competition,-497.0,6329,"['case work', 'implementation', 'observation', 'number theory']",4,https://atcoder.jp/contests/jsc2021/tasks/jsc2021_a,16.167,,,
atcoder,abc_like,jsc2021,第二回日本最強プログラマー学生選手権,2021,1618643400,jsc2021_b,B,Xor of Sequences,B. Xor of Sequences,-427.0,6049,"['array', 'implementation', 'set', 'two pointer']",4,https://atcoder.jp/contests/jsc2021/tasks/jsc2021_b,17.388,,,
atcoder,abc_like,jsc2021,第二回日本最強プログラマー学生選手権,2021,1618643400,jsc2021_c,C,Max GCD 2,C. Max GCD 2,338.0,5923,"['implementation', 'brute force', 'divisors', 'gcd', 'input output', 'optimization', 'number theory']",7,https://atcoder.jp/contests/jsc2021/tasks/jsc2021_c,30.729,,,
atcoder,abc_like,jsc2021,第二回日本最強プログラマー学生選手権,2021,1618643400,jsc2021_d,D,Nowhere P,D. Nowhere P,743.0,3949,"['combinatorics', 'counting', 'dp', 'observation', 'matrix', 'modular arithmetic', 'prefix sum', 'state']",8,https://atcoder.jp/contests/jsc2021/tasks/jsc2021_d,37.792,,,
atcoder,abc_like,jsc2021,第二回日本最強プログラマー学生選手権,2021,1618643400,jsc2021_e,E,Level K Palindrome,E. Level K Palindrome,2213.0,594,"['case work', 'greedy', 'implementation', 'observation', 'palindrome', 'recursion', 'string']",7,https://atcoder.jp/contests/jsc2021/tasks/jsc2021_e,63.429,,,
atcoder,abc_like,jsc2021,第二回日本最強プログラマー学生選手権,2021,1618643400,jsc2021_f,F,Max Matrix,F. Max Matrix,1954.0,1155,"['binary indexed tree', 'bit', 'coordinate compression', 'data structure', 'observation', 'offline processing', 'segment tree', 'sum', 'update']",9,https://atcoder.jp/contests/jsc2021/tasks/jsc2021_f,58.912,,,
atcoder,abc_like,jsc2021,第二回日本最強プログラマー学生選手権,2021,1618643400,jsc2021_g,G,Spanning Tree,G. Spanning Tree,2451.0,457,"['combinatorics', 'counting', 'dp', 'graph theory', 'kirchhoff theorem', 'observation', 'modular arithmetic', 'spanning tree']",8,https://atcoder.jp/contests/jsc2021/tasks/jsc2021_g,67.579,,,
atcoder,abc_like,jsc2021,第二回日本最強プログラマー学生選手権,2021,1618643400,jsc2021_h,H,Shipping,H. Shipping,3383.0,140,"['graph theory', 'unicyclic graph', 'cycle', 'tree', 'path', 'greedy', 'observation', 'lca', 'edge', 'optimization']",10,https://atcoder.jp/contests/jsc2021/tasks/jsc2021_h,83.833,,,
atcoder,abc_like,zone2021,ZONeエナジー プログラミングコンテスト  “HELLO SPACE”,2021,1619870400,zone2021_a,A,UFO Invasion,A. UFO Invasion,-1001.0,10330,"['counting', 'implementation', 'string', 'string matching', 'substring']",5,https://atcoder.jp/contests/zone2021/tasks/zone2021_a,7.377,,,
atcoder,abc_like,zone2021,ZONeエナジー プログラミングコンテスト  “HELLO SPACE”,2021,1619870400,zone2021_b,B,Sign of Friendship,B. Sign of Friendship,-22.0,7875,"['computational geometry', 'implementation', 'line', 'observation', 'optimization', 'triangle']",6,https://atcoder.jp/contests/zone2021/tasks/zone2021_b,24.451,,,
atcoder,abc_like,zone2021,ZONeエナジー プログラミングコンテスト  “HELLO SPACE”,2021,1619870400,zone2021_c,C,MAD TEAM,C. MAD TEAM,1497.0,3581,"['binary search', 'bitmask', 'bit manipulation', 'validation', 'observation', 'optimization']",6,https://atcoder.jp/contests/zone2021/tasks/zone2021_c,50.942,,,
atcoder,abc_like,zone2021,ZONeエナジー プログラミングコンテスト  “HELLO SPACE”,2021,1619870400,zone2021_d,D,Message from Aliens,D. Message from Aliens,719.0,5915,"['deque', 'implementation', 'simulation', 'stack', 'string']",5,https://atcoder.jp/contests/zone2021/tasks/zone2021_d,37.374,,,
atcoder,abc_like,zone2021,ZONeエナジー プログラミングコンテスト  “HELLO SPACE”,2021,1619870400,zone2021_e,E,Sneaking,E. Sneaking,1624.0,2249,"['dijkstra', 'graph theory', 'grid', 'observation', 'optimization', 'shortest path']",6,https://atcoder.jp/contests/zone2021/tasks/zone2021_e,53.157,,,
atcoder,abc_like,zone2021,ZONeエナジー プログラミングコンテスト  “HELLO SPACE”,2021,1619870400,zone2021_f,F,Encounter and Farewell,F. Encounter and Farewell,2197.0,871,"['bit manipulation', 'constructive', 'connectivity', 'graph theory', 'xor basis', 'observation', 'spanning tree', 'xor']",8,https://atcoder.jp/contests/zone2021/tasks/zone2021_f,63.15,,,
atcoder,arc_like,keyence2021,キーエンス プログラミング コンテスト 2021,2021,1610798400,keyence2021_a,A,Two Sequences 2,A. Two Sequences 2,22.0,5458,"['case work', 'greedy', 'implementation', 'observation', 'prefix']",5,https://atcoder.jp/contests/keyence2021/tasks/keyence2021_a,25.218,,,
atcoder,arc_like,keyence2021,キーエンス プログラミング コンテスト 2021,2021,1610798400,keyence2021_b,B,Mex Boxes,B. Mex Boxes,295.0,5001,"['counting', 'greedy', 'implementation', 'observation', 'mex', 'optimization']",6,https://atcoder.jp/contests/keyence2021/tasks/keyence2021_b,29.979,,,
atcoder,arc_like,keyence2021,キーエンス プログラミング コンテスト 2021,2021,1610798400,keyence2021_c,C,Robot on Grid,C. Robot on Grid,1468.0,2373,"['combinatorics', 'contribution counting', 'counting', 'dp', 'grid', 'observation', 'modular arithmetic', 'optimization']",8,https://atcoder.jp/contests/keyence2021/tasks/keyence2021_c,50.436,,,
atcoder,arc_like,keyence2021,キーエンス プログラミング コンテスト 2021,2021,1610798400,keyence2021_d,D,Choosing Up Sides,D. Choosing Up Sides,2115.0,930,"['combinatorics', 'constructive', 'matrix', 'observation', 'fwht']",5,https://atcoder.jp/contests/keyence2021/tasks/keyence2021_d,61.72,,,
atcoder,arc_like,keyence2021,キーエンス プログラミング コンテスト 2021,2021,1610798400,keyence2021_e,E,Greedy Ant,E. Greedy Ant,2560.0,549,"['game theory', 'dp', 'greedy', 'observation', 'optimization', 'two player game']",6,https://atcoder.jp/contests/keyence2021/tasks/keyence2021_e,69.48,,,
atcoder,arc_like,keyence2021,キーエンス プログラミング コンテスト 2021,2021,1610798400,keyence2021_f,F,Keyence Repetition,F. Keyence Repetition,3461.0,105,"['combinatorics', 'counting', 'dp', 'matrix', 'modular arithmetic', 'subsequence']",6,https://atcoder.jp/contests/keyence2021/tasks/keyence2021_f,85.194,,,
atcoder,agc_like,toyota2023summer-final,TOYOTA Programming Contest 2023 Summer final,2023,1693098900,toyota2023summer_final_a,A,Transit Warehouse,A. Transit Warehouse,,326,"['heuristic', 'connectivity', 'grid', 'interactive', 'inversion', 'optimization', 'path', 'simulation', 'search']",9,https://atcoder.jp/contests/toyota2023summer-final/tasks/toyota2023summer_final_a,,,,
atcoder,agc_like,wtf22-day1,World Tour Finals 2022 Day1,2023,1694145600,wtf22_day1_a,A,Save the Monsters,A. Save the Monsters,1246.0,639,"['binary search', 'counting', 'game theory', 'greedy', 'observation', 'minimax']",6,https://atcoder.jp/contests/wtf22-day1/tasks/wtf22_day1_a,46.564,,,
atcoder,agc_like,wtf22-day1,World Tour Finals 2022 Day1,2023,1694145600,wtf22_day1_b,B,Non-Overlapping Swaps,B. Non-Overlapping Swaps,2945.0,110,"['constructive', 'greedy', 'implementation', 'observation', 'permutation', 'scheduling']",6,https://atcoder.jp/contests/wtf22-day1/tasks/wtf22_day1_b,76.195,,,
atcoder,agc_like,wtf22-day1,World Tour Finals 2022 Day1,2023,1694145600,wtf22_day1_c,C,Shrink the Tree,C. Shrink the Tree,3884.0,32,"['counting', 'dp', 'graph theory', 'observation', 'modular arithmetic', 'dp on trees']",6,https://atcoder.jp/contests/wtf22-day1/tasks/wtf22_day1_c,92.571,,,
atcoder,agc_like,wtf22-day1,World Tour Finals 2022 Day1,2023,1694145600,wtf22_day1_d,D,Welcome to Tokyo!,D. Welcome to Tokyo!,3884.0,131,"['alien trick', 'binary search', 'greedy', 'observation', 'optimization', 'segment tree']",6,https://atcoder.jp/contests/wtf22-day1/tasks/wtf22_day1_d,92.571,,,
atcoder,agc_like,wtf22-day1,World Tour Finals 2022 Day1,2023,1694145600,wtf22_day1_e,E,Sort A[i]-i,E. Sort A[i]-i,3884.0,39,"['combinatorics', 'counting', 'observation', 'modular arithmetic', 'sequence', 'sorting']",6,https://atcoder.jp/contests/wtf22-day1/tasks/wtf22_day1_e,92.571,,,
atcoder,agc_like,wtf22-day1-open,World Tour Finals 2022 Day1（Open Contest）,2023,1694145600,wtf22_day1_a,A,Save the Monsters,A. Save the Monsters,1246.0,639,"['binary search', 'counting', 'game theory', 'greedy', 'observation', 'minimax']",6,https://atcoder.jp/contests/wtf22-day1-open/tasks/wtf22_day1_a,46.564,,,
atcoder,agc_like,wtf22-day1-open,World Tour Finals 2022 Day1（Open Contest）,2023,1694145600,wtf22_day1_b,B,Non-Overlapping Swaps,B. Non-Overlapping Swaps,2945.0,110,"['constructive', 'greedy', 'implementation', 'observation', 'permutation', 'scheduling']",6,https://atcoder.jp/contests/wtf22-day1-open/tasks/wtf22_day1_b,76.195,,,
atcoder,agc_like,wtf22-day1-open,World Tour Finals 2022 Day1（Open Contest）,2023,1694145600,wtf22_day1_c,C,Shrink the Tree,C. Shrink the Tree,3884.0,32,"['counting', 'dp', 'graph theory', 'observation', 'modular arithmetic', 'dp on trees']",6,https://atcoder.jp/contests/wtf22-day1-open/tasks/wtf22_day1_c,92.571,,,
atcoder,agc_like,wtf22-day1-open,World Tour Finals 2022 Day1（Open Contest）,2023,1694145600,wtf22_day1_d,D,Welcome to Tokyo!,D. Welcome to Tokyo!,3884.0,131,"['alien trick', 'binary search', 'greedy', 'observation', 'optimization', 'segment tree']",6,https://atcoder.jp/contests/wtf22-day1-open/tasks/wtf22_day1_d,92.571,,,
atcoder,agc_like,wtf22-day1-open,World Tour Finals 2022 Day1（Open Contest）,2023,1694145600,wtf22_day1_e,E,Sort A[i]-i,E. Sort A[i]-i,3884.0,39,"['combinatorics', 'counting', 'observation', 'modular arithmetic', 'sequence', 'sorting']",6,https://atcoder.jp/contests/wtf22-day1-open/tasks/wtf22_day1_e,92.571,,,
atcoder,agc_like,wtf22-day2,World Tour Finals 2022 Day2,2023,1694232000,wtf22_day2_a,A,Hat Puzzle,A. Hat Puzzle,,122,"['case work', 'game theory', 'boolean', 'observation']",4,https://atcoder.jp/contests/wtf22-day2/tasks/wtf22_day2_a,,,,
atcoder,agc_like,wtf22-day2,World Tour Finals 2022 Day2,2023,1694232000,wtf22_day2_b,B,The Greatest Two,B. The Greatest Two,,35,"['combinatorics', 'counting', 'graph theory', 'observation', 'modular arithmetic', 'permutation']",6,https://atcoder.jp/contests/wtf22-day2/tasks/wtf22_day2_b,,,,
atcoder,agc_like,wtf22-day2,World Tour Finals 2022 Day2,2023,1694232000,wtf22_day2_c,C,Jewel Pairs,C. Jewel Pairs,,77,"['greedy', 'matching', 'observation', 'optimization', 'pairing', 'sorting', 'two pointer']",7,https://atcoder.jp/contests/wtf22-day2/tasks/wtf22_day2_c,,,,
atcoder,agc_like,wtf22-day2,World Tour Finals 2022 Day2,2023,1694232000,wtf22_day2_d,D,Cat Jumps,D. Cat Jumps,,165,"['combinatorics', 'counting', 'dp', 'observation', 'modular arithmetic', 'sequence']",6,https://atcoder.jp/contests/wtf22-day2/tasks/wtf22_day2_d,,,,
atcoder,agc_like,wtf22-day2,World Tour Finals 2022 Day2,2023,1694232000,wtf22_day2_e,E,Adjacent Xor Game,E. Adjacent Xor Game,,53,"['bit manipulation', 'game theory', 'greedy', 'observation', 'minimax', 'xor']",6,https://atcoder.jp/contests/wtf22-day2/tasks/wtf22_day2_e,,,,
atcoder,agc_like,wtf22-day2-open,World Tour Finals 2022 Day2（Open Contest）,2023,1694232000,wtf22_day2_a,A,Hat Puzzle,A. Hat Puzzle,,122,"['case work', 'game theory', 'boolean', 'observation']",4,https://atcoder.jp/contests/wtf22-day2-open/tasks/wtf22_day2_a,,,,
atcoder,agc_like,wtf22-day2-open,World Tour Finals 2022 Day2（Open Contest）,2023,1694232000,wtf22_day2_b,B,The Greatest Two,B. The Greatest Two,,35,"['combinatorics', 'counting', 'graph theory', 'observation', 'modular arithmetic', 'permutation']",6,https://atcoder.jp/contests/wtf22-day2-open/tasks/wtf22_day2_b,,,,
atcoder,agc_like,wtf22-day2-open,World Tour Finals 2022 Day2（Open Contest）,2023,1694232000,wtf22_day2_c,C,Jewel Pairs,C. Jewel Pairs,,77,"['greedy', 'matching', 'observation', 'optimization', 'pairing', 'sorting', 'two pointer']",7,https://atcoder.jp/contests/wtf22-day2-open/tasks/wtf22_day2_c,,,,
atcoder,agc_like,wtf22-day2-open,World Tour Finals 2022 Day2（Open Contest）,2023,1694232000,wtf22_day2_d,D,Cat Jumps,D. Cat Jumps,,165,"['combinatorics', 'counting', 'dp', 'observation', 'modular arithmetic', 'sequence']",6,https://atcoder.jp/contests/wtf22-day2-open/tasks/wtf22_day2_d,,,,
atcoder,agc_like,wtf22-day2-open,World Tour Finals 2022 Day2（Open Contest）,2023,1694232000,wtf22_day2_e,E,Adjacent Xor Game,E. Adjacent Xor Game,,53,"['bit manipulation', 'game theory', 'greedy', 'observation', 'minimax', 'xor']",6,https://atcoder.jp/contests/wtf22-day2-open/tasks/wtf22_day2_e,,,,
atcoder,others,DEGwer2023,DEGwer さんの D 論応援コンテスト,2023,1701489600,1202Contest_a,A,DEGwer's Doctoral Dissertation,A. DEGwer's Doctoral Dissertation,,659,"['counting', 'greedy', 'implementation', 'sliding window']",4,https://atcoder.jp/contests/DEGwer2023/tasks/1202Contest_a,,,,
atcoder,others,DEGwer2023,DEGwer さんの D 論応援コンテスト,2023,1701489600,1202Contest_b,B,vs. DEGwer,B. vs. DEGwer,,17,"['game theory', 'connectivity', 'graph theory', 'grid', 'interactive', 'two player game']",6,https://atcoder.jp/contests/DEGwer2023/tasks/1202Contest_b,,,,
atcoder,others,DEGwer2023,DEGwer さんの D 論応援コンテスト,2023,1701489600,1202Contest_c,C,binarydigit,C. binarydigit,,60,"['combinatorics', 'counting', 'dp', 'math', 'modular arithmetic']",5,https://atcoder.jp/contests/DEGwer2023/tasks/1202Contest_c,,,,
atcoder,others,DEGwer2023,DEGwer さんの D 論応援コンテスト,2023,1701489600,1202Contest_d,D,Coincidence,D. Coincidence,,37,"['combinatorics', 'counting', 'dp', 'math', 'modular arithmetic']",5,https://atcoder.jp/contests/DEGwer2023/tasks/1202Contest_d,,,,
atcoder,others,DEGwer2023,DEGwer さんの D 論応援コンテスト,2023,1701489600,1202Contest_e,E,Half Palindromes,E. Half Palindromes,,47,"['counting', 'dp', 'manacher', 'palindrome', 'string']",5,https://atcoder.jp/contests/DEGwer2023/tasks/1202Contest_e,,,,
atcoder,others,DEGwer2023,DEGwer さんの D 論応援コンテスト,2023,1701489600,1202Contest_f,F,K-Medians Clustering,F. K-Medians Clustering,,37,"['combinatorics', 'counting', 'math', 'median', 'modular arithmetic', 'multiset']",6,https://atcoder.jp/contests/DEGwer2023/tasks/1202Contest_f,,,,
atcoder,others,DEGwer2023,DEGwer さんの D 論応援コンテスト,2023,1701489600,1202Contest_g,G,Net of Net,G. Net of Net,,9,"['computational geometry', 'convex hull', 'dp', 'graph theory', 'optimization', 'path', '3d geometry']",7,https://atcoder.jp/contests/DEGwer2023/tasks/1202Contest_g,,,,
atcoder,others,DEGwer2023,DEGwer さんの D 論応援コンテスト,2023,1701489600,1202Contest_h,H,Incomplete Notes,H. Incomplete Notes,,52,"['hashing', 'implementation', 'math', 'pattern', 'ratio', 'string']",6,https://atcoder.jp/contests/DEGwer2023/tasks/1202Contest_h,,,,
atcoder,others,DEGwer2023,DEGwer さんの D 論応援コンテスト,2023,1701489600,1202Contest_i,I,Convex Dombination,I. Convex Dombination,,55,"['computational geometry', 'convex hull', 'dp', 'graph theory', 'optimization', 'geometry']",6,https://atcoder.jp/contests/DEGwer2023/tasks/1202Contest_i,,,,
atcoder,others,DEGwer2023,DEGwer さんの D 論応援コンテスト,2023,1701489600,1202Contest_j,J,Hated Number,J. Hated Number,,101,"['combinatorics', 'constructive', 'math', 'number theory', 'subset sum']",5,https://atcoder.jp/contests/DEGwer2023/tasks/1202Contest_j,,,,
atcoder,others,DEGwer2023,DEGwer さんの D 論応援コンテスト,2023,1701489600,1202Contest_k,K,± Beam,K. ± Beam,,19,"['computational geometry', 'constructive', 'graph theory', 'optimization', 'planar graph']",5,https://atcoder.jp/contests/DEGwer2023/tasks/1202Contest_k,,,,
atcoder,others,adt_all_20231017_1,AtCoder Daily Training ALL 2023/10/17 15:30start,2023,1697524200,abc215_a,A,Your First Judge,A. Your First Judge,-1224.0,19640,"['implementation', 'string']",2,https://atcoder.jp/contests/adt_all_20231017_1/tasks/abc215_a,3.488,,,
atcoder,others,adt_all_20231017_1,AtCoder Daily Training ALL 2023/10/17 15:30start,2023,1697524200,abc239_e,H,Subtree K-th Max,E. Subtree K-th Max,1084.0,5942,"['dfs', 'implementation', 'tree', 'dp on trees']",4,https://atcoder.jp/contests/adt_all_20231017_1/tasks/abc239_e,43.739,,,
atcoder,others,adt_all_20231017_1,AtCoder Daily Training ALL 2023/10/17 15:30start,2023,1697524200,abc242_b,C,Minimize Ordering,B. Minimize Ordering,-478.0,15102,"['implementation', 'search', 'set']",3,https://atcoder.jp/contests/adt_all_20231017_1/tasks/abc242_b,16.498,,,
atcoder,others,adt_all_20231017_1,AtCoder Daily Training ALL 2023/10/17 15:30start,2023,1697524200,abc248_a,B,Lacked Number,A. Lacked Number,-769.0,14964,"['implementation', 'search', 'string']",3,https://atcoder.jp/contests/adt_all_20231017_1/tasks/abc248_a,11.423,,,
atcoder,others,adt_all_20231017_1,AtCoder Daily Training ALL 2023/10/17 15:30start,2023,1697524200,abc268_d,G,Unique Username,D. Unique Username,1309.0,4608,"['backtracking', 'implementation', 'set', 'string']",4,https://atcoder.jp/contests/adt_all_20231017_1/tasks/abc268_d,47.663,,,
atcoder,others,adt_all_20231017_1,AtCoder Daily Training ALL 2023/10/17 15:30start,2023,1697524200,abc272_b,D,Everyone is Friends,B. Everyone is Friends,-24.0,11000,"['implementation', 'search', 'set']",3,https://atcoder.jp/contests/adt_all_20231017_1/tasks/abc272_b,24.416,,,
atcoder,others,adt_all_20231017_1,AtCoder Daily Training ALL 2023/10/17 15:30start,2023,1697524200,abc288_f,I,Integer Division,F. Integer Division,2024.0,1850,"['dp', 'implementation', 'modular arithmetic', 'string']",4,https://atcoder.jp/contests/adt_all_20231017_1/tasks/abc288_f,60.133,,,
atcoder,others,adt_all_20231017_1,AtCoder Daily Training ALL 2023/10/17 15:30start,2023,1697524200,abc291_c,F,LRUD Instructions 2,C. LRUD Instructions 2,97.0,11081,"['implementation', 'search', 'set', 'simulation', 'string']",5,https://atcoder.jp/contests/adt_all_20231017_1/tasks/abc291_c,26.526,,,
atcoder,others,adt_all_20231017_1,AtCoder Daily Training ALL 2023/10/17 15:30start,2023,1697524200,abc294_c,E,Merge Sequences,C. Merge Sequences,-59.0,11238,"['implementation', 'sorting', 'two pointer']",3,https://atcoder.jp/contests/adt_all_20231017_1/tasks/abc294_c,23.805,,,
atcoder,others,adt_all_20231017_2,AtCoder Daily Training ALL 2023/10/17 17:30start,2023,1697531400,abc222_b,C,Failing Grade,B. Failing Grade,-1117.0,15099,"['counting', 'implementation']",2,https://atcoder.jp/contests/adt_all_20231017_2/tasks/abc222_b,5.354,,,
atcoder,others,adt_all_20231017_2,AtCoder Daily Training ALL 2023/10/17 17:30start,2023,1697531400,abc250_b,D,Enlarged Checker Board,B. Enlarged Checker Board,-119.0,11121,"['implementation', 'simulation']",2,https://atcoder.jp/contests/adt_all_20231017_2/tasks/abc250_b,22.759,,,
atcoder,others,adt_all_20231017_2,AtCoder Daily Training ALL 2023/10/17 17:30start,2023,1697531400,abc258_a,A,When?,A. When?,-1060.0,17481,"['implementation', 'string']",2,https://atcoder.jp/contests/adt_all_20231017_2/tasks/abc258_a,6.348,,,
atcoder,others,adt_all_20231017_2,AtCoder Daily Training ALL 2023/10/17 17:30start,2023,1697531400,abc278_f,I,Shiritori,F. Shiritori,1452.0,3424,"['dp', 'game theory', 'graph theory', 'implementation']",4,https://atcoder.jp/contests/adt_all_20231017_2/tasks/abc278_f,50.157,,,
atcoder,others,adt_all_20231017_2,AtCoder Daily Training ALL 2023/10/17 17:30start,2023,1697531400,abc279_c,E,RANDOM,C. RANDOM,246.0,9335,"['counting', 'implementation', 'string']",3,https://atcoder.jp/contests/adt_all_20231017_2/tasks/abc279_c,29.125,,,
atcoder,others,adt_all_20231017_2,AtCoder Daily Training ALL 2023/10/17 17:30start,2023,1697531400,abc280_c,F,Extra Character,C. Extra Character,-333.0,12461,"['implementation', 'string', 'two pointer']",3,https://atcoder.jp/contests/adt_all_20231017_2/tasks/abc280_c,19.027,,,
atcoder,others,adt_all_20231017_2,AtCoder Daily Training ALL 2023/10/17 17:30start,2023,1697531400,abc307_d,G,Mismatched Parentheses,D. Mismatched Parentheses,666.0,7981,"['implementation', 'simulation', 'stack', 'string']",4,https://atcoder.jp/contests/adt_all_20231017_2/tasks/abc307_d,36.449,,,
atcoder,others,adt_all_20231017_2,AtCoder Daily Training ALL 2023/10/17 17:30start,2023,1697531400,abc308_a,B,New Scheme,A. New Scheme,-881.0,15180,"['implementation', 'string']",2,https://atcoder.jp/contests/adt_all_20231017_2/tasks/abc308_a,9.47,,,
atcoder,others,adt_all_20231017_2,AtCoder Daily Training ALL 2023/10/17 17:30start,2023,1697531400,abc319_e,H,Bus Stops,E. Bus Stops,1353.0,4551,"['implementation', 'lcm', 'number theory', 'simulation']",4,https://atcoder.jp/contests/adt_all_20231017_2/tasks/abc319_e,48.43,,,
atcoder,others,adt_all_20231018_1,AtCoder Daily Training ALL 2023/10/18 16:00start,2023,1697612400,abc217_b,C,AtCoder Quiz,B. AtCoder Quiz,-763.0,16146,"['implementation', 'search', 'string']",3,https://atcoder.jp/contests/adt_all_20231018_1/tasks/abc217_b,11.528,,,
atcoder,others,adt_all_20231018_1,AtCoder Daily Training ALL 2023/10/18 16:00start,2023,1697612400,abc226_f,I,Score of Permutations,F. Score of Permutations,2086.0,1463,"['combinatorics', 'dp', 'lcm', 'modular arithmetic', 'number theory']",5,https://atcoder.jp/contests/adt_all_20231018_1/tasks/abc226_f,61.214,,,
atcoder,others,adt_all_20231018_1,AtCoder Daily Training ALL 2023/10/18 16:00start,2023,1697612400,abc230_e,H,Fraction Floor Sum,E. Fraction Floor Sum,969.0,5988,"['implementation', 'number theory', 'sqrt decomposition']",3,https://atcoder.jp/contests/adt_all_20231018_1/tasks/abc230_e,41.734,,,
atcoder,others,adt_all_20231018_1,AtCoder Daily Training ALL 2023/10/18 16:00start,2023,1697612400,abc234_c,F,Happy New Year!,C. Happy New Year!,22.0,12416,"['implementation', 'base conversion']",2,https://atcoder.jp/contests/adt_all_20231018_1/tasks/abc234_c,25.218,,,
atcoder,others,adt_all_20231018_1,AtCoder Daily Training ALL 2023/10/18 16:00start,2023,1697612400,abc271_a,A,484558,A. 484558,-662.0,12806,"['implementation', 'base conversion']",2,https://atcoder.jp/contests/adt_all_20231018_1/tasks/abc271_a,13.289,,,
atcoder,others,adt_all_20231018_1,AtCoder Daily Training ALL 2023/10/18 16:00start,2023,1697612400,abc277_a,B,^{-1},A. ^{-1},-1045.0,13991,"['implementation', 'search']",2,https://atcoder.jp/contests/adt_all_20231018_1/tasks/abc277_a,6.61,,,
atcoder,others,adt_all_20231018_1,AtCoder Daily Training ALL 2023/10/18 16:00start,2023,1697612400,abc283_c,E,Cash Register,C. Cash Register,-207.0,12553,"['greedy', 'implementation', 'string']",3,https://atcoder.jp/contests/adt_all_20231018_1/tasks/abc283_c,21.224,,,
atcoder,others,adt_all_20231018_1,AtCoder Daily Training ALL 2023/10/18 16:00start,2023,1697612400,abc305_d,G,Sleep Log,D. Sleep Log,671.0,7516,"['binary search', 'implementation', 'prefix sum']",3,https://atcoder.jp/contests/adt_all_20231018_1/tasks/abc305_d,36.536,,,
atcoder,others,adt_all_20231018_1,AtCoder Daily Training ALL 2023/10/18 16:00start,2023,1697612400,abc307_b,D,racecar,B. racecar,-298.0,11671,"['implementation', 'palindrome', 'string']",3,https://atcoder.jp/contests/adt_all_20231018_1/tasks/abc307_b,19.637,,,
atcoder,others,adt_all_20231018_2,AtCoder Daily Training ALL 2023/10/18 18:00start,2023,1697619600,abc220_b,C,Base K,B. Base K,-370.0,14749,"['implementation', 'math', 'base conversion']",3,https://atcoder.jp/contests/adt_all_20231018_2/tasks/abc220_b,18.382,,,
atcoder,others,adt_all_20231018_2,AtCoder Daily Training ALL 2023/10/18 18:00start,2023,1697619600,abc223_c,F,Doukasen,C. Doukasen,351.0,9638,"['implementation', 'math', 'base conversion']",3,https://atcoder.jp/contests/adt_all_20231018_2/tasks/abc223_c,30.956,,,
atcoder,others,adt_all_20231018_2,AtCoder Daily Training ALL 2023/10/18 18:00start,2023,1697619600,abc225_e,H,7,E. 7,1678.0,2866,"['greedy', 'implementation', 'sorting']",3,https://atcoder.jp/contests/adt_all_20231018_2/tasks/abc225_e,54.098,,,
atcoder,others,adt_all_20231018_2,AtCoder Daily Training ALL 2023/10/18 18:00start,2023,1697619600,abc237_c,E,kasaka,C. kasaka,239.0,11528,"['implementation', 'palindrome', 'string']",3,https://atcoder.jp/contests/adt_all_20231018_2/tasks/abc237_c,29.002,,,
atcoder,others,adt_all_20231018_2,AtCoder Daily Training ALL 2023/10/18 18:00start,2023,1697619600,abc258_d,G,Trophy,D. Trophy,687.0,8814,"['greedy', 'implementation', 'prefix sum']",3,https://atcoder.jp/contests/adt_all_20231018_2/tasks/abc258_d,36.815,,,
atcoder,others,adt_all_20231018_2,AtCoder Daily Training ALL 2023/10/18 18:00start,2023,1697619600,abc261_f,I,Sorting Color Balls,F. Sorting Color Balls,1587.0,3130,"['greedy', 'implementation', 'inversion counting', 'sorting']",4,https://atcoder.jp/contests/adt_all_20231018_2/tasks/abc261_f,52.511,,,
atcoder,others,adt_all_20231018_2,AtCoder Daily Training ALL 2023/10/18 18:00start,2023,1697619600,abc263_b,D,Ancestor,B. Ancestor,-32.0,10865,"['implementation', 'simulation', 'tree']",3,https://atcoder.jp/contests/adt_all_20231018_2/tasks/abc263_b,24.276,,,
atcoder,others,adt_all_20231018_2,AtCoder Daily Training ALL 2023/10/18 18:00start,2023,1697619600,abc265_a,B,Apple,A. Apple,-841.0,14271,"['greedy', 'implementation', 'math']",3,https://atcoder.jp/contests/adt_all_20231018_2/tasks/abc265_a,10.167,,,
atcoder,others,adt_all_20231018_2,AtCoder Daily Training ALL 2023/10/18 18:00start,2023,1697619600,abc282_a,A,Generalized ABC,A. Generalized ABC,-1239.0,14267,"['implementation', 'string']",2,https://atcoder.jp/contests/adt_all_20231018_2/tasks/abc282_a,3.226,,,
atcoder,others,adt_all_20231019_1,AtCoder Daily Training ALL 2023/10/19 16:30start,2023,1697700600,abc214_f,I,Substrings,F. Substrings,1973.0,2610,"['dp', 'implementation', 'modular arithmetic', 'string']",4,https://atcoder.jp/contests/adt_all_20231019_1/tasks/abc214_f,59.243,,,
atcoder,others,adt_all_20231019_1,AtCoder Daily Training ALL 2023/10/19 16:30start,2023,1697700600,abc231_a,A,Water Pressure,A. Water Pressure,-1422.0,16934,"['implementation', 'math']",2,https://atcoder.jp/contests/adt_all_20231019_1/tasks/abc231_a,0.035,,,
atcoder,others,adt_all_20231019_1,AtCoder Daily Training ALL 2023/10/19 16:30start,2023,1697700600,abc237_b,C,Matrix Transposition,B. Matrix Transposition,-449.0,14419,"['implementation', 'matrix']",2,https://atcoder.jp/contests/adt_all_20231019_1/tasks/abc237_b,17.004,,,
atcoder,others,adt_all_20231019_1,AtCoder Daily Training ALL 2023/10/19 16:30start,2023,1697700600,abc243_e,H,Edge Deletion,E. Edge Deletion,1637.0,4446,"['floyd warshall', 'graph', 'implementation', 'shortest path']",4,https://atcoder.jp/contests/adt_all_20231019_1/tasks/abc243_e,53.383,,,
atcoder,others,adt_all_20231019_1,AtCoder Daily Training ALL 2023/10/19 16:30start,2023,1697700600,abc246_c,F,Coupon,C. Coupon,330.0,11421,"['greedy', 'implementation', 'priority queue', 'sorting']",4,https://atcoder.jp/contests/adt_all_20231019_1/tasks/abc246_c,30.589,,,
atcoder,others,adt_all_20231019_1,AtCoder Daily Training ALL 2023/10/19 16:30start,2023,1697700600,abc264_d,G,"""redocta"".swap(i,i+1)","D. ""redocta"".swap(i,i+1)",414.0,9388,"['bfs', 'implementation', 'search', 'string']",4,https://atcoder.jp/contests/adt_all_20231019_1/tasks/abc264_d,32.054,,,
atcoder,others,adt_all_20231019_1,AtCoder Daily Training ALL 2023/10/19 16:30start,2023,1697700600,abc267_b,D,Split?,B. Split?,61.0,10230,"['tree', 'implementation', 'string']",3,https://atcoder.jp/contests/adt_all_20231019_1/tasks/abc267_b,25.898,,,
atcoder,others,adt_all_20231019_1,AtCoder Daily Training ALL 2023/10/19 16:30start,2023,1697700600,abc274_c,E,Ameba,C. Ameba,304.0,9726,"['bfs', 'graph', 'implementation', 'tree']",4,https://atcoder.jp/contests/adt_all_20231019_1/tasks/abc274_c,30.136,,,
atcoder,others,adt_all_20231019_1,AtCoder Daily Training ALL 2023/10/19 16:30start,2023,1697700600,abc296_a,B,Alternately,A. Alternately,-937.0,15654,"['implementation', 'string']",2,https://atcoder.jp/contests/adt_all_20231019_1/tasks/abc296_a,8.493,,,
atcoder,others,adt_all_20231019_2,AtCoder Daily Training ALL 2023/10/19 18:30start,2023,1697707800,abc216_d,G,Pair of Balls,D. Pair of Balls,1039.0,7409,"['graph', 'implementation', 'topological sort']",3,https://atcoder.jp/contests/adt_all_20231019_2/tasks/abc216_d,42.954,,,
atcoder,others,adt_all_20231019_2,AtCoder Daily Training ALL 2023/10/19 18:30start,2023,1697707800,abc221_e,H,LEQ,E. LEQ,1515.0,4094,"['combinatorics', 'data structure', 'implementation', 'modular arithmetic', 'sorting']",5,https://atcoder.jp/contests/adt_all_20231019_2/tasks/abc221_e,51.256,,,
atcoder,others,adt_all_20231019_2,AtCoder Daily Training ALL 2023/10/19 18:30start,2023,1697707800,abc224_a,A,Tires,A. Tires,-1263.0,16515,"['tree', 'implementation', 'string']",3,https://atcoder.jp/contests/adt_all_20231019_2/tasks/abc224_a,2.808,,,
atcoder,others,adt_all_20231019_2,AtCoder Daily Training ALL 2023/10/19 18:30start,2023,1697707800,abc249_b,C,Perfect String,B. Perfect String,-459.0,12222,"['implementation', 'set', 'string']",3,https://atcoder.jp/contests/adt_all_20231019_2/tasks/abc249_b,16.829,,,
atcoder,others,adt_all_20231019_2,AtCoder Daily Training ALL 2023/10/19 18:30start,2023,1697707800,abc252_f,I,Bread,F. Bread,1609.0,3772,"['greedy', 'huffman coding', 'implementation', 'priority queue']",4,https://atcoder.jp/contests/adt_all_20231019_2/tasks/abc252_f,52.895,,,
atcoder,others,adt_all_20231019_2,AtCoder Daily Training ALL 2023/10/19 18:30start,2023,1697707800,abc265_b,D,Explore,B. Explore,13.0,10807,"['greedy', 'implementation', 'simulation']",3,https://atcoder.jp/contests/adt_all_20231019_2/tasks/abc265_b,25.061,,,
atcoder,others,adt_all_20231019_2,AtCoder Daily Training ALL 2023/10/19 18:30start,2023,1697707800,abc272_c,E,Max Even,C. Max Even,51.0,12015,"['greedy', 'implementation', 'math', 'sorting']",4,https://atcoder.jp/contests/adt_all_20231019_2/tasks/abc272_c,25.724,,,
atcoder,others,adt_all_20231019_2,AtCoder Daily Training ALL 2023/10/19 18:30start,2023,1697707800,abc284_c,F,Count Connected Components,C. Count Connected Components,108.0,12601,"['bfs', 'graph', 'implementation', 'dsu']",4,https://atcoder.jp/contests/adt_all_20231019_2/tasks/abc284_c,26.718,,,
atcoder,others,adt_all_20231019_2,AtCoder Daily Training ALL 2023/10/19 18:30start,2023,1697707800,abc291_a,B,camel Case,A. camel Case,-1162.0,13791,"['implementation', 'string']",2,https://atcoder.jp/contests/adt_all_20231019_2/tasks/abc291_a,4.569,,,
atcoder,others,adt_all_20231024_1,AtCoder Daily Training ALL 2023/10/24 15:30start,2023,1698129000,abc222_a,A,Four Digits,A. Four Digits,-1316.0,17451,"['implementation', 'string']",2,https://atcoder.jp/contests/adt_all_20231024_1/tasks/abc222_a,1.884,,,
atcoder,others,adt_all_20231024_1,AtCoder Daily Training ALL 2023/10/24 15:30start,2023,1698129000,abc235_c,E,The Kth Time Query,C. The Kth Time Query,210.0,11853,"['data structure', 'implementation', 'query']",3,https://atcoder.jp/contests/adt_all_20231024_1/tasks/abc235_c,28.497,,,
atcoder,others,adt_all_20231024_1,AtCoder Daily Training ALL 2023/10/24 15:30start,2023,1698129000,abc269_b,D,Rectangle Detection,B. Rectangle Detection,-308.0,11187,"['grid', 'implementation', 'optimization']",3,https://atcoder.jp/contests/adt_all_20231024_1/tasks/abc269_b,19.463,,,
atcoder,others,adt_all_20231024_1,AtCoder Daily Training ALL 2023/10/24 15:30start,2023,1698129000,abc269_f,I,Numbered Checker,F. Numbered Checker,1601.0,2664,"['prefix sum', 'grid', 'implementation', 'math', 'modular arithmetic']",5,https://atcoder.jp/contests/adt_all_20231024_1/tasks/abc269_f,52.755,,,
atcoder,others,adt_all_20231024_1,AtCoder Daily Training ALL 2023/10/24 15:30start,2023,1698129000,abc275_c,F,Counting Squares,C. Counting Squares,760.0,6867,"['geometry', 'grid', 'implementation']",3,https://atcoder.jp/contests/adt_all_20231024_1/tasks/abc275_c,38.089,,,
atcoder,others,adt_all_20231024_1,AtCoder Daily Training ALL 2023/10/24 15:30start,2023,1698129000,abc283_d,G,Scope,D. Scope,453.0,8951,"['implementation', 'set', 'stack', 'string']",4,https://atcoder.jp/contests/adt_all_20231024_1/tasks/abc283_d,32.735,,,
atcoder,others,adt_all_20231024_1,AtCoder Daily Training ALL 2023/10/24 15:30start,2023,1698129000,abc287_e,H,Karuta,E. Karuta,1093.0,5744,"['implementation', 'sorting', 'string', 'trie']",4,https://atcoder.jp/contests/adt_all_20231024_1/tasks/abc287_e,43.896,,,
atcoder,others,adt_all_20231024_1,AtCoder Daily Training ALL 2023/10/24 15:30start,2023,1698129000,abc305_b,C,ABCDEFG,B. ABCDEFG,-749.0,13106,"['prefix sum', 'implementation', 'math']",3,https://atcoder.jp/contests/adt_all_20231024_1/tasks/abc305_b,11.772,,,
atcoder,others,adt_all_20231024_1,AtCoder Daily Training ALL 2023/10/24 15:30start,2023,1698129000,abc315_a,B,tcdr,A. tcdr,-997.0,16090,"['implementation', 'string']",2,https://atcoder.jp/contests/adt_all_20231024_1/tasks/abc315_a,7.447,,,
atcoder,others,adt_all_20231024_2,AtCoder Daily Training ALL 2023/10/24 17:30start,2023,1698136200,abc225_c,E,Calendar Validator,C. Calendar Validator,318.0,9081,"['implementation', 'math', 'pattern']",3,https://atcoder.jp/contests/adt_all_20231024_2/tasks/abc225_c,30.38,,,
atcoder,others,adt_all_20231024_2,AtCoder Daily Training ALL 2023/10/24 17:30start,2023,1698136200,abc229_b,C,Hard Calculation,B. Hard Calculation,-501.0,12157,"['digit', 'implementation', 'math']",3,https://atcoder.jp/contests/adt_all_20231024_2/tasks/abc229_b,16.097,,,
atcoder,others,adt_all_20231024_2,AtCoder Daily Training ALL 2023/10/24 17:30start,2023,1698136200,abc229_f,I,Make Bipartite,F. Make Bipartite,1917.0,2168,"['bipartite graph', 'dp', 'graph theory', 'implementation']",4,https://atcoder.jp/contests/adt_all_20231024_2/tasks/abc229_f,58.266,,,
atcoder,others,adt_all_20231024_2,AtCoder Daily Training ALL 2023/10/24 17:30start,2023,1698136200,abc238_b,D,Pizza,B. Pizza,88.0,11825,"['prefix sum', 'implementation', 'modular arithmetic', 'sorting']",4,https://atcoder.jp/contests/adt_all_20231024_2/tasks/abc238_b,26.369,,,
atcoder,others,adt_all_20231024_2,AtCoder Daily Training ALL 2023/10/24 17:30start,2023,1698136200,abc259_a,B,Growth Record,A. Growth Record,-582.0,13243,"['tree', 'implementation']",2,https://atcoder.jp/contests/adt_all_20231024_2/tasks/abc259_a,14.684,,,
atcoder,others,adt_all_20231024_2,AtCoder Daily Training ALL 2023/10/24 17:30start,2023,1698136200,abc260_c,F,Changing Jewels,C. Changing Jewels,413.0,10164,"['implementation', 'math', 'recursion']",3,https://atcoder.jp/contests/adt_all_20231024_2/tasks/abc260_c,32.037,,,
atcoder,others,adt_all_20231024_2,AtCoder Daily Training ALL 2023/10/24 17:30start,2023,1698136200,abc302_e,H,Isolation,E. Isolation,988.0,6048,"['data structure', 'degree', 'graph', 'implementation', 'simulation']",5,https://atcoder.jp/contests/adt_all_20231024_2/tasks/abc302_e,42.065,,,
atcoder,others,adt_all_20231024_2,AtCoder Daily Training ALL 2023/10/24 17:30start,2023,1698136200,abc309_d,G,Add One Edge,D. Add One Edge,621.0,8267,"['bfs', 'graph theory', 'implementation', 'shortest path']",4,https://atcoder.jp/contests/adt_all_20231024_2/tasks/abc309_d,35.664,,,
atcoder,others,adt_all_20231024_2,AtCoder Daily Training ALL 2023/10/24 17:30start,2023,1698136200,abc312_a,A,Chord,A. Chord,-990.0,15468,"['tree', 'implementation']",2,https://atcoder.jp/contests/adt_all_20231024_2/tasks/abc312_a,7.569,,,
atcoder,others,adt_all_20231025_1,AtCoder Daily Training ALL 2023/10/25 16:00start,2023,1698217200,abc212_a,A,Alloy,A. Alloy,-1351.0,21917,"['tree', 'implementation']",2,https://atcoder.jp/contests/adt_all_20231025_1/tasks/abc212_a,1.273,,,
atcoder,others,adt_all_20231025_1,AtCoder Daily Training ALL 2023/10/25 16:00start,2023,1698217200,abc216_c,E,Many Balls,C. Many Balls,-6.0,13645,"['constructive', 'greedy', 'implementation', 'math']",4,https://atcoder.jp/contests/adt_all_20231025_1/tasks/abc216_c,24.73,,,
atcoder,others,adt_all_20231025_1,AtCoder Daily Training ALL 2023/10/25 16:00start,2023,1698217200,abc222_d,G,Between Two Arrays,D. Between Two Arrays,865.0,8331,"['prefix sum', 'dp', 'implementation', 'modular arithmetic']",4,https://atcoder.jp/contests/adt_all_20231025_1/tasks/abc222_d,39.92,,,
atcoder,others,adt_all_20231025_1,AtCoder Daily Training ALL 2023/10/25 16:00start,2023,1698217200,abc225_b,D,Star or Not,B. Star or Not,-345.0,11841,"['degree', 'graph', 'implementation']",3,https://atcoder.jp/contests/adt_all_20231025_1/tasks/abc225_b,18.818,,,
atcoder,others,adt_all_20231025_1,AtCoder Daily Training ALL 2023/10/25 16:00start,2023,1698217200,abc240_e,H,Ranges on Tree,E. Ranges on Tree,1068.0,4937,"['dfs', 'implementation', 'tree']",3,https://atcoder.jp/contests/adt_all_20231025_1/tasks/abc240_e,43.46,,,
atcoder,others,adt_all_20231025_1,AtCoder Daily Training ALL 2023/10/25 16:00start,2023,1698217200,abc253_b,C,Distance Between Tokens,B. Distance Between Tokens,-378.0,12629,"['grid', 'implementation', 'math']",3,https://atcoder.jp/contests/adt_all_20231025_1/tasks/abc253_b,18.242,,,
atcoder,others,adt_all_20231025_1,AtCoder Daily Training ALL 2023/10/25 16:00start,2023,1698217200,abc257_c,F,Robot Takahashi ,C. Robot Takahashi ,678.0,8286,"['greedy', 'implementation', 'sorting']",3,https://atcoder.jp/contests/adt_all_20231025_1/tasks/abc257_c,36.659,,,
atcoder,others,adt_all_20231025_1,AtCoder Daily Training ALL 2023/10/25 16:00start,2023,1698217200,abc296_f,I,Simultaneous Swap,F. Simultaneous Swap,1811.0,2060,"['implementation', 'math', 'permutation']",3,https://atcoder.jp/contests/adt_all_20231025_1/tasks/abc296_f,56.418,,,
atcoder,others,adt_all_20231025_1,AtCoder Daily Training ALL 2023/10/25 16:00start,2023,1698217200,abc309_a,B,Nine,A. Nine,-756.0,14941,"['tree', 'implementation']",2,https://atcoder.jp/contests/adt_all_20231025_1/tasks/abc309_a,11.65,,,
atcoder,others,adt_all_20231025_2,AtCoder Daily Training ALL 2023/10/25 18:00start,2023,1698224400,abc214_a,A,New Generation ABC,A. New Generation ABC,-1424.0,19719,"['tree', 'implementation']",2,https://atcoder.jp/contests/adt_all_20231025_2/tasks/abc214_a,0.0,,,
atcoder,others,adt_all_20231025_2,AtCoder Daily Training ALL 2023/10/25 18:00start,2023,1698224400,abc214_e,H,Packing Under Range Regulations,E. Packing Under Range Regulations,1835.0,4152,"['greedy', 'priority queue', 'implementation', 'sorting']",4,https://atcoder.jp/contests/adt_all_20231025_2/tasks/abc214_e,56.836,,,
atcoder,others,adt_all_20231025_2,AtCoder Daily Training ALL 2023/10/25 18:00start,2023,1698224400,abc225_d,G,Play Train,D. Play Train,778.0,7675,"['connected components', 'data structure', 'implementation', 'linked list', 'simulation']",5,https://atcoder.jp/contests/adt_all_20231025_2/tasks/abc225_d,38.403,,,
atcoder,others,adt_all_20231025_2,AtCoder Daily Training ALL 2023/10/25 18:00start,2023,1698224400,abc237_a,B,Not Overflow,A. Not Overflow,-702.0,15357,"['tree', 'implementation']",2,https://atcoder.jp/contests/adt_all_20231025_2/tasks/abc237_a,12.592,,,
atcoder,others,adt_all_20231025_2,AtCoder Daily Training ALL 2023/10/25 18:00start,2023,1698224400,abc238_c,F,digitnum,C. digitnum,637.0,8948,"['digit', 'implementation', 'math', 'modular arithmetic']",4,https://atcoder.jp/contests/adt_all_20231025_2/tasks/abc238_c,35.943,,,
atcoder,others,adt_all_20231025_2,AtCoder Daily Training ALL 2023/10/25 18:00start,2023,1698224400,abc255_f,I,Pre-order and In-order,F. Pre-order and In-order,1797.0,2372,"['binary tree', 'implementation', 'recursion']",3,https://atcoder.jp/contests/adt_all_20231025_2/tasks/abc255_f,56.174,,,
atcoder,others,adt_all_20231025_2,AtCoder Daily Training ALL 2023/10/25 18:00start,2023,1698224400,abc264_b,C,Nice Grid,B. Nice Grid,-391.0,11707,"['implementation', 'math', 'pattern']",3,https://atcoder.jp/contests/adt_all_20231025_2/tasks/abc264_b,18.015,,,
atcoder,others,adt_all_20231025_2,AtCoder Daily Training ALL 2023/10/25 18:00start,2023,1698224400,abc293_b,D,Call the ID Number,B. Call the ID Number,-328.0,12840,"['implementation', 'simulation', 'sorting']",3,https://atcoder.jp/contests/adt_all_20231025_2/tasks/abc293_b,19.114,,,
atcoder,others,adt_all_20231025_2,AtCoder Daily Training ALL 2023/10/25 18:00start,2023,1698224400,abc296_c,E,Gap Existence,C. Gap Existence,38.0,12351,"['implementation', 'set', 'sorting']",3,https://atcoder.jp/contests/adt_all_20231025_2/tasks/abc296_c,25.497,,,
atcoder,others,adt_all_20231026_1,AtCoder Daily Training ALL 2023/10/26 16:30start,2023,1698305400,abc223_a,A,Exact Price,A. Exact Price,-1257.0,16076,"['implementation', 'math']",2,https://atcoder.jp/contests/adt_all_20231026_1/tasks/abc223_a,2.912,,,
atcoder,others,adt_all_20231026_1,AtCoder Daily Training ALL 2023/10/26 16:30start,2023,1698305400,abc226_c,F,Martial artist,C. Martial artist,539.0,9184,"['bfs', 'dependency', 'graph', 'implementation']",4,https://atcoder.jp/contests/adt_all_20231026_1/tasks/abc226_c,34.234,,,
atcoder,others,adt_all_20231026_1,AtCoder Daily Training ALL 2023/10/26 16:30start,2023,1698305400,abc246_e,H,Bishop 2,E. Bishop 2,1476.0,4405,"['bfs', 'graph', 'implementation', 'shortest path']",4,https://atcoder.jp/contests/adt_all_20231026_1/tasks/abc246_e,50.576,,,
atcoder,others,adt_all_20231026_1,AtCoder Daily Training ALL 2023/10/26 16:30start,2023,1698305400,abc268_b,C,Prefix?,B. Prefix?,-696.0,12705,"['implementation', 'simulation', 'string']",3,https://atcoder.jp/contests/adt_all_20231026_1/tasks/abc268_b,12.696,,,
atcoder,others,adt_all_20231026_1,AtCoder Daily Training ALL 2023/10/26 16:30start,2023,1698305400,abc276_f,I,Double Chance,F. Double Chance,1562.0,2979,"['prefix sum', 'expectation', 'implementation', 'modular arithmetic', 'sorting']",5,https://atcoder.jp/contests/adt_all_20231026_1/tasks/abc276_f,52.075,,,
atcoder,others,adt_all_20231026_1,AtCoder Daily Training ALL 2023/10/26 16:30start,2023,1698305400,abc289_b,D,V,B. V,169.0,10228,"['connected components', 'graph', 'implementation', 'simulation']",4,https://atcoder.jp/contests/adt_all_20231026_1/tasks/abc289_b,27.782,,,
atcoder,others,adt_all_20231026_1,AtCoder Daily Training ALL 2023/10/26 16:30start,2023,1698305400,abc306_c,E,Centers,C. Centers,31.0,11606,"['counting', 'implementation', 'sorting']",3,https://atcoder.jp/contests/adt_all_20231026_1/tasks/abc306_c,25.375,,,
atcoder,others,adt_all_20231026_1,AtCoder Daily Training ALL 2023/10/26 16:30start,2023,1698305400,abc310_a,B,Order Something Else,A. Order Something Else,-749.0,17402,"['implementation', 'math']",2,https://atcoder.jp/contests/adt_all_20231026_1/tasks/abc310_a,11.772,,,
atcoder,others,adt_all_20231026_1,AtCoder Daily Training ALL 2023/10/26 16:30start,2023,1698305400,abc321_d,G,Set Menu,D. Set Menu,806.0,8791,"['binary search', 'prefix sum', 'implementation', 'sorting']",4,https://atcoder.jp/contests/adt_all_20231026_1/tasks/abc321_d,38.891,,,
atcoder,others,adt_all_20231026_2,AtCoder Daily Training ALL 2023/10/26 18:30start,2023,1698312600,abc221_c,F,Select Mul,C. Select Mul,378.0,11196,"['brute force', 'digit', 'enumeration', 'implementation', 'permutation']",5,https://atcoder.jp/contests/adt_all_20231026_2/tasks/abc221_c,31.427,,,
atcoder,others,adt_all_20231026_2,AtCoder Daily Training ALL 2023/10/26 18:30start,2023,1698312600,abc243_d,G,Moves on Binary Tree,D. Moves on Binary Tree,758.0,9026,"['binary tree', 'implementation', 'simulation', 'string']",4,https://atcoder.jp/contests/adt_all_20231026_2/tasks/abc243_d,38.054,,,
atcoder,others,adt_all_20231026_2,AtCoder Daily Training ALL 2023/10/26 18:30start,2023,1698312600,abc244_b,C,Go Straight and Turn Right,B. Go Straight and Turn Right,-637.0,12955,"['implementation', 'simulation', 'string']",3,https://atcoder.jp/contests/adt_all_20231026_2/tasks/abc244_b,13.725,,,
atcoder,others,adt_all_20231026_2,AtCoder Daily Training ALL 2023/10/26 18:30start,2023,1698312600,abc247_e,H,Max Min,E. Max Min,1256.0,5437,"['counting', 'implementation', 'string']",3,https://atcoder.jp/contests/adt_all_20231026_2/tasks/abc247_e,46.739,,,
atcoder,others,adt_all_20231026_2,AtCoder Daily Training ALL 2023/10/26 18:30start,2023,1698312600,abc251_c,E,Poem Online Judge,C. Poem Online Judge,205.0,10836,"['counting', 'greedy', 'implementation', 'string']",4,https://atcoder.jp/contests/adt_all_20231026_2/tasks/abc251_c,28.409,,,
atcoder,others,adt_all_20231026_2,AtCoder Daily Training ALL 2023/10/26 18:30start,2023,1698312600,abc285_b,D,Longest Uncommon Prefix,B. Longest Uncommon Prefix,-123.0,10797,"['implementation', 'simulation', 'string']",3,https://atcoder.jp/contests/adt_all_20231026_2/tasks/abc285_b,22.689,,,
atcoder,others,adt_all_20231026_2,AtCoder Daily Training ALL 2023/10/26 18:30start,2023,1698312600,abc293_a,B,Swap Odd and Even,A. Swap Odd and Even,-998.0,14932,"['implementation', 'string']",2,https://atcoder.jp/contests/adt_all_20231026_2/tasks/abc293_a,7.429,,,
atcoder,others,adt_all_20231026_2,AtCoder Daily Training ALL 2023/10/26 18:30start,2023,1698312600,abc305_a,A,Water Station,A. Water Station,-1093.0,15337,"['implementation', 'math']",2,https://atcoder.jp/contests/adt_all_20231026_2/tasks/abc305_a,5.773,,,
atcoder,others,adt_all_20231026_2,AtCoder Daily Training ALL 2023/10/26 18:30start,2023,1698312600,abc310_f,I,Make 10 Again,F. Make 10 Again,1938.0,2064,"['counting', 'dp', 'modular arithmetic', 'optimization', 'subset sum']",5,https://atcoder.jp/contests/adt_all_20231026_2/tasks/abc310_f,58.633,,,
atcoder,others,adt_all_20231031_1,AtCoder Daily Training ALL 2023/10/31 15:30start,2023,1698733800,abc219_d,G,Strange Lunchbox,D. Strange Lunchbox,1085.0,7022,"['dp', 'knapsack', 'optimization']",3,https://atcoder.jp/contests/adt_all_20231031_1/tasks/abc219_d,43.757,,,
atcoder,others,adt_all_20231031_1,AtCoder Daily Training ALL 2023/10/31 15:30start,2023,1698733800,abc220_e,H,Distance on Large Perfect Binary Tree,E. Distance on Large Perfect Binary Tree,1593.0,3595,"['combinatorics', 'counting', 'math', 'modular arithmetic', 'tree']",5,https://atcoder.jp/contests/adt_all_20231031_1/tasks/abc220_e,52.616,,,
atcoder,others,adt_all_20231031_1,AtCoder Daily Training ALL 2023/10/31 15:30start,2023,1698733800,abc230_c,F,X drawing,C. X drawing,566.0,8332,"['grid', 'implementation', 'math']",3,https://atcoder.jp/contests/adt_all_20231031_1/tasks/abc230_c,34.705,,,
atcoder,others,adt_all_20231031_1,AtCoder Daily Training ALL 2023/10/31 15:30start,2023,1698733800,abc264_a,B,"""atcoder"".substr()","A. ""atcoder"".substr()",-1180.0,14539,"['implementation', 'string']",2,https://atcoder.jp/contests/adt_all_20231031_1/tasks/abc264_a,4.255,,,
atcoder,others,adt_all_20231031_1,AtCoder Daily Training ALL 2023/10/31 15:30start,2023,1698733800,abc266_b,D,Modulo Number,B. Modulo Number,-176.0,12745,"['implementation', 'math', 'modular arithmetic']",3,https://atcoder.jp/contests/adt_all_20231031_1/tasks/abc266_b,21.765,,,
atcoder,others,adt_all_20231031_1,AtCoder Daily Training ALL 2023/10/31 15:30start,2023,1698733800,abc274_a,A,Batting Average,A. Batting Average,-738.0,12991,"['implementation', 'math', 'string']",3,https://atcoder.jp/contests/adt_all_20231031_1/tasks/abc274_a,11.964,,,
atcoder,others,adt_all_20231031_1,AtCoder Daily Training ALL 2023/10/31 15:30start,2023,1698733800,abc297_b,C,chess960,B. chess960,-455.0,12374,"['implementation', 'string']",2,https://atcoder.jp/contests/adt_all_20231031_1/tasks/abc297_b,16.899,,,
atcoder,others,adt_all_20231031_1,AtCoder Daily Training ALL 2023/10/31 15:30start,2023,1698733800,abc301_c,E,AtCoder Cards,C. AtCoder Cards,379.0,9387,"['counting', 'greedy', 'implementation', 'string']",4,https://atcoder.jp/contests/adt_all_20231031_1/tasks/abc301_c,31.444,,,
atcoder,others,adt_all_20231031_1,AtCoder Daily Training ALL 2023/10/31 15:30start,2023,1698733800,abc311_f,I,Yet Another Grid Task,F. Yet Another Grid Task,1984.0,1865,"['counting', 'prefix sum', 'dp', 'grid', 'modular arithmetic', 'optimization']",6,https://atcoder.jp/contests/adt_all_20231031_1/tasks/abc311_f,59.435,,,
atcoder,others,adt_all_20231031_2,AtCoder Daily Training ALL 2023/10/31 17:30start,2023,1698741000,abc242_d,G,ABC Transform,D. ABC Transform,1286.0,5436,"['implementation', 'recursion', 'string']",3,https://atcoder.jp/contests/adt_all_20231031_2/tasks/abc242_d,47.262,,,
atcoder,others,adt_all_20231031_2,AtCoder Daily Training ALL 2023/10/31 17:30start,2023,1698741000,abc260_a,A,A Unique Letter,A. A Unique Letter,-989.0,14393,"['counting', 'implementation', 'string']",3,https://atcoder.jp/contests/adt_all_20231031_2/tasks/abc260_a,7.586,,,
atcoder,others,adt_all_20231031_2,AtCoder Daily Training ALL 2023/10/31 17:30start,2023,1698741000,abc274_b,C,Line Sensor,B. Line Sensor,-449.0,11677,"['graph', 'implementation']",2,https://atcoder.jp/contests/adt_all_20231031_2/tasks/abc274_b,17.004,,,
atcoder,others,adt_all_20231031_2,AtCoder Daily Training ALL 2023/10/31 17:30start,2023,1698741000,abc278_b,D,Misjudge the Time,B. Misjudge the Time,-72.0,10869,"['digit', 'implementation', 'simulation', 'validation']",4,https://atcoder.jp/contests/adt_all_20231031_2/tasks/abc278_b,23.579,,,
atcoder,others,adt_all_20231031_2,AtCoder Daily Training ALL 2023/10/31 17:30start,2023,1698741000,abc286_a,B,Range Swap,A. Range Swap,-640.0,12112,"['counting', 'implementation', 'string']",3,https://atcoder.jp/contests/adt_all_20231031_2/tasks/abc286_a,13.673,,,
atcoder,others,adt_all_20231031_2,AtCoder Daily Training ALL 2023/10/31 17:30start,2023,1698741000,abc288_e,H,Wish List,E. Wish List,2000.0,2016,"['dp', 'implementation', 'optimization']",3,https://atcoder.jp/contests/adt_all_20231031_2/tasks/abc288_e,59.714,,,
atcoder,others,adt_all_20231031_2,AtCoder Daily Training ALL 2023/10/31 17:30start,2023,1698741000,abc293_c,F,Make Takahashi Happy ,C. Make Takahashi Happy ,431.0,10469,"['backtracking', 'counting', 'dfs', 'grid', 'implementation']",5,https://atcoder.jp/contests/adt_all_20231031_2/tasks/abc293_c,32.351,,,
atcoder,others,adt_all_20231031_2,AtCoder Daily Training ALL 2023/10/31 17:30start,2023,1698741000,abc303_f,I,Damage over Time,F. Damage over Time,2381.0,916,"['binary search', 'greedy', 'implementation', 'math', 'optimization']",5,https://atcoder.jp/contests/adt_all_20231031_2/tasks/abc303_f,66.359,,,
atcoder,others,adt_all_20231031_2,AtCoder Daily Training ALL 2023/10/31 17:30start,2023,1698741000,abc304_c,E,Virus,C. Virus,365.0,9496,"['bfs', 'connected components', 'dfs', 'graph', 'implementation']",5,https://atcoder.jp/contests/adt_all_20231031_2/tasks/abc304_c,31.2,,,
atcoder,others,adt_all_20231101_1,AtCoder Daily Training ALL 2023/11/1 16:00start,2023,1698822000,abc216_e,H,Amusement Park,E. Amusement Park,1084.0,5891,"['binary search', 'greedy', 'implementation', 'math']",4,https://atcoder.jp/contests/adt_all_20231101_1/tasks/abc216_e,43.739,,,
atcoder,others,adt_all_20231101_1,AtCoder Daily Training ALL 2023/11/1 16:00start,2023,1698822000,abc227_d,G,Project Planning,D. Project Planning,1643.0,4734,"['binary search', 'greedy', 'implementation']",3,https://atcoder.jp/contests/adt_all_20231101_1/tasks/abc227_d,53.488,,,
atcoder,others,adt_all_20231101_1,AtCoder Daily Training ALL 2023/11/1 16:00start,2023,1698822000,abc262_a,A,World Cup,A. World Cup,-1190.0,14276,"['implementation', 'math', 'modular arithmetic']",3,https://atcoder.jp/contests/adt_all_20231101_1/tasks/abc262_a,4.081,,,
atcoder,others,adt_all_20231101_1,AtCoder Daily Training ALL 2023/11/1 16:00start,2023,1698822000,abc275_a,B,Find Takahashi,A. Find Takahashi,-929.0,13590,"['array', 'implementation']",2,https://atcoder.jp/contests/adt_all_20231101_1/tasks/abc275_a,8.633,,,
atcoder,others,adt_all_20231101_1,AtCoder Daily Training ALL 2023/11/1 16:00start,2023,1698822000,abc285_c,E,abc285_brutmhyhiizp,C. abc285_brutmhyhiizp,25.0,10635,"['base conversion', 'implementation', 'string']",3,https://atcoder.jp/contests/adt_all_20231101_1/tasks/abc285_c,25.27,,,
atcoder,others,adt_all_20231101_1,AtCoder Daily Training ALL 2023/11/1 16:00start,2023,1698822000,abc288_c,F,Don’t be cycle,C. Don’t be cycle,436.0,9255,"['connected components', 'counting', 'graph', 'implementation', 'dsu']",5,https://atcoder.jp/contests/adt_all_20231101_1/tasks/abc288_c,32.438,,,
atcoder,others,adt_all_20231101_1,AtCoder Daily Training ALL 2023/11/1 16:00start,2023,1698822000,abc291_b,C,Trimmed Mean,B. Trimmed Mean,-606.0,12135,"['array', 'implementation', 'sorting', 'statistics']",4,https://atcoder.jp/contests/adt_all_20231101_1/tasks/abc291_b,14.266,,,
atcoder,others,adt_all_20231101_1,AtCoder Daily Training ALL 2023/11/1 16:00start,2023,1698822000,abc306_f,I,Merge Sets,F. Merge Sets,1557.0,2929,"['combinatorics', 'coordinate compression', 'counting', 'implementation', 'sorting']",5,https://atcoder.jp/contests/adt_all_20231101_1/tasks/abc306_f,51.988,,,
atcoder,others,adt_all_20231101_1,AtCoder Daily Training ALL 2023/11/1 16:00start,2023,1698822000,abc314_b,D,Roulette,B. Roulette,-34.0,12162,"['array', 'implementation', 'sorting']",3,https://atcoder.jp/contests/adt_all_20231101_1/tasks/abc314_b,24.241,,,
atcoder,others,adt_all_20231101_2,AtCoder Daily Training ALL 2023/11/1 18:00start,2023,1698829200,abc201_c,E,Secret Number,C. Secret Number,439.0,11560,"['brute force', 'case work', 'combinatorics', 'counting', 'implementation', 'string']",6,https://atcoder.jp/contests/adt_all_20231101_2/tasks/abc201_c,32.49,,,
atcoder,others,adt_all_20231101_2,AtCoder Daily Training ALL 2023/11/1 18:00start,2023,1698829200,abc220_a,B,Find Multiple,A. Find Multiple,-933.0,19925,"['implementation', 'math', 'number theory']",3,https://atcoder.jp/contests/adt_all_20231101_2/tasks/abc220_a,8.563,,,
atcoder,others,adt_all_20231101_2,AtCoder Daily Training ALL 2023/11/1 18:00start,2023,1698829200,abc227_b,C,KEYENCE building,B. KEYENCE building,-634.0,10562,"['brute force', 'implementation', 'set']",3,https://atcoder.jp/contests/adt_all_20231101_2/tasks/abc227_b,13.777,,,
atcoder,others,adt_all_20231101_2,AtCoder Daily Training ALL 2023/11/1 18:00start,2023,1698829200,abc249_d,G,Index Trio,D. Index Trio,983.0,7046,"['counting', 'implementation', 'number theory']",3,https://atcoder.jp/contests/adt_all_20231101_2/tasks/abc249_d,41.978,,,
atcoder,others,adt_all_20231101_2,AtCoder Daily Training ALL 2023/11/1 18:00start,2023,1698829200,abc261_b,D,Tournament Result,B. Tournament Result,-275.0,12259,"['array', 'implementation', 'matrix', 'validation']",4,https://atcoder.jp/contests/adt_all_20231101_2/tasks/abc261_b,20.038,,,
atcoder,others,adt_all_20231101_2,AtCoder Daily Training ALL 2023/11/1 18:00start,2023,1698829200,abc266_a,A,Middle  Letter,A. Middle  Letter,-1129.0,15397,"['implementation', 'string']",2,https://atcoder.jp/contests/adt_all_20231101_2/tasks/abc266_a,5.145,,,
atcoder,others,adt_all_20231101_2,AtCoder Daily Training ALL 2023/11/1 18:00start,2023,1698829200,abc275_e,H,Sugoroku 4,E. Sugoroku 4,1264.0,4285,"['dp', 'modular arithmetic', 'probability']",3,https://atcoder.jp/contests/adt_all_20231101_2/tasks/abc275_e,46.878,,,
atcoder,others,adt_all_20231101_2,AtCoder Daily Training ALL 2023/11/1 18:00start,2023,1698829200,abc281_f,I,Xor Minimization,F. Xor Minimization,1714.0,3135,"['bit manipulation', 'divide and conquer', 'trie', 'xor']",4,https://atcoder.jp/contests/adt_all_20231101_2/tasks/abc281_f,54.726,,,
atcoder,others,adt_all_20231101_2,AtCoder Daily Training ALL 2023/11/1 18:00start,2023,1698829200,abc311_c,F,Find it!,C. Find it!,448.0,10628,"['cycle', 'dfs', 'graph', 'implementation']",4,https://atcoder.jp/contests/adt_all_20231101_2/tasks/abc311_c,32.647,,,
atcoder,others,adt_all_20231102_1,AtCoder Daily Training ALL 2023/11/2 16:30start,2023,1698910200,abc225_a,A,Distinct Strings,A. Distinct Strings,-994.0,13547,"['case work', 'combinatorics', 'counting', 'implementation', 'string']",5,https://atcoder.jp/contests/adt_all_20231102_1/tasks/abc225_a,7.499,,,
atcoder,others,adt_all_20231102_1,AtCoder Daily Training ALL 2023/11/2 16:30start,2023,1698910200,abc228_c,E,Final Day,C. Final Day,149.0,10353,"['greedy', 'implementation', 'sorting']",3,https://atcoder.jp/contests/adt_all_20231102_1/tasks/abc228_c,27.433,,,
atcoder,others,adt_all_20231102_1,AtCoder Daily Training ALL 2023/11/2 16:30start,2023,1698910200,abc250_a,B,Adjacent Squares,A. Adjacent Squares,-706.0,13728,"['case work', 'grid', 'implementation']",3,https://atcoder.jp/contests/adt_all_20231102_1/tasks/abc250_a,12.522,,,
atcoder,others,adt_all_20231102_1,AtCoder Daily Training ALL 2023/11/2 16:30start,2023,1698910200,abc264_e,H,Blackout 2,E. Blackout 2,1229.0,4894,"['connected components', 'dsu', 'graph', 'implementation', 'offline processing', 'reversal']",6,https://atcoder.jp/contests/adt_all_20231102_1/tasks/abc264_e,46.268,,,
atcoder,others,adt_all_20231102_1,AtCoder Daily Training ALL 2023/11/2 16:30start,2023,1698910200,abc272_f,I,Two Strings,F. Two Strings,2238.0,1122,"['cycle', 'lexicographical', 'sorting', 'string', 'suffix array']",5,https://atcoder.jp/contests/adt_all_20231102_1/tasks/abc272_f,63.865,,,
atcoder,others,adt_all_20231102_1,AtCoder Daily Training ALL 2023/11/2 16:30start,2023,1698910200,abc273_c,F,(K+1)-th Largest Number,C. (K+1)-th Largest Number,369.0,8763,"['coordinate compression', 'counting', 'implementation', 'sorting']",4,https://atcoder.jp/contests/adt_all_20231102_1/tasks/abc273_c,31.27,,,
atcoder,others,adt_all_20231102_1,AtCoder Daily Training ALL 2023/11/2 16:30start,2023,1698910200,abc280_d,G,Factorial and Multiple,D. Factorial and Multiple,880.0,7510,"['counting', 'factorial', 'number theory', 'prime factorization']",4,https://atcoder.jp/contests/adt_all_20231102_1/tasks/abc280_d,40.181,,,
atcoder,others,adt_all_20231102_1,AtCoder Daily Training ALL 2023/11/2 16:30start,2023,1698910200,abc281_b,D,Sandwich Number,B. Sandwich Number,-322.0,12827,"['implementation', 'pattern', 'string']",3,https://atcoder.jp/contests/adt_all_20231102_1/tasks/abc281_b,19.219,,,
atcoder,others,adt_all_20231102_1,AtCoder Daily Training ALL 2023/11/2 16:30start,2023,1698910200,abc296_b,C,Chessboard,B. Chessboard,-622.0,13453,"['grid', 'implementation', 'string']",3,https://atcoder.jp/contests/adt_all_20231102_1/tasks/abc296_b,13.987,,,
atcoder,others,adt_all_20231102_2,AtCoder Daily Training ALL 2023/11/2 18:30start,2023,1698917400,abc213_d,G,Takahashi Tour,D. Takahashi Tour,710.0,10526,"['dfs', 'graph', 'implementation', 'simulation', 'tree']",5,https://atcoder.jp/contests/adt_all_20231102_2/tasks/abc213_d,37.217,,,
atcoder,others,adt_all_20231102_2,AtCoder Daily Training ALL 2023/11/2 18:30start,2023,1698917400,abc216_b,C,Same Name,B. Same Name,-537.0,14797,"['deduplication', 'hash set', 'implementation', 'string']",4,https://atcoder.jp/contests/adt_all_20231102_2/tasks/abc216_b,15.469,,,
atcoder,others,adt_all_20231102_2,AtCoder Daily Training ALL 2023/11/2 18:30start,2023,1698917400,abc223_f,I,Parenthesis Checking,F. Parenthesis Checking,1641.0,3171,"['balanced bracket sequence', 'lazy propagation', 'range minimum query', 'range update', 'segment tree']",5,https://atcoder.jp/contests/adt_all_20231102_2/tasks/abc223_f,53.453,,,
atcoder,others,adt_all_20231102_2,AtCoder Daily Training ALL 2023/11/2 18:30start,2023,1698917400,abc226_b,D,Counting Arrays,B. Counting Arrays,107.0,12115,"['array', 'deduplication', 'hash set', 'implementation']",4,https://atcoder.jp/contests/adt_all_20231102_2/tasks/abc226_b,26.7,,,
atcoder,others,adt_all_20231102_2,AtCoder Daily Training ALL 2023/11/2 18:30start,2023,1698917400,abc236_a,A,chukodai,A. chukodai,-1207.0,17161,"['implementation', 'string']",2,https://atcoder.jp/contests/adt_all_20231102_2/tasks/abc236_a,3.784,,,
atcoder,others,adt_all_20231102_2,AtCoder Daily Training ALL 2023/11/2 18:30start,2023,1698917400,abc242_a,B,T-shirt,A. T-shirt,-555.0,15587,"['case work', 'implementation', 'probability']",3,https://atcoder.jp/contests/adt_all_20231102_2/tasks/abc242_a,15.155,,,
atcoder,others,adt_all_20231102_2,AtCoder Daily Training ALL 2023/11/2 18:30start,2023,1698917400,abc263_c,E,Monotonically Increasing,C. Monotonically Increasing,282.0,9970,"['backtracking', 'combinatorics', 'lexicographical', 'recursion']",4,https://atcoder.jp/contests/adt_all_20231102_2/tasks/abc263_c,29.752,,,
atcoder,others,adt_all_20231102_2,AtCoder Daily Training ALL 2023/11/2 18:30start,2023,1698917400,abc280_e,H,Critical Hit,E. Critical Hit,1251.0,4737,"['dp', 'expectation', 'modular arithmetic', 'probability']",4,https://atcoder.jp/contests/adt_all_20231102_2/tasks/abc280_e,46.652,,,
atcoder,others,adt_all_20231102_2,AtCoder Daily Training ALL 2023/11/2 18:30start,2023,1698917400,abc313_c,F,Approximate Equalization 2,C. Approximate Equalization 2,681.0,8886,"['greedy', 'implementation', 'math', 'sorting']",4,https://atcoder.jp/contests/adt_all_20231102_2/tasks/abc313_c,36.711,,,
atcoder,others,adt_all_20231107_1,AtCoder Daily Training ALL 2023/11/7 15:30start,2023,1699338600,abc223_d,G,Restricted Permutation,D. Restricted Permutation,1069.0,7038,"['graph', 'greedy', 'implementation', 'priority queue', 'topological sort']",5,https://atcoder.jp/contests/adt_all_20231107_1/tasks/abc223_d,43.478,,,
atcoder,others,adt_all_20231107_1,AtCoder Daily Training ALL 2023/11/7 15:30start,2023,1699338600,abc229_e,H,Graph Destruction,E. Graph Destruction,1015.0,5985,"['connected components', 'dsu', 'graph', 'implementation', 'offline processing', 'reversal']",6,https://atcoder.jp/contests/adt_all_20231107_1/tasks/abc229_e,42.536,,,
atcoder,others,adt_all_20231107_1,AtCoder Daily Training ALL 2023/11/7 15:30start,2023,1699338600,abc233_f,I,Swap and Sort,F. Swap and Sort,2038.0,1755,"['connected components', 'dsu', 'graph', 'implementation', 'permutation', 'sorting']",6,https://atcoder.jp/contests/adt_all_20231107_1/tasks/abc233_f,60.377,,,
atcoder,others,adt_all_20231107_1,AtCoder Daily Training ALL 2023/11/7 15:30start,2023,1699338600,abc235_a,A,Rotate,A. Rotate,-1104.0,16330,"['math', 'digit', 'implementation', 'string']",4,https://atcoder.jp/contests/adt_all_20231107_1/tasks/abc235_a,5.581,,,
atcoder,others,adt_all_20231107_1,AtCoder Daily Training ALL 2023/11/7 15:30start,2023,1699338600,abc242_c,F,1111gal password,C. 1111gal password,512.0,10849,"['counting', 'digit dp', 'dp', 'modular arithmetic']",4,https://atcoder.jp/contests/adt_all_20231107_1/tasks/abc242_c,33.764,,,
atcoder,others,adt_all_20231107_1,AtCoder Daily Training ALL 2023/11/7 15:30start,2023,1699338600,abc246_b,D,Get Closer,B. Get Closer,-250.0,12872,"['coordinate geometry', 'euclidean distance', 'implementation', 'vector']",4,https://atcoder.jp/contests/adt_all_20231107_1/tasks/abc246_b,20.474,,,
atcoder,others,adt_all_20231107_1,AtCoder Daily Training ALL 2023/11/7 15:30start,2023,1699338600,abc254_b,C,Practical Computing,B. Practical Computing,-476.0,13624,"['binomial coefficient', 'dp', 'implementation']",3,https://atcoder.jp/contests/adt_all_20231107_1/tasks/abc254_b,16.533,,,
atcoder,others,adt_all_20231107_1,AtCoder Daily Training ALL 2023/11/7 15:30start,2023,1699338600,abc255_a,B,"You should output ARC, though this is ABC.","A. You should output ARC, though this is ABC.",-983.0,14496,"['array', 'implementation', 'matrix']",3,https://atcoder.jp/contests/adt_all_20231107_1/tasks/abc255_a,7.691,,,
atcoder,others,adt_all_20231107_1,AtCoder Daily Training ALL 2023/11/7 15:30start,2023,1699338600,abc295_c,E,Socks,C. Socks,-75.0,12535,"['counting', 'hash map', 'implementation']",3,https://atcoder.jp/contests/adt_all_20231107_1/tasks/abc295_c,23.526,,,
atcoder,others,adt_all_20231107_2,AtCoder Daily Training ALL 2023/11/7 17:30start,2023,1699345800,abc215_c,E,One More aab aba baa,C. One More aab aba baa,76.0,13354,"['combinatorics', 'implementation', 'lexicographical', 'string']",4,https://atcoder.jp/contests/adt_all_20231107_2/tasks/abc215_c,26.16,,,
atcoder,others,adt_all_20231107_2,AtCoder Daily Training ALL 2023/11/7 17:30start,2023,1699345800,abc231_c,F,Counting 2,C. Counting 2,111.0,12711,"['binary search', 'implementation', 'query', 'sorting']",4,https://atcoder.jp/contests/adt_all_20231107_2/tasks/abc231_c,26.77,,,
atcoder,others,adt_all_20231107_2,AtCoder Daily Training ALL 2023/11/7 17:30start,2023,1699345800,abc234_b,C,Longest Segment,B. Longest Segment,-464.0,13735,"['brute force', 'coordinate geometry', 'euclidean distance', 'search']",4,https://atcoder.jp/contests/adt_all_20231107_2/tasks/abc234_b,16.742,,,
atcoder,others,adt_all_20231107_2,AtCoder Daily Training ALL 2023/11/7 17:30start,2023,1699345800,abc242_e,H,(∀x∀),E. (∀x∀),1365.0,4532,"['combinatorics', 'counting', 'dp', 'lexicographical', 'palindrome', 'string']",6,https://atcoder.jp/contests/adt_all_20231107_2/tasks/abc242_e,48.64,,,
atcoder,others,adt_all_20231107_2,AtCoder Daily Training ALL 2023/11/7 17:30start,2023,1699345800,abc261_a,A,Intersection,A. Intersection,-423.0,13790,"['case work', 'implementation', 'interval']",3,https://atcoder.jp/contests/adt_all_20231107_2/tasks/abc261_a,17.457,,,
atcoder,others,adt_all_20231107_2,AtCoder Daily Training ALL 2023/11/7 17:30start,2023,1699345800,abc295_b,D,Bombs,B. Bombs,24.0,11077,"['grid', 'implementation', 'manhattan distance', 'simulation']",4,https://atcoder.jp/contests/adt_all_20231107_2/tasks/abc295_b,25.253,,,
atcoder,others,adt_all_20231107_2,AtCoder Daily Training ALL 2023/11/7 17:30start,2023,1699345800,abc307_f,I,Virus 2,F. Virus 2,2139.0,1520,"['dijkstra', 'graph', 'shortest path', 'simulation']",4,https://atcoder.jp/contests/adt_all_20231107_2/tasks/abc307_f,62.138,,,
atcoder,others,adt_all_20231107_2,AtCoder Daily Training ALL 2023/11/7 17:30start,2023,1699345800,abc313_a,B,To Be Saikyo,A. To Be Saikyo,-524.0,14833,"['case work', 'implementation', 'search']",3,https://atcoder.jp/contests/adt_all_20231107_2/tasks/abc313_a,15.696,,,
atcoder,others,adt_all_20231107_2,AtCoder Daily Training ALL 2023/11/7 17:30start,2023,1699345800,abc318_d,G,General Weighted Max Matching,D. General Weighted Max Matching,1017.0,7160,"['bitmask dp', 'dp', 'matching', 'maximum weight matching', 'optimization']",5,https://atcoder.jp/contests/adt_all_20231107_2/tasks/abc318_d,42.571,,,
atcoder,others,adt_all_20231108_1,AtCoder Daily Training ALL 2023/11/8 16:00start,2023,1699426800,abc212_f,I,Greedy Takahashi,F. Greedy Takahashi,2332.0,1346,"['binary search', 'greedy', 'implementation', 'query', 'simulation']",5,https://atcoder.jp/contests/adt_all_20231108_1/tasks/abc212_f,65.504,,,
atcoder,others,adt_all_20231108_1,AtCoder Daily Training ALL 2023/11/8 16:00start,2023,1699426800,abc218_d,G,Rectangles,D. Rectangles,715.0,9174,"['combinatorics', 'coordinate geometry', 'counting', 'implementation', 'set']",5,https://atcoder.jp/contests/adt_all_20231108_1/tasks/abc218_d,37.304,,,
atcoder,others,adt_all_20231108_1,AtCoder Daily Training ALL 2023/11/8 16:00start,2023,1699426800,abc220_c,E,Long Sequence,C. Long Sequence,-86.0,16226,"['math', 'binary search', 'implementation', 'optimization', 'prefix sum']",5,https://atcoder.jp/contests/adt_all_20231108_1/tasks/abc220_c,23.334,,,
atcoder,others,adt_all_20231108_1,AtCoder Daily Training ALL 2023/11/8 16:00start,2023,1699426800,abc233_a,A,10yen Stamp,A. 10yen Stamp,-1110.0,15414,"['math', 'case work', 'implementation']",3,https://atcoder.jp/contests/adt_all_20231108_1/tasks/abc233_a,5.476,,,
atcoder,others,adt_all_20231108_1,AtCoder Daily Training ALL 2023/11/8 16:00start,2023,1699426800,abc236_b,C,Who is missing?,B. Who is missing?,-655.0,15222,"['counting', 'implementation']",2,https://atcoder.jp/contests/adt_all_20231108_1/tasks/abc236_b,13.411,,,
atcoder,others,adt_all_20231108_1,AtCoder Daily Training ALL 2023/11/8 16:00start,2023,1699426800,abc251_b,D,At Most 3 (Judge ver.),B. At Most 3 (Judge ver.),83.0,11232,"['brute force', 'combinatorics', 'enumeration', 'implementation', 'set']",5,https://atcoder.jp/contests/adt_all_20231108_1/tasks/abc251_b,26.282,,,
atcoder,others,adt_all_20231108_1,AtCoder Daily Training ALL 2023/11/8 16:00start,2023,1699426800,abc255_e,H,Lucky Numbers,E. Lucky Numbers,1519.0,3720,"['sprague grundy', 'impartial game', 'mex', 'nim', 'xor']",5,https://atcoder.jp/contests/adt_all_20231108_1/tasks/abc255_e,51.325,,,
atcoder,others,adt_all_20231108_1,AtCoder Daily Training ALL 2023/11/8 16:00start,2023,1699426800,abc282_c,F,String Delimiter,C. String Delimiter,-139.0,11536,"['implementation', 'simulation', 'string']",3,https://atcoder.jp/contests/adt_all_20231108_1/tasks/abc282_c,22.41,,,
atcoder,others,adt_all_20231108_1,AtCoder Daily Training ALL 2023/11/8 16:00start,2023,1699426800,abc284_a,B,Sequence of Strings,A. Sequence of Strings,-1072.0,16245,"['math', 'implementation']",2,https://atcoder.jp/contests/adt_all_20231108_1/tasks/abc284_a,6.139,,,
atcoder,others,adt_all_20231108_2,AtCoder Daily Training ALL 2023/11/8 18:00start,2023,1699434000,abc197_c,E,ORXOR,C. ORXOR,809.0,9725,"['bitmask', 'brute force', 'implementation', 'bit manipulation', 'search']",5,https://atcoder.jp/contests/adt_all_20231108_2/tasks/abc197_c,38.943,,,
atcoder,others,adt_all_20231108_2,AtCoder Daily Training ALL 2023/11/8 18:00start,2023,1699434000,abc217_a,B,Lexicographic Order,A. Lexicographic Order,-772.0,17263,"['case work', 'implementation', 'string']",3,https://atcoder.jp/contests/adt_all_20231108_2/tasks/abc217_a,11.371,,,
atcoder,others,adt_all_20231108_2,AtCoder Daily Training ALL 2023/11/8 18:00start,2023,1699434000,abc231_d,G,Neighbors,D. Neighbors,726.0,7643,"['connected components', 'cycle', 'degree', 'graph', 'implementation']",5,https://atcoder.jp/contests/adt_all_20231108_2/tasks/abc231_d,37.496,,,
atcoder,others,adt_all_20231108_2,AtCoder Daily Training ALL 2023/11/8 18:00start,2023,1699434000,abc245_b,C,Mex,B. Mex,-523.0,14895,"['array', 'implementation', 'mex', 'set']",4,https://atcoder.jp/contests/adt_all_20231108_2/tasks/abc245_b,15.713,,,
atcoder,others,adt_all_20231108_2,AtCoder Daily Training ALL 2023/11/8 18:00start,2023,1699434000,abc246_a,A,Four Points,A. Four Points,-670.0,15460,"['case work', 'coordinate geometry', 'implementation']",3,https://atcoder.jp/contests/adt_all_20231108_2/tasks/abc246_a,13.15,,,
atcoder,others,adt_all_20231108_2,AtCoder Daily Training ALL 2023/11/8 18:00start,2023,1699434000,abc257_e,H,Addition and Multiplication 2,E. Addition and Multiplication 2,1385.0,4642,"['dp', 'greedy', 'implementation', 'optimization']",4,https://atcoder.jp/contests/adt_all_20231108_2/tasks/abc257_e,48.988,,,
atcoder,others,adt_all_20231108_2,AtCoder Daily Training ALL 2023/11/8 18:00start,2023,1699434000,abc270_c,F,Simple path,C. Simple path,625.0,8921,"['dfs', 'graph', 'path', 'tree']",4,https://atcoder.jp/contests/adt_all_20231108_2/tasks/abc270_c,35.734,,,
atcoder,others,adt_all_20231108_2,AtCoder Daily Training ALL 2023/11/8 18:00start,2023,1699434000,abc271_b,D,Maintain Multiple Sequences,B. Maintain Multiple Sequences,-166.0,11243,"['array', 'implementation', 'query']",3,https://atcoder.jp/contests/adt_all_20231108_2/tasks/abc271_b,21.939,,,
atcoder,others,adt_all_20231108_2,AtCoder Daily Training ALL 2023/11/8 18:00start,2023,1699434000,abc315_f,I,Shortcuts,F. Shortcuts,1674.0,3156,"['dp', 'euclidean distance', 'geometry', 'optimization', 'shortest path']",5,https://atcoder.jp/contests/adt_all_20231108_2/tasks/abc315_f,54.029,,,
atcoder,others,adt_all_20231109_1,AtCoder Daily Training ALL 2023/11/9 16:30start,2023,1699515000,abc235_b,C,Climbing Takahashi,B. Climbing Takahashi,-806.0,14463,"['conditional', 'implementation', 'simulation']",3,https://atcoder.jp/contests/adt_all_20231109_1/tasks/abc235_b,10.778,,,
atcoder,others,adt_all_20231109_1,AtCoder Daily Training ALL 2023/11/9 16:30start,2023,1699515000,abc267_a,A,Saturday,A. Saturday,-984.0,14413,"['case work', 'implementation', 'string']",3,https://atcoder.jp/contests/adt_all_20231109_1/tasks/abc267_a,7.674,,,
atcoder,others,adt_all_20231109_1,AtCoder Daily Training ALL 2023/11/9 16:30start,2023,1699515000,abc282_b,D,Let's Get a Perfect Score,B. Let's Get a Perfect Score,-284.0,11408,"['brute force', 'conditional', 'implementation', 'string']",4,https://atcoder.jp/contests/adt_all_20231109_1/tasks/abc282_b,19.881,,,
atcoder,others,adt_all_20231109_1,AtCoder Daily Training ALL 2023/11/9 16:30start,2023,1699515000,abc289_c,F,Coverage,C. Coverage,396.0,9578,"['bitmask', 'brute force', 'implementation', 'set', 'set cover']",5,https://atcoder.jp/contests/adt_all_20231109_1/tasks/abc289_c,31.74,,,
atcoder,others,adt_all_20231109_1,AtCoder Daily Training ALL 2023/11/9 16:30start,2023,1699515000,abc291_f,I,Teleporter and Closed off,F. Teleporter and Closed off,1449.0,3274,"['bfs', 'directed graph', 'graph', 'shortest path']",4,https://atcoder.jp/contests/adt_all_20231109_1/tasks/abc291_f,50.105,,,
atcoder,others,adt_all_20231109_1,AtCoder Daily Training ALL 2023/11/9 16:30start,2023,1699515000,abc296_d,G,M<=ab,D. M<=ab,999.0,7500,"['enumeration', 'implementation', 'optimization', 'search']",4,https://atcoder.jp/contests/adt_all_20231109_1/tasks/abc296_d,42.257,,,
atcoder,others,adt_all_20231109_1,AtCoder Daily Training ALL 2023/11/9 16:30start,2023,1699515000,abc311_a,B,First ABC,A. First ABC,-876.0,16938,"['implementation', 'set', 'string']",3,https://atcoder.jp/contests/adt_all_20231109_1/tasks/abc311_a,9.557,,,
atcoder,others,adt_all_20231109_1,AtCoder Daily Training ALL 2023/11/9 16:30start,2023,1699515000,abc315_c,E,Flavors,C. Flavors,312.0,11007,"['greedy', 'implementation', 'search', 'sorting']",4,https://atcoder.jp/contests/adt_all_20231109_1/tasks/abc315_c,30.276,,,
atcoder,others,adt_all_20231109_1,AtCoder Daily Training ALL 2023/11/9 16:30start,2023,1699515000,abc318_e,H,Sandwiches,E. Sandwiches,1004.0,6533,"['combinatorics', 'counting', 'implementation']",3,https://atcoder.jp/contests/adt_all_20231109_1/tasks/abc318_e,42.344,,,
atcoder,others,adt_all_20231109_2,AtCoder Daily Training ALL 2023/11/9 18:30start,2023,1699522200,abc216_a,B,Signed Difficulty,A. Signed Difficulty,-860.0,15718,"['case work', 'conditional', 'implementation', 'string']",4,https://atcoder.jp/contests/adt_all_20231109_2/tasks/abc216_a,9.836,,,
atcoder,others,adt_all_20231109_2,AtCoder Daily Training ALL 2023/11/9 18:30start,2023,1699522200,abc232_c,F,Graph Isomorphism,C. Graph Isomorphism,685.0,7437,"['brute force', 'graph', 'permutation']",3,https://atcoder.jp/contests/adt_all_20231109_2/tasks/abc232_c,36.781,,,
atcoder,others,adt_all_20231109_2,AtCoder Daily Training ALL 2023/11/9 18:30start,2023,1699522200,abc241_f,I,Skate,F. Skate,1888.0,2324,"['bfs', 'data structure', 'graph', 'grid', 'shortest path']",5,https://atcoder.jp/contests/adt_all_20231109_2/tasks/abc241_f,57.761,,,
atcoder,others,adt_all_20231109_2,AtCoder Daily Training ALL 2023/11/9 18:30start,2023,1699522200,abc251_a,A,Six Characters,A. Six Characters,-1113.0,14569,"['implementation', 'string']",2,https://atcoder.jp/contests/adt_all_20231109_2/tasks/abc251_a,5.424,,,
atcoder,others,adt_all_20231109_2,AtCoder Daily Training ALL 2023/11/9 18:30start,2023,1699522200,abc260_b,D,Better Students Are Needed!,B. Better Students Are Needed!,112.0,10309,"['implementation', 'simulation', 'sorting']",3,https://atcoder.jp/contests/adt_all_20231109_2/tasks/abc260_b,26.788,,,
atcoder,others,adt_all_20231109_2,AtCoder Daily Training ALL 2023/11/9 18:30start,2023,1699522200,abc261_c,E,NewFolder(1),C. NewFolder(1),79.0,12009,"['counting', 'implementation', 'map', 'string']",4,https://atcoder.jp/contests/adt_all_20231109_2/tasks/abc261_c,26.212,,,
atcoder,others,adt_all_20231109_2,AtCoder Daily Training ALL 2023/11/9 18:30start,2023,1699522200,abc265_e,H,Warp,E. Warp,1531.0,4244,"['coordinate compression', 'counting', 'dp', 'map', 'modular arithmetic']",5,https://atcoder.jp/contests/adt_all_20231109_2/tasks/abc265_e,51.535,,,
atcoder,others,adt_all_20231109_2,AtCoder Daily Training ALL 2023/11/9 18:30start,2023,1699522200,abc280_b,C,Inverse Prefix Sum,B. Inverse Prefix Sum,-769.0,13465,"['array', 'implementation', 'prefix sum']",3,https://atcoder.jp/contests/adt_all_20231109_2/tasks/abc280_b,11.423,,,
atcoder,others,adt_all_20231109_2,AtCoder Daily Training ALL 2023/11/9 18:30start,2023,1699522200,abc282_d,G,Make Bipartite 2,D. Make Bipartite 2,1154.0,5630,"['bipartite graph', 'connected components', 'counting', 'graph theory', 'graph coloring']",5,https://atcoder.jp/contests/adt_all_20231109_2/tasks/abc282_d,44.96,,,
atcoder,others,adt_all_20231114_1,AtCoder Daily Training ALL 2023/11/14 15:30start,2023,1699943400,abc221_a,A,Seismic magnitude scales,A. Seismic magnitude scales,-1081.0,17590,"['modular exponentiation', 'implementation']",2,https://atcoder.jp/contests/adt_all_20231114_1/tasks/abc221_a,5.982,,,
atcoder,others,adt_all_20231114_1,AtCoder Daily Training ALL 2023/11/14 15:30start,2023,1699943400,abc228_a,B,On and Off,A. On and Off,-395.0,13051,"['case work', 'conditional', 'implementation', 'time']",4,https://atcoder.jp/contests/adt_all_20231114_1/tasks/abc228_a,17.946,,,
atcoder,others,adt_all_20231114_1,AtCoder Daily Training ALL 2023/11/14 15:30start,2023,1699943400,abc231_b,C,Election,B. Election,-535.0,12724,"['counting', 'implementation', 'search', 'string']",4,https://atcoder.jp/contests/adt_all_20231114_1/tasks/abc231_b,15.504,,,
atcoder,others,adt_all_20231114_1,AtCoder Daily Training ALL 2023/11/14 15:30start,2023,1699943400,abc248_d,G,Range Count Query,D. Range Count Query,793.0,9556,"['binary search', 'data structure', 'implementation', 'query']",4,https://atcoder.jp/contests/adt_all_20231114_1/tasks/abc248_d,38.664,,,
atcoder,others,adt_all_20231114_1,AtCoder Daily Training ALL 2023/11/14 15:30start,2023,1699943400,abc265_c,E,Belt Conveyor,C. Belt Conveyor,146.0,10823,"['cycle', 'grid', 'implementation', 'boolean array']",4,https://atcoder.jp/contests/adt_all_20231114_1/tasks/abc265_c,27.381,,,
atcoder,others,adt_all_20231114_1,AtCoder Daily Training ALL 2023/11/14 15:30start,2023,1699943400,abc294_f,I,Sugar Water 2,F. Sugar Water 2,1891.0,2347,"['binary search', 'counting', 'two pointer']",3,https://atcoder.jp/contests/adt_all_20231114_1/tasks/abc294_f,57.813,,,
atcoder,others,adt_all_20231114_1,AtCoder Daily Training ALL 2023/11/14 15:30start,2023,1699943400,abc310_b,D,Strictly Superior,B. Strictly Superior,171.0,11364,"['brute force', 'conditional', 'implementation', 'set']",4,https://atcoder.jp/contests/adt_all_20231114_1/tasks/abc310_b,27.817,,,
atcoder,others,adt_all_20231114_1,AtCoder Daily Training ALL 2023/11/14 15:30start,2023,1699943400,abc322_c,F,Festival,C. Festival,-56.0,16497,"['binary search', 'implementation', 'search']",3,https://atcoder.jp/contests/adt_all_20231114_1/tasks/abc322_c,23.858,,,
atcoder,others,adt_all_20231114_1,AtCoder Daily Training ALL 2023/11/14 15:30start,2023,1699943400,abc322_e,H,Product Development,E. Product Development,1193.0,5266,"['bitmask', 'dp', 'optimization', 'subset']",4,https://atcoder.jp/contests/adt_all_20231114_1/tasks/abc322_e,45.64,,,
atcoder,others,adt_all_20231114_2,AtCoder Daily Training ALL 2023/11/14 17:30start,2023,1699950600,abc213_a,A,Bitwise Exclusive Or,A. Bitwise Exclusive Or,-600.0,18231,"['bit manipulation', 'implementation', 'xor']",3,https://atcoder.jp/contests/adt_all_20231114_2/tasks/abc213_a,14.37,,,
atcoder,others,adt_all_20231114_2,AtCoder Daily Training ALL 2023/11/14 17:30start,2023,1699950600,abc217_d,G,Cutting Woods,D. Cutting Woods,802.0,10394,"['binary search', 'data structure', 'implementation', 'set']",4,https://atcoder.jp/contests/adt_all_20231114_2/tasks/abc217_d,38.821,,,
atcoder,others,adt_all_20231114_2,AtCoder Daily Training ALL 2023/11/14 17:30start,2023,1699950600,abc219_c,E,Neo-lexicographic Ordering,C. Neo-lexicographic Ordering,227.0,10533,"['sorting', 'implementation', 'string']",3,https://atcoder.jp/contests/adt_all_20231114_2/tasks/abc219_c,28.793,,,
atcoder,others,adt_all_20231114_2,AtCoder Daily Training ALL 2023/11/14 17:30start,2023,1699950600,abc223_b,D,String Shifting,B. String Shifting,-213.0,12001,"['implementation', 'string']",2,https://atcoder.jp/contests/adt_all_20231114_2/tasks/abc223_b,21.12,,,
atcoder,others,adt_all_20231114_2,AtCoder Daily Training ALL 2023/11/14 17:30start,2023,1699950600,abc241_b,C,Pasta,B. Pasta,-503.0,14985,"['counting', 'implementation', 'matching']",3,https://atcoder.jp/contests/adt_all_20231114_2/tasks/abc241_b,16.062,,,
atcoder,others,adt_all_20231114_2,AtCoder Daily Training ALL 2023/11/14 17:30start,2023,1699950600,abc246_f,I,typewriter,F. typewriter,1677.0,3181,"['inclusion exclusion', 'formula', 'number theory', 'subset']",4,https://atcoder.jp/contests/adt_all_20231114_2/tasks/abc246_f,54.081,,,
atcoder,others,adt_all_20231114_2,AtCoder Daily Training ALL 2023/11/14 17:30start,2023,1699950600,abc269_c,F,Submask,C. Submask,384.0,9396,"['base representation', 'bit manipulation', 'bitmask', 'subset']",4,https://atcoder.jp/contests/adt_all_20231114_2/tasks/abc269_c,31.531,,,
atcoder,others,adt_all_20231114_2,AtCoder Daily Training ALL 2023/11/14 17:30start,2023,1699950600,abc286_e,H,Souvenir,E. Souvenir,1128.0,4843,"['bfs', 'dp', 'graph', 'shortest path']",4,https://atcoder.jp/contests/adt_all_20231114_2/tasks/abc286_e,44.506,,,
atcoder,others,adt_all_20231114_2,AtCoder Daily Training ALL 2023/11/14 17:30start,2023,1699950600,abc297_a,B,Double Click,A. Double Click,-900.0,15674,"['array', 'conditional', 'implementation']",3,https://atcoder.jp/contests/adt_all_20231114_2/tasks/abc297_a,9.138,,,
atcoder,others,adt_all_20231115_1,AtCoder Daily Training ALL 2023/11/15 16:00start,2023,1700031600,abc219_a,A,AtCoder Quiz 2,A. AtCoder Quiz 2,-1257.0,18181,"['case work', 'conditional', 'implementation']",3,https://atcoder.jp/contests/adt_all_20231115_1/tasks/abc219_a,2.912,,,
atcoder,others,adt_all_20231115_1,AtCoder Daily Training ALL 2023/11/15 16:00start,2023,1700031600,abc227_c,F,ABC conjecture,C. ABC conjecture,692.0,8559,"['counting', 'enumeration', 'math', 'number theory']",4,https://atcoder.jp/contests/adt_all_20231115_1/tasks/abc227_c,36.903,,,
atcoder,others,adt_all_20231115_1,AtCoder Daily Training ALL 2023/11/15 16:00start,2023,1700031600,abc239_d,G,Prime Sum Game,D. Prime Sum Game,215.0,9950,"['brute force', 'game theory', 'number theory', 'primality test']",4,https://atcoder.jp/contests/adt_all_20231115_1/tasks/abc239_d,28.584,,,
atcoder,others,adt_all_20231115_1,AtCoder Daily Training ALL 2023/11/15 16:00start,2023,1700031600,abc247_b,D,Unique Nicknames,B. Unique Nicknames,127.0,11268,"['implementation', 'set', 'string', 'string matching', 'validation']",5,https://atcoder.jp/contests/adt_all_20231115_1/tasks/abc247_b,27.049,,,
atcoder,others,adt_all_20231115_1,AtCoder Daily Training ALL 2023/11/15 16:00start,2023,1700031600,abc252_b,C,Takahashi's Failure,B. Takahashi's Failure,-497.0,14314,"['array', 'implementation', 'search', 'set']",4,https://atcoder.jp/contests/adt_all_20231115_1/tasks/abc252_b,16.167,,,
atcoder,others,adt_all_20231115_1,AtCoder Daily Training ALL 2023/11/15 16:00start,2023,1700031600,abc273_e,H,Notebook,E. Notebook,1624.0,3318,"['persistent data structure', 'stack', 'implementation']",3,https://atcoder.jp/contests/adt_all_20231115_1/tasks/abc273_e,53.157,,,
atcoder,others,adt_all_20231115_1,AtCoder Daily Training ALL 2023/11/15 16:00start,2023,1700031600,abc276_a,B,Rightmost,A. Rightmost,-974.0,14945,"['string', 'implementation']",2,https://atcoder.jp/contests/adt_all_20231115_1/tasks/abc276_a,7.848,,,
atcoder,others,adt_all_20231115_1,AtCoder Daily Training ALL 2023/11/15 16:00start,2023,1700031600,abc300_f,I,More Holidays,F. More Holidays,1846.0,2319,"['binary search', 'prefix sum', 'sliding window', 'string', 'two pointer']",5,https://atcoder.jp/contests/adt_all_20231115_1/tasks/abc300_f,57.028,,,
atcoder,others,adt_all_20231115_1,AtCoder Daily Training ALL 2023/11/15 16:00start,2023,1700031600,abc310_c,E,Reversible,C. Reversible,245.0,12235,"['implementation', 'set', 'string', 'string reversal', 'validation']",5,https://atcoder.jp/contests/adt_all_20231115_1/tasks/abc310_c,29.107,,,
atcoder,others,adt_all_20231115_2,AtCoder Daily Training ALL 2023/11/15 18:00start,2023,1700038800,abc245_a,A,Good morning,A. Good morning,-716.0,15792,"['comparison', 'implementation', 'time']",3,https://atcoder.jp/contests/adt_all_20231115_2/tasks/abc245_a,12.347,,,
atcoder,others,adt_all_20231115_2,AtCoder Daily Training ALL 2023/11/15 18:00start,2023,1700038800,abc247_c,E,1 2 1 3 1 2 1,C. 1 2 1 3 1 2 1,5.0,14087,"['implementation', 'recursion', 'sequence']",3,https://atcoder.jp/contests/adt_all_20231115_2/tasks/abc247_c,24.922,,,
atcoder,others,adt_all_20231115_2,AtCoder Daily Training ALL 2023/11/15 18:00start,2023,1700038800,abc253_d,G,FizzBuzz Sum Hard,D. FizzBuzz Sum Hard,520.0,9812,"['inclusion exclusion', 'formula', 'number theory', 'sum']",4,https://atcoder.jp/contests/adt_all_20231115_2/tasks/abc253_d,33.903,,,
atcoder,others,adt_all_20231115_2,AtCoder Daily Training ALL 2023/11/15 18:00start,2023,1700038800,abc262_c,F,Min Max Pair,C. Min Max Pair,360.0,10010,"['conditional', 'counting', 'implementation']",3,https://atcoder.jp/contests/adt_all_20231115_2/tasks/abc262_c,31.113,,,
atcoder,others,adt_all_20231115_2,AtCoder Daily Training ALL 2023/11/15 18:00start,2023,1700038800,abc276_b,D,Adjacency List,B. Adjacency List,-11.0,11552,"['graph', 'implementation', 'sorting']",3,https://atcoder.jp/contests/adt_all_20231115_2/tasks/abc276_b,24.642,,,
atcoder,others,adt_all_20231115_2,AtCoder Daily Training ALL 2023/11/15 18:00start,2023,1700038800,abc277_b,C,Playing Cards Validation,B. Playing Cards Validation,-362.0,11364,"['implementation', 'set', 'string', 'validation']",4,https://atcoder.jp/contests/adt_all_20231115_2/tasks/abc277_b,18.521,,,
atcoder,others,adt_all_20231115_2,AtCoder Daily Training ALL 2023/11/15 18:00start,2023,1700038800,abc280_f,I,Pay or Receive,F. Pay or Receive,1819.0,2393,"['bellman ford', 'cycle', 'graph', 'longest path', 'shortest path']",5,https://atcoder.jp/contests/adt_all_20231115_2/tasks/abc280_f,56.557,,,
atcoder,others,adt_all_20231115_2,AtCoder Daily Training ALL 2023/11/15 18:00start,2023,1700038800,abc303_a,B,Similar String,A. Similar String,-763.0,14076,"['string matching', 'implementation', 'string']",3,https://atcoder.jp/contests/adt_all_20231115_2/tasks/abc303_a,11.528,,,
atcoder,others,adt_all_20231115_2,AtCoder Daily Training ALL 2023/11/15 18:00start,2023,1700038800,abc314_e,H,Roulettes,E. Roulettes,1722.0,2884,"['dp', 'expectation', 'optimization', 'probability']",4,https://atcoder.jp/contests/adt_all_20231115_2/tasks/abc314_e,54.866,,,
atcoder,others,adt_all_20231116_1,AtCoder Daily Training ALL 2023/11/16 16:30start,2023,1700119800,abc229_c,E,Cheese,C. Cheese,45.0,11501,"['greedy', 'optimization', 'sorting']",3,https://atcoder.jp/contests/adt_all_20231116_1/tasks/abc229_c,25.619,,,
atcoder,others,adt_all_20231116_1,AtCoder Daily Training ALL 2023/11/16 16:30start,2023,1700119800,abc231_e,H,Minimal payments,E. Minimal payments,1740.0,2820,"['dp', 'greedy', 'number theory', 'optimization']",4,https://atcoder.jp/contests/adt_all_20231116_1/tasks/abc231_e,55.18,,,
atcoder,others,adt_all_20231116_1,AtCoder Daily Training ALL 2023/11/16 16:30start,2023,1700119800,abc238_a,B,Exponential or Quadratic,A. Exponential or Quadratic,-689.0,15086,"['implementation', 'math']",2,https://atcoder.jp/contests/adt_all_20231116_1/tasks/abc238_a,12.818,,,
atcoder,others,adt_all_20231116_1,AtCoder Daily Training ALL 2023/11/16 16:30start,2023,1700119800,abc256_c,F,Filling 3x3 array,C. Filling 3x3 array,541.0,8929,"['backtracking', 'brute force', 'constraint', 'enumeration', 'grid']",5,https://atcoder.jp/contests/adt_all_20231116_1/tasks/abc256_c,34.269,,,
atcoder,others,adt_all_20231116_1,AtCoder Daily Training ALL 2023/11/16 16:30start,2023,1700119800,abc262_f,I,Erase and Rotate,F. Erase and Rotate,2334.0,967,"['backtracking', 'brute force', 'dfs', 'enumeration', 'grid']",5,https://atcoder.jp/contests/adt_all_20231116_1/tasks/abc262_f,65.539,,,
atcoder,others,adt_all_20231116_1,AtCoder Daily Training ALL 2023/11/16 16:30start,2023,1700119800,abc275_b,D,ABC-DEF,B. ABC-DEF,-1.0,11422,"['implementation', 'math', 'modular arithmetic']",3,https://atcoder.jp/contests/adt_all_20231116_1/tasks/abc275_b,24.817,,,
atcoder,others,adt_all_20231116_1,AtCoder Daily Training ALL 2023/11/16 16:30start,2023,1700119800,abc279_b,C,LOOKUP,B. LOOKUP,-533.0,11921,"['implementation', 'string', 'string matching', 'substring']",4,https://atcoder.jp/contests/adt_all_20231116_1/tasks/abc279_b,15.539,,,
atcoder,others,adt_all_20231116_1,AtCoder Daily Training ALL 2023/11/16 16:30start,2023,1700119800,abc314_a,A,3.14,A. 3.14,-630.0,16150,"['implementation', 'string']",2,https://atcoder.jp/contests/adt_all_20231116_1/tasks/abc314_a,13.847,,,
atcoder,others,adt_all_20231116_1,AtCoder Daily Training ALL 2023/11/16 16:30start,2023,1700119800,abc324_d,G,Square Permutation,D. Square Permutation,895.0,7285,"['counting', 'enumeration', 'math', 'number theory', 'perfect squares']",5,https://atcoder.jp/contests/adt_all_20231116_1/tasks/abc324_d,40.443,,,
atcoder,others,adt_all_20231116_2,AtCoder Daily Training ALL 2023/11/16 18:30start,2023,1700127000,abc219_b,C,Maritozzo,B. Maritozzo,-842.0,13921,"['implementation', 'string']",2,https://atcoder.jp/contests/adt_all_20231116_2/tasks/abc219_b,10.15,,,
atcoder,others,adt_all_20231116_2,AtCoder Daily Training ALL 2023/11/16 18:30start,2023,1700127000,abc226_a,A,Round decimals,A. Round decimals,-930.0,15572,"['implementation', 'math']",2,https://atcoder.jp/contests/adt_all_20231116_2/tasks/abc226_a,8.615,,,
atcoder,others,adt_all_20231116_2,AtCoder Daily Training ALL 2023/11/16 18:30start,2023,1700127000,abc255_b,D,Light It Up,B. Light It Up,348.0,9858,"['binary search', 'computational geometry', 'distance', 'optimization']",4,https://atcoder.jp/contests/adt_all_20231116_2/tasks/abc255_b,30.903,,,
atcoder,others,adt_all_20231116_2,AtCoder Daily Training ALL 2023/11/16 18:30start,2023,1700127000,abc263_a,B,Full House,A. Full House,-679.0,14646,"['counting', 'implementation']",2,https://atcoder.jp/contests/adt_all_20231116_2/tasks/abc263_a,12.993,,,
atcoder,others,adt_all_20231116_2,AtCoder Daily Training ALL 2023/11/16 18:30start,2023,1700127000,abc266_c,F,Convex Quadrilateral,C. Convex Quadrilateral,516.0,8330,"['computational geometry', 'convexity', 'vector', 'graph']",4,https://atcoder.jp/contests/adt_all_20231116_2/tasks/abc266_c,33.833,,,
atcoder,others,adt_all_20231116_2,AtCoder Daily Training ALL 2023/11/16 18:30start,2023,1700127000,abc279_e,H,Cheating Amidakuji,E. Cheating Amidakuji,1390.0,3514,"['divide and conquer', 'permutation', 'segment tree', 'simulation', 'swap']",5,https://atcoder.jp/contests/adt_all_20231116_2/tasks/abc279_e,49.076,,,
atcoder,others,adt_all_20231116_2,AtCoder Daily Training ALL 2023/11/16 18:30start,2023,1700127000,abc281_d,G,Max Multiple,D. Max Multiple,1031.0,7370,"['dp', 'knapsack', 'modular arithmetic', 'optimization', 'subset sum']",5,https://atcoder.jp/contests/adt_all_20231116_2/tasks/abc281_d,42.815,,,
atcoder,others,adt_all_20231116_2,AtCoder Daily Training ALL 2023/11/16 18:30start,2023,1700127000,abc299_c,E,Dango,C. Dango,257.0,10192,"['implementation', 'pattern', 'plane sweep', 'string']",4,https://atcoder.jp/contests/adt_all_20231116_2/tasks/abc299_c,29.316,,,
atcoder,others,adt_all_20231116_2,AtCoder Daily Training ALL 2023/11/16 18:30start,2023,1700127000,abc312_f,I,Cans and Openers,F. Cans and Openers,1534.0,3480,"['greedy', 'optimization', 'selection', 'sorting']",4,https://atcoder.jp/contests/adt_all_20231116_2/tasks/abc312_f,51.587,,,
atcoder,others,adt_easy_20231017_1,AtCoder Daily Training EASY 2023/10/17 15:30start,2023,1697524200,abc215_a,A,Your First Judge,A. Your First Judge,-1224.0,19640,"['implementation', 'string']",2,https://atcoder.jp/contests/adt_easy_20231017_1/tasks/abc215_a,3.488,,,
atcoder,others,adt_easy_20231017_1,AtCoder Daily Training EASY 2023/10/17 15:30start,2023,1697524200,abc242_b,C,Minimize Ordering,B. Minimize Ordering,-478.0,15102,"['implementation', 'search', 'set']",3,https://atcoder.jp/contests/adt_easy_20231017_1/tasks/abc242_b,16.498,,,
atcoder,others,adt_easy_20231017_1,AtCoder Daily Training EASY 2023/10/17 15:30start,2023,1697524200,abc248_a,B,Lacked Number,A. Lacked Number,-769.0,14964,"['implementation', 'search', 'string']",3,https://atcoder.jp/contests/adt_easy_20231017_1/tasks/abc248_a,11.423,,,
atcoder,others,adt_easy_20231017_1,AtCoder Daily Training EASY 2023/10/17 15:30start,2023,1697524200,abc272_b,D,Everyone is Friends,B. Everyone is Friends,-24.0,11000,"['implementation', 'search', 'set']",3,https://atcoder.jp/contests/adt_easy_20231017_1/tasks/abc272_b,24.416,,,
atcoder,others,adt_easy_20231017_1,AtCoder Daily Training EASY 2023/10/17 15:30start,2023,1697524200,abc294_c,E,Merge Sequences,C. Merge Sequences,-59.0,11238,"['implementation', 'sorting', 'two pointer']",3,https://atcoder.jp/contests/adt_easy_20231017_1/tasks/abc294_c,23.805,,,
atcoder,others,adt_easy_20231017_2,AtCoder Daily Training EASY 2023/10/17 17:30start,2023,1697531400,abc222_b,C,Failing Grade,B. Failing Grade,-1117.0,15099,"['counting', 'implementation']",2,https://atcoder.jp/contests/adt_easy_20231017_2/tasks/abc222_b,5.354,,,
atcoder,others,adt_easy_20231017_2,AtCoder Daily Training EASY 2023/10/17 17:30start,2023,1697531400,abc250_b,D,Enlarged Checker Board,B. Enlarged Checker Board,-119.0,11121,"['implementation', 'simulation']",2,https://atcoder.jp/contests/adt_easy_20231017_2/tasks/abc250_b,22.759,,,
atcoder,others,adt_easy_20231017_2,AtCoder Daily Training EASY 2023/10/17 17:30start,2023,1697531400,abc258_a,A,When?,A. When?,-1060.0,17481,"['implementation', 'string']",2,https://atcoder.jp/contests/adt_easy_20231017_2/tasks/abc258_a,6.348,,,
atcoder,others,adt_easy_20231017_2,AtCoder Daily Training EASY 2023/10/17 17:30start,2023,1697531400,abc279_c,E,RANDOM,C. RANDOM,246.0,9335,"['counting', 'implementation', 'string']",3,https://atcoder.jp/contests/adt_easy_20231017_2/tasks/abc279_c,29.125,,,
atcoder,others,adt_easy_20231017_2,AtCoder Daily Training EASY 2023/10/17 17:30start,2023,1697531400,abc308_a,B,New Scheme,A. New Scheme,-881.0,15180,"['implementation', 'string']",2,https://atcoder.jp/contests/adt_easy_20231017_2/tasks/abc308_a,9.47,,,
atcoder,others,adt_easy_20231018_1,AtCoder Daily Training EASY 2023/10/18 16:00start,2023,1697612400,abc217_b,C,AtCoder Quiz,B. AtCoder Quiz,-763.0,16146,"['implementation', 'search', 'string']",3,https://atcoder.jp/contests/adt_easy_20231018_1/tasks/abc217_b,11.528,,,
atcoder,others,adt_easy_20231018_1,AtCoder Daily Training EASY 2023/10/18 16:00start,2023,1697612400,abc271_a,A,484558,A. 484558,-662.0,12806,"['implementation', 'base conversion']",2,https://atcoder.jp/contests/adt_easy_20231018_1/tasks/abc271_a,13.289,,,
atcoder,others,adt_easy_20231018_1,AtCoder Daily Training EASY 2023/10/18 16:00start,2023,1697612400,abc277_a,B,^{-1},A. ^{-1},-1045.0,13991,"['implementation', 'search']",2,https://atcoder.jp/contests/adt_easy_20231018_1/tasks/abc277_a,6.61,,,
atcoder,others,adt_easy_20231018_1,AtCoder Daily Training EASY 2023/10/18 16:00start,2023,1697612400,abc283_c,E,Cash Register,C. Cash Register,-207.0,12553,"['greedy', 'implementation', 'string']",3,https://atcoder.jp/contests/adt_easy_20231018_1/tasks/abc283_c,21.224,,,
atcoder,others,adt_easy_20231018_1,AtCoder Daily Training EASY 2023/10/18 16:00start,2023,1697612400,abc307_b,D,racecar,B. racecar,-298.0,11671,"['implementation', 'palindrome', 'string']",3,https://atcoder.jp/contests/adt_easy_20231018_1/tasks/abc307_b,19.637,,,
atcoder,others,adt_easy_20231018_2,AtCoder Daily Training EASY 2023/10/18 18:00start,2023,1697619600,abc220_b,C,Base K,B. Base K,-370.0,14749,"['implementation', 'math', 'base conversion']",3,https://atcoder.jp/contests/adt_easy_20231018_2/tasks/abc220_b,18.382,,,
atcoder,others,adt_easy_20231018_2,AtCoder Daily Training EASY 2023/10/18 18:00start,2023,1697619600,abc237_c,E,kasaka,C. kasaka,239.0,11528,"['implementation', 'palindrome', 'string']",3,https://atcoder.jp/contests/adt_easy_20231018_2/tasks/abc237_c,29.002,,,
atcoder,others,adt_easy_20231018_2,AtCoder Daily Training EASY 2023/10/18 18:00start,2023,1697619600,abc263_b,D,Ancestor,B. Ancestor,-32.0,10865,"['implementation', 'simulation', 'tree']",3,https://atcoder.jp/contests/adt_easy_20231018_2/tasks/abc263_b,24.276,,,
atcoder,others,adt_easy_20231018_2,AtCoder Daily Training EASY 2023/10/18 18:00start,2023,1697619600,abc265_a,B,Apple,A. Apple,-841.0,14271,"['greedy', 'implementation', 'math']",3,https://atcoder.jp/contests/adt_easy_20231018_2/tasks/abc265_a,10.167,,,
atcoder,others,adt_easy_20231018_2,AtCoder Daily Training EASY 2023/10/18 18:00start,2023,1697619600,abc282_a,A,Generalized ABC,A. Generalized ABC,-1239.0,14267,"['implementation', 'string']",2,https://atcoder.jp/contests/adt_easy_20231018_2/tasks/abc282_a,3.226,,,
atcoder,others,adt_easy_20231019_1,AtCoder Daily Training EASY 2023/10/19 16:30start,2023,1697700600,abc231_a,A,Water Pressure,A. Water Pressure,-1422.0,16934,"['implementation', 'math']",2,https://atcoder.jp/contests/adt_easy_20231019_1/tasks/abc231_a,0.035,,,
atcoder,others,adt_easy_20231019_1,AtCoder Daily Training EASY 2023/10/19 16:30start,2023,1697700600,abc237_b,C,Matrix Transposition,B. Matrix Transposition,-449.0,14419,"['implementation', 'matrix']",2,https://atcoder.jp/contests/adt_easy_20231019_1/tasks/abc237_b,17.004,,,
atcoder,others,adt_easy_20231019_1,AtCoder Daily Training EASY 2023/10/19 16:30start,2023,1697700600,abc267_b,D,Split?,B. Split?,61.0,10230,"['tree', 'implementation', 'string']",3,https://atcoder.jp/contests/adt_easy_20231019_1/tasks/abc267_b,25.898,,,
atcoder,others,adt_easy_20231019_1,AtCoder Daily Training EASY 2023/10/19 16:30start,2023,1697700600,abc274_c,E,Ameba,C. Ameba,304.0,9726,"['bfs', 'graph', 'implementation', 'tree']",4,https://atcoder.jp/contests/adt_easy_20231019_1/tasks/abc274_c,30.136,,,
atcoder,others,adt_easy_20231019_1,AtCoder Daily Training EASY 2023/10/19 16:30start,2023,1697700600,abc296_a,B,Alternately,A. Alternately,-937.0,15654,"['implementation', 'string']",2,https://atcoder.jp/contests/adt_easy_20231019_1/tasks/abc296_a,8.493,,,
atcoder,others,adt_easy_20231019_2,AtCoder Daily Training EASY 2023/10/19 18:30start,2023,1697707800,abc224_a,A,Tires,A. Tires,-1263.0,16515,"['tree', 'implementation', 'string']",3,https://atcoder.jp/contests/adt_easy_20231019_2/tasks/abc224_a,2.808,,,
atcoder,others,adt_easy_20231019_2,AtCoder Daily Training EASY 2023/10/19 18:30start,2023,1697707800,abc249_b,C,Perfect String,B. Perfect String,-459.0,12222,"['implementation', 'set', 'string']",3,https://atcoder.jp/contests/adt_easy_20231019_2/tasks/abc249_b,16.829,,,
atcoder,others,adt_easy_20231019_2,AtCoder Daily Training EASY 2023/10/19 18:30start,2023,1697707800,abc265_b,D,Explore,B. Explore,13.0,10807,"['greedy', 'implementation', 'simulation']",3,https://atcoder.jp/contests/adt_easy_20231019_2/tasks/abc265_b,25.061,,,
atcoder,others,adt_easy_20231019_2,AtCoder Daily Training EASY 2023/10/19 18:30start,2023,1697707800,abc272_c,E,Max Even,C. Max Even,51.0,12015,"['greedy', 'implementation', 'math', 'sorting']",4,https://atcoder.jp/contests/adt_easy_20231019_2/tasks/abc272_c,25.724,,,
atcoder,others,adt_easy_20231019_2,AtCoder Daily Training EASY 2023/10/19 18:30start,2023,1697707800,abc291_a,B,camel Case,A. camel Case,-1162.0,13791,"['implementation', 'string']",2,https://atcoder.jp/contests/adt_easy_20231019_2/tasks/abc291_a,4.569,,,
atcoder,others,adt_easy_20231024_1,AtCoder Daily Training EASY 2023/10/24 15:30start,2023,1698129000,abc222_a,A,Four Digits,A. Four Digits,-1316.0,17451,"['implementation', 'string']",2,https://atcoder.jp/contests/adt_easy_20231024_1/tasks/abc222_a,1.884,,,
atcoder,others,adt_easy_20231024_1,AtCoder Daily Training EASY 2023/10/24 15:30start,2023,1698129000,abc235_c,E,The Kth Time Query,C. The Kth Time Query,210.0,11853,"['data structure', 'implementation', 'query']",3,https://atcoder.jp/contests/adt_easy_20231024_1/tasks/abc235_c,28.497,,,
atcoder,others,adt_easy_20231024_1,AtCoder Daily Training EASY 2023/10/24 15:30start,2023,1698129000,abc269_b,D,Rectangle Detection,B. Rectangle Detection,-308.0,11187,"['grid', 'implementation', 'optimization']",3,https://atcoder.jp/contests/adt_easy_20231024_1/tasks/abc269_b,19.463,,,
atcoder,others,adt_easy_20231024_1,AtCoder Daily Training EASY 2023/10/24 15:30start,2023,1698129000,abc305_b,C,ABCDEFG,B. ABCDEFG,-749.0,13106,"['prefix sum', 'implementation', 'math']",3,https://atcoder.jp/contests/adt_easy_20231024_1/tasks/abc305_b,11.772,,,
atcoder,others,adt_easy_20231024_1,AtCoder Daily Training EASY 2023/10/24 15:30start,2023,1698129000,abc315_a,B,tcdr,A. tcdr,-997.0,16090,"['implementation', 'string']",2,https://atcoder.jp/contests/adt_easy_20231024_1/tasks/abc315_a,7.447,,,
atcoder,others,adt_easy_20231024_2,AtCoder Daily Training EASY 2023/10/24 17:30start,2023,1698136200,abc225_c,E,Calendar Validator,C. Calendar Validator,318.0,9081,"['implementation', 'math', 'pattern']",3,https://atcoder.jp/contests/adt_easy_20231024_2/tasks/abc225_c,30.38,,,
atcoder,others,adt_easy_20231024_2,AtCoder Daily Training EASY 2023/10/24 17:30start,2023,1698136200,abc229_b,C,Hard Calculation,B. Hard Calculation,-501.0,12157,"['digit', 'implementation', 'math']",3,https://atcoder.jp/contests/adt_easy_20231024_2/tasks/abc229_b,16.097,,,
atcoder,others,adt_easy_20231024_2,AtCoder Daily Training EASY 2023/10/24 17:30start,2023,1698136200,abc238_b,D,Pizza,B. Pizza,88.0,11825,"['prefix sum', 'implementation', 'modular arithmetic', 'sorting']",4,https://atcoder.jp/contests/adt_easy_20231024_2/tasks/abc238_b,26.369,,,
atcoder,others,adt_easy_20231024_2,AtCoder Daily Training EASY 2023/10/24 17:30start,2023,1698136200,abc259_a,B,Growth Record,A. Growth Record,-582.0,13243,"['tree', 'implementation']",2,https://atcoder.jp/contests/adt_easy_20231024_2/tasks/abc259_a,14.684,,,
atcoder,others,adt_easy_20231024_2,AtCoder Daily Training EASY 2023/10/24 17:30start,2023,1698136200,abc312_a,A,Chord,A. Chord,-990.0,15468,"['tree', 'implementation']",2,https://atcoder.jp/contests/adt_easy_20231024_2/tasks/abc312_a,7.569,,,
atcoder,others,adt_easy_20231025_1,AtCoder Daily Training EASY 2023/10/2516:00start,2023,1698217200,abc212_a,A,Alloy,A. Alloy,-1351.0,21917,"['tree', 'implementation']",2,https://atcoder.jp/contests/adt_easy_20231025_1/tasks/abc212_a,1.273,,,
atcoder,others,adt_easy_20231025_1,AtCoder Daily Training EASY 2023/10/2516:00start,2023,1698217200,abc216_c,E,Many Balls,C. Many Balls,-6.0,13645,"['constructive', 'greedy', 'implementation', 'math']",4,https://atcoder.jp/contests/adt_easy_20231025_1/tasks/abc216_c,24.73,,,
atcoder,others,adt_easy_20231025_1,AtCoder Daily Training EASY 2023/10/2516:00start,2023,1698217200,abc225_b,D,Star or Not,B. Star or Not,-345.0,11841,"['degree', 'graph', 'implementation']",3,https://atcoder.jp/contests/adt_easy_20231025_1/tasks/abc225_b,18.818,,,
atcoder,others,adt_easy_20231025_1,AtCoder Daily Training EASY 2023/10/2516:00start,2023,1698217200,abc253_b,C,Distance Between Tokens,B. Distance Between Tokens,-378.0,12629,"['grid', 'implementation', 'math']",3,https://atcoder.jp/contests/adt_easy_20231025_1/tasks/abc253_b,18.242,,,
atcoder,others,adt_easy_20231025_1,AtCoder Daily Training EASY 2023/10/2516:00start,2023,1698217200,abc309_a,B,Nine,A. Nine,-756.0,14941,"['tree', 'implementation']",2,https://atcoder.jp/contests/adt_easy_20231025_1/tasks/abc309_a,11.65,,,
atcoder,others,adt_easy_20231025_2,AtCoder Daily Training EASY 2023/10/25 18:00start,2023,1698224400,abc214_a,A,New Generation ABC,A. New Generation ABC,-1424.0,19719,"['tree', 'implementation']",2,https://atcoder.jp/contests/adt_easy_20231025_2/tasks/abc214_a,0.0,,,
atcoder,others,adt_easy_20231025_2,AtCoder Daily Training EASY 2023/10/25 18:00start,2023,1698224400,abc237_a,B,Not Overflow,A. Not Overflow,-702.0,15357,"['tree', 'implementation']",2,https://atcoder.jp/contests/adt_easy_20231025_2/tasks/abc237_a,12.592,,,
atcoder,others,adt_easy_20231025_2,AtCoder Daily Training EASY 2023/10/25 18:00start,2023,1698224400,abc264_b,C,Nice Grid,B. Nice Grid,-391.0,11707,"['implementation', 'math', 'pattern']",3,https://atcoder.jp/contests/adt_easy_20231025_2/tasks/abc264_b,18.015,,,
atcoder,others,adt_easy_20231025_2,AtCoder Daily Training EASY 2023/10/25 18:00start,2023,1698224400,abc293_b,D,Call the ID Number,B. Call the ID Number,-328.0,12840,"['implementation', 'simulation', 'sorting']",3,https://atcoder.jp/contests/adt_easy_20231025_2/tasks/abc293_b,19.114,,,
atcoder,others,adt_easy_20231025_2,AtCoder Daily Training EASY 2023/10/25 18:00start,2023,1698224400,abc296_c,E,Gap Existence,C. Gap Existence,38.0,12351,"['implementation', 'set', 'sorting']",3,https://atcoder.jp/contests/adt_easy_20231025_2/tasks/abc296_c,25.497,,,
atcoder,others,adt_easy_20231026_1,AtCoder Daily Training EASY 2023/10/26 16:30start,2023,1698305400,abc223_a,A,Exact Price,A. Exact Price,-1257.0,16076,"['implementation', 'math']",2,https://atcoder.jp/contests/adt_easy_20231026_1/tasks/abc223_a,2.912,,,
atcoder,others,adt_easy_20231026_1,AtCoder Daily Training EASY 2023/10/26 16:30start,2023,1698305400,abc268_b,C,Prefix?,B. Prefix?,-696.0,12705,"['implementation', 'simulation', 'string']",3,https://atcoder.jp/contests/adt_easy_20231026_1/tasks/abc268_b,12.696,,,
atcoder,others,adt_easy_20231026_1,AtCoder Daily Training EASY 2023/10/26 16:30start,2023,1698305400,abc289_b,D,V,B. V,169.0,10228,"['connected components', 'graph', 'implementation', 'simulation']",4,https://atcoder.jp/contests/adt_easy_20231026_1/tasks/abc289_b,27.782,,,
atcoder,others,adt_easy_20231026_1,AtCoder Daily Training EASY 2023/10/26 16:30start,2023,1698305400,abc306_c,E,Centers,C. Centers,31.0,11606,"['counting', 'implementation', 'sorting']",3,https://atcoder.jp/contests/adt_easy_20231026_1/tasks/abc306_c,25.375,,,
atcoder,others,adt_easy_20231026_1,AtCoder Daily Training EASY 2023/10/26 16:30start,2023,1698305400,abc310_a,B,Order Something Else,A. Order Something Else,-749.0,17402,"['implementation', 'math']",2,https://atcoder.jp/contests/adt_easy_20231026_1/tasks/abc310_a,11.772,,,
atcoder,others,adt_easy_20231026_2,AtCoder Daily Training EASY 2023/10/26 18:30start,2023,1698312600,abc244_b,C,Go Straight and Turn Right,B. Go Straight and Turn Right,-637.0,12955,"['implementation', 'simulation', 'string']",3,https://atcoder.jp/contests/adt_easy_20231026_2/tasks/abc244_b,13.725,,,
atcoder,others,adt_easy_20231026_2,AtCoder Daily Training EASY 2023/10/26 18:30start,2023,1698312600,abc251_c,E,Poem Online Judge,C. Poem Online Judge,205.0,10836,"['counting', 'greedy', 'implementation', 'string']",4,https://atcoder.jp/contests/adt_easy_20231026_2/tasks/abc251_c,28.409,,,
atcoder,others,adt_easy_20231026_2,AtCoder Daily Training EASY 2023/10/26 18:30start,2023,1698312600,abc285_b,D,Longest Uncommon Prefix,B. Longest Uncommon Prefix,-123.0,10797,"['implementation', 'simulation', 'string']",3,https://atcoder.jp/contests/adt_easy_20231026_2/tasks/abc285_b,22.689,,,
atcoder,others,adt_easy_20231026_2,AtCoder Daily Training EASY 2023/10/26 18:30start,2023,1698312600,abc293_a,B,Swap Odd and Even,A. Swap Odd and Even,-998.0,14932,"['implementation', 'string']",2,https://atcoder.jp/contests/adt_easy_20231026_2/tasks/abc293_a,7.429,,,
atcoder,others,adt_easy_20231026_2,AtCoder Daily Training EASY 2023/10/26 18:30start,2023,1698312600,abc305_a,A,Water Station,A. Water Station,-1093.0,15337,"['implementation', 'math']",2,https://atcoder.jp/contests/adt_easy_20231026_2/tasks/abc305_a,5.773,,,
atcoder,others,adt_easy_20231031_1,AtCoder Daily Training EASY 2023/10/31 15:30start,2023,1698733800,abc264_a,B,"""atcoder"".substr()","A. ""atcoder"".substr()",-1180.0,14539,"['implementation', 'string']",2,https://atcoder.jp/contests/adt_easy_20231031_1/tasks/abc264_a,4.255,,,
atcoder,others,adt_easy_20231031_1,AtCoder Daily Training EASY 2023/10/31 15:30start,2023,1698733800,abc266_b,D,Modulo Number,B. Modulo Number,-176.0,12745,"['implementation', 'math', 'modular arithmetic']",3,https://atcoder.jp/contests/adt_easy_20231031_1/tasks/abc266_b,21.765,,,
atcoder,others,adt_easy_20231031_1,AtCoder Daily Training EASY 2023/10/31 15:30start,2023,1698733800,abc274_a,A,Batting Average,A. Batting Average,-738.0,12991,"['implementation', 'math', 'string']",3,https://atcoder.jp/contests/adt_easy_20231031_1/tasks/abc274_a,11.964,,,
atcoder,others,adt_easy_20231031_1,AtCoder Daily Training EASY 2023/10/31 15:30start,2023,1698733800,abc297_b,C,chess960,B. chess960,-455.0,12374,"['implementation', 'string']",2,https://atcoder.jp/contests/adt_easy_20231031_1/tasks/abc297_b,16.899,,,
atcoder,others,adt_easy_20231031_1,AtCoder Daily Training EASY 2023/10/31 15:30start,2023,1698733800,abc301_c,E,AtCoder Cards,C. AtCoder Cards,379.0,9387,"['counting', 'greedy', 'implementation', 'string']",4,https://atcoder.jp/contests/adt_easy_20231031_1/tasks/abc301_c,31.444,,,
atcoder,others,adt_easy_20231031_2,AtCoder Daily Training EASY 2023/10/31 17:30start,2023,1698741000,abc260_a,A,A Unique Letter,A. A Unique Letter,-989.0,14393,"['counting', 'implementation', 'string']",3,https://atcoder.jp/contests/adt_easy_20231031_2/tasks/abc260_a,7.586,,,
atcoder,others,adt_easy_20231031_2,AtCoder Daily Training EASY 2023/10/31 17:30start,2023,1698741000,abc274_b,C,Line Sensor,B. Line Sensor,-449.0,11677,"['graph', 'implementation']",2,https://atcoder.jp/contests/adt_easy_20231031_2/tasks/abc274_b,17.004,,,
atcoder,others,adt_easy_20231031_2,AtCoder Daily Training EASY 2023/10/31 17:30start,2023,1698741000,abc278_b,D,Misjudge the Time,B. Misjudge the Time,-72.0,10869,"['digit', 'implementation', 'simulation', 'validation']",4,https://atcoder.jp/contests/adt_easy_20231031_2/tasks/abc278_b,23.579,,,
atcoder,others,adt_easy_20231031_2,AtCoder Daily Training EASY 2023/10/31 17:30start,2023,1698741000,abc286_a,B,Range Swap,A. Range Swap,-640.0,12112,"['counting', 'implementation', 'string']",3,https://atcoder.jp/contests/adt_easy_20231031_2/tasks/abc286_a,13.673,,,
atcoder,others,adt_easy_20231031_2,AtCoder Daily Training EASY 2023/10/31 17:30start,2023,1698741000,abc304_c,E,Virus,C. Virus,365.0,9496,"['bfs', 'connected components', 'dfs', 'graph', 'implementation']",5,https://atcoder.jp/contests/adt_easy_20231031_2/tasks/abc304_c,31.2,,,
atcoder,others,adt_easy_20231101_1,AtCoder Daily Training EASY 2023/11/1 16:00start,2023,1698822000,abc262_a,A,World Cup,A. World Cup,-1190.0,14276,"['implementation', 'math', 'modular arithmetic']",3,https://atcoder.jp/contests/adt_easy_20231101_1/tasks/abc262_a,4.081,,,
atcoder,others,adt_easy_20231101_1,AtCoder Daily Training EASY 2023/11/1 16:00start,2023,1698822000,abc275_a,B,Find Takahashi,A. Find Takahashi,-929.0,13590,"['array', 'implementation']",2,https://atcoder.jp/contests/adt_easy_20231101_1/tasks/abc275_a,8.633,,,
atcoder,others,adt_easy_20231101_1,AtCoder Daily Training EASY 2023/11/1 16:00start,2023,1698822000,abc285_c,E,abc285_brutmhyhiizp,C. abc285_brutmhyhiizp,25.0,10635,"['base conversion', 'implementation', 'string']",3,https://atcoder.jp/contests/adt_easy_20231101_1/tasks/abc285_c,25.27,,,
atcoder,others,adt_easy_20231101_1,AtCoder Daily Training EASY 2023/11/1 16:00start,2023,1698822000,abc291_b,C,Trimmed Mean,B. Trimmed Mean,-606.0,12135,"['array', 'implementation', 'sorting', 'statistics']",4,https://atcoder.jp/contests/adt_easy_20231101_1/tasks/abc291_b,14.266,,,
atcoder,others,adt_easy_20231101_1,AtCoder Daily Training EASY 2023/11/1 16:00start,2023,1698822000,abc314_b,D,Roulette,B. Roulette,-34.0,12162,"['array', 'implementation', 'sorting']",3,https://atcoder.jp/contests/adt_easy_20231101_1/tasks/abc314_b,24.241,,,
atcoder,others,adt_easy_20231101_2,AtCoder Daily Training EASY 2023/11/1 18:00start,2023,1698829200,abc201_c,E,Secret Number,C. Secret Number,439.0,11560,"['brute force', 'case work', 'combinatorics', 'counting', 'implementation', 'string']",6,https://atcoder.jp/contests/adt_easy_20231101_2/tasks/abc201_c,32.49,,,
atcoder,others,adt_easy_20231101_2,AtCoder Daily Training EASY 2023/11/1 18:00start,2023,1698829200,abc220_a,B,Find Multiple,A. Find Multiple,-933.0,19925,"['implementation', 'math', 'number theory']",3,https://atcoder.jp/contests/adt_easy_20231101_2/tasks/abc220_a,8.563,,,
atcoder,others,adt_easy_20231101_2,AtCoder Daily Training EASY 2023/11/1 18:00start,2023,1698829200,abc227_b,C,KEYENCE building,B. KEYENCE building,-634.0,10562,"['brute force', 'implementation', 'set']",3,https://atcoder.jp/contests/adt_easy_20231101_2/tasks/abc227_b,13.777,,,
atcoder,others,adt_easy_20231101_2,AtCoder Daily Training EASY 2023/11/1 18:00start,2023,1698829200,abc261_b,D,Tournament Result,B. Tournament Result,-275.0,12259,"['array', 'implementation', 'matrix', 'validation']",4,https://atcoder.jp/contests/adt_easy_20231101_2/tasks/abc261_b,20.038,,,
atcoder,others,adt_easy_20231101_2,AtCoder Daily Training EASY 2023/11/1 18:00start,2023,1698829200,abc266_a,A,Middle  Letter,A. Middle  Letter,-1129.0,15397,"['implementation', 'string']",2,https://atcoder.jp/contests/adt_easy_20231101_2/tasks/abc266_a,5.145,,,
atcoder,others,adt_easy_20231102_1,AtCoder Daily Training EASY 2023/11/2 16:30start,2023,1698910200,abc225_a,A,Distinct Strings,A. Distinct Strings,-994.0,13547,"['case work', 'combinatorics', 'counting', 'implementation', 'string']",5,https://atcoder.jp/contests/adt_easy_20231102_1/tasks/abc225_a,7.499,,,
atcoder,others,adt_easy_20231102_1,AtCoder Daily Training EASY 2023/11/2 16:30start,2023,1698910200,abc228_c,E,Final Day,C. Final Day,149.0,10353,"['greedy', 'implementation', 'sorting']",3,https://atcoder.jp/contests/adt_easy_20231102_1/tasks/abc228_c,27.433,,,
atcoder,others,adt_easy_20231102_1,AtCoder Daily Training EASY 2023/11/2 16:30start,2023,1698910200,abc250_a,B,Adjacent Squares,A. Adjacent Squares,-706.0,13728,"['case work', 'grid', 'implementation']",3,https://atcoder.jp/contests/adt_easy_20231102_1/tasks/abc250_a,12.522,,,
atcoder,others,adt_easy_20231102_1,AtCoder Daily Training EASY 2023/11/2 16:30start,2023,1698910200,abc281_b,D,Sandwich Number,B. Sandwich Number,-322.0,12827,"['implementation', 'pattern', 'string']",3,https://atcoder.jp/contests/adt_easy_20231102_1/tasks/abc281_b,19.219,,,
atcoder,others,adt_easy_20231102_1,AtCoder Daily Training EASY 2023/11/2 16:30start,2023,1698910200,abc296_b,C,Chessboard,B. Chessboard,-622.0,13453,"['grid', 'implementation', 'string']",3,https://atcoder.jp/contests/adt_easy_20231102_1/tasks/abc296_b,13.987,,,
atcoder,others,adt_easy_20231102_2,AtCoder Daily Training EASY 2023/11/2 18:30start,2023,1698917400,abc216_b,C,Same Name,B. Same Name,-537.0,14797,"['deduplication', 'hash set', 'implementation', 'string']",4,https://atcoder.jp/contests/adt_easy_20231102_2/tasks/abc216_b,15.469,,,
atcoder,others,adt_easy_20231102_2,AtCoder Daily Training EASY 2023/11/2 18:30start,2023,1698917400,abc226_b,D,Counting Arrays,B. Counting Arrays,107.0,12115,"['array', 'deduplication', 'hash set', 'implementation']",4,https://atcoder.jp/contests/adt_easy_20231102_2/tasks/abc226_b,26.7,,,
atcoder,others,adt_easy_20231102_2,AtCoder Daily Training EASY 2023/11/2 18:30start,2023,1698917400,abc236_a,A,chukodai,A. chukodai,-1207.0,17161,"['implementation', 'string']",2,https://atcoder.jp/contests/adt_easy_20231102_2/tasks/abc236_a,3.784,,,
atcoder,others,adt_easy_20231102_2,AtCoder Daily Training EASY 2023/11/2 18:30start,2023,1698917400,abc242_a,B,T-shirt,A. T-shirt,-555.0,15587,"['case work', 'implementation', 'probability']",3,https://atcoder.jp/contests/adt_easy_20231102_2/tasks/abc242_a,15.155,,,
atcoder,others,adt_easy_20231102_2,AtCoder Daily Training EASY 2023/11/2 18:30start,2023,1698917400,abc263_c,E,Monotonically Increasing,C. Monotonically Increasing,282.0,9970,"['backtracking', 'combinatorics', 'lexicographical', 'recursion']",4,https://atcoder.jp/contests/adt_easy_20231102_2/tasks/abc263_c,29.752,,,
atcoder,others,adt_easy_20231107_1,AtCoder Daily Training EASY 2023/11/7 15:30start,2023,1699338600,abc235_a,A,Rotate,A. Rotate,-1104.0,16330,"['math', 'digit', 'implementation', 'string']",4,https://atcoder.jp/contests/adt_easy_20231107_1/tasks/abc235_a,5.581,,,
atcoder,others,adt_easy_20231107_1,AtCoder Daily Training EASY 2023/11/7 15:30start,2023,1699338600,abc246_b,D,Get Closer,B. Get Closer,-250.0,12872,"['coordinate geometry', 'euclidean distance', 'implementation', 'vector']",4,https://atcoder.jp/contests/adt_easy_20231107_1/tasks/abc246_b,20.474,,,
atcoder,others,adt_easy_20231107_1,AtCoder Daily Training EASY 2023/11/7 15:30start,2023,1699338600,abc254_b,C,Practical Computing,B. Practical Computing,-476.0,13624,"['binomial coefficient', 'dp', 'implementation']",3,https://atcoder.jp/contests/adt_easy_20231107_1/tasks/abc254_b,16.533,,,
atcoder,others,adt_easy_20231107_1,AtCoder Daily Training EASY 2023/11/7 15:30start,2023,1699338600,abc255_a,B,"You should output ARC, though this is ABC.","A. You should output ARC, though this is ABC.",-983.0,14496,"['array', 'implementation', 'matrix']",3,https://atcoder.jp/contests/adt_easy_20231107_1/tasks/abc255_a,7.691,,,
atcoder,others,adt_easy_20231107_1,AtCoder Daily Training EASY 2023/11/7 15:30start,2023,1699338600,abc295_c,E,Socks,C. Socks,-75.0,12535,"['counting', 'hash map', 'implementation']",3,https://atcoder.jp/contests/adt_easy_20231107_1/tasks/abc295_c,23.526,,,
atcoder,others,adt_easy_20231107_2,AtCoder Daily Training EASY 2023/11/7 17:30start,2023,1699345800,abc215_c,E,One More aab aba baa,C. One More aab aba baa,76.0,13354,"['combinatorics', 'implementation', 'lexicographical', 'string']",4,https://atcoder.jp/contests/adt_easy_20231107_2/tasks/abc215_c,26.16,,,
atcoder,others,adt_easy_20231107_2,AtCoder Daily Training EASY 2023/11/7 17:30start,2023,1699345800,abc234_b,C,Longest Segment,B. Longest Segment,-464.0,13735,"['brute force', 'coordinate geometry', 'euclidean distance', 'search']",4,https://atcoder.jp/contests/adt_easy_20231107_2/tasks/abc234_b,16.742,,,
atcoder,others,adt_easy_20231107_2,AtCoder Daily Training EASY 2023/11/7 17:30start,2023,1699345800,abc261_a,A,Intersection,A. Intersection,-423.0,13790,"['case work', 'implementation', 'interval']",3,https://atcoder.jp/contests/adt_easy_20231107_2/tasks/abc261_a,17.457,,,
atcoder,others,adt_easy_20231107_2,AtCoder Daily Training EASY 2023/11/7 17:30start,2023,1699345800,abc295_b,D,Bombs,B. Bombs,24.0,11077,"['grid', 'implementation', 'manhattan distance', 'simulation']",4,https://atcoder.jp/contests/adt_easy_20231107_2/tasks/abc295_b,25.253,,,
atcoder,others,adt_easy_20231107_2,AtCoder Daily Training EASY 2023/11/7 17:30start,2023,1699345800,abc313_a,B,To Be Saikyo,A. To Be Saikyo,-524.0,14833,"['case work', 'implementation', 'search']",3,https://atcoder.jp/contests/adt_easy_20231107_2/tasks/abc313_a,15.696,,,
atcoder,others,adt_easy_20231108_1,AtCoder Daily Training EASY 2023/11/8 16:00start,2023,1699426800,abc220_c,E,Long Sequence,C. Long Sequence,-86.0,16226,"['math', 'binary search', 'implementation', 'optimization', 'prefix sum']",5,https://atcoder.jp/contests/adt_easy_20231108_1/tasks/abc220_c,23.334,,,
atcoder,others,adt_easy_20231108_1,AtCoder Daily Training EASY 2023/11/8 16:00start,2023,1699426800,abc233_a,A,10yen Stamp,A. 10yen Stamp,-1110.0,15414,"['math', 'case work', 'implementation']",3,https://atcoder.jp/contests/adt_easy_20231108_1/tasks/abc233_a,5.476,,,
atcoder,others,adt_easy_20231108_1,AtCoder Daily Training EASY 2023/11/8 16:00start,2023,1699426800,abc236_b,C,Who is missing?,B. Who is missing?,-655.0,15222,"['counting', 'implementation']",2,https://atcoder.jp/contests/adt_easy_20231108_1/tasks/abc236_b,13.411,,,
atcoder,others,adt_easy_20231108_1,AtCoder Daily Training EASY 2023/11/8 16:00start,2023,1699426800,abc251_b,D,At Most 3 (Judge ver.),B. At Most 3 (Judge ver.),83.0,11232,"['brute force', 'combinatorics', 'enumeration', 'implementation', 'set']",5,https://atcoder.jp/contests/adt_easy_20231108_1/tasks/abc251_b,26.282,,,
atcoder,others,adt_easy_20231108_1,AtCoder Daily Training EASY 2023/11/8 16:00start,2023,1699426800,abc284_a,B,Sequence of Strings,A. Sequence of Strings,-1072.0,16245,"['math', 'implementation']",2,https://atcoder.jp/contests/adt_easy_20231108_1/tasks/abc284_a,6.139,,,
atcoder,others,adt_easy_20231108_2,AtCoder Daily Training EASY 2023/11/8 18:00start,2023,1699434000,abc197_c,E,ORXOR,C. ORXOR,809.0,9725,"['bitmask', 'brute force', 'implementation', 'bit manipulation', 'search']",5,https://atcoder.jp/contests/adt_easy_20231108_2/tasks/abc197_c,38.943,,,
atcoder,others,adt_easy_20231108_2,AtCoder Daily Training EASY 2023/11/8 18:00start,2023,1699434000,abc217_a,B,Lexicographic Order,A. Lexicographic Order,-772.0,17263,"['case work', 'implementation', 'string']",3,https://atcoder.jp/contests/adt_easy_20231108_2/tasks/abc217_a,11.371,,,
atcoder,others,adt_easy_20231108_2,AtCoder Daily Training EASY 2023/11/8 18:00start,2023,1699434000,abc245_b,C,Mex,B. Mex,-523.0,14895,"['array', 'implementation', 'mex', 'set']",4,https://atcoder.jp/contests/adt_easy_20231108_2/tasks/abc245_b,15.713,,,
atcoder,others,adt_easy_20231108_2,AtCoder Daily Training EASY 2023/11/8 18:00start,2023,1699434000,abc246_a,A,Four Points,A. Four Points,-670.0,15460,"['case work', 'coordinate geometry', 'implementation']",3,https://atcoder.jp/contests/adt_easy_20231108_2/tasks/abc246_a,13.15,,,
atcoder,others,adt_easy_20231108_2,AtCoder Daily Training EASY 2023/11/8 18:00start,2023,1699434000,abc271_b,D,Maintain Multiple Sequences,B. Maintain Multiple Sequences,-166.0,11243,"['array', 'implementation', 'query']",3,https://atcoder.jp/contests/adt_easy_20231108_2/tasks/abc271_b,21.939,,,
atcoder,others,adt_easy_20231109_1,AtCoder Daily Training EASY 2023/11/9 16:30start,2023,1699515000,abc235_b,C,Climbing Takahashi,B. Climbing Takahashi,-806.0,14463,"['conditional', 'implementation', 'simulation']",3,https://atcoder.jp/contests/adt_easy_20231109_1/tasks/abc235_b,10.778,,,
atcoder,others,adt_easy_20231109_1,AtCoder Daily Training EASY 2023/11/9 16:30start,2023,1699515000,abc267_a,A,Saturday,A. Saturday,-984.0,14413,"['case work', 'implementation', 'string']",3,https://atcoder.jp/contests/adt_easy_20231109_1/tasks/abc267_a,7.674,,,
atcoder,others,adt_easy_20231109_1,AtCoder Daily Training EASY 2023/11/9 16:30start,2023,1699515000,abc282_b,D,Let's Get a Perfect Score,B. Let's Get a Perfect Score,-284.0,11408,"['brute force', 'conditional', 'implementation', 'string']",4,https://atcoder.jp/contests/adt_easy_20231109_1/tasks/abc282_b,19.881,,,
atcoder,others,adt_easy_20231109_1,AtCoder Daily Training EASY 2023/11/9 16:30start,2023,1699515000,abc311_a,B,First ABC,A. First ABC,-876.0,16938,"['implementation', 'set', 'string']",3,https://atcoder.jp/contests/adt_easy_20231109_1/tasks/abc311_a,9.557,,,
atcoder,others,adt_easy_20231109_1,AtCoder Daily Training EASY 2023/11/9 16:30start,2023,1699515000,abc315_c,E,Flavors,C. Flavors,312.0,11007,"['greedy', 'implementation', 'search', 'sorting']",4,https://atcoder.jp/contests/adt_easy_20231109_1/tasks/abc315_c,30.276,,,
atcoder,others,adt_easy_20231109_2,AtCoder Daily Training EASY 2023/11/9 18:30start,2023,1699522200,abc216_a,B,Signed Difficulty,A. Signed Difficulty,-860.0,15718,"['case work', 'conditional', 'implementation', 'string']",4,https://atcoder.jp/contests/adt_easy_20231109_2/tasks/abc216_a,9.836,,,
atcoder,others,adt_easy_20231109_2,AtCoder Daily Training EASY 2023/11/9 18:30start,2023,1699522200,abc251_a,A,Six Characters,A. Six Characters,-1113.0,14569,"['implementation', 'string']",2,https://atcoder.jp/contests/adt_easy_20231109_2/tasks/abc251_a,5.424,,,
atcoder,others,adt_easy_20231109_2,AtCoder Daily Training EASY 2023/11/9 18:30start,2023,1699522200,abc260_b,D,Better Students Are Needed!,B. Better Students Are Needed!,112.0,10309,"['implementation', 'simulation', 'sorting']",3,https://atcoder.jp/contests/adt_easy_20231109_2/tasks/abc260_b,26.788,,,
atcoder,others,adt_easy_20231109_2,AtCoder Daily Training EASY 2023/11/9 18:30start,2023,1699522200,abc261_c,E,NewFolder(1),C. NewFolder(1),79.0,12009,"['counting', 'implementation', 'map', 'string']",4,https://atcoder.jp/contests/adt_easy_20231109_2/tasks/abc261_c,26.212,,,
atcoder,others,adt_easy_20231109_2,AtCoder Daily Training EASY 2023/11/9 18:30start,2023,1699522200,abc280_b,C,Inverse Prefix Sum,B. Inverse Prefix Sum,-769.0,13465,"['array', 'implementation', 'prefix sum']",3,https://atcoder.jp/contests/adt_easy_20231109_2/tasks/abc280_b,11.423,,,
atcoder,others,adt_easy_20231114_1,AtCoder Daily Training EASY 2023/11/14 15:30start,2023,1699943400,abc221_a,A,Seismic magnitude scales,A. Seismic magnitude scales,-1081.0,17590,"['modular exponentiation', 'implementation']",2,https://atcoder.jp/contests/adt_easy_20231114_1/tasks/abc221_a,5.982,,,
atcoder,others,adt_easy_20231114_1,AtCoder Daily Training EASY 2023/11/14 15:30start,2023,1699943400,abc228_a,B,On and Off,A. On and Off,-395.0,13051,"['case work', 'conditional', 'implementation', 'time']",4,https://atcoder.jp/contests/adt_easy_20231114_1/tasks/abc228_a,17.946,,,
atcoder,others,adt_easy_20231114_1,AtCoder Daily Training EASY 2023/11/14 15:30start,2023,1699943400,abc231_b,C,Election,B. Election,-535.0,12724,"['counting', 'implementation', 'search', 'string']",4,https://atcoder.jp/contests/adt_easy_20231114_1/tasks/abc231_b,15.504,,,
atcoder,others,adt_easy_20231114_1,AtCoder Daily Training EASY 2023/11/14 15:30start,2023,1699943400,abc265_c,E,Belt Conveyor,C. Belt Conveyor,146.0,10823,"['cycle', 'grid', 'implementation', 'boolean array']",4,https://atcoder.jp/contests/adt_easy_20231114_1/tasks/abc265_c,27.381,,,
atcoder,others,adt_easy_20231114_1,AtCoder Daily Training EASY 2023/11/14 15:30start,2023,1699943400,abc310_b,D,Strictly Superior,B. Strictly Superior,171.0,11364,"['brute force', 'conditional', 'implementation', 'set']",4,https://atcoder.jp/contests/adt_easy_20231114_1/tasks/abc310_b,27.817,,,
atcoder,others,adt_easy_20231114_2,AtCoder Daily Training EASY 2023/11/14 17:30start,2023,1699950600,abc213_a,A,Bitwise Exclusive Or,A. Bitwise Exclusive Or,-600.0,18231,"['bit manipulation', 'implementation', 'xor']",3,https://atcoder.jp/contests/adt_easy_20231114_2/tasks/abc213_a,14.37,,,
atcoder,others,adt_easy_20231114_2,AtCoder Daily Training EASY 2023/11/14 17:30start,2023,1699950600,abc219_c,E,Neo-lexicographic Ordering,C. Neo-lexicographic Ordering,227.0,10533,"['sorting', 'implementation', 'string']",3,https://atcoder.jp/contests/adt_easy_20231114_2/tasks/abc219_c,28.793,,,
atcoder,others,adt_easy_20231114_2,AtCoder Daily Training EASY 2023/11/14 17:30start,2023,1699950600,abc223_b,D,String Shifting,B. String Shifting,-213.0,12001,"['implementation', 'string']",2,https://atcoder.jp/contests/adt_easy_20231114_2/tasks/abc223_b,21.12,,,
atcoder,others,adt_easy_20231114_2,AtCoder Daily Training EASY 2023/11/14 17:30start,2023,1699950600,abc241_b,C,Pasta,B. Pasta,-503.0,14985,"['counting', 'implementation', 'matching']",3,https://atcoder.jp/contests/adt_easy_20231114_2/tasks/abc241_b,16.062,,,
atcoder,others,adt_easy_20231114_2,AtCoder Daily Training EASY 2023/11/14 17:30start,2023,1699950600,abc297_a,B,Double Click,A. Double Click,-900.0,15674,"['array', 'conditional', 'implementation']",3,https://atcoder.jp/contests/adt_easy_20231114_2/tasks/abc297_a,9.138,,,
atcoder,others,adt_easy_20231115_1,AtCoder Daily Training EASY 2023/11/15 16:00start,2023,1700031600,abc219_a,A,AtCoder Quiz 2,A. AtCoder Quiz 2,-1257.0,18181,"['case work', 'conditional', 'implementation']",3,https://atcoder.jp/contests/adt_easy_20231115_1/tasks/abc219_a,2.912,,,
atcoder,others,adt_easy_20231115_1,AtCoder Daily Training EASY 2023/11/15 16:00start,2023,1700031600,abc247_b,D,Unique Nicknames,B. Unique Nicknames,127.0,11268,"['implementation', 'set', 'string', 'string matching', 'validation']",5,https://atcoder.jp/contests/adt_easy_20231115_1/tasks/abc247_b,27.049,,,
atcoder,others,adt_easy_20231115_1,AtCoder Daily Training EASY 2023/11/15 16:00start,2023,1700031600,abc252_b,C,Takahashi's Failure,B. Takahashi's Failure,-497.0,14314,"['array', 'implementation', 'search', 'set']",4,https://atcoder.jp/contests/adt_easy_20231115_1/tasks/abc252_b,16.167,,,
atcoder,others,adt_easy_20231115_1,AtCoder Daily Training EASY 2023/11/15 16:00start,2023,1700031600,abc276_a,B,Rightmost,A. Rightmost,-974.0,14945,"['string', 'implementation']",2,https://atcoder.jp/contests/adt_easy_20231115_1/tasks/abc276_a,7.848,,,
atcoder,others,adt_easy_20231115_1,AtCoder Daily Training EASY 2023/11/15 16:00start,2023,1700031600,abc310_c,E,Reversible,C. Reversible,245.0,12235,"['implementation', 'set', 'string', 'string reversal', 'validation']",5,https://atcoder.jp/contests/adt_easy_20231115_1/tasks/abc310_c,29.107,,,
atcoder,others,adt_easy_20231115_2,AtCoder Daily Training EASY 2023/11/15 18:00start,2023,1700038800,abc245_a,A,Good morning,A. Good morning,-716.0,15792,"['comparison', 'implementation', 'time']",3,https://atcoder.jp/contests/adt_easy_20231115_2/tasks/abc245_a,12.347,,,
atcoder,others,adt_easy_20231115_2,AtCoder Daily Training EASY 2023/11/15 18:00start,2023,1700038800,abc247_c,E,1 2 1 3 1 2 1,C. 1 2 1 3 1 2 1,5.0,14087,"['implementation', 'recursion', 'sequence']",3,https://atcoder.jp/contests/adt_easy_20231115_2/tasks/abc247_c,24.922,,,
atcoder,others,adt_easy_20231115_2,AtCoder Daily Training EASY 2023/11/15 18:00start,2023,1700038800,abc276_b,D,Adjacency List,B. Adjacency List,-11.0,11552,"['graph', 'implementation', 'sorting']",3,https://atcoder.jp/contests/adt_easy_20231115_2/tasks/abc276_b,24.642,,,
atcoder,others,adt_easy_20231115_2,AtCoder Daily Training EASY 2023/11/15 18:00start,2023,1700038800,abc277_b,C,Playing Cards Validation,B. Playing Cards Validation,-362.0,11364,"['implementation', 'set', 'string', 'validation']",4,https://atcoder.jp/contests/adt_easy_20231115_2/tasks/abc277_b,18.521,,,
atcoder,others,adt_easy_20231115_2,AtCoder Daily Training EASY 2023/11/15 18:00start,2023,1700038800,abc303_a,B,Similar String,A. Similar String,-763.0,14076,"['string matching', 'implementation', 'string']",3,https://atcoder.jp/contests/adt_easy_20231115_2/tasks/abc303_a,11.528,,,
atcoder,others,adt_easy_20231116_1,AtCoder Daily Training EASY 2023/11/16 16:30start,2023,1700119800,abc229_c,E,Cheese,C. Cheese,45.0,11501,"['greedy', 'optimization', 'sorting']",3,https://atcoder.jp/contests/adt_easy_20231116_1/tasks/abc229_c,25.619,,,
atcoder,others,adt_easy_20231116_1,AtCoder Daily Training EASY 2023/11/16 16:30start,2023,1700119800,abc238_a,B,Exponential or Quadratic,A. Exponential or Quadratic,-689.0,15086,"['implementation', 'math']",2,https://atcoder.jp/contests/adt_easy_20231116_1/tasks/abc238_a,12.818,,,
atcoder,others,adt_easy_20231116_1,AtCoder Daily Training EASY 2023/11/16 16:30start,2023,1700119800,abc275_b,D,ABC-DEF,B. ABC-DEF,-1.0,11422,"['implementation', 'math', 'modular arithmetic']",3,https://atcoder.jp/contests/adt_easy_20231116_1/tasks/abc275_b,24.817,,,
atcoder,others,adt_easy_20231116_1,AtCoder Daily Training EASY 2023/11/16 16:30start,2023,1700119800,abc279_b,C,LOOKUP,B. LOOKUP,-533.0,11921,"['implementation', 'string', 'string matching', 'substring']",4,https://atcoder.jp/contests/adt_easy_20231116_1/tasks/abc279_b,15.539,,,
atcoder,others,adt_easy_20231116_1,AtCoder Daily Training EASY 2023/11/16 16:30start,2023,1700119800,abc314_a,A,3.14,A. 3.14,-630.0,16150,"['implementation', 'string']",2,https://atcoder.jp/contests/adt_easy_20231116_1/tasks/abc314_a,13.847,,,
atcoder,others,adt_easy_20231116_2,AtCoder Daily Training EASY 2023/11/16 18:30start,2023,1700127000,abc219_b,C,Maritozzo,B. Maritozzo,-842.0,13921,"['implementation', 'string']",2,https://atcoder.jp/contests/adt_easy_20231116_2/tasks/abc219_b,10.15,,,
atcoder,others,adt_easy_20231116_2,AtCoder Daily Training EASY 2023/11/16 18:30start,2023,1700127000,abc226_a,A,Round decimals,A. Round decimals,-930.0,15572,"['implementation', 'math']",2,https://atcoder.jp/contests/adt_easy_20231116_2/tasks/abc226_a,8.615,,,
atcoder,others,adt_easy_20231116_2,AtCoder Daily Training EASY 2023/11/16 18:30start,2023,1700127000,abc255_b,D,Light It Up,B. Light It Up,348.0,9858,"['binary search', 'computational geometry', 'distance', 'optimization']",4,https://atcoder.jp/contests/adt_easy_20231116_2/tasks/abc255_b,30.903,,,
atcoder,others,adt_easy_20231116_2,AtCoder Daily Training EASY 2023/11/16 18:30start,2023,1700127000,abc263_a,B,Full House,A. Full House,-679.0,14646,"['counting', 'implementation']",2,https://atcoder.jp/contests/adt_easy_20231116_2/tasks/abc263_a,12.993,,,
atcoder,others,adt_easy_20231116_2,AtCoder Daily Training EASY 2023/11/16 18:30start,2023,1700127000,abc299_c,E,Dango,C. Dango,257.0,10192,"['implementation', 'pattern', 'plane sweep', 'string']",4,https://atcoder.jp/contests/adt_easy_20231116_2/tasks/abc299_c,29.316,,,
atcoder,others,adt_hard_20231017_1,AtCoder Daily Training HARD 2023/10/17 15:30start,2023,1697524200,abc239_e,H,Subtree K-th Max,E. Subtree K-th Max,1084.0,5942,"['dfs', 'implementation', 'tree', 'dp on trees']",4,https://atcoder.jp/contests/adt_hard_20231017_1/tasks/abc239_e,43.739,,,
atcoder,others,adt_hard_20231017_1,AtCoder Daily Training HARD 2023/10/17 15:30start,2023,1697524200,abc268_d,G,Unique Username,D. Unique Username,1309.0,4608,"['backtracking', 'implementation', 'set', 'string']",4,https://atcoder.jp/contests/adt_hard_20231017_1/tasks/abc268_d,47.663,,,
atcoder,others,adt_hard_20231017_1,AtCoder Daily Training HARD 2023/10/17 15:30start,2023,1697524200,abc288_f,I,Integer Division,F. Integer Division,2024.0,1850,"['dp', 'implementation', 'modular arithmetic', 'string']",4,https://atcoder.jp/contests/adt_hard_20231017_1/tasks/abc288_f,60.133,,,
atcoder,others,adt_hard_20231017_1,AtCoder Daily Training HARD 2023/10/17 15:30start,2023,1697524200,abc291_c,F,LRUD Instructions 2,C. LRUD Instructions 2,97.0,11081,"['implementation', 'search', 'set', 'simulation', 'string']",5,https://atcoder.jp/contests/adt_hard_20231017_1/tasks/abc291_c,26.526,,,
atcoder,others,adt_hard_20231017_1,AtCoder Daily Training HARD 2023/10/17 15:30start,2023,1697524200,abc294_c,E,Merge Sequences,C. Merge Sequences,-59.0,11238,"['implementation', 'sorting', 'two pointer']",3,https://atcoder.jp/contests/adt_hard_20231017_1/tasks/abc294_c,23.805,,,
atcoder,others,adt_hard_20231017_2,AtCoder Daily Training HARD 2023/10/17 17:30start,2023,1697531400,abc278_f,I,Shiritori,F. Shiritori,1452.0,3424,"['dp', 'game theory', 'graph theory', 'implementation']",4,https://atcoder.jp/contests/adt_hard_20231017_2/tasks/abc278_f,50.157,,,
atcoder,others,adt_hard_20231017_2,AtCoder Daily Training HARD 2023/10/17 17:30start,2023,1697531400,abc279_c,E,RANDOM,C. RANDOM,246.0,9335,"['counting', 'implementation', 'string']",3,https://atcoder.jp/contests/adt_hard_20231017_2/tasks/abc279_c,29.125,,,
atcoder,others,adt_hard_20231017_2,AtCoder Daily Training HARD 2023/10/17 17:30start,2023,1697531400,abc280_c,F,Extra Character,C. Extra Character,-333.0,12461,"['implementation', 'string', 'two pointer']",3,https://atcoder.jp/contests/adt_hard_20231017_2/tasks/abc280_c,19.027,,,
atcoder,others,adt_hard_20231017_2,AtCoder Daily Training HARD 2023/10/17 17:30start,2023,1697531400,abc307_d,G,Mismatched Parentheses,D. Mismatched Parentheses,666.0,7981,"['implementation', 'simulation', 'stack', 'string']",4,https://atcoder.jp/contests/adt_hard_20231017_2/tasks/abc307_d,36.449,,,
atcoder,others,adt_hard_20231017_2,AtCoder Daily Training HARD 2023/10/17 17:30start,2023,1697531400,abc319_e,H,Bus Stops,E. Bus Stops,1353.0,4551,"['implementation', 'lcm', 'number theory', 'simulation']",4,https://atcoder.jp/contests/adt_hard_20231017_2/tasks/abc319_e,48.43,,,
atcoder,others,adt_hard_20231018_1,AtCoder Daily Training HARD 2023/10/18 16:00start,2023,1697612400,abc226_f,I,Score of Permutations,F. Score of Permutations,2086.0,1463,"['combinatorics', 'dp', 'lcm', 'modular arithmetic', 'number theory']",5,https://atcoder.jp/contests/adt_hard_20231018_1/tasks/abc226_f,61.214,,,
atcoder,others,adt_hard_20231018_1,AtCoder Daily Training HARD 2023/10/18 16:00start,2023,1697612400,abc230_e,H,Fraction Floor Sum,E. Fraction Floor Sum,969.0,5988,"['implementation', 'number theory', 'sqrt decomposition']",3,https://atcoder.jp/contests/adt_hard_20231018_1/tasks/abc230_e,41.734,,,
atcoder,others,adt_hard_20231018_1,AtCoder Daily Training HARD 2023/10/18 16:00start,2023,1697612400,abc234_c,F,Happy New Year!,C. Happy New Year!,22.0,12416,"['implementation', 'base conversion']",2,https://atcoder.jp/contests/adt_hard_20231018_1/tasks/abc234_c,25.218,,,
atcoder,others,adt_hard_20231018_1,AtCoder Daily Training HARD 2023/10/18 16:00start,2023,1697612400,abc283_c,E,Cash Register,C. Cash Register,-207.0,12553,"['greedy', 'implementation', 'string']",3,https://atcoder.jp/contests/adt_hard_20231018_1/tasks/abc283_c,21.224,,,
atcoder,others,adt_hard_20231018_1,AtCoder Daily Training HARD 2023/10/18 16:00start,2023,1697612400,abc305_d,G,Sleep Log,D. Sleep Log,671.0,7516,"['binary search', 'implementation', 'prefix sum']",3,https://atcoder.jp/contests/adt_hard_20231018_1/tasks/abc305_d,36.536,,,
atcoder,others,adt_hard_20231018_2,AtCoder Daily Training HARD 2023/10/18 18:00start,2023,1697619600,abc223_c,F,Doukasen,C. Doukasen,351.0,9638,"['implementation', 'math', 'base conversion']",3,https://atcoder.jp/contests/adt_hard_20231018_2/tasks/abc223_c,30.956,,,
atcoder,others,adt_hard_20231018_2,AtCoder Daily Training HARD 2023/10/18 18:00start,2023,1697619600,abc225_e,H,7,E. 7,1678.0,2866,"['greedy', 'implementation', 'sorting']",3,https://atcoder.jp/contests/adt_hard_20231018_2/tasks/abc225_e,54.098,,,
atcoder,others,adt_hard_20231018_2,AtCoder Daily Training HARD 2023/10/18 18:00start,2023,1697619600,abc237_c,E,kasaka,C. kasaka,239.0,11528,"['implementation', 'palindrome', 'string']",3,https://atcoder.jp/contests/adt_hard_20231018_2/tasks/abc237_c,29.002,,,
atcoder,others,adt_hard_20231018_2,AtCoder Daily Training HARD 2023/10/18 18:00start,2023,1697619600,abc258_d,G,Trophy,D. Trophy,687.0,8814,"['greedy', 'implementation', 'prefix sum']",3,https://atcoder.jp/contests/adt_hard_20231018_2/tasks/abc258_d,36.815,,,
atcoder,others,adt_hard_20231018_2,AtCoder Daily Training HARD 2023/10/18 18:00start,2023,1697619600,abc261_f,I,Sorting Color Balls,F. Sorting Color Balls,1587.0,3130,"['greedy', 'implementation', 'inversion counting', 'sorting']",4,https://atcoder.jp/contests/adt_hard_20231018_2/tasks/abc261_f,52.511,,,
atcoder,others,adt_hard_20231019_1,AtCoder Daily Training HARD 2023/10/19 16:30start,2023,1697700600,abc214_f,I,Substrings,F. Substrings,1973.0,2610,"['dp', 'implementation', 'modular arithmetic', 'string']",4,https://atcoder.jp/contests/adt_hard_20231019_1/tasks/abc214_f,59.243,,,
atcoder,others,adt_hard_20231019_1,AtCoder Daily Training HARD 2023/10/19 16:30start,2023,1697700600,abc243_e,H,Edge Deletion,E. Edge Deletion,1637.0,4446,"['floyd warshall', 'graph', 'implementation', 'shortest path']",4,https://atcoder.jp/contests/adt_hard_20231019_1/tasks/abc243_e,53.383,,,
atcoder,others,adt_hard_20231019_1,AtCoder Daily Training HARD 2023/10/19 16:30start,2023,1697700600,abc246_c,F,Coupon,C. Coupon,330.0,11421,"['greedy', 'implementation', 'priority queue', 'sorting']",4,https://atcoder.jp/contests/adt_hard_20231019_1/tasks/abc246_c,30.589,,,
atcoder,others,adt_hard_20231019_1,AtCoder Daily Training HARD 2023/10/19 16:30start,2023,1697700600,abc264_d,G,"""redocta"".swap(i,i+1)","D. ""redocta"".swap(i,i+1)",414.0,9388,"['bfs', 'implementation', 'search', 'string']",4,https://atcoder.jp/contests/adt_hard_20231019_1/tasks/abc264_d,32.054,,,
atcoder,others,adt_hard_20231019_1,AtCoder Daily Training HARD 2023/10/19 16:30start,2023,1697700600,abc274_c,E,Ameba,C. Ameba,304.0,9726,"['bfs', 'graph', 'implementation', 'tree']",4,https://atcoder.jp/contests/adt_hard_20231019_1/tasks/abc274_c,30.136,,,
atcoder,others,adt_hard_20231019_2,AtCoder Daily Training HARD 2023/10/19 18:30start,2023,1697707800,abc216_d,G,Pair of Balls,D. Pair of Balls,1039.0,7409,"['graph', 'implementation', 'topological sort']",3,https://atcoder.jp/contests/adt_hard_20231019_2/tasks/abc216_d,42.954,,,
atcoder,others,adt_hard_20231019_2,AtCoder Daily Training HARD 2023/10/19 18:30start,2023,1697707800,abc221_e,H,LEQ,E. LEQ,1515.0,4094,"['combinatorics', 'data structure', 'implementation', 'modular arithmetic', 'sorting']",5,https://atcoder.jp/contests/adt_hard_20231019_2/tasks/abc221_e,51.256,,,
atcoder,others,adt_hard_20231019_2,AtCoder Daily Training HARD 2023/10/19 18:30start,2023,1697707800,abc252_f,I,Bread,F. Bread,1609.0,3772,"['greedy', 'huffman coding', 'implementation', 'priority queue']",4,https://atcoder.jp/contests/adt_hard_20231019_2/tasks/abc252_f,52.895,,,
atcoder,others,adt_hard_20231019_2,AtCoder Daily Training HARD 2023/10/19 18:30start,2023,1697707800,abc272_c,E,Max Even,C. Max Even,51.0,12015,"['greedy', 'implementation', 'math', 'sorting']",4,https://atcoder.jp/contests/adt_hard_20231019_2/tasks/abc272_c,25.724,,,
atcoder,others,adt_hard_20231019_2,AtCoder Daily Training HARD 2023/10/19 18:30start,2023,1697707800,abc284_c,F,Count Connected Components,C. Count Connected Components,108.0,12601,"['bfs', 'graph', 'implementation', 'dsu']",4,https://atcoder.jp/contests/adt_hard_20231019_2/tasks/abc284_c,26.718,,,
atcoder,others,adt_hard_20231024_1,AtCoder Daily Training HARD 2023/10/24 15:30start,2023,1698129000,abc235_c,E,The Kth Time Query,C. The Kth Time Query,210.0,11853,"['data structure', 'implementation', 'query']",3,https://atcoder.jp/contests/adt_hard_20231024_1/tasks/abc235_c,28.497,,,
atcoder,others,adt_hard_20231024_1,AtCoder Daily Training HARD 2023/10/24 15:30start,2023,1698129000,abc269_f,I,Numbered Checker,F. Numbered Checker,1601.0,2664,"['prefix sum', 'grid', 'implementation', 'math', 'modular arithmetic']",5,https://atcoder.jp/contests/adt_hard_20231024_1/tasks/abc269_f,52.755,,,
atcoder,others,adt_hard_20231024_1,AtCoder Daily Training HARD 2023/10/24 15:30start,2023,1698129000,abc275_c,F,Counting Squares,C. Counting Squares,760.0,6867,"['geometry', 'grid', 'implementation']",3,https://atcoder.jp/contests/adt_hard_20231024_1/tasks/abc275_c,38.089,,,
atcoder,others,adt_hard_20231024_1,AtCoder Daily Training HARD 2023/10/24 15:30start,2023,1698129000,abc283_d,G,Scope,D. Scope,453.0,8951,"['implementation', 'set', 'stack', 'string']",4,https://atcoder.jp/contests/adt_hard_20231024_1/tasks/abc283_d,32.735,,,
atcoder,others,adt_hard_20231024_1,AtCoder Daily Training HARD 2023/10/24 15:30start,2023,1698129000,abc287_e,H,Karuta,E. Karuta,1093.0,5744,"['implementation', 'sorting', 'string', 'trie']",4,https://atcoder.jp/contests/adt_hard_20231024_1/tasks/abc287_e,43.896,,,
atcoder,others,adt_hard_20231024_2,AtCoder Daily Training HARD 2023/10/24 17:30start,2023,1698136200,abc225_c,E,Calendar Validator,C. Calendar Validator,318.0,9081,"['implementation', 'math', 'pattern']",3,https://atcoder.jp/contests/adt_hard_20231024_2/tasks/abc225_c,30.38,,,
atcoder,others,adt_hard_20231024_2,AtCoder Daily Training HARD 2023/10/24 17:30start,2023,1698136200,abc229_f,I,Make Bipartite,F. Make Bipartite,1917.0,2168,"['bipartite graph', 'dp', 'graph theory', 'implementation']",4,https://atcoder.jp/contests/adt_hard_20231024_2/tasks/abc229_f,58.266,,,
atcoder,others,adt_hard_20231024_2,AtCoder Daily Training HARD 2023/10/24 17:30start,2023,1698136200,abc260_c,F,Changing Jewels,C. Changing Jewels,413.0,10164,"['implementation', 'math', 'recursion']",3,https://atcoder.jp/contests/adt_hard_20231024_2/tasks/abc260_c,32.037,,,
atcoder,others,adt_hard_20231024_2,AtCoder Daily Training HARD 2023/10/24 17:30start,2023,1698136200,abc302_e,H,Isolation,E. Isolation,988.0,6048,"['data structure', 'degree', 'graph', 'implementation', 'simulation']",5,https://atcoder.jp/contests/adt_hard_20231024_2/tasks/abc302_e,42.065,,,
atcoder,others,adt_hard_20231024_2,AtCoder Daily Training HARD 2023/10/24 17:30start,2023,1698136200,abc309_d,G,Add One Edge,D. Add One Edge,621.0,8267,"['bfs', 'graph theory', 'implementation', 'shortest path']",4,https://atcoder.jp/contests/adt_hard_20231024_2/tasks/abc309_d,35.664,,,
atcoder,others,adt_hard_20231025_1,AtCoder Daily Training HARD 2023/10/25 16:00start,2023,1698217200,abc216_c,E,Many Balls,C. Many Balls,-6.0,13645,"['constructive', 'greedy', 'implementation', 'math']",4,https://atcoder.jp/contests/adt_hard_20231025_1/tasks/abc216_c,24.73,,,
atcoder,others,adt_hard_20231025_1,AtCoder Daily Training HARD 2023/10/25 16:00start,2023,1698217200,abc222_d,G,Between Two Arrays,D. Between Two Arrays,865.0,8331,"['prefix sum', 'dp', 'implementation', 'modular arithmetic']",4,https://atcoder.jp/contests/adt_hard_20231025_1/tasks/abc222_d,39.92,,,
atcoder,others,adt_hard_20231025_1,AtCoder Daily Training HARD 2023/10/25 16:00start,2023,1698217200,abc240_e,H,Ranges on Tree,E. Ranges on Tree,1068.0,4937,"['dfs', 'implementation', 'tree']",3,https://atcoder.jp/contests/adt_hard_20231025_1/tasks/abc240_e,43.46,,,
atcoder,others,adt_hard_20231025_1,AtCoder Daily Training HARD 2023/10/25 16:00start,2023,1698217200,abc257_c,F,Robot Takahashi ,C. Robot Takahashi ,678.0,8286,"['greedy', 'implementation', 'sorting']",3,https://atcoder.jp/contests/adt_hard_20231025_1/tasks/abc257_c,36.659,,,
atcoder,others,adt_hard_20231025_1,AtCoder Daily Training HARD 2023/10/25 16:00start,2023,1698217200,abc296_f,I,Simultaneous Swap,F. Simultaneous Swap,1811.0,2060,"['implementation', 'math', 'permutation']",3,https://atcoder.jp/contests/adt_hard_20231025_1/tasks/abc296_f,56.418,,,
atcoder,others,adt_hard_20231025_2,AtCoder Daily Training HARD 2023/10/25 18:00start,2023,1698224400,abc214_e,H,Packing Under Range Regulations,E. Packing Under Range Regulations,1835.0,4152,"['greedy', 'priority queue', 'implementation', 'sorting']",4,https://atcoder.jp/contests/adt_hard_20231025_2/tasks/abc214_e,56.836,,,
atcoder,others,adt_hard_20231025_2,AtCoder Daily Training HARD 2023/10/25 18:00start,2023,1698224400,abc225_d,G,Play Train,D. Play Train,778.0,7675,"['connected components', 'data structure', 'implementation', 'linked list', 'simulation']",5,https://atcoder.jp/contests/adt_hard_20231025_2/tasks/abc225_d,38.403,,,
atcoder,others,adt_hard_20231025_2,AtCoder Daily Training HARD 2023/10/25 18:00start,2023,1698224400,abc238_c,F,digitnum,C. digitnum,637.0,8948,"['digit', 'implementation', 'math', 'modular arithmetic']",4,https://atcoder.jp/contests/adt_hard_20231025_2/tasks/abc238_c,35.943,,,
atcoder,others,adt_hard_20231025_2,AtCoder Daily Training HARD 2023/10/25 18:00start,2023,1698224400,abc255_f,I,Pre-order and In-order,F. Pre-order and In-order,1797.0,2372,"['binary tree', 'implementation', 'recursion']",3,https://atcoder.jp/contests/adt_hard_20231025_2/tasks/abc255_f,56.174,,,
atcoder,others,adt_hard_20231025_2,AtCoder Daily Training HARD 2023/10/25 18:00start,2023,1698224400,abc296_c,E,Gap Existence,C. Gap Existence,38.0,12351,"['implementation', 'set', 'sorting']",3,https://atcoder.jp/contests/adt_hard_20231025_2/tasks/abc296_c,25.497,,,
atcoder,others,adt_hard_20231026_1,AtCoder Daily Training HARD 2023/10/26 16:30start,2023,1698305400,abc226_c,F,Martial artist,C. Martial artist,539.0,9184,"['bfs', 'dependency', 'graph', 'implementation']",4,https://atcoder.jp/contests/adt_hard_20231026_1/tasks/abc226_c,34.234,,,
atcoder,others,adt_hard_20231026_1,AtCoder Daily Training HARD 2023/10/26 16:30start,2023,1698305400,abc246_e,H,Bishop 2,E. Bishop 2,1476.0,4405,"['bfs', 'graph', 'implementation', 'shortest path']",4,https://atcoder.jp/contests/adt_hard_20231026_1/tasks/abc246_e,50.576,,,
atcoder,others,adt_hard_20231026_1,AtCoder Daily Training HARD 2023/10/26 16:30start,2023,1698305400,abc276_f,I,Double Chance,F. Double Chance,1562.0,2979,"['prefix sum', 'expectation', 'implementation', 'modular arithmetic', 'sorting']",5,https://atcoder.jp/contests/adt_hard_20231026_1/tasks/abc276_f,52.075,,,
atcoder,others,adt_hard_20231026_1,AtCoder Daily Training HARD 2023/10/26 16:30start,2023,1698305400,abc306_c,E,Centers,C. Centers,31.0,11606,"['counting', 'implementation', 'sorting']",3,https://atcoder.jp/contests/adt_hard_20231026_1/tasks/abc306_c,25.375,,,
atcoder,others,adt_hard_20231026_1,AtCoder Daily Training HARD 2023/10/26 16:30start,2023,1698305400,abc321_d,G,Set Menu,D. Set Menu,806.0,8791,"['binary search', 'prefix sum', 'implementation', 'sorting']",4,https://atcoder.jp/contests/adt_hard_20231026_1/tasks/abc321_d,38.891,,,
atcoder,others,adt_hard_20231026_2,AtCoder Daily Training HARD 2023/10/26 18:30start,2023,1698312600,abc221_c,F,Select Mul,C. Select Mul,378.0,11196,"['brute force', 'digit', 'enumeration', 'implementation', 'permutation']",5,https://atcoder.jp/contests/adt_hard_20231026_2/tasks/abc221_c,31.427,,,
atcoder,others,adt_hard_20231026_2,AtCoder Daily Training HARD 2023/10/26 18:30start,2023,1698312600,abc243_d,G,Moves on Binary Tree,D. Moves on Binary Tree,758.0,9026,"['binary tree', 'implementation', 'simulation', 'string']",4,https://atcoder.jp/contests/adt_hard_20231026_2/tasks/abc243_d,38.054,,,
atcoder,others,adt_hard_20231026_2,AtCoder Daily Training HARD 2023/10/26 18:30start,2023,1698312600,abc247_e,H,Max Min,E. Max Min,1256.0,5437,"['counting', 'implementation', 'string']",3,https://atcoder.jp/contests/adt_hard_20231026_2/tasks/abc247_e,46.739,,,
atcoder,others,adt_hard_20231026_2,AtCoder Daily Training HARD 2023/10/26 18:30start,2023,1698312600,abc251_c,E,Poem Online Judge,C. Poem Online Judge,205.0,10836,"['counting', 'greedy', 'implementation', 'string']",4,https://atcoder.jp/contests/adt_hard_20231026_2/tasks/abc251_c,28.409,,,
atcoder,others,adt_hard_20231026_2,AtCoder Daily Training HARD 2023/10/26 18:30start,2023,1698312600,abc310_f,I,Make 10 Again,F. Make 10 Again,1938.0,2064,"['counting', 'dp', 'modular arithmetic', 'optimization', 'subset sum']",5,https://atcoder.jp/contests/adt_hard_20231026_2/tasks/abc310_f,58.633,,,
atcoder,others,adt_hard_20231031_1,AtCoder Daily Training HARD 2023/10/31 15:30start,2023,1698733800,abc219_d,G,Strange Lunchbox,D. Strange Lunchbox,1085.0,7022,"['dp', 'knapsack', 'optimization']",3,https://atcoder.jp/contests/adt_hard_20231031_1/tasks/abc219_d,43.757,,,
atcoder,others,adt_hard_20231031_1,AtCoder Daily Training HARD 2023/10/31 15:30start,2023,1698733800,abc220_e,H,Distance on Large Perfect Binary Tree,E. Distance on Large Perfect Binary Tree,1593.0,3595,"['combinatorics', 'counting', 'math', 'modular arithmetic', 'tree']",5,https://atcoder.jp/contests/adt_hard_20231031_1/tasks/abc220_e,52.616,,,
atcoder,others,adt_hard_20231031_1,AtCoder Daily Training HARD 2023/10/31 15:30start,2023,1698733800,abc230_c,F,X drawing,C. X drawing,566.0,8332,"['grid', 'implementation', 'math']",3,https://atcoder.jp/contests/adt_hard_20231031_1/tasks/abc230_c,34.705,,,
atcoder,others,adt_hard_20231031_1,AtCoder Daily Training HARD 2023/10/31 15:30start,2023,1698733800,abc301_c,E,AtCoder Cards,C. AtCoder Cards,379.0,9387,"['counting', 'greedy', 'implementation', 'string']",4,https://atcoder.jp/contests/adt_hard_20231031_1/tasks/abc301_c,31.444,,,
atcoder,others,adt_hard_20231031_1,AtCoder Daily Training HARD 2023/10/31 15:30start,2023,1698733800,abc311_f,I,Yet Another Grid Task,F. Yet Another Grid Task,1984.0,1865,"['counting', 'prefix sum', 'dp', 'grid', 'modular arithmetic', 'optimization']",6,https://atcoder.jp/contests/adt_hard_20231031_1/tasks/abc311_f,59.435,,,
atcoder,others,adt_hard_20231031_2,AtCoder Daily Training HARD 2023/10/31 17:30start,2023,1698741000,abc242_d,G,ABC Transform,D. ABC Transform,1286.0,5436,"['implementation', 'recursion', 'string']",3,https://atcoder.jp/contests/adt_hard_20231031_2/tasks/abc242_d,47.262,,,
atcoder,others,adt_hard_20231031_2,AtCoder Daily Training HARD 2023/10/31 17:30start,2023,1698741000,abc288_e,H,Wish List,E. Wish List,2000.0,2016,"['dp', 'implementation', 'optimization']",3,https://atcoder.jp/contests/adt_hard_20231031_2/tasks/abc288_e,59.714,,,
atcoder,others,adt_hard_20231031_2,AtCoder Daily Training HARD 2023/10/31 17:30start,2023,1698741000,abc293_c,F,Make Takahashi Happy ,C. Make Takahashi Happy ,431.0,10469,"['backtracking', 'counting', 'dfs', 'grid', 'implementation']",5,https://atcoder.jp/contests/adt_hard_20231031_2/tasks/abc293_c,32.351,,,
atcoder,others,adt_hard_20231031_2,AtCoder Daily Training HARD 2023/10/31 17:30start,2023,1698741000,abc303_f,I,Damage over Time,F. Damage over Time,2381.0,916,"['binary search', 'greedy', 'implementation', 'math', 'optimization']",5,https://atcoder.jp/contests/adt_hard_20231031_2/tasks/abc303_f,66.359,,,
atcoder,others,adt_hard_20231031_2,AtCoder Daily Training HARD 2023/10/31 17:30start,2023,1698741000,abc304_c,E,Virus,C. Virus,365.0,9496,"['bfs', 'connected components', 'dfs', 'graph', 'implementation']",5,https://atcoder.jp/contests/adt_hard_20231031_2/tasks/abc304_c,31.2,,,
atcoder,others,adt_hard_20231101_1,AtCoder Daily Training HARD 2023/11/1 16:00start,2023,1698822000,abc216_e,H,Amusement Park,E. Amusement Park,1084.0,5891,"['binary search', 'greedy', 'implementation', 'math']",4,https://atcoder.jp/contests/adt_hard_20231101_1/tasks/abc216_e,43.739,,,
atcoder,others,adt_hard_20231101_1,AtCoder Daily Training HARD 2023/11/1 16:00start,2023,1698822000,abc227_d,G,Project Planning,D. Project Planning,1643.0,4734,"['binary search', 'greedy', 'implementation']",3,https://atcoder.jp/contests/adt_hard_20231101_1/tasks/abc227_d,53.488,,,
atcoder,others,adt_hard_20231101_1,AtCoder Daily Training HARD 2023/11/1 16:00start,2023,1698822000,abc285_c,E,abc285_brutmhyhiizp,C. abc285_brutmhyhiizp,25.0,10635,"['base conversion', 'implementation', 'string']",3,https://atcoder.jp/contests/adt_hard_20231101_1/tasks/abc285_c,25.27,,,
atcoder,others,adt_hard_20231101_1,AtCoder Daily Training HARD 2023/11/1 16:00start,2023,1698822000,abc288_c,F,Don’t be cycle,C. Don’t be cycle,436.0,9255,"['connected components', 'counting', 'graph', 'implementation', 'dsu']",5,https://atcoder.jp/contests/adt_hard_20231101_1/tasks/abc288_c,32.438,,,
atcoder,others,adt_hard_20231101_1,AtCoder Daily Training HARD 2023/11/1 16:00start,2023,1698822000,abc306_f,I,Merge Sets,F. Merge Sets,1557.0,2929,"['combinatorics', 'coordinate compression', 'counting', 'implementation', 'sorting']",5,https://atcoder.jp/contests/adt_hard_20231101_1/tasks/abc306_f,51.988,,,
atcoder,others,adt_hard_20231101_2,AtCoder Daily Training HARD 2023/11/1 18:00start,2023,1698829200,abc201_c,E,Secret Number,C. Secret Number,439.0,11560,"['brute force', 'case work', 'combinatorics', 'counting', 'implementation', 'string']",6,https://atcoder.jp/contests/adt_hard_20231101_2/tasks/abc201_c,32.49,,,
atcoder,others,adt_hard_20231101_2,AtCoder Daily Training HARD 2023/11/1 18:00start,2023,1698829200,abc249_d,G,Index Trio,D. Index Trio,983.0,7046,"['counting', 'implementation', 'number theory']",3,https://atcoder.jp/contests/adt_hard_20231101_2/tasks/abc249_d,41.978,,,
atcoder,others,adt_hard_20231101_2,AtCoder Daily Training HARD 2023/11/1 18:00start,2023,1698829200,abc275_e,H,Sugoroku 4,E. Sugoroku 4,1264.0,4285,"['dp', 'modular arithmetic', 'probability']",3,https://atcoder.jp/contests/adt_hard_20231101_2/tasks/abc275_e,46.878,,,
atcoder,others,adt_hard_20231101_2,AtCoder Daily Training HARD 2023/11/1 18:00start,2023,1698829200,abc281_f,I,Xor Minimization,F. Xor Minimization,1714.0,3135,"['bit manipulation', 'divide and conquer', 'trie', 'xor']",4,https://atcoder.jp/contests/adt_hard_20231101_2/tasks/abc281_f,54.726,,,
atcoder,others,adt_hard_20231101_2,AtCoder Daily Training HARD 2023/11/1 18:00start,2023,1698829200,abc311_c,F,Find it!,C. Find it!,448.0,10628,"['cycle', 'dfs', 'graph', 'implementation']",4,https://atcoder.jp/contests/adt_hard_20231101_2/tasks/abc311_c,32.647,,,
atcoder,others,adt_hard_20231102_1,AtCoder Daily Training HARD 2023/11/2 16:30start,2023,1698910200,abc228_c,E,Final Day,C. Final Day,149.0,10353,"['greedy', 'implementation', 'sorting']",3,https://atcoder.jp/contests/adt_hard_20231102_1/tasks/abc228_c,27.433,,,
atcoder,others,adt_hard_20231102_1,AtCoder Daily Training HARD 2023/11/2 16:30start,2023,1698910200,abc264_e,H,Blackout 2,E. Blackout 2,1229.0,4894,"['connected components', 'dsu', 'graph', 'implementation', 'offline processing', 'reversal']",6,https://atcoder.jp/contests/adt_hard_20231102_1/tasks/abc264_e,46.268,,,
atcoder,others,adt_hard_20231102_1,AtCoder Daily Training HARD 2023/11/2 16:30start,2023,1698910200,abc272_f,I,Two Strings,F. Two Strings,2238.0,1122,"['cycle', 'lexicographical', 'sorting', 'string', 'suffix array']",5,https://atcoder.jp/contests/adt_hard_20231102_1/tasks/abc272_f,63.865,,,
atcoder,others,adt_hard_20231102_1,AtCoder Daily Training HARD 2023/11/2 16:30start,2023,1698910200,abc273_c,F,(K+1)-th Largest Number,C. (K+1)-th Largest Number,369.0,8763,"['coordinate compression', 'counting', 'implementation', 'sorting']",4,https://atcoder.jp/contests/adt_hard_20231102_1/tasks/abc273_c,31.27,,,
atcoder,others,adt_hard_20231102_1,AtCoder Daily Training HARD 2023/11/2 16:30start,2023,1698910200,abc280_d,G,Factorial and Multiple,D. Factorial and Multiple,880.0,7510,"['counting', 'factorial', 'number theory', 'prime factorization']",4,https://atcoder.jp/contests/adt_hard_20231102_1/tasks/abc280_d,40.181,,,
atcoder,others,adt_hard_20231102_2,AtCoder Daily Training HARD 2023/11/2 18:30start,2023,1698917400,abc213_d,G,Takahashi Tour,D. Takahashi Tour,710.0,10526,"['dfs', 'graph', 'implementation', 'simulation', 'tree']",5,https://atcoder.jp/contests/adt_hard_20231102_2/tasks/abc213_d,37.217,,,
atcoder,others,adt_hard_20231102_2,AtCoder Daily Training HARD 2023/11/2 18:30start,2023,1698917400,abc223_f,I,Parenthesis Checking,F. Parenthesis Checking,1641.0,3171,"['balanced bracket sequence', 'lazy propagation', 'range minimum query', 'range update', 'segment tree']",5,https://atcoder.jp/contests/adt_hard_20231102_2/tasks/abc223_f,53.453,,,
atcoder,others,adt_hard_20231102_2,AtCoder Daily Training HARD 2023/11/2 18:30start,2023,1698917400,abc263_c,E,Monotonically Increasing,C. Monotonically Increasing,282.0,9970,"['backtracking', 'combinatorics', 'lexicographical', 'recursion']",4,https://atcoder.jp/contests/adt_hard_20231102_2/tasks/abc263_c,29.752,,,
atcoder,others,adt_hard_20231102_2,AtCoder Daily Training HARD 2023/11/2 18:30start,2023,1698917400,abc280_e,H,Critical Hit,E. Critical Hit,1251.0,4737,"['dp', 'expectation', 'modular arithmetic', 'probability']",4,https://atcoder.jp/contests/adt_hard_20231102_2/tasks/abc280_e,46.652,,,
atcoder,others,adt_hard_20231102_2,AtCoder Daily Training HARD 2023/11/2 18:30start,2023,1698917400,abc313_c,F,Approximate Equalization 2,C. Approximate Equalization 2,681.0,8886,"['greedy', 'implementation', 'math', 'sorting']",4,https://atcoder.jp/contests/adt_hard_20231102_2/tasks/abc313_c,36.711,,,
atcoder,others,adt_hard_20231107_1,AtCoder Daily Training HARD 2023/11/7 15:30start,2023,1699338600,abc223_d,G,Restricted Permutation,D. Restricted Permutation,1069.0,7038,"['graph', 'greedy', 'implementation', 'priority queue', 'topological sort']",5,https://atcoder.jp/contests/adt_hard_20231107_1/tasks/abc223_d,43.478,,,
atcoder,others,adt_hard_20231107_1,AtCoder Daily Training HARD 2023/11/7 15:30start,2023,1699338600,abc229_e,H,Graph Destruction,E. Graph Destruction,1015.0,5985,"['connected components', 'dsu', 'graph', 'implementation', 'offline processing', 'reversal']",6,https://atcoder.jp/contests/adt_hard_20231107_1/tasks/abc229_e,42.536,,,
atcoder,others,adt_hard_20231107_1,AtCoder Daily Training HARD 2023/11/7 15:30start,2023,1699338600,abc233_f,I,Swap and Sort,F. Swap and Sort,2038.0,1755,"['connected components', 'dsu', 'graph', 'implementation', 'permutation', 'sorting']",6,https://atcoder.jp/contests/adt_hard_20231107_1/tasks/abc233_f,60.377,,,
atcoder,others,adt_hard_20231107_1,AtCoder Daily Training HARD 2023/11/7 15:30start,2023,1699338600,abc242_c,F,1111gal password,C. 1111gal password,512.0,10849,"['counting', 'digit dp', 'dp', 'modular arithmetic']",4,https://atcoder.jp/contests/adt_hard_20231107_1/tasks/abc242_c,33.764,,,
atcoder,others,adt_hard_20231107_1,AtCoder Daily Training HARD 2023/11/7 15:30start,2023,1699338600,abc295_c,E,Socks,C. Socks,-75.0,12535,"['counting', 'hash map', 'implementation']",3,https://atcoder.jp/contests/adt_hard_20231107_1/tasks/abc295_c,23.526,,,
atcoder,others,adt_hard_20231107_2,AtCoder Daily Training HARD 2023/11/7 17:30start,2023,1699345800,abc215_c,E,One More aab aba baa,C. One More aab aba baa,76.0,13354,"['combinatorics', 'implementation', 'lexicographical', 'string']",4,https://atcoder.jp/contests/adt_hard_20231107_2/tasks/abc215_c,26.16,,,
atcoder,others,adt_hard_20231107_2,AtCoder Daily Training HARD 2023/11/7 17:30start,2023,1699345800,abc231_c,F,Counting 2,C. Counting 2,111.0,12711,"['binary search', 'implementation', 'query', 'sorting']",4,https://atcoder.jp/contests/adt_hard_20231107_2/tasks/abc231_c,26.77,,,
atcoder,others,adt_hard_20231107_2,AtCoder Daily Training HARD 2023/11/7 17:30start,2023,1699345800,abc242_e,H,(∀x∀),E. (∀x∀),1365.0,4532,"['combinatorics', 'counting', 'dp', 'lexicographical', 'palindrome', 'string']",6,https://atcoder.jp/contests/adt_hard_20231107_2/tasks/abc242_e,48.64,,,
atcoder,others,adt_hard_20231107_2,AtCoder Daily Training HARD 2023/11/7 17:30start,2023,1699345800,abc307_f,I,Virus 2,F. Virus 2,2139.0,1520,"['dijkstra', 'graph', 'shortest path', 'simulation']",4,https://atcoder.jp/contests/adt_hard_20231107_2/tasks/abc307_f,62.138,,,
atcoder,others,adt_hard_20231107_2,AtCoder Daily Training HARD 2023/11/7 17:30start,2023,1699345800,abc318_d,G,General Weighted Max Matching,D. General Weighted Max Matching,1017.0,7160,"['bitmask dp', 'dp', 'matching', 'maximum weight matching', 'optimization']",5,https://atcoder.jp/contests/adt_hard_20231107_2/tasks/abc318_d,42.571,,,
atcoder,others,adt_hard_20231108_1,AtCoder Daily Training HARD 2023/11/8 16:00start,2023,1699426800,abc212_f,I,Greedy Takahashi,F. Greedy Takahashi,2332.0,1346,"['binary search', 'greedy', 'implementation', 'query', 'simulation']",5,https://atcoder.jp/contests/adt_hard_20231108_1/tasks/abc212_f,65.504,,,
atcoder,others,adt_hard_20231108_1,AtCoder Daily Training HARD 2023/11/8 16:00start,2023,1699426800,abc218_d,G,Rectangles,D. Rectangles,715.0,9174,"['combinatorics', 'coordinate geometry', 'counting', 'implementation', 'set']",5,https://atcoder.jp/contests/adt_hard_20231108_1/tasks/abc218_d,37.304,,,
atcoder,others,adt_hard_20231108_1,AtCoder Daily Training HARD 2023/11/8 16:00start,2023,1699426800,abc220_c,E,Long Sequence,C. Long Sequence,-86.0,16226,"['math', 'binary search', 'implementation', 'optimization', 'prefix sum']",5,https://atcoder.jp/contests/adt_hard_20231108_1/tasks/abc220_c,23.334,,,
atcoder,others,adt_hard_20231108_1,AtCoder Daily Training HARD 2023/11/8 16:00start,2023,1699426800,abc255_e,H,Lucky Numbers,E. Lucky Numbers,1519.0,3720,"['sprague grundy', 'impartial game', 'mex', 'nim', 'xor']",5,https://atcoder.jp/contests/adt_hard_20231108_1/tasks/abc255_e,51.325,,,
atcoder,others,adt_hard_20231108_1,AtCoder Daily Training HARD 2023/11/8 16:00start,2023,1699426800,abc282_c,F,String Delimiter,C. String Delimiter,-139.0,11536,"['implementation', 'simulation', 'string']",3,https://atcoder.jp/contests/adt_hard_20231108_1/tasks/abc282_c,22.41,,,
atcoder,others,adt_hard_20231108_2,AtCoder Daily Training HARD 2023/11/8 18:00start,2023,1699434000,abc197_c,E,ORXOR,C. ORXOR,809.0,9725,"['bitmask', 'brute force', 'implementation', 'bit manipulation', 'search']",5,https://atcoder.jp/contests/adt_hard_20231108_2/tasks/abc197_c,38.943,,,
atcoder,others,adt_hard_20231108_2,AtCoder Daily Training HARD 2023/11/8 18:00start,2023,1699434000,abc231_d,G,Neighbors,D. Neighbors,726.0,7643,"['connected components', 'cycle', 'degree', 'graph', 'implementation']",5,https://atcoder.jp/contests/adt_hard_20231108_2/tasks/abc231_d,37.496,,,
atcoder,others,adt_hard_20231108_2,AtCoder Daily Training HARD 2023/11/8 18:00start,2023,1699434000,abc257_e,H,Addition and Multiplication 2,E. Addition and Multiplication 2,1385.0,4642,"['dp', 'greedy', 'implementation', 'optimization']",4,https://atcoder.jp/contests/adt_hard_20231108_2/tasks/abc257_e,48.988,,,
atcoder,others,adt_hard_20231108_2,AtCoder Daily Training HARD 2023/11/8 18:00start,2023,1699434000,abc270_c,F,Simple path,C. Simple path,625.0,8921,"['dfs', 'graph', 'path', 'tree']",4,https://atcoder.jp/contests/adt_hard_20231108_2/tasks/abc270_c,35.734,,,
atcoder,others,adt_hard_20231108_2,AtCoder Daily Training HARD 2023/11/8 18:00start,2023,1699434000,abc315_f,I,Shortcuts,F. Shortcuts,1674.0,3156,"['dp', 'euclidean distance', 'geometry', 'optimization', 'shortest path']",5,https://atcoder.jp/contests/adt_hard_20231108_2/tasks/abc315_f,54.029,,,
atcoder,others,adt_hard_20231109_1,AtCoder Daily Training HARD 2023/11/9 16:30start,2023,1699515000,abc289_c,F,Coverage,C. Coverage,396.0,9578,"['bitmask', 'brute force', 'implementation', 'set', 'set cover']",5,https://atcoder.jp/contests/adt_hard_20231109_1/tasks/abc289_c,31.74,,,
atcoder,others,adt_hard_20231109_1,AtCoder Daily Training HARD 2023/11/9 16:30start,2023,1699515000,abc291_f,I,Teleporter and Closed off,F. Teleporter and Closed off,1449.0,3274,"['bfs', 'directed graph', 'graph', 'shortest path']",4,https://atcoder.jp/contests/adt_hard_20231109_1/tasks/abc291_f,50.105,,,
atcoder,others,adt_hard_20231109_1,AtCoder Daily Training HARD 2023/11/9 16:30start,2023,1699515000,abc296_d,G,M<=ab,D. M<=ab,999.0,7500,"['enumeration', 'implementation', 'optimization', 'search']",4,https://atcoder.jp/contests/adt_hard_20231109_1/tasks/abc296_d,42.257,,,
atcoder,others,adt_hard_20231109_1,AtCoder Daily Training HARD 2023/11/9 16:30start,2023,1699515000,abc315_c,E,Flavors,C. Flavors,312.0,11007,"['greedy', 'implementation', 'search', 'sorting']",4,https://atcoder.jp/contests/adt_hard_20231109_1/tasks/abc315_c,30.276,,,
atcoder,others,adt_hard_20231109_1,AtCoder Daily Training HARD 2023/11/9 16:30start,2023,1699515000,abc318_e,H,Sandwiches,E. Sandwiches,1004.0,6533,"['combinatorics', 'counting', 'implementation']",3,https://atcoder.jp/contests/adt_hard_20231109_1/tasks/abc318_e,42.344,,,
atcoder,others,adt_hard_20231109_2,AtCoder Daily Training HARD 2023/11/9 18:30start,2023,1699522200,abc232_c,F,Graph Isomorphism,C. Graph Isomorphism,685.0,7437,"['brute force', 'graph', 'permutation']",3,https://atcoder.jp/contests/adt_hard_20231109_2/tasks/abc232_c,36.781,,,
atcoder,others,adt_hard_20231109_2,AtCoder Daily Training HARD 2023/11/9 18:30start,2023,1699522200,abc241_f,I,Skate,F. Skate,1888.0,2324,"['bfs', 'data structure', 'graph', 'grid', 'shortest path']",5,https://atcoder.jp/contests/adt_hard_20231109_2/tasks/abc241_f,57.761,,,
atcoder,others,adt_hard_20231109_2,AtCoder Daily Training HARD 2023/11/9 18:30start,2023,1699522200,abc261_c,E,NewFolder(1),C. NewFolder(1),79.0,12009,"['counting', 'implementation', 'map', 'string']",4,https://atcoder.jp/contests/adt_hard_20231109_2/tasks/abc261_c,26.212,,,
atcoder,others,adt_hard_20231109_2,AtCoder Daily Training HARD 2023/11/9 18:30start,2023,1699522200,abc265_e,H,Warp,E. Warp,1531.0,4244,"['coordinate compression', 'counting', 'dp', 'map', 'modular arithmetic']",5,https://atcoder.jp/contests/adt_hard_20231109_2/tasks/abc265_e,51.535,,,
atcoder,others,adt_hard_20231109_2,AtCoder Daily Training HARD 2023/11/9 18:30start,2023,1699522200,abc282_d,G,Make Bipartite 2,D. Make Bipartite 2,1154.0,5630,"['bipartite graph', 'connected components', 'counting', 'graph theory', 'graph coloring']",5,https://atcoder.jp/contests/adt_hard_20231109_2/tasks/abc282_d,44.96,,,
atcoder,others,adt_hard_20231114_1,AtCoder Daily Training HARD 2023/11/14 15:30start,2023,1699943400,abc248_d,G,Range Count Query,D. Range Count Query,793.0,9556,"['binary search', 'data structure', 'implementation', 'query']",4,https://atcoder.jp/contests/adt_hard_20231114_1/tasks/abc248_d,38.664,,,
atcoder,others,adt_hard_20231114_1,AtCoder Daily Training HARD 2023/11/14 15:30start,2023,1699943400,abc265_c,E,Belt Conveyor,C. Belt Conveyor,146.0,10823,"['cycle', 'grid', 'implementation', 'boolean array']",4,https://atcoder.jp/contests/adt_hard_20231114_1/tasks/abc265_c,27.381,,,
atcoder,others,adt_hard_20231114_1,AtCoder Daily Training HARD 2023/11/14 15:30start,2023,1699943400,abc294_f,I,Sugar Water 2,F. Sugar Water 2,1891.0,2347,"['binary search', 'counting', 'two pointer']",3,https://atcoder.jp/contests/adt_hard_20231114_1/tasks/abc294_f,57.813,,,
atcoder,others,adt_hard_20231114_1,AtCoder Daily Training HARD 2023/11/14 15:30start,2023,1699943400,abc322_c,F,Festival,C. Festival,-56.0,16497,"['binary search', 'implementation', 'search']",3,https://atcoder.jp/contests/adt_hard_20231114_1/tasks/abc322_c,23.858,,,
atcoder,others,adt_hard_20231114_1,AtCoder Daily Training HARD 2023/11/14 15:30start,2023,1699943400,abc322_e,H,Product Development,E. Product Development,1193.0,5266,"['bitmask', 'dp', 'optimization', 'subset']",4,https://atcoder.jp/contests/adt_hard_20231114_1/tasks/abc322_e,45.64,,,
atcoder,others,adt_hard_20231114_2,AtCoder Daily Training HARD 2023/11/14 17:30start,2023,1699950600,abc217_d,G,Cutting Woods,D. Cutting Woods,802.0,10394,"['binary search', 'data structure', 'implementation', 'set']",4,https://atcoder.jp/contests/adt_hard_20231114_2/tasks/abc217_d,38.821,,,
atcoder,others,adt_hard_20231114_2,AtCoder Daily Training HARD 2023/11/14 17:30start,2023,1699950600,abc219_c,E,Neo-lexicographic Ordering,C. Neo-lexicographic Ordering,227.0,10533,"['sorting', 'implementation', 'string']",3,https://atcoder.jp/contests/adt_hard_20231114_2/tasks/abc219_c,28.793,,,
atcoder,others,adt_hard_20231114_2,AtCoder Daily Training HARD 2023/11/14 17:30start,2023,1699950600,abc246_f,I,typewriter,F. typewriter,1677.0,3181,"['inclusion exclusion', 'formula', 'number theory', 'subset']",4,https://atcoder.jp/contests/adt_hard_20231114_2/tasks/abc246_f,54.081,,,
atcoder,others,adt_hard_20231114_2,AtCoder Daily Training HARD 2023/11/14 17:30start,2023,1699950600,abc269_c,F,Submask,C. Submask,384.0,9396,"['base representation', 'bit manipulation', 'bitmask', 'subset']",4,https://atcoder.jp/contests/adt_hard_20231114_2/tasks/abc269_c,31.531,,,
atcoder,others,adt_hard_20231114_2,AtCoder Daily Training HARD 2023/11/14 17:30start,2023,1699950600,abc286_e,H,Souvenir,E. Souvenir,1128.0,4843,"['bfs', 'dp', 'graph', 'shortest path']",4,https://atcoder.jp/contests/adt_hard_20231114_2/tasks/abc286_e,44.506,,,
atcoder,others,adt_hard_20231115_1,AtCoder Daily Training HARD 2023/11/15 16:00start,2023,1700031600,abc227_c,F,ABC conjecture,C. ABC conjecture,692.0,8559,"['counting', 'enumeration', 'math', 'number theory']",4,https://atcoder.jp/contests/adt_hard_20231115_1/tasks/abc227_c,36.903,,,
atcoder,others,adt_hard_20231115_1,AtCoder Daily Training HARD 2023/11/15 16:00start,2023,1700031600,abc239_d,G,Prime Sum Game,D. Prime Sum Game,215.0,9950,"['brute force', 'game theory', 'number theory', 'primality test']",4,https://atcoder.jp/contests/adt_hard_20231115_1/tasks/abc239_d,28.584,,,
atcoder,others,adt_hard_20231115_1,AtCoder Daily Training HARD 2023/11/15 16:00start,2023,1700031600,abc273_e,H,Notebook,E. Notebook,1624.0,3318,"['persistent data structure', 'stack', 'implementation']",3,https://atcoder.jp/contests/adt_hard_20231115_1/tasks/abc273_e,53.157,,,
atcoder,others,adt_hard_20231115_1,AtCoder Daily Training HARD 2023/11/15 16:00start,2023,1700031600,abc300_f,I,More Holidays,F. More Holidays,1846.0,2319,"['binary search', 'prefix sum', 'sliding window', 'string', 'two pointer']",5,https://atcoder.jp/contests/adt_hard_20231115_1/tasks/abc300_f,57.028,,,
atcoder,others,adt_hard_20231115_1,AtCoder Daily Training HARD 2023/11/15 16:00start,2023,1700031600,abc310_c,E,Reversible,C. Reversible,245.0,12235,"['implementation', 'set', 'string', 'string reversal', 'validation']",5,https://atcoder.jp/contests/adt_hard_20231115_1/tasks/abc310_c,29.107,,,
atcoder,others,adt_hard_20231115_2,AtCoder Daily Training HARD 2023/11/15 18:00start,2023,1700038800,abc247_c,E,1 2 1 3 1 2 1,C. 1 2 1 3 1 2 1,5.0,14087,"['implementation', 'recursion', 'sequence']",3,https://atcoder.jp/contests/adt_hard_20231115_2/tasks/abc247_c,24.922,,,
atcoder,others,adt_hard_20231115_2,AtCoder Daily Training HARD 2023/11/15 18:00start,2023,1700038800,abc253_d,G,FizzBuzz Sum Hard,D. FizzBuzz Sum Hard,520.0,9812,"['inclusion exclusion', 'formula', 'number theory', 'sum']",4,https://atcoder.jp/contests/adt_hard_20231115_2/tasks/abc253_d,33.903,,,
atcoder,others,adt_hard_20231115_2,AtCoder Daily Training HARD 2023/11/15 18:00start,2023,1700038800,abc262_c,F,Min Max Pair,C. Min Max Pair,360.0,10010,"['conditional', 'counting', 'implementation']",3,https://atcoder.jp/contests/adt_hard_20231115_2/tasks/abc262_c,31.113,,,
atcoder,others,adt_hard_20231115_2,AtCoder Daily Training HARD 2023/11/15 18:00start,2023,1700038800,abc280_f,I,Pay or Receive,F. Pay or Receive,1819.0,2393,"['bellman ford', 'cycle', 'graph', 'longest path', 'shortest path']",5,https://atcoder.jp/contests/adt_hard_20231115_2/tasks/abc280_f,56.557,,,
atcoder,others,adt_hard_20231115_2,AtCoder Daily Training HARD 2023/11/15 18:00start,2023,1700038800,abc314_e,H,Roulettes,E. Roulettes,1722.0,2884,"['dp', 'expectation', 'optimization', 'probability']",4,https://atcoder.jp/contests/adt_hard_20231115_2/tasks/abc314_e,54.866,,,
atcoder,others,adt_hard_20231116_1,AtCoder Daily Training HARD 2023/11/16 16:30start,2023,1700119800,abc229_c,E,Cheese,C. Cheese,45.0,11501,"['greedy', 'optimization', 'sorting']",3,https://atcoder.jp/contests/adt_hard_20231116_1/tasks/abc229_c,25.619,,,
atcoder,others,adt_hard_20231116_1,AtCoder Daily Training HARD 2023/11/16 16:30start,2023,1700119800,abc231_e,H,Minimal payments,E. Minimal payments,1740.0,2820,"['dp', 'greedy', 'number theory', 'optimization']",4,https://atcoder.jp/contests/adt_hard_20231116_1/tasks/abc231_e,55.18,,,
atcoder,others,adt_hard_20231116_1,AtCoder Daily Training HARD 2023/11/16 16:30start,2023,1700119800,abc256_c,F,Filling 3x3 array,C. Filling 3x3 array,541.0,8929,"['backtracking', 'brute force', 'constraint', 'enumeration', 'grid']",5,https://atcoder.jp/contests/adt_hard_20231116_1/tasks/abc256_c,34.269,,,
atcoder,others,adt_hard_20231116_1,AtCoder Daily Training HARD 2023/11/16 16:30start,2023,1700119800,abc262_f,I,Erase and Rotate,F. Erase and Rotate,2334.0,967,"['backtracking', 'brute force', 'dfs', 'enumeration', 'grid']",5,https://atcoder.jp/contests/adt_hard_20231116_1/tasks/abc262_f,65.539,,,
atcoder,others,adt_hard_20231116_1,AtCoder Daily Training HARD 2023/11/16 16:30start,2023,1700119800,abc324_d,G,Square Permutation,D. Square Permutation,895.0,7285,"['counting', 'enumeration', 'math', 'number theory', 'perfect squares']",5,https://atcoder.jp/contests/adt_hard_20231116_1/tasks/abc324_d,40.443,,,
atcoder,others,adt_hard_20231116_2,AtCoder Daily Training HARD 2023/11/16 18:30start,2023,1700127000,abc266_c,F,Convex Quadrilateral,C. Convex Quadrilateral,516.0,8330,"['computational geometry', 'convexity', 'vector', 'graph']",4,https://atcoder.jp/contests/adt_hard_20231116_2/tasks/abc266_c,33.833,,,
atcoder,others,adt_hard_20231116_2,AtCoder Daily Training HARD 2023/11/16 18:30start,2023,1700127000,abc279_e,H,Cheating Amidakuji,E. Cheating Amidakuji,1390.0,3514,"['divide and conquer', 'permutation', 'segment tree', 'simulation', 'swap']",5,https://atcoder.jp/contests/adt_hard_20231116_2/tasks/abc279_e,49.076,,,
atcoder,others,adt_hard_20231116_2,AtCoder Daily Training HARD 2023/11/16 18:30start,2023,1700127000,abc281_d,G,Max Multiple,D. Max Multiple,1031.0,7370,"['dp', 'knapsack', 'modular arithmetic', 'optimization', 'subset sum']",5,https://atcoder.jp/contests/adt_hard_20231116_2/tasks/abc281_d,42.815,,,
atcoder,others,adt_hard_20231116_2,AtCoder Daily Training HARD 2023/11/16 18:30start,2023,1700127000,abc299_c,E,Dango,C. Dango,257.0,10192,"['implementation', 'pattern', 'plane sweep', 'string']",4,https://atcoder.jp/contests/adt_hard_20231116_2/tasks/abc299_c,29.316,,,
atcoder,others,adt_hard_20231116_2,AtCoder Daily Training HARD 2023/11/16 18:30start,2023,1700127000,abc312_f,I,Cans and Openers,F. Cans and Openers,1534.0,3480,"['greedy', 'optimization', 'selection', 'sorting']",4,https://atcoder.jp/contests/adt_hard_20231116_2/tasks/abc312_f,51.587,,,
atcoder,others,adt_medium_20231017_1,AtCoder Daily Training MEDIUM 2023/10/17 15:30start,2023,1697524200,abc242_b,C,Minimize Ordering,B. Minimize Ordering,-478.0,15102,"['implementation', 'search', 'set']",3,https://atcoder.jp/contests/adt_medium_20231017_1/tasks/abc242_b,16.498,,,
atcoder,others,adt_medium_20231017_1,AtCoder Daily Training MEDIUM 2023/10/17 15:30start,2023,1697524200,abc268_d,G,Unique Username,D. Unique Username,1309.0,4608,"['backtracking', 'implementation', 'set', 'string']",4,https://atcoder.jp/contests/adt_medium_20231017_1/tasks/abc268_d,47.663,,,
atcoder,others,adt_medium_20231017_1,AtCoder Daily Training MEDIUM 2023/10/17 15:30start,2023,1697524200,abc272_b,D,Everyone is Friends,B. Everyone is Friends,-24.0,11000,"['implementation', 'search', 'set']",3,https://atcoder.jp/contests/adt_medium_20231017_1/tasks/abc272_b,24.416,,,
atcoder,others,adt_medium_20231017_1,AtCoder Daily Training MEDIUM 2023/10/17 15:30start,2023,1697524200,abc291_c,F,LRUD Instructions 2,C. LRUD Instructions 2,97.0,11081,"['implementation', 'search', 'set', 'simulation', 'string']",5,https://atcoder.jp/contests/adt_medium_20231017_1/tasks/abc291_c,26.526,,,
atcoder,others,adt_medium_20231017_1,AtCoder Daily Training MEDIUM 2023/10/17 15:30start,2023,1697524200,abc294_c,E,Merge Sequences,C. Merge Sequences,-59.0,11238,"['implementation', 'sorting', 'two pointer']",3,https://atcoder.jp/contests/adt_medium_20231017_1/tasks/abc294_c,23.805,,,
atcoder,others,adt_medium_20231017_2,AtCoder Daily Training MEDIUM 2023/10/17 17:30start,2023,1697531400,abc222_b,C,Failing Grade,B. Failing Grade,-1117.0,15099,"['counting', 'implementation']",2,https://atcoder.jp/contests/adt_medium_20231017_2/tasks/abc222_b,5.354,,,
atcoder,others,adt_medium_20231017_2,AtCoder Daily Training MEDIUM 2023/10/17 17:30start,2023,1697531400,abc250_b,D,Enlarged Checker Board,B. Enlarged Checker Board,-119.0,11121,"['implementation', 'simulation']",2,https://atcoder.jp/contests/adt_medium_20231017_2/tasks/abc250_b,22.759,,,
atcoder,others,adt_medium_20231017_2,AtCoder Daily Training MEDIUM 2023/10/17 17:30start,2023,1697531400,abc279_c,E,RANDOM,C. RANDOM,246.0,9335,"['counting', 'implementation', 'string']",3,https://atcoder.jp/contests/adt_medium_20231017_2/tasks/abc279_c,29.125,,,
atcoder,others,adt_medium_20231017_2,AtCoder Daily Training MEDIUM 2023/10/17 17:30start,2023,1697531400,abc280_c,F,Extra Character,C. Extra Character,-333.0,12461,"['implementation', 'string', 'two pointer']",3,https://atcoder.jp/contests/adt_medium_20231017_2/tasks/abc280_c,19.027,,,
atcoder,others,adt_medium_20231017_2,AtCoder Daily Training MEDIUM 2023/10/17 17:30start,2023,1697531400,abc307_d,G,Mismatched Parentheses,D. Mismatched Parentheses,666.0,7981,"['implementation', 'simulation', 'stack', 'string']",4,https://atcoder.jp/contests/adt_medium_20231017_2/tasks/abc307_d,36.449,,,
atcoder,others,adt_medium_20231018_1,AtCoder Daily Training MEDIUM 2023/10/18 16:00start,2023,1697612400,abc217_b,C,AtCoder Quiz,B. AtCoder Quiz,-763.0,16146,"['implementation', 'search', 'string']",3,https://atcoder.jp/contests/adt_medium_20231018_1/tasks/abc217_b,11.528,,,
atcoder,others,adt_medium_20231018_1,AtCoder Daily Training MEDIUM 2023/10/18 16:00start,2023,1697612400,abc234_c,F,Happy New Year!,C. Happy New Year!,22.0,12416,"['implementation', 'base conversion']",2,https://atcoder.jp/contests/adt_medium_20231018_1/tasks/abc234_c,25.218,,,
atcoder,others,adt_medium_20231018_1,AtCoder Daily Training MEDIUM 2023/10/18 16:00start,2023,1697612400,abc283_c,E,Cash Register,C. Cash Register,-207.0,12553,"['greedy', 'implementation', 'string']",3,https://atcoder.jp/contests/adt_medium_20231018_1/tasks/abc283_c,21.224,,,
atcoder,others,adt_medium_20231018_1,AtCoder Daily Training MEDIUM 2023/10/18 16:00start,2023,1697612400,abc305_d,G,Sleep Log,D. Sleep Log,671.0,7516,"['binary search', 'implementation', 'prefix sum']",3,https://atcoder.jp/contests/adt_medium_20231018_1/tasks/abc305_d,36.536,,,
atcoder,others,adt_medium_20231018_1,AtCoder Daily Training MEDIUM 2023/10/18 16:00start,2023,1697612400,abc307_b,D,racecar,B. racecar,-298.0,11671,"['implementation', 'palindrome', 'string']",3,https://atcoder.jp/contests/adt_medium_20231018_1/tasks/abc307_b,19.637,,,
atcoder,others,adt_medium_20231018_2,AtCoder Daily Training MEDIUM 2023/10/18 18:00start,2023,1697619600,abc220_b,C,Base K,B. Base K,-370.0,14749,"['implementation', 'math', 'base conversion']",3,https://atcoder.jp/contests/adt_medium_20231018_2/tasks/abc220_b,18.382,,,
atcoder,others,adt_medium_20231018_2,AtCoder Daily Training MEDIUM 2023/10/18 18:00start,2023,1697619600,abc223_c,F,Doukasen,C. Doukasen,351.0,9638,"['implementation', 'math', 'base conversion']",3,https://atcoder.jp/contests/adt_medium_20231018_2/tasks/abc223_c,30.956,,,
atcoder,others,adt_medium_20231018_2,AtCoder Daily Training MEDIUM 2023/10/18 18:00start,2023,1697619600,abc237_c,E,kasaka,C. kasaka,239.0,11528,"['implementation', 'palindrome', 'string']",3,https://atcoder.jp/contests/adt_medium_20231018_2/tasks/abc237_c,29.002,,,
atcoder,others,adt_medium_20231018_2,AtCoder Daily Training MEDIUM 2023/10/18 18:00start,2023,1697619600,abc258_d,G,Trophy,D. Trophy,687.0,8814,"['greedy', 'implementation', 'prefix sum']",3,https://atcoder.jp/contests/adt_medium_20231018_2/tasks/abc258_d,36.815,,,
atcoder,others,adt_medium_20231018_2,AtCoder Daily Training MEDIUM 2023/10/18 18:00start,2023,1697619600,abc263_b,D,Ancestor,B. Ancestor,-32.0,10865,"['implementation', 'simulation', 'tree']",3,https://atcoder.jp/contests/adt_medium_20231018_2/tasks/abc263_b,24.276,,,
atcoder,others,adt_medium_20231019_1,AtCoder Daily Training MEDIUM 2023/10/19 16:30start,2023,1697700600,abc237_b,C,Matrix Transposition,B. Matrix Transposition,-449.0,14419,"['implementation', 'matrix']",2,https://atcoder.jp/contests/adt_medium_20231019_1/tasks/abc237_b,17.004,,,
atcoder,others,adt_medium_20231019_1,AtCoder Daily Training MEDIUM 2023/10/19 16:30start,2023,1697700600,abc246_c,F,Coupon,C. Coupon,330.0,11421,"['greedy', 'implementation', 'priority queue', 'sorting']",4,https://atcoder.jp/contests/adt_medium_20231019_1/tasks/abc246_c,30.589,,,
atcoder,others,adt_medium_20231019_1,AtCoder Daily Training MEDIUM 2023/10/19 16:30start,2023,1697700600,abc264_d,G,"""redocta"".swap(i,i+1)","D. ""redocta"".swap(i,i+1)",414.0,9388,"['bfs', 'implementation', 'search', 'string']",4,https://atcoder.jp/contests/adt_medium_20231019_1/tasks/abc264_d,32.054,,,
atcoder,others,adt_medium_20231019_1,AtCoder Daily Training MEDIUM 2023/10/19 16:30start,2023,1697700600,abc267_b,D,Split?,B. Split?,61.0,10230,"['tree', 'implementation', 'string']",3,https://atcoder.jp/contests/adt_medium_20231019_1/tasks/abc267_b,25.898,,,
atcoder,others,adt_medium_20231019_1,AtCoder Daily Training MEDIUM 2023/10/19 16:30start,2023,1697700600,abc274_c,E,Ameba,C. Ameba,304.0,9726,"['bfs', 'graph', 'implementation', 'tree']",4,https://atcoder.jp/contests/adt_medium_20231019_1/tasks/abc274_c,30.136,,,
atcoder,others,adt_medium_20231019_2,AtCoder Daily Training MEDIUM 2023/10/19 18:30start,2023,1697707800,abc216_d,G,Pair of Balls,D. Pair of Balls,1039.0,7409,"['graph', 'implementation', 'topological sort']",3,https://atcoder.jp/contests/adt_medium_20231019_2/tasks/abc216_d,42.954,,,
atcoder,others,adt_medium_20231019_2,AtCoder Daily Training MEDIUM 2023/10/19 18:30start,2023,1697707800,abc249_b,C,Perfect String,B. Perfect String,-459.0,12222,"['implementation', 'set', 'string']",3,https://atcoder.jp/contests/adt_medium_20231019_2/tasks/abc249_b,16.829,,,
atcoder,others,adt_medium_20231019_2,AtCoder Daily Training MEDIUM 2023/10/19 18:30start,2023,1697707800,abc265_b,D,Explore,B. Explore,13.0,10807,"['greedy', 'implementation', 'simulation']",3,https://atcoder.jp/contests/adt_medium_20231019_2/tasks/abc265_b,25.061,,,
atcoder,others,adt_medium_20231019_2,AtCoder Daily Training MEDIUM 2023/10/19 18:30start,2023,1697707800,abc272_c,E,Max Even,C. Max Even,51.0,12015,"['greedy', 'implementation', 'math', 'sorting']",4,https://atcoder.jp/contests/adt_medium_20231019_2/tasks/abc272_c,25.724,,,
atcoder,others,adt_medium_20231019_2,AtCoder Daily Training MEDIUM 2023/10/19 18:30start,2023,1697707800,abc284_c,F,Count Connected Components,C. Count Connected Components,108.0,12601,"['bfs', 'graph', 'implementation', 'dsu']",4,https://atcoder.jp/contests/adt_medium_20231019_2/tasks/abc284_c,26.718,,,
atcoder,others,adt_medium_20231024_1,AtCoder Daily Training MEDIUM 2023/10/24 15:30start,2023,1698129000,abc235_c,E,The Kth Time Query,C. The Kth Time Query,210.0,11853,"['data structure', 'implementation', 'query']",3,https://atcoder.jp/contests/adt_medium_20231024_1/tasks/abc235_c,28.497,,,
atcoder,others,adt_medium_20231024_1,AtCoder Daily Training MEDIUM 2023/10/24 15:30start,2023,1698129000,abc269_b,D,Rectangle Detection,B. Rectangle Detection,-308.0,11187,"['grid', 'implementation', 'optimization']",3,https://atcoder.jp/contests/adt_medium_20231024_1/tasks/abc269_b,19.463,,,
atcoder,others,adt_medium_20231024_1,AtCoder Daily Training MEDIUM 2023/10/24 15:30start,2023,1698129000,abc275_c,F,Counting Squares,C. Counting Squares,760.0,6867,"['geometry', 'grid', 'implementation']",3,https://atcoder.jp/contests/adt_medium_20231024_1/tasks/abc275_c,38.089,,,
atcoder,others,adt_medium_20231024_1,AtCoder Daily Training MEDIUM 2023/10/24 15:30start,2023,1698129000,abc283_d,G,Scope,D. Scope,453.0,8951,"['implementation', 'set', 'stack', 'string']",4,https://atcoder.jp/contests/adt_medium_20231024_1/tasks/abc283_d,32.735,,,
atcoder,others,adt_medium_20231024_1,AtCoder Daily Training MEDIUM 2023/10/24 15:30start,2023,1698129000,abc305_b,C,ABCDEFG,B. ABCDEFG,-749.0,13106,"['prefix sum', 'implementation', 'math']",3,https://atcoder.jp/contests/adt_medium_20231024_1/tasks/abc305_b,11.772,,,
atcoder,others,adt_medium_20231024_2,AtCoder Daily Training MEDIUM 2023/10/24 17:30start,2023,1698136200,abc225_c,E,Calendar Validator,C. Calendar Validator,318.0,9081,"['implementation', 'math', 'pattern']",3,https://atcoder.jp/contests/adt_medium_20231024_2/tasks/abc225_c,30.38,,,
atcoder,others,adt_medium_20231024_2,AtCoder Daily Training MEDIUM 2023/10/24 17:30start,2023,1698136200,abc229_b,C,Hard Calculation,B. Hard Calculation,-501.0,12157,"['digit', 'implementation', 'math']",3,https://atcoder.jp/contests/adt_medium_20231024_2/tasks/abc229_b,16.097,,,
atcoder,others,adt_medium_20231024_2,AtCoder Daily Training MEDIUM 2023/10/24 17:30start,2023,1698136200,abc238_b,D,Pizza,B. Pizza,88.0,11825,"['prefix sum', 'implementation', 'modular arithmetic', 'sorting']",4,https://atcoder.jp/contests/adt_medium_20231024_2/tasks/abc238_b,26.369,,,
atcoder,others,adt_medium_20231024_2,AtCoder Daily Training MEDIUM 2023/10/24 17:30start,2023,1698136200,abc260_c,F,Changing Jewels,C. Changing Jewels,413.0,10164,"['implementation', 'math', 'recursion']",3,https://atcoder.jp/contests/adt_medium_20231024_2/tasks/abc260_c,32.037,,,
atcoder,others,adt_medium_20231024_2,AtCoder Daily Training MEDIUM 2023/10/24 17:30start,2023,1698136200,abc309_d,G,Add One Edge,D. Add One Edge,621.0,8267,"['bfs', 'graph theory', 'implementation', 'shortest path']",4,https://atcoder.jp/contests/adt_medium_20231024_2/tasks/abc309_d,35.664,,,
atcoder,others,adt_medium_20231025_1,AtCoder Daily Training MEDIUM 2023/10/25 16:00start,2023,1698217200,abc216_c,E,Many Balls,C. Many Balls,-6.0,13645,"['constructive', 'greedy', 'implementation', 'math']",4,https://atcoder.jp/contests/adt_medium_20231025_1/tasks/abc216_c,24.73,,,
atcoder,others,adt_medium_20231025_1,AtCoder Daily Training MEDIUM 2023/10/25 16:00start,2023,1698217200,abc222_d,G,Between Two Arrays,D. Between Two Arrays,865.0,8331,"['prefix sum', 'dp', 'implementation', 'modular arithmetic']",4,https://atcoder.jp/contests/adt_medium_20231025_1/tasks/abc222_d,39.92,,,
atcoder,others,adt_medium_20231025_1,AtCoder Daily Training MEDIUM 2023/10/25 16:00start,2023,1698217200,abc225_b,D,Star or Not,B. Star or Not,-345.0,11841,"['degree', 'graph', 'implementation']",3,https://atcoder.jp/contests/adt_medium_20231025_1/tasks/abc225_b,18.818,,,
atcoder,others,adt_medium_20231025_1,AtCoder Daily Training MEDIUM 2023/10/25 16:00start,2023,1698217200,abc253_b,C,Distance Between Tokens,B. Distance Between Tokens,-378.0,12629,"['grid', 'implementation', 'math']",3,https://atcoder.jp/contests/adt_medium_20231025_1/tasks/abc253_b,18.242,,,
atcoder,others,adt_medium_20231025_1,AtCoder Daily Training MEDIUM 2023/10/25 16:00start,2023,1698217200,abc257_c,F,Robot Takahashi ,C. Robot Takahashi ,678.0,8286,"['greedy', 'implementation', 'sorting']",3,https://atcoder.jp/contests/adt_medium_20231025_1/tasks/abc257_c,36.659,,,
atcoder,others,adt_medium_20231025_2,AtCoder Daily Training MEDIUM 2023/10/25 18:00start,2023,1698224400,abc225_d,G,Play Train,D. Play Train,778.0,7675,"['connected components', 'data structure', 'implementation', 'linked list', 'simulation']",5,https://atcoder.jp/contests/adt_medium_20231025_2/tasks/abc225_d,38.403,,,
atcoder,others,adt_medium_20231025_2,AtCoder Daily Training MEDIUM 2023/10/25 18:00start,2023,1698224400,abc238_c,F,digitnum,C. digitnum,637.0,8948,"['digit', 'implementation', 'math', 'modular arithmetic']",4,https://atcoder.jp/contests/adt_medium_20231025_2/tasks/abc238_c,35.943,,,
atcoder,others,adt_medium_20231025_2,AtCoder Daily Training MEDIUM 2023/10/25 18:00start,2023,1698224400,abc264_b,C,Nice Grid,B. Nice Grid,-391.0,11707,"['implementation', 'math', 'pattern']",3,https://atcoder.jp/contests/adt_medium_20231025_2/tasks/abc264_b,18.015,,,
atcoder,others,adt_medium_20231025_2,AtCoder Daily Training MEDIUM 2023/10/25 18:00start,2023,1698224400,abc293_b,D,Call the ID Number,B. Call the ID Number,-328.0,12840,"['implementation', 'simulation', 'sorting']",3,https://atcoder.jp/contests/adt_medium_20231025_2/tasks/abc293_b,19.114,,,
atcoder,others,adt_medium_20231025_2,AtCoder Daily Training MEDIUM 2023/10/25 18:00start,2023,1698224400,abc296_c,E,Gap Existence,C. Gap Existence,38.0,12351,"['implementation', 'set', 'sorting']",3,https://atcoder.jp/contests/adt_medium_20231025_2/tasks/abc296_c,25.497,,,
atcoder,others,adt_medium_20231026_1,AtCoder Daily Training MEDIUM 2023/10/26 16:30start,2023,1698305400,abc226_c,F,Martial artist,C. Martial artist,539.0,9184,"['bfs', 'dependency', 'graph', 'implementation']",4,https://atcoder.jp/contests/adt_medium_20231026_1/tasks/abc226_c,34.234,,,
atcoder,others,adt_medium_20231026_1,AtCoder Daily Training MEDIUM 2023/10/26 16:30start,2023,1698305400,abc268_b,C,Prefix?,B. Prefix?,-696.0,12705,"['implementation', 'simulation', 'string']",3,https://atcoder.jp/contests/adt_medium_20231026_1/tasks/abc268_b,12.696,,,
atcoder,others,adt_medium_20231026_1,AtCoder Daily Training MEDIUM 2023/10/26 16:30start,2023,1698305400,abc289_b,D,V,B. V,169.0,10228,"['connected components', 'graph', 'implementation', 'simulation']",4,https://atcoder.jp/contests/adt_medium_20231026_1/tasks/abc289_b,27.782,,,
atcoder,others,adt_medium_20231026_1,AtCoder Daily Training MEDIUM 2023/10/26 16:30start,2023,1698305400,abc306_c,E,Centers,C. Centers,31.0,11606,"['counting', 'implementation', 'sorting']",3,https://atcoder.jp/contests/adt_medium_20231026_1/tasks/abc306_c,25.375,,,
atcoder,others,adt_medium_20231026_1,AtCoder Daily Training MEDIUM 2023/10/26 16:30start,2023,1698305400,abc321_d,G,Set Menu,D. Set Menu,806.0,8791,"['binary search', 'prefix sum', 'implementation', 'sorting']",4,https://atcoder.jp/contests/adt_medium_20231026_1/tasks/abc321_d,38.891,,,
atcoder,others,adt_medium_20231026_2,AtCoder Daily Training MEDIUM 2023/10/26 18:30start,2023,1698312600,abc221_c,F,Select Mul,C. Select Mul,378.0,11196,"['brute force', 'digit', 'enumeration', 'implementation', 'permutation']",5,https://atcoder.jp/contests/adt_medium_20231026_2/tasks/abc221_c,31.427,,,
atcoder,others,adt_medium_20231026_2,AtCoder Daily Training MEDIUM 2023/10/26 18:30start,2023,1698312600,abc243_d,G,Moves on Binary Tree,D. Moves on Binary Tree,758.0,9026,"['binary tree', 'implementation', 'simulation', 'string']",4,https://atcoder.jp/contests/adt_medium_20231026_2/tasks/abc243_d,38.054,,,
atcoder,others,adt_medium_20231026_2,AtCoder Daily Training MEDIUM 2023/10/26 18:30start,2023,1698312600,abc244_b,C,Go Straight and Turn Right,B. Go Straight and Turn Right,-637.0,12955,"['implementation', 'simulation', 'string']",3,https://atcoder.jp/contests/adt_medium_20231026_2/tasks/abc244_b,13.725,,,
atcoder,others,adt_medium_20231026_2,AtCoder Daily Training MEDIUM 2023/10/26 18:30start,2023,1698312600,abc251_c,E,Poem Online Judge,C. Poem Online Judge,205.0,10836,"['counting', 'greedy', 'implementation', 'string']",4,https://atcoder.jp/contests/adt_medium_20231026_2/tasks/abc251_c,28.409,,,
atcoder,others,adt_medium_20231026_2,AtCoder Daily Training MEDIUM 2023/10/26 18:30start,2023,1698312600,abc285_b,D,Longest Uncommon Prefix,B. Longest Uncommon Prefix,-123.0,10797,"['implementation', 'simulation', 'string']",3,https://atcoder.jp/contests/adt_medium_20231026_2/tasks/abc285_b,22.689,,,
atcoder,others,adt_medium_20231031_1,AtCoder Daily Training MEDIUM 2023/10/31 15:30start,2023,1698733800,abc219_d,G,Strange Lunchbox,D. Strange Lunchbox,1085.0,7022,"['dp', 'knapsack', 'optimization']",3,https://atcoder.jp/contests/adt_medium_20231031_1/tasks/abc219_d,43.757,,,
atcoder,others,adt_medium_20231031_1,AtCoder Daily Training MEDIUM 2023/10/31 15:30start,2023,1698733800,abc230_c,F,X drawing,C. X drawing,566.0,8332,"['grid', 'implementation', 'math']",3,https://atcoder.jp/contests/adt_medium_20231031_1/tasks/abc230_c,34.705,,,
atcoder,others,adt_medium_20231031_1,AtCoder Daily Training MEDIUM 2023/10/31 15:30start,2023,1698733800,abc266_b,D,Modulo Number,B. Modulo Number,-176.0,12745,"['implementation', 'math', 'modular arithmetic']",3,https://atcoder.jp/contests/adt_medium_20231031_1/tasks/abc266_b,21.765,,,
atcoder,others,adt_medium_20231031_1,AtCoder Daily Training MEDIUM 2023/10/31 15:30start,2023,1698733800,abc297_b,C,chess960,B. chess960,-455.0,12374,"['implementation', 'string']",2,https://atcoder.jp/contests/adt_medium_20231031_1/tasks/abc297_b,16.899,,,
atcoder,others,adt_medium_20231031_1,AtCoder Daily Training MEDIUM 2023/10/31 15:30start,2023,1698733800,abc301_c,E,AtCoder Cards,C. AtCoder Cards,379.0,9387,"['counting', 'greedy', 'implementation', 'string']",4,https://atcoder.jp/contests/adt_medium_20231031_1/tasks/abc301_c,31.444,,,
atcoder,others,adt_medium_20231031_2,AtCoder Daily Training MEDIUM 2023/10/31 17:30start,2023,1698741000,abc242_d,G,ABC Transform,D. ABC Transform,1286.0,5436,"['implementation', 'recursion', 'string']",3,https://atcoder.jp/contests/adt_medium_20231031_2/tasks/abc242_d,47.262,,,
atcoder,others,adt_medium_20231031_2,AtCoder Daily Training MEDIUM 2023/10/31 17:30start,2023,1698741000,abc274_b,C,Line Sensor,B. Line Sensor,-449.0,11677,"['graph', 'implementation']",2,https://atcoder.jp/contests/adt_medium_20231031_2/tasks/abc274_b,17.004,,,
atcoder,others,adt_medium_20231031_2,AtCoder Daily Training MEDIUM 2023/10/31 17:30start,2023,1698741000,abc278_b,D,Misjudge the Time,B. Misjudge the Time,-72.0,10869,"['digit', 'implementation', 'simulation', 'validation']",4,https://atcoder.jp/contests/adt_medium_20231031_2/tasks/abc278_b,23.579,,,
atcoder,others,adt_medium_20231031_2,AtCoder Daily Training MEDIUM 2023/10/31 17:30start,2023,1698741000,abc293_c,F,Make Takahashi Happy ,C. Make Takahashi Happy ,431.0,10469,"['backtracking', 'counting', 'dfs', 'grid', 'implementation']",5,https://atcoder.jp/contests/adt_medium_20231031_2/tasks/abc293_c,32.351,,,
atcoder,others,adt_medium_20231031_2,AtCoder Daily Training MEDIUM 2023/10/31 17:30start,2023,1698741000,abc304_c,E,Virus,C. Virus,365.0,9496,"['bfs', 'connected components', 'dfs', 'graph', 'implementation']",5,https://atcoder.jp/contests/adt_medium_20231031_2/tasks/abc304_c,31.2,,,
atcoder,others,adt_medium_20231101_1,AtCoder Daily Training MEDIUM 2023/11/1 16:00start,2023,1698822000,abc227_d,G,Project Planning,D. Project Planning,1643.0,4734,"['binary search', 'greedy', 'implementation']",3,https://atcoder.jp/contests/adt_medium_20231101_1/tasks/abc227_d,53.488,,,
atcoder,others,adt_medium_20231101_1,AtCoder Daily Training MEDIUM 2023/11/1 16:00start,2023,1698822000,abc285_c,E,abc285_brutmhyhiizp,C. abc285_brutmhyhiizp,25.0,10635,"['base conversion', 'implementation', 'string']",3,https://atcoder.jp/contests/adt_medium_20231101_1/tasks/abc285_c,25.27,,,
atcoder,others,adt_medium_20231101_1,AtCoder Daily Training MEDIUM 2023/11/1 16:00start,2023,1698822000,abc288_c,F,Don’t be cycle,C. Don’t be cycle,436.0,9255,"['connected components', 'counting', 'graph', 'implementation', 'dsu']",5,https://atcoder.jp/contests/adt_medium_20231101_1/tasks/abc288_c,32.438,,,
atcoder,others,adt_medium_20231101_1,AtCoder Daily Training MEDIUM 2023/11/1 16:00start,2023,1698822000,abc291_b,C,Trimmed Mean,B. Trimmed Mean,-606.0,12135,"['array', 'implementation', 'sorting', 'statistics']",4,https://atcoder.jp/contests/adt_medium_20231101_1/tasks/abc291_b,14.266,,,
atcoder,others,adt_medium_20231101_1,AtCoder Daily Training MEDIUM 2023/11/1 16:00start,2023,1698822000,abc314_b,D,Roulette,B. Roulette,-34.0,12162,"['array', 'implementation', 'sorting']",3,https://atcoder.jp/contests/adt_medium_20231101_1/tasks/abc314_b,24.241,,,
atcoder,others,adt_medium_20231101_2,AtCoder Daily Training MEDIUM 2023/11/1 18:00start,2023,1698829200,abc201_c,E,Secret Number,C. Secret Number,439.0,11560,"['brute force', 'case work', 'combinatorics', 'counting', 'implementation', 'string']",6,https://atcoder.jp/contests/adt_medium_20231101_2/tasks/abc201_c,32.49,,,
atcoder,others,adt_medium_20231101_2,AtCoder Daily Training MEDIUM 2023/11/1 18:00start,2023,1698829200,abc227_b,C,KEYENCE building,B. KEYENCE building,-634.0,10562,"['brute force', 'implementation', 'set']",3,https://atcoder.jp/contests/adt_medium_20231101_2/tasks/abc227_b,13.777,,,
atcoder,others,adt_medium_20231101_2,AtCoder Daily Training MEDIUM 2023/11/1 18:00start,2023,1698829200,abc249_d,G,Index Trio,D. Index Trio,983.0,7046,"['counting', 'implementation', 'number theory']",3,https://atcoder.jp/contests/adt_medium_20231101_2/tasks/abc249_d,41.978,,,
atcoder,others,adt_medium_20231101_2,AtCoder Daily Training MEDIUM 2023/11/1 18:00start,2023,1698829200,abc261_b,D,Tournament Result,B. Tournament Result,-275.0,12259,"['array', 'implementation', 'matrix', 'validation']",4,https://atcoder.jp/contests/adt_medium_20231101_2/tasks/abc261_b,20.038,,,
atcoder,others,adt_medium_20231101_2,AtCoder Daily Training MEDIUM 2023/11/1 18:00start,2023,1698829200,abc311_c,F,Find it!,C. Find it!,448.0,10628,"['cycle', 'dfs', 'graph', 'implementation']",4,https://atcoder.jp/contests/adt_medium_20231101_2/tasks/abc311_c,32.647,,,
atcoder,others,adt_medium_20231102_1,AtCoder Daily Training MEDIUM 2023/11/2 16:30start,2023,1698910200,abc228_c,E,Final Day,C. Final Day,149.0,10353,"['greedy', 'implementation', 'sorting']",3,https://atcoder.jp/contests/adt_medium_20231102_1/tasks/abc228_c,27.433,,,
atcoder,others,adt_medium_20231102_1,AtCoder Daily Training MEDIUM 2023/11/2 16:30start,2023,1698910200,abc273_c,F,(K+1)-th Largest Number,C. (K+1)-th Largest Number,369.0,8763,"['coordinate compression', 'counting', 'implementation', 'sorting']",4,https://atcoder.jp/contests/adt_medium_20231102_1/tasks/abc273_c,31.27,,,
atcoder,others,adt_medium_20231102_1,AtCoder Daily Training MEDIUM 2023/11/2 16:30start,2023,1698910200,abc280_d,G,Factorial and Multiple,D. Factorial and Multiple,880.0,7510,"['counting', 'factorial', 'number theory', 'prime factorization']",4,https://atcoder.jp/contests/adt_medium_20231102_1/tasks/abc280_d,40.181,,,
atcoder,others,adt_medium_20231102_1,AtCoder Daily Training MEDIUM 2023/11/2 16:30start,2023,1698910200,abc281_b,D,Sandwich Number,B. Sandwich Number,-322.0,12827,"['implementation', 'pattern', 'string']",3,https://atcoder.jp/contests/adt_medium_20231102_1/tasks/abc281_b,19.219,,,
atcoder,others,adt_medium_20231102_1,AtCoder Daily Training MEDIUM 2023/11/2 16:30start,2023,1698910200,abc296_b,C,Chessboard,B. Chessboard,-622.0,13453,"['grid', 'implementation', 'string']",3,https://atcoder.jp/contests/adt_medium_20231102_1/tasks/abc296_b,13.987,,,
atcoder,others,adt_medium_20231102_2,AtCoder Daily Training MEDIUM 2023/11/2 18:30start,2023,1698917400,abc213_d,G,Takahashi Tour,D. Takahashi Tour,710.0,10526,"['dfs', 'graph', 'implementation', 'simulation', 'tree']",5,https://atcoder.jp/contests/adt_medium_20231102_2/tasks/abc213_d,37.217,,,
atcoder,others,adt_medium_20231102_2,AtCoder Daily Training MEDIUM 2023/11/2 18:30start,2023,1698917400,abc216_b,C,Same Name,B. Same Name,-537.0,14797,"['deduplication', 'hash set', 'implementation', 'string']",4,https://atcoder.jp/contests/adt_medium_20231102_2/tasks/abc216_b,15.469,,,
atcoder,others,adt_medium_20231102_2,AtCoder Daily Training MEDIUM 2023/11/2 18:30start,2023,1698917400,abc226_b,D,Counting Arrays,B. Counting Arrays,107.0,12115,"['array', 'deduplication', 'hash set', 'implementation']",4,https://atcoder.jp/contests/adt_medium_20231102_2/tasks/abc226_b,26.7,,,
atcoder,others,adt_medium_20231102_2,AtCoder Daily Training MEDIUM 2023/11/2 18:30start,2023,1698917400,abc263_c,E,Monotonically Increasing,C. Monotonically Increasing,282.0,9970,"['backtracking', 'combinatorics', 'lexicographical', 'recursion']",4,https://atcoder.jp/contests/adt_medium_20231102_2/tasks/abc263_c,29.752,,,
atcoder,others,adt_medium_20231102_2,AtCoder Daily Training MEDIUM 2023/11/2 18:30start,2023,1698917400,abc313_c,F,Approximate Equalization 2,C. Approximate Equalization 2,681.0,8886,"['greedy', 'implementation', 'math', 'sorting']",4,https://atcoder.jp/contests/adt_medium_20231102_2/tasks/abc313_c,36.711,,,
atcoder,others,adt_medium_20231107_1,AtCoder Daily Training MEDIUM 2023/11/7 15:30start,2023,1699338600,abc223_d,G,Restricted Permutation,D. Restricted Permutation,1069.0,7038,"['graph', 'greedy', 'implementation', 'priority queue', 'topological sort']",5,https://atcoder.jp/contests/adt_medium_20231107_1/tasks/abc223_d,43.478,,,
atcoder,others,adt_medium_20231107_1,AtCoder Daily Training MEDIUM 2023/11/7 15:30start,2023,1699338600,abc242_c,F,1111gal password,C. 1111gal password,512.0,10849,"['counting', 'digit dp', 'dp', 'modular arithmetic']",4,https://atcoder.jp/contests/adt_medium_20231107_1/tasks/abc242_c,33.764,,,
atcoder,others,adt_medium_20231107_1,AtCoder Daily Training MEDIUM 2023/11/7 15:30start,2023,1699338600,abc246_b,D,Get Closer,B. Get Closer,-250.0,12872,"['coordinate geometry', 'euclidean distance', 'implementation', 'vector']",4,https://atcoder.jp/contests/adt_medium_20231107_1/tasks/abc246_b,20.474,,,
atcoder,others,adt_medium_20231107_1,AtCoder Daily Training MEDIUM 2023/11/7 15:30start,2023,1699338600,abc254_b,C,Practical Computing,B. Practical Computing,-476.0,13624,"['binomial coefficient', 'dp', 'implementation']",3,https://atcoder.jp/contests/adt_medium_20231107_1/tasks/abc254_b,16.533,,,
atcoder,others,adt_medium_20231107_1,AtCoder Daily Training MEDIUM 2023/11/7 15:30start,2023,1699338600,abc295_c,E,Socks,C. Socks,-75.0,12535,"['counting', 'hash map', 'implementation']",3,https://atcoder.jp/contests/adt_medium_20231107_1/tasks/abc295_c,23.526,,,
atcoder,others,adt_medium_20231107_2,AtCoder Daily Training MEDIUM 2023/11/7 17:30start,2023,1699345800,abc215_c,E,One More aab aba baa,C. One More aab aba baa,76.0,13354,"['combinatorics', 'implementation', 'lexicographical', 'string']",4,https://atcoder.jp/contests/adt_medium_20231107_2/tasks/abc215_c,26.16,,,
atcoder,others,adt_medium_20231107_2,AtCoder Daily Training MEDIUM 2023/11/7 17:30start,2023,1699345800,abc231_c,F,Counting 2,C. Counting 2,111.0,12711,"['binary search', 'implementation', 'query', 'sorting']",4,https://atcoder.jp/contests/adt_medium_20231107_2/tasks/abc231_c,26.77,,,
atcoder,others,adt_medium_20231107_2,AtCoder Daily Training MEDIUM 2023/11/7 17:30start,2023,1699345800,abc234_b,C,Longest Segment,B. Longest Segment,-464.0,13735,"['brute force', 'coordinate geometry', 'euclidean distance', 'search']",4,https://atcoder.jp/contests/adt_medium_20231107_2/tasks/abc234_b,16.742,,,
atcoder,others,adt_medium_20231107_2,AtCoder Daily Training MEDIUM 2023/11/7 17:30start,2023,1699345800,abc295_b,D,Bombs,B. Bombs,24.0,11077,"['grid', 'implementation', 'manhattan distance', 'simulation']",4,https://atcoder.jp/contests/adt_medium_20231107_2/tasks/abc295_b,25.253,,,
atcoder,others,adt_medium_20231107_2,AtCoder Daily Training MEDIUM 2023/11/7 17:30start,2023,1699345800,abc318_d,G,General Weighted Max Matching,D. General Weighted Max Matching,1017.0,7160,"['bitmask dp', 'dp', 'matching', 'maximum weight matching', 'optimization']",5,https://atcoder.jp/contests/adt_medium_20231107_2/tasks/abc318_d,42.571,,,
atcoder,others,adt_medium_20231108_1,AtCoder Daily Training MEDIUM 2023/11/8 16:00start,2023,1699426800,abc218_d,G,Rectangles,D. Rectangles,715.0,9174,"['combinatorics', 'coordinate geometry', 'counting', 'implementation', 'set']",5,https://atcoder.jp/contests/adt_medium_20231108_1/tasks/abc218_d,37.304,,,
atcoder,others,adt_medium_20231108_1,AtCoder Daily Training MEDIUM 2023/11/8 16:00start,2023,1699426800,abc220_c,E,Long Sequence,C. Long Sequence,-86.0,16226,"['math', 'binary search', 'implementation', 'optimization', 'prefix sum']",5,https://atcoder.jp/contests/adt_medium_20231108_1/tasks/abc220_c,23.334,,,
atcoder,others,adt_medium_20231108_1,AtCoder Daily Training MEDIUM 2023/11/8 16:00start,2023,1699426800,abc236_b,C,Who is missing?,B. Who is missing?,-655.0,15222,"['counting', 'implementation']",2,https://atcoder.jp/contests/adt_medium_20231108_1/tasks/abc236_b,13.411,,,
atcoder,others,adt_medium_20231108_1,AtCoder Daily Training MEDIUM 2023/11/8 16:00start,2023,1699426800,abc251_b,D,At Most 3 (Judge ver.),B. At Most 3 (Judge ver.),83.0,11232,"['brute force', 'combinatorics', 'enumeration', 'implementation', 'set']",5,https://atcoder.jp/contests/adt_medium_20231108_1/tasks/abc251_b,26.282,,,
atcoder,others,adt_medium_20231108_1,AtCoder Daily Training MEDIUM 2023/11/8 16:00start,2023,1699426800,abc282_c,F,String Delimiter,C. String Delimiter,-139.0,11536,"['implementation', 'simulation', 'string']",3,https://atcoder.jp/contests/adt_medium_20231108_1/tasks/abc282_c,22.41,,,
atcoder,others,adt_medium_20231108_2,AtCoder Daily Training MEDIUM 2023/11/8 18:00start,2023,1699434000,abc197_c,E,ORXOR,C. ORXOR,809.0,9725,"['bitmask', 'brute force', 'implementation', 'bit manipulation', 'search']",5,https://atcoder.jp/contests/adt_medium_20231108_2/tasks/abc197_c,38.943,,,
atcoder,others,adt_medium_20231108_2,AtCoder Daily Training MEDIUM 2023/11/8 18:00start,2023,1699434000,abc231_d,G,Neighbors,D. Neighbors,726.0,7643,"['connected components', 'cycle', 'degree', 'graph', 'implementation']",5,https://atcoder.jp/contests/adt_medium_20231108_2/tasks/abc231_d,37.496,,,
atcoder,others,adt_medium_20231108_2,AtCoder Daily Training MEDIUM 2023/11/8 18:00start,2023,1699434000,abc245_b,C,Mex,B. Mex,-523.0,14895,"['array', 'implementation', 'mex', 'set']",4,https://atcoder.jp/contests/adt_medium_20231108_2/tasks/abc245_b,15.713,,,
atcoder,others,adt_medium_20231108_2,AtCoder Daily Training MEDIUM 2023/11/8 18:00start,2023,1699434000,abc270_c,F,Simple path,C. Simple path,625.0,8921,"['dfs', 'graph', 'path', 'tree']",4,https://atcoder.jp/contests/adt_medium_20231108_2/tasks/abc270_c,35.734,,,
atcoder,others,adt_medium_20231108_2,AtCoder Daily Training MEDIUM 2023/11/8 18:00start,2023,1699434000,abc271_b,D,Maintain Multiple Sequences,B. Maintain Multiple Sequences,-166.0,11243,"['array', 'implementation', 'query']",3,https://atcoder.jp/contests/adt_medium_20231108_2/tasks/abc271_b,21.939,,,
atcoder,others,adt_medium_20231109_1,AtCoder Daily Training MEDIUM 2023/11/9 16:30start,2023,1699515000,abc235_b,C,Climbing Takahashi,B. Climbing Takahashi,-806.0,14463,"['conditional', 'implementation', 'simulation']",3,https://atcoder.jp/contests/adt_medium_20231109_1/tasks/abc235_b,10.778,,,
atcoder,others,adt_medium_20231109_1,AtCoder Daily Training MEDIUM 2023/11/9 16:30start,2023,1699515000,abc282_b,D,Let's Get a Perfect Score,B. Let's Get a Perfect Score,-284.0,11408,"['brute force', 'conditional', 'implementation', 'string']",4,https://atcoder.jp/contests/adt_medium_20231109_1/tasks/abc282_b,19.881,,,
atcoder,others,adt_medium_20231109_1,AtCoder Daily Training MEDIUM 2023/11/9 16:30start,2023,1699515000,abc289_c,F,Coverage,C. Coverage,396.0,9578,"['bitmask', 'brute force', 'implementation', 'set', 'set cover']",5,https://atcoder.jp/contests/adt_medium_20231109_1/tasks/abc289_c,31.74,,,
atcoder,others,adt_medium_20231109_1,AtCoder Daily Training MEDIUM 2023/11/9 16:30start,2023,1699515000,abc296_d,G,M<=ab,D. M<=ab,999.0,7500,"['enumeration', 'implementation', 'optimization', 'search']",4,https://atcoder.jp/contests/adt_medium_20231109_1/tasks/abc296_d,42.257,,,
atcoder,others,adt_medium_20231109_1,AtCoder Daily Training MEDIUM 2023/11/9 16:30start,2023,1699515000,abc315_c,E,Flavors,C. Flavors,312.0,11007,"['greedy', 'implementation', 'search', 'sorting']",4,https://atcoder.jp/contests/adt_medium_20231109_1/tasks/abc315_c,30.276,,,
atcoder,others,adt_medium_20231109_2,AtCoder Daily Training MEDIUM 2023/11/9 18:30start,2023,1699522200,abc232_c,F,Graph Isomorphism,C. Graph Isomorphism,685.0,7437,"['brute force', 'graph', 'permutation']",3,https://atcoder.jp/contests/adt_medium_20231109_2/tasks/abc232_c,36.781,,,
atcoder,others,adt_medium_20231109_2,AtCoder Daily Training MEDIUM 2023/11/9 18:30start,2023,1699522200,abc260_b,D,Better Students Are Needed!,B. Better Students Are Needed!,112.0,10309,"['implementation', 'simulation', 'sorting']",3,https://atcoder.jp/contests/adt_medium_20231109_2/tasks/abc260_b,26.788,,,
atcoder,others,adt_medium_20231109_2,AtCoder Daily Training MEDIUM 2023/11/9 18:30start,2023,1699522200,abc261_c,E,NewFolder(1),C. NewFolder(1),79.0,12009,"['counting', 'implementation', 'map', 'string']",4,https://atcoder.jp/contests/adt_medium_20231109_2/tasks/abc261_c,26.212,,,
atcoder,others,adt_medium_20231109_2,AtCoder Daily Training MEDIUM 2023/11/9 18:30start,2023,1699522200,abc280_b,C,Inverse Prefix Sum,B. Inverse Prefix Sum,-769.0,13465,"['array', 'implementation', 'prefix sum']",3,https://atcoder.jp/contests/adt_medium_20231109_2/tasks/abc280_b,11.423,,,
atcoder,others,adt_medium_20231109_2,AtCoder Daily Training MEDIUM 2023/11/9 18:30start,2023,1699522200,abc282_d,G,Make Bipartite 2,D. Make Bipartite 2,1154.0,5630,"['bipartite graph', 'connected components', 'counting', 'graph theory', 'graph coloring']",5,https://atcoder.jp/contests/adt_medium_20231109_2/tasks/abc282_d,44.96,,,
atcoder,others,adt_medium_20231114_1,AtCoder Daily Training MEDIUM 2023/11/14 15:30start,2023,1699943400,abc231_b,C,Election,B. Election,-535.0,12724,"['counting', 'implementation', 'search', 'string']",4,https://atcoder.jp/contests/adt_medium_20231114_1/tasks/abc231_b,15.504,,,
atcoder,others,adt_medium_20231114_1,AtCoder Daily Training MEDIUM 2023/11/14 15:30start,2023,1699943400,abc248_d,G,Range Count Query,D. Range Count Query,793.0,9556,"['binary search', 'data structure', 'implementation', 'query']",4,https://atcoder.jp/contests/adt_medium_20231114_1/tasks/abc248_d,38.664,,,
atcoder,others,adt_medium_20231114_1,AtCoder Daily Training MEDIUM 2023/11/14 15:30start,2023,1699943400,abc265_c,E,Belt Conveyor,C. Belt Conveyor,146.0,10823,"['cycle', 'grid', 'implementation', 'boolean array']",4,https://atcoder.jp/contests/adt_medium_20231114_1/tasks/abc265_c,27.381,,,
atcoder,others,adt_medium_20231114_1,AtCoder Daily Training MEDIUM 2023/11/14 15:30start,2023,1699943400,abc310_b,D,Strictly Superior,B. Strictly Superior,171.0,11364,"['brute force', 'conditional', 'implementation', 'set']",4,https://atcoder.jp/contests/adt_medium_20231114_1/tasks/abc310_b,27.817,,,
atcoder,others,adt_medium_20231114_1,AtCoder Daily Training MEDIUM 2023/11/14 15:30start,2023,1699943400,abc322_c,F,Festival,C. Festival,-56.0,16497,"['binary search', 'implementation', 'search']",3,https://atcoder.jp/contests/adt_medium_20231114_1/tasks/abc322_c,23.858,,,
atcoder,others,adt_medium_20231114_2,AtCoder Daily Training MEDIUM 2023/11/14 17:30start,2023,1699950600,abc217_d,G,Cutting Woods,D. Cutting Woods,802.0,10394,"['binary search', 'data structure', 'implementation', 'set']",4,https://atcoder.jp/contests/adt_medium_20231114_2/tasks/abc217_d,38.821,,,
atcoder,others,adt_medium_20231114_2,AtCoder Daily Training MEDIUM 2023/11/14 17:30start,2023,1699950600,abc219_c,E,Neo-lexicographic Ordering,C. Neo-lexicographic Ordering,227.0,10533,"['sorting', 'implementation', 'string']",3,https://atcoder.jp/contests/adt_medium_20231114_2/tasks/abc219_c,28.793,,,
atcoder,others,adt_medium_20231114_2,AtCoder Daily Training MEDIUM 2023/11/14 17:30start,2023,1699950600,abc223_b,D,String Shifting,B. String Shifting,-213.0,12001,"['implementation', 'string']",2,https://atcoder.jp/contests/adt_medium_20231114_2/tasks/abc223_b,21.12,,,
atcoder,others,adt_medium_20231114_2,AtCoder Daily Training MEDIUM 2023/11/14 17:30start,2023,1699950600,abc241_b,C,Pasta,B. Pasta,-503.0,14985,"['counting', 'implementation', 'matching']",3,https://atcoder.jp/contests/adt_medium_20231114_2/tasks/abc241_b,16.062,,,
atcoder,others,adt_medium_20231114_2,AtCoder Daily Training MEDIUM 2023/11/14 17:30start,2023,1699950600,abc269_c,F,Submask,C. Submask,384.0,9396,"['base representation', 'bit manipulation', 'bitmask', 'subset']",4,https://atcoder.jp/contests/adt_medium_20231114_2/tasks/abc269_c,31.531,,,
atcoder,others,adt_medium_20231115_1,AtCoder Daily Training MEDIUM 2023/11/15 16:00start,2023,1700031600,abc227_c,F,ABC conjecture,C. ABC conjecture,692.0,8559,"['counting', 'enumeration', 'math', 'number theory']",4,https://atcoder.jp/contests/adt_medium_20231115_1/tasks/abc227_c,36.903,,,
atcoder,others,adt_medium_20231115_1,AtCoder Daily Training MEDIUM 2023/11/15 16:00start,2023,1700031600,abc239_d,G,Prime Sum Game,D. Prime Sum Game,215.0,9950,"['brute force', 'game theory', 'number theory', 'primality test']",4,https://atcoder.jp/contests/adt_medium_20231115_1/tasks/abc239_d,28.584,,,
atcoder,others,adt_medium_20231115_1,AtCoder Daily Training MEDIUM 2023/11/15 16:00start,2023,1700031600,abc247_b,D,Unique Nicknames,B. Unique Nicknames,127.0,11268,"['implementation', 'set', 'string', 'string matching', 'validation']",5,https://atcoder.jp/contests/adt_medium_20231115_1/tasks/abc247_b,27.049,,,
atcoder,others,adt_medium_20231115_1,AtCoder Daily Training MEDIUM 2023/11/15 16:00start,2023,1700031600,abc252_b,C,Takahashi's Failure,B. Takahashi's Failure,-497.0,14314,"['array', 'implementation', 'search', 'set']",4,https://atcoder.jp/contests/adt_medium_20231115_1/tasks/abc252_b,16.167,,,
atcoder,others,adt_medium_20231115_1,AtCoder Daily Training MEDIUM 2023/11/15 16:00start,2023,1700031600,abc310_c,E,Reversible,C. Reversible,245.0,12235,"['implementation', 'set', 'string', 'string reversal', 'validation']",5,https://atcoder.jp/contests/adt_medium_20231115_1/tasks/abc310_c,29.107,,,
atcoder,others,adt_medium_20231115_2,AtCoder Daily Training MEDIUM 2023/11/15 18:00start,2023,1700038800,abc247_c,E,1 2 1 3 1 2 1,C. 1 2 1 3 1 2 1,5.0,14087,"['implementation', 'recursion', 'sequence']",3,https://atcoder.jp/contests/adt_medium_20231115_2/tasks/abc247_c,24.922,,,
atcoder,others,adt_medium_20231115_2,AtCoder Daily Training MEDIUM 2023/11/15 18:00start,2023,1700038800,abc253_d,G,FizzBuzz Sum Hard,D. FizzBuzz Sum Hard,520.0,9812,"['inclusion exclusion', 'formula', 'number theory', 'sum']",4,https://atcoder.jp/contests/adt_medium_20231115_2/tasks/abc253_d,33.903,,,
atcoder,others,adt_medium_20231115_2,AtCoder Daily Training MEDIUM 2023/11/15 18:00start,2023,1700038800,abc262_c,F,Min Max Pair,C. Min Max Pair,360.0,10010,"['conditional', 'counting', 'implementation']",3,https://atcoder.jp/contests/adt_medium_20231115_2/tasks/abc262_c,31.113,,,
atcoder,others,adt_medium_20231115_2,AtCoder Daily Training MEDIUM 2023/11/15 18:00start,2023,1700038800,abc276_b,D,Adjacency List,B. Adjacency List,-11.0,11552,"['graph', 'implementation', 'sorting']",3,https://atcoder.jp/contests/adt_medium_20231115_2/tasks/abc276_b,24.642,,,
atcoder,others,adt_medium_20231115_2,AtCoder Daily Training MEDIUM 2023/11/15 18:00start,2023,1700038800,abc277_b,C,Playing Cards Validation,B. Playing Cards Validation,-362.0,11364,"['implementation', 'set', 'string', 'validation']",4,https://atcoder.jp/contests/adt_medium_20231115_2/tasks/abc277_b,18.521,,,
atcoder,others,adt_medium_20231116_1,AtCoder Daily Training MEDIUM 2023/11/1616:30start,2023,1700119800,abc229_c,E,Cheese,C. Cheese,45.0,11501,"['greedy', 'optimization', 'sorting']",3,https://atcoder.jp/contests/adt_medium_20231116_1/tasks/abc229_c,25.619,,,
atcoder,others,adt_medium_20231116_1,AtCoder Daily Training MEDIUM 2023/11/1616:30start,2023,1700119800,abc256_c,F,Filling 3x3 array,C. Filling 3x3 array,541.0,8929,"['backtracking', 'brute force', 'constraint', 'enumeration', 'grid']",5,https://atcoder.jp/contests/adt_medium_20231116_1/tasks/abc256_c,34.269,,,
atcoder,others,adt_medium_20231116_1,AtCoder Daily Training MEDIUM 2023/11/1616:30start,2023,1700119800,abc275_b,D,ABC-DEF,B. ABC-DEF,-1.0,11422,"['implementation', 'math', 'modular arithmetic']",3,https://atcoder.jp/contests/adt_medium_20231116_1/tasks/abc275_b,24.817,,,
atcoder,others,adt_medium_20231116_1,AtCoder Daily Training MEDIUM 2023/11/1616:30start,2023,1700119800,abc279_b,C,LOOKUP,B. LOOKUP,-533.0,11921,"['implementation', 'string', 'string matching', 'substring']",4,https://atcoder.jp/contests/adt_medium_20231116_1/tasks/abc279_b,15.539,,,
atcoder,others,adt_medium_20231116_1,AtCoder Daily Training MEDIUM 2023/11/1616:30start,2023,1700119800,abc324_d,G,Square Permutation,D. Square Permutation,895.0,7285,"['counting', 'enumeration', 'math', 'number theory', 'perfect squares']",5,https://atcoder.jp/contests/adt_medium_20231116_1/tasks/abc324_d,40.443,,,
atcoder,others,adt_medium_20231116_2,AtCoder Daily Training MEDIUM 2023/11/16 18:30start,2023,1700127000,abc219_b,C,Maritozzo,B. Maritozzo,-842.0,13921,"['implementation', 'string']",2,https://atcoder.jp/contests/adt_medium_20231116_2/tasks/abc219_b,10.15,,,
atcoder,others,adt_medium_20231116_2,AtCoder Daily Training MEDIUM 2023/11/16 18:30start,2023,1700127000,abc255_b,D,Light It Up,B. Light It Up,348.0,9858,"['binary search', 'computational geometry', 'distance', 'optimization']",4,https://atcoder.jp/contests/adt_medium_20231116_2/tasks/abc255_b,30.903,,,
atcoder,others,adt_medium_20231116_2,AtCoder Daily Training MEDIUM 2023/11/16 18:30start,2023,1700127000,abc266_c,F,Convex Quadrilateral,C. Convex Quadrilateral,516.0,8330,"['computational geometry', 'convexity', 'vector', 'graph']",4,https://atcoder.jp/contests/adt_medium_20231116_2/tasks/abc266_c,33.833,,,
atcoder,others,adt_medium_20231116_2,AtCoder Daily Training MEDIUM 2023/11/16 18:30start,2023,1700127000,abc281_d,G,Max Multiple,D. Max Multiple,1031.0,7370,"['dp', 'knapsack', 'modular arithmetic', 'optimization', 'subset sum']",5,https://atcoder.jp/contests/adt_medium_20231116_2/tasks/abc281_d,42.815,,,
atcoder,others,adt_medium_20231116_2,AtCoder Daily Training MEDIUM 2023/11/16 18:30start,2023,1700127000,abc299_c,E,Dango,C. Dango,257.0,10192,"['implementation', 'pattern', 'plane sweep', 'string']",4,https://atcoder.jp/contests/adt_medium_20231116_2/tasks/abc299_c,29.316,,,
atcoder,others,asprocon8,第8回 Asprova プログラミングコンテスト,2022,1646528400,asprocon8_a,A,Automated Painting Line,A. Automated Painting Line,,189,"['heuristic', 'constraint', 'optimization', 'scheduling', 'simulation', 'search']",6,https://atcoder.jp/contests/asprocon8/tasks/asprocon8_a,,,,
atcoder,others,asprocon9,第9回 Asprova プログラミングコンテスト,2022,1661648400,asprocon9_a,A,Shift Scheduling,A. Shift Scheduling,,130,"['heuristic', 'constraint', 'scheduling', 'optimization', 'simulation', 'search']",6,https://atcoder.jp/contests/asprocon9/tasks/asprocon9_a,,,,
atcoder,others,atcoder11live,あーだこーだー特別配信 創立11周年記念 企業対抗 Team Battle,2023,1687260600,atcoder11live_a,A,Turn Right,A. Turn Right,,126,"['greedy', 'implementation', 'simulation']",3,https://atcoder.jp/contests/atcoder11live/tasks/atcoder11live_a,,,,
atcoder,others,codequeen2023-final-open,CodeQUEEN 2023 決勝（オープンコンテスト）,2023,1691296200,codequeen2023_final_a,A,QUEN,A. QUEN,,691,"['implementation', 'string']",2,https://atcoder.jp/contests/codequeen2023-final-open/tasks/codequeen2023_final_a,,,,
atcoder,others,codequeen2023-final-open,CodeQUEEN 2023 決勝（オープンコンテスト）,2023,1691296200,codequeen2023_final_b,B,N-Queens Problem,B. N-Queens Problem,,567,"['backtracking', 'implementation', 'set', 'simulation']",4,https://atcoder.jp/contests/codequeen2023-final-open/tasks/codequeen2023_final_b,,,,
atcoder,others,codequeen2023-final-open,CodeQUEEN 2023 決勝（オープンコンテスト）,2023,1691296200,codequeen2023_final_c,C,Path Intersection,C. Path Intersection,,420,"['dfs', 'lca', 'tree']",3,https://atcoder.jp/contests/codequeen2023-final-open/tasks/codequeen2023_final_c,,,,
atcoder,others,codequeen2023-final-open,CodeQUEEN 2023 決勝（オープンコンテスト）,2023,1691296200,codequeen2023_final_d,D,Moving Queen,D. Moving Queen,,159,"['combinatorics', 'counting', 'dp', 'graph theory', 'implementation']",5,https://atcoder.jp/contests/codequeen2023-final-open/tasks/codequeen2023_final_d,,,,
atcoder,others,codequeen2023-final-open,CodeQUEEN 2023 決勝（オープンコンテスト）,2023,1691296200,codequeen2023_final_e,E,Good Partition,E. Good Partition,,194,"['dp', 'implementation', 'segment tree']",3,https://atcoder.jp/contests/codequeen2023-final-open/tasks/codequeen2023_final_e,,,,
atcoder,others,codequeen2023-final-open,CodeQUEEN 2023 決勝（オープンコンテスト）,2023,1691296200,codequeen2023_final_f,F,Queen's Crown	,F. Queen's Crown	,,73,"['binary search', 'computational geometry', 'implementation', 'optimization']",4,https://atcoder.jp/contests/codequeen2023-final-open/tasks/codequeen2023_final_f,,,,
atcoder,others,editor-update-test,新エディタテストコンテスト,2023,1692954000,editor_update_test_a,A,Ax+By,A. Ax+By,,33,"['counting', 'modular arithmetic', 'number theory']",3,https://atcoder.jp/contests/editor-update-test/tasks/editor_update_test_a,,,,
atcoder,others,editor-update-test,新エディタテストコンテスト,2023,1692954000,editor_update_test_b,B,部分木サイズ,B. 部分木サイズ,,284,"['dfs', 'implementation', 'tree', 'dp on trees']",4,https://atcoder.jp/contests/editor-update-test/tasks/editor_update_test_b,,,,
atcoder,others,future-contest-2022-final,HACK TO THE FUTURE 2022 本選,2021,1639791000,future_contest_2022_final_a,A,Code Golf for Robot Vacuums,A. Code Golf for Robot Vacuums,,280,"['heuristic', 'compression', 'coverage', 'grid', 'optimization', 'path', 'implementation', 'simulation', 'search', 'traversal']",10,https://atcoder.jp/contests/future-contest-2022-final/tasks/future_contest_2022_final_a,,,,
atcoder,others,future-contest-2022-final-open,HACK TO THE FUTURE 2022 本選 オープンコンテスト,2021,1639791000,future_contest_2022_final_a,A,Code Golf for Robot Vacuums,A. Code Golf for Robot Vacuums,,280,"['heuristic', 'compression', 'coverage', 'grid', 'optimization', 'path', 'implementation', 'simulation', 'search', 'traversal']",10,https://atcoder.jp/contests/future-contest-2022-final-open/tasks/future_contest_2022_final_a,,,,
atcoder,others,future-contest-2022-qual,HACK TO THE FUTURE 2022 予選,2021,1635933600,future_contest_2022_qual_a,A,Project Leader,A. Project Leader,,826,"['approximation algorithm', 'dag', 'graph theory', 'greedy', 'heuristic', 'scheduling', 'matching']",7,https://atcoder.jp/contests/future-contest-2022-qual/tasks/future_contest_2022_qual_a,,,,
atcoder,others,future-contest-2023-final,HACK TO THE FUTURE 2023 本選,2022,1670635800,future_contest_2023_final_a,A,Dowsing Rod,A. Dowsing Rod,,189,"['heuristic', 'probability', 'computational geometry', 'interactive', 'optimization', 'search', 'simulation']",7,https://atcoder.jp/contests/future-contest-2023-final/tasks/future_contest_2023_final_a,,,,
atcoder,others,future-contest-2023-final-open,HACK TO THE FUTURE 2023 本選 オープンコンテスト,2022,1670635800,future_contest_2023_final_a,A,Dowsing Rod,A. Dowsing Rod,,189,"['heuristic', 'probability', 'computational geometry', 'interactive', 'optimization', 'search', 'simulation']",7,https://atcoder.jp/contests/future-contest-2023-final-open/tasks/future_contest_2023_final_a,,,,
atcoder,others,future-fif-digital-days,デジタルの日特別イベント「HACK TO THE FUTURE for Youth+」,2021,1633840200,future_fif_digital_days_a,A,Polyomino Connection A,A. Polyomino Connection A,,304,"['constructive', 'connectivity', 'grid', 'minimum spanning tree', 'optimization']",5,https://atcoder.jp/contests/future-fif-digital-days/tasks/future_fif_digital_days_a,,,,
atcoder,others,future-fif-digital-days,デジタルの日特別イベント「HACK TO THE FUTURE for Youth+」,2021,1633840200,future_fif_digital_days_b,B,Polyomino Connection B,B. Polyomino Connection B,,232,"['constructive', 'grid', 'implementation', 'manhattan distance', 'optimization', 'path']",6,https://atcoder.jp/contests/future-fif-digital-days/tasks/future_fif_digital_days_b,,,,
atcoder,others,future-fif-digital-days,デジタルの日特別イベント「HACK TO THE FUTURE for Youth+」,2021,1633840200,future_fif_digital_days_c,C,Polyomino Connection C,C. Polyomino Connection C,,227,"['constructive', 'connectivity', 'grid', 'minimum spanning tree', 'optimization']",5,https://atcoder.jp/contests/future-fif-digital-days/tasks/future_fif_digital_days_c,,,,
atcoder,others,future-fif-digital-days-open,デジタルの日特別イベント「HACK TO THE FUTURE for Youth+」 open,2021,1633840200,future_fif_digital_days_open_a,A,future_fif_digital_days_open_a,A. future_fif_digital_days_open_a,,165,"['constructive', 'connectivity', 'grid', 'heuristic', 'minimum spanning tree', 'optimization']",6,https://atcoder.jp/contests/future-fif-digital-days-open/tasks/future_fif_digital_days_open_a,,,,
atcoder,others,future-fif-digital-days-open,デジタルの日特別イベント「HACK TO THE FUTURE for Youth+」 open,2021,1633840200,future_fif_digital_days_open_b,B,future_fif_digital_days_open_b,B. future_fif_digital_days_open_b,,122,"['constructive', 'grid', 'heuristic', 'manhattan distance', 'optimization', 'polyomino']",6,https://atcoder.jp/contests/future-fif-digital-days-open/tasks/future_fif_digital_days_open_b,,,,
atcoder,others,future-fif-digital-days-open,デジタルの日特別イベント「HACK TO THE FUTURE for Youth+」 open,2021,1633840200,future_fif_digital_days_open_c,C,future_fif_digital_days_open_c,C. future_fif_digital_days_open_c,,127,"['constructive', 'grid', 'heuristic', 'optimization', 'polyomino']",5,https://atcoder.jp/contests/future-fif-digital-days-open/tasks/future_fif_digital_days_open_c,,,,
atcoder,others,genocon2021,ゲノコン2021 ー DNA配列解析チャレンジ,2021,1629720000,genocon2021_a,A,Practice 1,A. Practice 1,,728,"['heuristic', 'string', 'string reversal']",3,https://atcoder.jp/contests/genocon2021/tasks/genocon2021_a,,,,
atcoder,others,genocon2021,ゲノコン2021 ー DNA配列解析チャレンジ,2021,1629720000,genocon2021_b,B,Practice 2,B. Practice 2,,393,"['heuristic', 'bioinformatics', 'dp', 'optimization', 'sequence', 'string']",6,https://atcoder.jp/contests/genocon2021/tasks/genocon2021_b,,,,
atcoder,others,genocon2021,ゲノコン2021 ー DNA配列解析チャレンジ,2021,1629720000,genocon2021_c,C,Practice 3,C. Practice 3,,235,"['heuristic', 'bioinformatics', 'string', 'optimization', 'sequence']",5,https://atcoder.jp/contests/genocon2021/tasks/genocon2021_c,,,,
atcoder,others,genocon2021,ゲノコン2021 ー DNA配列解析チャレンジ,2021,1629720000,genocon2021_d,D,Mind the Difference,D. Mind the Difference,,93,"['heuristic', 'bioinformatics', 'string', 'error handling', 'optimization', 'sequence']",6,https://atcoder.jp/contests/genocon2021/tasks/genocon2021_d,,,,
atcoder,others,hokudai-hitachi2021,Hitachi Hokudai Lab. & Hokkaido University Contest 2021,2021,1636729200,hokudai_hitachi2021_a,A,Regional area design,A. Regional area design,,81,"['heuristic', 'constraint', 'graph theory', 'grid', 'interactive', 'optimization', 'scheduling', 'simulation', 'search']",9,https://atcoder.jp/contests/hokudai-hitachi2021/tasks/hokudai_hitachi2021_a,,,,
atcoder,others,hokudai-hitachi2021,Hitachi Hokudai Lab. & Hokkaido University Contest 2021,2021,1636729200,hokudai_hitachi2021_b,B,Regional area design and daily operation,B. Regional area design and daily operation,,48,"['heuristic', 'constraint', 'simulation', 'graph theory', 'grid', 'interactive', 'optimization', 'graph', 'scheduling', 'search', 'probability', 'shortest path']",12,https://atcoder.jp/contests/hokudai-hitachi2021/tasks/hokudai_hitachi2021_b,,,,
atcoder,others,hokudai-hitachi2022,Hitachi Hokudai Lab. & Hokkaido University Contest 2022,2022,1671721200,hokudai_hitachi2022_a,A,Scheduling of Agricultural Machinery Sharing,A. Scheduling of Agricultural Machinery Sharing,,132,"['heuristic', 'dependency', 'graph', 'scheduling', 'optimization', 'path', 'simulation', 'search', 'time']",9,https://atcoder.jp/contests/hokudai-hitachi2022/tasks/hokudai_hitachi2022_a,,,,
atcoder,others,hokudai-hitachi2022,Hitachi Hokudai Lab. & Hokkaido University Contest 2022,2022,1671721200,hokudai_hitachi2022_b,B,Dynamic Scheduling of Agricultural Machinery Sharing,B. Dynamic Scheduling of Agricultural Machinery Sharing,,90,"['heuristic', 'dependency', 'scheduling', 'graph', 'interactive', 'optimization', 'path', 'simulation', 'search', 'time', 'probability']",11,https://atcoder.jp/contests/hokudai-hitachi2022/tasks/hokudai_hitachi2022_b,,,,
atcoder,others,joi2021ho,JOI 2020/2021 本選 過去問,2021,1613264400,joi2021ho_a,A,とてもたのしい家庭菜園 (Growing Vegetables is Fun 4),A. とてもたのしい家庭菜園 (Growing Vegetables is Fun 4),,511,"['counting', 'greedy', 'implementation', 'optimization']",4,https://atcoder.jp/contests/joi2021ho/tasks/joi2021ho_a,,,,
atcoder,others,joi2021ho,JOI 2020/2021 本選 過去問,2021,1613264400,joi2021ho_b,B,雪玉 (Snowball),B. 雪玉 (Snowball),,497,"['coordinate compression', 'data structure', 'interval', 'optimization', 'simulation', 'dsu']",6,https://atcoder.jp/contests/joi2021ho/tasks/joi2021ho_b,,,,
atcoder,others,joi2021ho,JOI 2020/2021 本選 過去問,2021,1613264400,joi2021ho_c,C,集合写真 (Group Photo),C. 集合写真 (Group Photo),,271,"['counting', 'dp', 'inversion counting', 'optimization', 'prefix sum']",5,https://atcoder.jp/contests/joi2021ho/tasks/joi2021ho_c,,,,
atcoder,others,joi2021ho,JOI 2020/2021 本選 過去問,2021,1613264400,joi2021ho_d,D,ロボット (Robot),D. ロボット (Robot),,205,"['dijkstra', 'dp', 'graph theory', 'optimization', 'shortest path']",5,https://atcoder.jp/contests/joi2021ho/tasks/joi2021ho_d,,,,
atcoder,others,joi2021ho,JOI 2020/2021 本選 過去問,2021,1613264400,joi2021ho_e,E,ダンジョン 3 (Dungeon 3),E. ダンジョン 3 (Dungeon 3),,34,"['dijkstra', 'dp', 'graph theory', 'greedy', 'optimization', 'shortest path']",6,https://atcoder.jp/contests/joi2021ho/tasks/joi2021ho_e,,,,
atcoder,others,joi2022ho,JOI 2021/2022 本選 過去問,2022,1644710400,joi2022ho_a,A,インターカステラー (Intercastellar),A. インターカステラー (Intercastellar),,729,"['binary search', 'implementation', 'math', 'prefix sum']",4,https://atcoder.jp/contests/joi2022ho/tasks/joi2022ho_a,,,,
atcoder,others,joi2022ho,JOI 2021/2022 本選 過去問,2022,1644710400,joi2022ho_b,B,自習 (Self Study),B. 自習 (Self Study),,506,"['binary search', 'greedy', 'optimization']",3,https://atcoder.jp/contests/joi2022ho/tasks/joi2022ho_b,,,,
atcoder,others,joi2022ho,JOI 2021/2022 本選 過去問,2022,1644710400,joi2022ho_c,C,選挙で勝とう (Let's Win the Election),C. 選挙で勝とう (Let's Win the Election),,176,"['binary search', 'dp', 'greedy', 'optimization', 'sorting']",5,https://atcoder.jp/contests/joi2022ho/tasks/joi2022ho_c,,,,
atcoder,others,joi2022ho,JOI 2021/2022 本選 過去問,2022,1644710400,joi2022ho_d,D,鉄道旅行 2 (Railway Trip 2),D. 鉄道旅行 2 (Railway Trip 2),,125,"['bfs', 'data structure', 'graph theory', 'optimization', 'shortest path']",5,https://atcoder.jp/contests/joi2022ho/tasks/joi2022ho_d,,,,
atcoder,others,joi2022ho,JOI 2021/2022 本選 過去問,2022,1644710400,joi2022ho_e,E,砂の城 2 (Sandcastle 2),E. 砂の城 2 (Sandcastle 2),,33,"['bfs', 'connected components', 'counting', 'grid', 'optimization']",5,https://atcoder.jp/contests/joi2022ho/tasks/joi2022ho_e,,,,
atcoder,others,joi2022yo1a,JOI 2021/2022 一次予選 (第1回) 過去問,2021,1631941200,joi2022_yo1a_a,A,余り (Remainder),A. 余り (Remainder),,3498,"['implementation', 'math']",2,https://atcoder.jp/contests/joi2022yo1a/tasks/joi2022_yo1a_a,,,,
atcoder,others,joi2022yo1a,JOI 2021/2022 一次予選 (第1回) 過去問,2021,1631941200,joi2022_yo1a_b,B,移動 (Moving),B. 移動 (Moving),,2508,"['implementation', 'math']",2,https://atcoder.jp/contests/joi2022yo1a/tasks/joi2022_yo1a_b,,,,
atcoder,others,joi2022yo1a,JOI 2021/2022 一次予選 (第1回) 過去問,2021,1631941200,joi2022_yo1a_c,C,複雑な文字列 (Complex String),C. 複雑な文字列 (Complex String),,1889,"['counting', 'implementation', 'string']",3,https://atcoder.jp/contests/joi2022yo1a/tasks/joi2022_yo1a_c,,,,
atcoder,others,joi2022yo1a,JOI 2021/2022 一次予選 (第1回) 過去問,2021,1631941200,joi2022_yo1a_d,D,箱と鍵 (Boxes and Keys),D. 箱と鍵 (Boxes and Keys),,1611,"['counting', 'implementation', 'set']",3,https://atcoder.jp/contests/joi2022yo1a/tasks/joi2022_yo1a_d,,,,
atcoder,others,joi2022yo1b,JOI 2021/2022 一次予選 (第2回) 過去問,2021,1634446800,joi2022_yo1b_a,A,立方体 (Cube),A. 立方体 (Cube),,4154,"['implementation', 'math']",2,https://atcoder.jp/contests/joi2022yo1b/tasks/joi2022_yo1b_a,,,,
atcoder,others,joi2022yo1b,JOI 2021/2022 一次予選 (第2回) 過去問,2021,1634446800,joi2022_yo1b_b,B,短針 (Hour Hand),B. 短針 (Hour Hand),,1611,"['implementation', 'math']",2,https://atcoder.jp/contests/joi2022yo1b/tasks/joi2022_yo1b_b,,,,
atcoder,others,joi2022yo1b,JOI 2021/2022 一次予選 (第2回) 過去問,2021,1634446800,joi2022_yo1b_c,C,次の文字 (Next Character),C. 次の文字 (Next Character),,1861,"['implementation', 'simulation', 'string']",3,https://atcoder.jp/contests/joi2022yo1b/tasks/joi2022_yo1b_c,,,,
atcoder,others,joi2022yo1b,JOI 2021/2022 一次予選 (第2回) 過去問,2021,1634446800,joi2022_yo1b_d,D,希少な数 (Rare Number),D. 希少な数 (Rare Number),,1251,"['counting', 'implementation', 'sorting']",3,https://atcoder.jp/contests/joi2022yo1b/tasks/joi2022_yo1b_d,,,,
atcoder,others,joi2022yo1c,JOI 2021/2022 一次予選 (第3回)　過去問,2021,1637384400,joi2022_yo1c_a,A,身長 (Height),A. 身長 (Height),,3537,"['implementation', 'math']",2,https://atcoder.jp/contests/joi2022yo1c/tasks/joi2022_yo1c_a,,,,
atcoder,others,joi2022yo1c,JOI 2021/2022 一次予選 (第3回)　過去問,2021,1637384400,joi2022_yo1c_b,B,アイスクリーム (Ice Cream),B. アイスクリーム (Ice Cream),,2130,"['implementation', 'math']",2,https://atcoder.jp/contests/joi2022yo1c/tasks/joi2022_yo1c_b,,,,
atcoder,others,joi2022yo1c,JOI 2021/2022 一次予選 (第3回)　過去問,2021,1637384400,joi2022_yo1c_c,C,運動会 (Sports Day),C. 運動会 (Sports Day),,1582,"['counting', 'implementation']",2,https://atcoder.jp/contests/joi2022yo1c/tasks/joi2022_yo1c_c,,,,
atcoder,others,joi2022yo1c,JOI 2021/2022 一次予選 (第3回)　過去問,2021,1637384400,joi2022_yo1c_d,D,ボールの移動 (Moving Balls),D. ボールの移動 (Moving Balls),,1082,"['implementation', 'simulation']",2,https://atcoder.jp/contests/joi2022yo1c/tasks/joi2022_yo1c_d,,,,
atcoder,others,joi2022yo2,JOI 2021/2022 二次予選  過去問,2021,1639281600,joi2022_yo2_a,A,図書館 2 (Library 2),A. 図書館 2 (Library 2),,2060,"['data structure', 'implementation', 'simulation', 'stack']",4,https://atcoder.jp/contests/joi2022yo2/tasks/joi2022_yo2_a,,,,
atcoder,others,joi2022yo2,JOI 2021/2022 二次予選  過去問,2021,1639281600,joi2022_yo2_b,B,カーペット (Carpet),B. カーペット (Carpet),,1206,"['bfs', 'graph theory', 'grid', 'shortest path']",4,https://atcoder.jp/contests/joi2022yo2/tasks/joi2022_yo2_b,,,,
atcoder,others,joi2022yo2,JOI 2021/2022 二次予選  過去問,2021,1639281600,joi2022_yo2_c,C,国土分割 (Land Division),C. 国土分割 (Land Division),,493,"['counting', 'grid', 'implementation', 'prefix sum']",4,https://atcoder.jp/contests/joi2022yo2/tasks/joi2022_yo2_c,,,,
atcoder,others,joi2022yo2,JOI 2021/2022 二次予選  過去問,2021,1639281600,joi2022_yo2_d,D,飴 2 (Candies 2),D. 飴 2 (Candies 2),,417,"['dp', 'optimization']",2,https://atcoder.jp/contests/joi2022yo2/tasks/joi2022_yo2_d,,,,
atcoder,others,joi2022yo2,JOI 2021/2022 二次予選  過去問,2021,1639281600,joi2022_yo2_e,E,交易計画 (Trade Plan),E. 交易計画 (Trade Plan),,239,"['connected components', 'graph theory', 'dsu']",3,https://atcoder.jp/contests/joi2022yo2/tasks/joi2022_yo2_e,,,,
atcoder,others,joi2023ho,JOI 2022/2023 本選 過去問,2023,1676174400,joi2023ho_a,A,碁石ならべ 2 (Stone Arranging 2),A. 碁石ならべ 2 (Stone Arranging 2),,554,"['data structure', 'implementation', 'stack']",3,https://atcoder.jp/contests/joi2023ho/tasks/joi2023ho_a,,,,
atcoder,others,joi2023ho,JOI 2022/2023 本選 過去問,2023,1676174400,joi2023ho_b,B,宣伝 2 (Advertisement 2),B. 宣伝 2 (Advertisement 2),,365,"['data structure', 'graph theory', 'greedy', 'sorting']",4,https://atcoder.jp/contests/joi2023ho/tasks/joi2023ho_b,,,,
atcoder,others,joi2023ho,JOI 2022/2023 本選 過去問,2023,1676174400,joi2023ho_c,C,迷路 (Maze),C. 迷路 (Maze),,94,"['bfs', 'graph theory', 'grid', 'optimization', 'shortest path']",5,https://atcoder.jp/contests/joi2023ho/tasks/joi2023ho_c,,,,
atcoder,others,joi2023ho,JOI 2022/2023 本選 過去問,2023,1676174400,joi2023ho_d,D,キャットエクササイズ (Cat Exercise),D. キャットエクササイズ (Cat Exercise),,196,"['dp', 'lca', 'tree', 'dsu']",4,https://atcoder.jp/contests/joi2023ho/tasks/joi2023ho_d,,,,
atcoder,others,joi2023ho,JOI 2022/2023 本選 過去問,2023,1676174400,joi2023ho_e,E,現代的な機械 (Modern Machine),E. 現代的な機械 (Modern Machine),,18,"['binary lifting', 'sqrt decomposition', 'data structure', 'optimization', 'prefix sum', 'segment tree', 'simulation']",7,https://atcoder.jp/contests/joi2023ho/tasks/joi2023ho_e,,,,
atcoder,others,joi2023yo1a,JOI 2022/2023 一次予選 (第1回) 過去問,2022,1663390800,joi2023_yo1a_a,A,長方形 (Rectangle),A. 長方形 (Rectangle),,2965,"['implementation', 'math']",2,https://atcoder.jp/contests/joi2023yo1a/tasks/joi2023_yo1a_a,,,,
atcoder,others,joi2023yo1a,JOI 2022/2023 一次予選 (第1回) 過去問,2022,1663390800,joi2023_yo1a_b,B,ゾロ目 (Same Numbers),B. ゾロ目 (Same Numbers),,2251,"['implementation', 'math']",2,https://atcoder.jp/contests/joi2023yo1a/tasks/joi2023_yo1a_b,,,,
atcoder,others,joi2023yo1a,JOI 2022/2023 一次予選 (第1回) 過去問,2022,1663390800,joi2023_yo1a_c,C,3 つの箱 (Three Boxes) ,C. 3 つの箱 (Three Boxes) ,,1550,"['implementation', 'simulation']",2,https://atcoder.jp/contests/joi2023yo1a/tasks/joi2023_yo1a_c,,,,
atcoder,others,joi2023yo1a,JOI 2022/2023 一次予選 (第1回) 過去問,2022,1663390800,joi2023_yo1a_d,D,二人三脚 (Three-Legged Race),D. 二人三脚 (Three-Legged Race),,1278,"['implementation', 'counting']",2,https://atcoder.jp/contests/joi2023yo1a/tasks/joi2023_yo1a_d,,,,
atcoder,others,joi2023yo1b,JOI 2022/2023 一次予選 (第2回) 過去問,2022,1665896400,joi2023_yo1b_a,A,時間 (Hour),A. 時間 (Hour),,2537,"['implementation', 'math']",2,https://atcoder.jp/contests/joi2023yo1b/tasks/joi2023_yo1b_a,,,,
atcoder,others,joi2023yo1b,JOI 2022/2023 一次予選 (第2回) 過去問,2022,1665896400,joi2023_yo1b_b,B,三方比較 (Three-Way Comparison),B. 三方比較 (Three-Way Comparison),,2083,"['implementation', 'math']",2,https://atcoder.jp/contests/joi2023yo1b/tasks/joi2023_yo1b_b,,,,
atcoder,others,joi2023yo1b,JOI 2022/2023 一次予選 (第2回) 過去問,2022,1665896400,joi2023_yo1b_c,C,繰り返し文字列 (Repeating String),C. 繰り返し文字列 (Repeating String),,1237,"['implementation', 'string']",2,https://atcoder.jp/contests/joi2023yo1b/tasks/joi2023_yo1b_c,,,,
atcoder,others,joi2023yo1b,JOI 2022/2023 一次予選 (第2回) 過去問,2022,1665896400,joi2023_yo1b_d,D,点数 (Score),D. 点数 (Score),,1032,"['implementation', 'simulation']",2,https://atcoder.jp/contests/joi2023yo1b/tasks/joi2023_yo1b_d,,,,
atcoder,others,joi2023yo1c,JOI 2022/2023 一次予選 (第3回) 過去問,2022,1668834000,joi2023_yo1c_a,A,2 桁の整数 (Two-digit Integer),A. 2 桁の整数 (Two-digit Integer),,1800,"['implementation', 'math']",2,https://atcoder.jp/contests/joi2023yo1c/tasks/joi2023_yo1c_a,,,,
atcoder,others,joi2023yo1c,JOI 2022/2023 一次予選 (第3回) 過去問,2022,1668834000,joi2023_yo1c_b,B,11 月 (November),B. 11 月 (November),,1581,"['implementation', 'math']",2,https://atcoder.jp/contests/joi2023yo1c/tasks/joi2023_yo1c_b,,,,
atcoder,others,joi2023yo1c,JOI 2022/2023 一次予選 (第3回) 過去問,2022,1668834000,joi2023_yo1c_c,C,JOI エディタ (JOI Editor),C. JOI エディタ (JOI Editor),,1019,"['implementation', 'string']",2,https://atcoder.jp/contests/joi2023yo1c/tasks/joi2023_yo1c_c,,,,
atcoder,others,joi2023yo1c,JOI 2022/2023 一次予選 (第3回) 過去問,2022,1668834000,joi2023_yo1c_d,D,マラソン大会 (Marathon Race),D. マラソン大会 (Marathon Race),,966,"['counting', 'implementation']",2,https://atcoder.jp/contests/joi2023yo1c/tasks/joi2023_yo1c_d,,,,
atcoder,others,joi2023yo2,JOI 2022/2023 二次予選  過去問,2022,1670731200,joi2023_yo2_a,A,年齢の差 (Age Difference),A. 年齢の差 (Age Difference),,1817,"['implementation', 'search']",2,https://atcoder.jp/contests/joi2023yo2/tasks/joi2023_yo2_a,,,,
atcoder,others,joi2023yo2,JOI 2022/2023 二次予選  過去問,2022,1670731200,joi2023_yo2_b,B,ジョイ四人組 (JOI04),B. ジョイ四人組 (JOI04),,1049,"['implementation', 'optimization', 'search', 'sorting', 'two pointer']",5,https://atcoder.jp/contests/joi2023yo2/tasks/joi2023_yo2_b,,,,
atcoder,others,joi2023yo2,JOI 2022/2023 二次予選  過去問,2022,1670731200,joi2023_yo2_c,C,塗りつぶし (Painting),C. 塗りつぶし (Painting),,567,"['bfs', 'connected components', 'flood fill', 'grid', 'optimization']",5,https://atcoder.jp/contests/joi2023yo2/tasks/joi2023_yo2_c,,,,
atcoder,others,joi2023yo2,JOI 2022/2023 二次予選  過去問,2022,1670731200,joi2023_yo2_d,D,貨物列車 (Freight Train),D. 貨物列車 (Freight Train),,181,"['dp', 'knapsack', 'optimization']",3,https://atcoder.jp/contests/joi2023yo2/tasks/joi2023_yo2_d,,,,
atcoder,others,joi2023yo2,JOI 2022/2023 二次予選  過去問,2022,1670731200,joi2023_yo2_e,E,日本沈没 2 (Japan Sinks 2),E. 日本沈没 2 (Japan Sinks 2),,33,"['data structure', 'optimization', 'range update', 'segment tree', 'simulation']",5,https://atcoder.jp/contests/joi2023yo2/tasks/joi2023_yo2_e,,,,
atcoder,others,joi2024yo1a,JOI 2023/2024 一次予選 (第1回) 過去問,2023,1694840400,joi2024_yo1a_a,A,果物 (Fruit),A. 果物 (Fruit),,2783,"['implementation', 'math']",2,https://atcoder.jp/contests/joi2024yo1a/tasks/joi2024_yo1a_a,,,,
atcoder,others,joi2024yo1a,JOI 2023/2024 一次予選 (第1回) 過去問,2023,1694840400,joi2024_yo1a_b,B,和の判定 (Sum Checker),B. 和の判定 (Sum Checker),,2067,"['implementation', 'math']",2,https://atcoder.jp/contests/joi2024yo1a/tasks/joi2024_yo1a_b,,,,
atcoder,others,joi2024yo1a,JOI 2023/2024 一次予選 (第1回) 過去問,2023,1694840400,joi2024_yo1a_c,C,ハミング距離 (Hamming Distance),C. ハミング距離 (Hamming Distance),,1679,"['implementation', 'string']",2,https://atcoder.jp/contests/joi2024yo1a/tasks/joi2024_yo1a_c,,,,
atcoder,others,joi2024yo1a,JOI 2023/2024 一次予選 (第1回) 過去問,2023,1694840400,joi2024_yo1a_d,D,現れている数字 (Appearing Numbers),D. 現れている数字 (Appearing Numbers),,1223,"['data structure', 'implementation', 'sorting']",3,https://atcoder.jp/contests/joi2024yo1a/tasks/joi2024_yo1a_d,,,,
atcoder,others,joi2024yo1b,JOI 2023/2024 一次予選 (第2回) 過去問,2023,1697346000,joi2024_yo1b_a,A,飴の袋詰め (Drops Packing),A. 飴の袋詰め (Drops Packing),,2086,"['implementation', 'math']",2,https://atcoder.jp/contests/joi2024yo1b/tasks/joi2024_yo1b_a,,,,
atcoder,others,joi2024yo1b,JOI 2023/2024 一次予選 (第2回) 過去問,2023,1697346000,joi2024_yo1b_b,B,火曜日 (Tuesday),B. 火曜日 (Tuesday),,1584,"['implementation', 'math']",2,https://atcoder.jp/contests/joi2024yo1b/tasks/joi2024_yo1b_b,,,,
atcoder,others,joi2024yo1b,JOI 2023/2024 一次予選 (第2回) 過去問,2023,1697346000,joi2024_yo1b_c,C,画数数え (Stroke Count),C. 画数数え (Stroke Count),,1334,"['implementation', 'string']",2,https://atcoder.jp/contests/joi2024yo1b/tasks/joi2024_yo1b_c,,,,
atcoder,others,joi2024yo1b,JOI 2023/2024 一次予選 (第2回) 過去問,2023,1697346000,joi2024_yo1b_d,D,繰り返し (Repetition),D. 繰り返し (Repetition),,1097,"['implementation', 'math']",2,https://atcoder.jp/contests/joi2024yo1b/tasks/joi2024_yo1b_d,,,,
atcoder,others,joi2024yo1c,JOI 2023/2024 一次予選 (第3回) 過去問,2023,1700283600,joi2024_yo1c_a,A,分 (Minutes),A. 分 (Minutes),,2222,"['implementation', 'math']",2,https://atcoder.jp/contests/joi2024yo1c/tasks/joi2024_yo1c_a,,,,
atcoder,others,joi2024yo1c,JOI 2023/2024 一次予選 (第3回) 過去問,2023,1700283600,joi2024_yo1c_b,B,桁 (Digit),B. 桁 (Digit),,1265,"['implementation', 'math']",2,https://atcoder.jp/contests/joi2024yo1c/tasks/joi2024_yo1c_b,,,,
atcoder,others,joi2024yo1c,JOI 2023/2024 一次予選 (第3回) 過去問,2023,1700283600,joi2024_yo1c_c,C,揃った文字 (Matched Letters),C. 揃った文字 (Matched Letters),,1080,"['implementation', 'string']",2,https://atcoder.jp/contests/joi2024yo1c/tasks/joi2024_yo1c_c,,,,
atcoder,others,joi2024yo1c,JOI 2023/2024 一次予選 (第3回) 過去問,2023,1700283600,joi2024_yo1c_d,D,差 (Difference),D. 差 (Difference),,951,"['counting', 'implementation']",2,https://atcoder.jp/contests/joi2024yo1c/tasks/joi2024_yo1c_d,,,,
atcoder,others,joi2024yo2,JOI 2023/2024 二次予選  過去問,2023,1702180800,joi2024_yo2_a,A,カードゲーム 2 (Card Game 2),A. カードゲーム 2 (Card Game 2),,1310,"['data structure', 'implementation', 'search']",3,https://atcoder.jp/contests/joi2024yo2/tasks/joi2024_yo2_a,,,,
atcoder,others,joi2024yo2,JOI 2023/2024 二次予選  過去問,2023,1702180800,joi2024_yo2_b,B,買い物 2 (Shopping 2),B. 買い物 2 (Shopping 2),,677,"['data structure', 'prefix sum', 'range query']",3,https://atcoder.jp/contests/joi2024yo2/tasks/joi2024_yo2_b,,,,
atcoder,others,joi2024yo2,JOI 2023/2024 二次予選  過去問,2023,1702180800,joi2024_yo2_c,C,白色光 2 (White Light 2),C. 白色光 2 (White Light 2),,409,"['dp', 'optimization', 'prefix sum']",3,https://atcoder.jp/contests/joi2024yo2/tasks/joi2024_yo2_c,,,,
atcoder,others,joi2024yo2,JOI 2023/2024 二次予選  過去問,2023,1702180800,joi2024_yo2_d,D,庭園 2 (Garden 2),D. 庭園 2 (Garden 2),,138,"['dp', 'grid', 'optimization', 'prefix sum', '2d array']",5,https://atcoder.jp/contests/joi2024yo2/tasks/joi2024_yo2_d,,,,
atcoder,others,joi2024yo2,JOI 2023/2024 二次予選  過去問,2023,1702180800,joi2024_yo2_e,E,高速道路の通行料金 (Highway Tolls),E. 高速道路の通行料金 (Highway Tolls),,135,"['dijkstra', 'graph theory', 'optimization', 'shortest path']",4,https://atcoder.jp/contests/joi2024yo2/tasks/joi2024_yo2_e,,,,
atcoder,others,joig2021-open,JOIG 2021 過去問,2021,1619323200,joig2021_a,A,金平糖 (Konpeito),A. 金平糖 (Konpeito),,1502,"['implementation', 'math']",2,https://atcoder.jp/contests/joig2021-open/tasks/joig2021_a,,,,
atcoder,others,joig2021-open,JOIG 2021 過去問,2021,1619323200,joig2021_b,B,巻物 (Scroll),B. 巻物 (Scroll),,1392,"['implementation', 'string']",2,https://atcoder.jp/contests/joig2021-open/tasks/joig2021_b,,,,
atcoder,others,joig2021-open,JOIG 2021 過去問,2021,1619323200,joig2021_c,C,イルミネーション 2 (Illumination 2),C. イルミネーション 2 (Illumination 2),,886,"['implementation', 'optimization', 'prefix sum']",3,https://atcoder.jp/contests/joig2021-open/tasks/joig2021_c,,,,
atcoder,others,joig2021-open,JOIG 2021 過去問,2021,1619323200,joig2021_d,D,展覧会 2 (Exhibition 2),D. 展覧会 2 (Exhibition 2),,683,"['binary search', 'dp', 'greedy', 'optimization']",4,https://atcoder.jp/contests/joig2021-open/tasks/joig2021_d,,,,
atcoder,others,joig2021-open,JOIG 2021 過去問,2021,1619323200,joig2021_e,E,パレード (Parade),E. パレード (Parade),,513,"['bfs', 'dijkstra', 'graph theory', 'optimization', 'shortest path']",5,https://atcoder.jp/contests/joig2021-open/tasks/joig2021_e,,,,
atcoder,others,joig2021-open,JOIG 2021 過去問,2021,1619323200,joig2021_f,F,デジタルアート (Digital Art),F. デジタルアート (Digital Art),,219,"['counting', 'grid', 'optimization', 'two pointer']",4,https://atcoder.jp/contests/joig2021-open/tasks/joig2021_f,,,,
atcoder,others,joig2022-open,JOIG 2021/2022 本選 過去問,2022,1642910400,joig2022_a,A,ピアノコンクール (Piano Competition),A. ピアノコンクール (Piano Competition),,1337,"['implementation', 'sorting']",2,https://atcoder.jp/contests/joig2022-open/tasks/joig2022_a,,,,
atcoder,others,joig2022-open,JOIG 2021/2022 本選 過去問,2022,1642910400,joig2022_b,B,掛け算 (Multiplication),B. 掛け算 (Multiplication),,1099,"['brute force', 'counting', 'implementation']",3,https://atcoder.jp/contests/joig2022-open/tasks/joig2022_b,,,,
atcoder,others,joig2022-open,JOIG 2021/2022 本選 過去問,2022,1642910400,joig2022_c,C,投票 (Voting),C. 投票 (Voting),,790,"['implementation', 'prefix sum', 'simulation']",3,https://atcoder.jp/contests/joig2022-open/tasks/joig2022_c,,,,
atcoder,others,joig2022-open,JOIG 2021/2022 本選 過去問,2022,1642910400,joig2022_d,D,いちご 2 (Strawberry 2),D. いちご 2 (Strawberry 2),,622,"['coordinate compression', 'counting', 'data structure', 'grid', 'optimization', 'prefix sum']",6,https://atcoder.jp/contests/joig2022-open/tasks/joig2022_d,,,,
atcoder,others,joig2022-open,JOIG 2021/2022 本選 過去問,2022,1642910400,joig2022_e,E,エゴイ展 (EGOI Exhibition),E. エゴイ展 (EGOI Exhibition),,425,"['dp', 'optimization', 'segment tree']",3,https://atcoder.jp/contests/joig2022-open/tasks/joig2022_e,,,,
atcoder,others,joig2022-open,JOIG 2021/2022 本選 過去問,2022,1642910400,joig2022_f,F,タクシー 2 (Taxis 2),F. タクシー 2 (Taxis 2),,282,"['dijkstra', 'graph theory', 'optimization', 'shortest path', 'reasoning']",5,https://atcoder.jp/contests/joig2022-open/tasks/joig2022_f,,,,
atcoder,others,joig2023-open,JOIG 2022/2023 本選 過去問,2023,1674360000,joig2023_a,A,末尾の文字 (Last Letter),A. 末尾の文字 (Last Letter),,961,"['implementation', 'string']",2,https://atcoder.jp/contests/joig2023-open/tasks/joig2023_a,,,,
atcoder,others,joig2023-open,JOIG 2022/2023 本選 過去問,2023,1674360000,joig2023_b,B,絶対階差数列 (Sequence of Absolute Differences),B. 絶対階差数列 (Sequence of Absolute Differences),,797,"['dp', 'implementation']",2,https://atcoder.jp/contests/joig2023-open/tasks/joig2023_b,,,,
atcoder,others,joig2023-open,JOIG 2022/2023 本選 過去問,2023,1674360000,joig2023_c,C,鐘 (Bell),C. 鐘 (Bell),,625,"['binary search', 'data structure', 'geometry', 'optimization']",4,https://atcoder.jp/contests/joig2023-open/tasks/joig2023_c,,,,
atcoder,others,joig2023-open,JOIG 2022/2023 本選 過去問,2023,1674360000,joig2023_d,D,コイン集め 2 (Coin Collecting 2),D. コイン集め 2 (Coin Collecting 2),,457,"['game theory', 'implementation', 'optimization', 'simulation']",4,https://atcoder.jp/contests/joig2023-open/tasks/joig2023_d,,,,
atcoder,others,joig2023-open,JOIG 2022/2023 本選 過去問,2023,1674360000,joig2023_e,E,運河 (Canal),E. 運河 (Canal),,308,"['connected components', 'data structure', 'grid', 'optimization', 'dsu']",5,https://atcoder.jp/contests/joig2023-open/tasks/joig2023_e,,,,
atcoder,others,joig2023-open,JOIG 2022/2023 本選 過去問,2023,1674360000,joig2023_f,F,タイピング大会 (Typing Contest),F. タイピング大会 (Typing Contest),,100,"['bitmask dp', 'dp', 'graph theory', 'optimization', 'permutation']",5,https://atcoder.jp/contests/joig2023-open/tasks/joig2023_f,,,,
atcoder,others,joigsc2022,JOIG 2021/2022 春合宿 過去問,2022,1647734400,joigsc2022_a,A,リレー競技 (Relay),A. リレー競技 (Relay),,390,"['greedy', 'implementation', 'optimization']",3,https://atcoder.jp/contests/joigsc2022/tasks/joigsc2022_a,,,,
atcoder,others,joigsc2022,JOIG 2021/2022 春合宿 過去問,2022,1647734400,joigsc2022_b,B,JOIG ツアー (JOIG Tour),B. JOIG ツアー (JOIG Tour),,253,"['binary search', 'dp', 'greedy', 'optimization', 'prefix sum']",5,https://atcoder.jp/contests/joigsc2022/tasks/joigsc2022_b,,,,
atcoder,others,joigsc2022,JOIG 2021/2022 春合宿 過去問,2022,1647734400,joigsc2022_c,C,チーム戦 (Team Contest),C. チーム戦 (Team Contest),,67,"['binary search', 'dp', 'greedy', 'optimization', 'prefix sum']",5,https://atcoder.jp/contests/joigsc2022/tasks/joigsc2022_c,,,,
atcoder,others,joigsc2022,JOIG 2021/2022 春合宿 過去問,2022,1647734400,joigsc2022_d,D,コピー & ペースト 3 (Copy and Paste 3),D. コピー & ペースト 3 (Copy and Paste 3),,32,"['dp', 'hashing', 'optimization', 'string', 'string matching', 'two pointer']",6,https://atcoder.jp/contests/joigsc2022/tasks/joigsc2022_d,,,,
atcoder,others,joigsc2022,JOIG 2021/2022 春合宿 過去問,2022,1647734400,joigsc2022_e,E,メロンの出荷 (Melons),E. メロンの出荷 (Melons),,258,"['binary search', 'dp', 'greedy', 'optimization', 'prefix sum', 'simulation', 'two pointer']",7,https://atcoder.jp/contests/joigsc2022/tasks/joigsc2022_e,,,,
atcoder,others,joigsc2022,JOIG 2021/2022 春合宿 過去問,2022,1647734400,joigsc2022_f,F,空港 (Airport),F. 空港 (Airport),,112,"['dp', 'graph theory', 'greedy', 'max flow', 'optimization']",5,https://atcoder.jp/contests/joigsc2022/tasks/joigsc2022_f,,,,
atcoder,others,joigsc2022,JOIG 2021/2022 春合宿 過去問,2022,1647734400,joigsc2022_g,G,一流の団子職人 (Super Dango Maker),G. 一流の団子職人 (Super Dango Maker),,26,"['binary search', 'constructive', 'interactive', 'optimization']",4,https://atcoder.jp/contests/joigsc2022/tasks/joigsc2022_g,,,,
atcoder,others,joigsc2022,JOIG 2021/2022 春合宿 過去問,2022,1647734400,joigsc2022_h,H,復興事業 (Reconstruction Project),H. 復興事業 (Reconstruction Project),,24,"['binary search', 'constructive', 'interactive', 'optimization']",4,https://atcoder.jp/contests/joigsc2022/tasks/joigsc2022_h,,,,
atcoder,others,joigsp2023,JOIG 2022/2023 春季トレーニング 過去問,2023,1679270400,joigsp2023_a,A,ロケット打ち上げ (Rocket Launching),A. ロケット打ち上げ (Rocket Launching),,236,"['implementation', 'math', 'search']",3,https://atcoder.jp/contests/joigsp2023/tasks/joigsp2023_a,,,,
atcoder,others,joigsp2023,JOIG 2022/2023 春季トレーニング 過去問,2023,1679270400,joigsp2023_b,B,テレポーター (Teleporter),B. テレポーター (Teleporter),,138,"['dp', 'game theory', 'graph theory', 'optimization', 'shortest path']",5,https://atcoder.jp/contests/joigsp2023/tasks/joigsp2023_b,,,,
atcoder,others,joigsp2023,JOIG 2022/2023 春季トレーニング 過去問,2023,1679270400,joigsp2023_c,C,議会 (Council),C. 議会 (Council),,21,"['dp', 'game theory', 'graph theory', 'optimization', 'shortest path']",5,https://atcoder.jp/contests/joigsp2023/tasks/joigsp2023_c,,,,
atcoder,others,joigsp2023,JOIG 2022/2023 春季トレーニング 過去問,2023,1679270400,joigsp2023_d,D,ベルトコンベア (Belt Conveyor),D. ベルトコンベア (Belt Conveyor),,6,"['constructive', 'graph theory', 'interactive', 'tree']",4,https://atcoder.jp/contests/joigsp2023/tasks/joigsp2023_d,,,,
atcoder,others,joigsp2023,JOIG 2022/2023 春季トレーニング 過去問,2023,1679270400,joigsp2023_e,E,スマートフォン (Smartphone),E. スマートフォン (Smartphone),,152,"['constructive', 'graph theory', 'interactive', 'tree']",4,https://atcoder.jp/contests/joigsp2023/tasks/joigsp2023_e,,,,
atcoder,others,joigsp2023,JOIG 2022/2023 春季トレーニング 過去問,2023,1679270400,joigsp2023_f,F,白色光 (White Light),F. 白色光 (White Light),,171,"['heuristic', 'constructive', 'graph theory', 'optimization', 'simulation', 'search']",6,https://atcoder.jp/contests/joigsp2023/tasks/joigsp2023_f,,,,
atcoder,others,joigsp2023,JOIG 2022/2023 春季トレーニング 過去問,2023,1679270400,joigsp2023_g,G,ビ太郎の旅 (Bitaro's Travel),G. ビ太郎の旅 (Bitaro's Travel),,19,"['binary search', 'greedy', 'implementation', 'optimization']",4,https://atcoder.jp/contests/joigsp2023/tasks/joigsp2023_g,,,,
atcoder,others,joigsp2023,JOIG 2022/2023 春季トレーニング 過去問,2023,1679270400,joigsp2023_h,H,最後の戦い (The Last Battle),H. 最後の戦い (The Last Battle),,9,"['constructive', 'error handling', 'interactive', 'information theory']",4,https://atcoder.jp/contests/joigsp2023/tasks/joigsp2023_h,,,,
atcoder,others,joiopen2022,JOI Open Contest 2022 過去問,2022,1656820800,joiopen2022_a,A,シーソー (Seesaw),A. シーソー (Seesaw),,22,"['binary search', 'greedy', 'math', 'optimization']",4,https://atcoder.jp/contests/joiopen2022/tasks/joiopen2022_a,,,,
atcoder,others,joiopen2022,JOI Open Contest 2022 過去問,2022,1656820800,joiopen2022_b,B,キリン (Giraffes),B. キリン (Giraffes),,7,"['dp', 'geometry', 'optimization', 'plane sweep', 'segment tree']",5,https://atcoder.jp/contests/joiopen2022/tasks/joiopen2022_b,,,,
atcoder,others,joiopen2022,JOI Open Contest 2022 過去問,2022,1656820800,joiopen2022_c,C,通学路 (School Road),C. 通学路 (School Road),,22,"['articulation points', 'biconnected components', 'dfs', 'graph', 'graph theory', 'series parallel graph']",6,https://atcoder.jp/contests/joiopen2022/tasks/joiopen2022_c,,,,
atcoder,others,joiopen2023,JOI Open Contest 2023 過去問,2023,1691208000,joiopen2023_a,A,古代の機械 2 (Ancient Machine 2),A. 古代の機械 2 (Ancient Machine 2),,13,"['implementation', 'interactive']",2,https://atcoder.jp/contests/joiopen2023/tasks/joiopen2023_a,,,,
atcoder,others,joiopen2023,JOI Open Contest 2023 過去問,2023,1691208000,joiopen2023_b,B,セルオートマトン (Cell Automaton),B. セルオートマトン (Cell Automaton),,2,"['bfs', 'data structure', 'geometry', 'plane sweep']",4,https://atcoder.jp/contests/joiopen2023/tasks/joiopen2023_b,,,,
atcoder,others,joiopen2023,JOI Open Contest 2023 過去問,2023,1691208000,joiopen2023_c,C,庭園 (Garden),C. 庭園 (Garden),,14,"['data structure', 'geometry', 'interval', 'optimization', '2d array']",5,https://atcoder.jp/contests/joiopen2023/tasks/joiopen2023_c,,,,
atcoder,others,joisc2021,JOI 2020/2021 春合宿 過去問,2021,1616198400,joisc2021_a1,A1,曲芸飛行 (Aerobatics),A1. 曲芸飛行 (Aerobatics),,71,"['constructive', 'optimization', 'implementation']",3,https://atcoder.jp/contests/joisc2021/tasks/joisc2021_a1,,,,
atcoder,others,joisc2021,JOI 2020/2021 春合宿 過去問,2021,1616198400,joisc2021_a2,A2,曲芸飛行 (Aerobatics),A2. 曲芸飛行 (Aerobatics),,50,"['optimization', 'implementation']",2,https://atcoder.jp/contests/joisc2021/tasks/joisc2021_a2,,,,
atcoder,others,joisc2021,JOI 2020/2021 春合宿 過去問,2021,1616198400,joisc2021_a3,A3,曲芸飛行 (Aerobatics),A3. 曲芸飛行 (Aerobatics),,44,"['optimization', 'implementation']",2,https://atcoder.jp/contests/joisc2021/tasks/joisc2021_a3,,,,
atcoder,others,joisc2021,JOI 2020/2021 春合宿 過去問,2021,1616198400,joisc2021_a4,A4,曲芸飛行 (Aerobatics),A4. 曲芸飛行 (Aerobatics),,42,"['heuristic', 'computational geometry', 'optimization', 'permutation', 'simulation', 'search']",6,https://atcoder.jp/contests/joisc2021/tasks/joisc2021_a4,,,,
atcoder,others,joisc2021,JOI 2020/2021 春合宿 過去問,2021,1616198400,joisc2021_a5,A5,曲芸飛行 (Aerobatics),A5. 曲芸飛行 (Aerobatics),,42,"['optimization', 'implementation']",2,https://atcoder.jp/contests/joisc2021/tasks/joisc2021_a5,,,,
atcoder,others,joisc2021,JOI 2020/2021 春合宿 過去問,2021,1616198400,joisc2021_a6,A6,曲芸飛行 (Aerobatics),A6. 曲芸飛行 (Aerobatics),,42,"['optimization', 'implementation']",2,https://atcoder.jp/contests/joisc2021/tasks/joisc2021_a6,,,,
atcoder,others,joisc2021,JOI 2020/2021 春合宿 過去問,2021,1616198400,joisc2021_b,B,IOI 熱の感染拡大 (IOI Fever),B. IOI 熱の感染拡大 (IOI Fever),,33,"['coordinate compression', 'data structure', 'geometry', 'graph theory', 'greedy', 'optimization', 'segment tree']",7,https://atcoder.jp/contests/joisc2021/tasks/joisc2021_b,,,,
atcoder,others,joisc2021,JOI 2020/2021 春合宿 過去問,2021,1616198400,joisc2021_c,C,フードコート (Foodcourt),C. フードコート (Foodcourt),,138,"['binary search', 'data structure', 'lazy propagation', 'offline processing', 'optimization', 'segment tree']",6,https://atcoder.jp/contests/joisc2021/tasks/joisc2021_c,,,,
atcoder,others,joisc2021,JOI 2020/2021 春合宿 過去問,2021,1616198400,joisc2021_d,D,逃走経路 (Escape Route),D. 逃走経路 (Escape Route),,43,"['binary search', 'dijkstra', 'dp', 'graph theory', 'optimization', 'precomputation', 'shortest path']",7,https://atcoder.jp/contests/joisc2021/tasks/joisc2021_d,,,,
atcoder,others,joisc2021,JOI 2020/2021 春合宿 過去問,2021,1616198400,joisc2021_e,E,道路の建設案 (Road Construction),E. 道路の建設案 (Road Construction),,144,"['binary search', 'coordinate geometry', 'data structure', 'geometry', 'optimization', 'persistent segment tree', 'priority queue', 'segment tree', 'plane sweep']",9,https://atcoder.jp/contests/joisc2021/tasks/joisc2021_e,,,,
atcoder,others,joisc2021,JOI 2020/2021 春合宿 過去問,2021,1616198400,joisc2021_g,F,買い物 (Shopping),F. 買い物 (Shopping),,10,"['communication', 'compression', 'fibonacci', 'greedy', 'optimization', 'string']",6,https://atcoder.jp/contests/joisc2021/tasks/joisc2021_g,,,,
atcoder,others,joisc2021,JOI 2020/2021 春合宿 過去問,2021,1616198400,joisc2021_h,G,古代の機械 (Ancient Machine),G. 古代の機械 (Ancient Machine),,51,"['convex hull trick', 'data structure', 'dp', 'geometry', 'optimization']",5,https://atcoder.jp/contests/joisc2021/tasks/joisc2021_h,,,,
atcoder,others,joisc2021,JOI 2020/2021 春合宿 過去問,2021,1616198400,joisc2021_i,H,ボディーガード (Bodyguard),H. ボディーガード (Bodyguard),,74,"['centroid decomposition', 'counting', 'dp', 'graph theory', 'optimization', 'dp on trees']",6,https://atcoder.jp/contests/joisc2021/tasks/joisc2021_i,,,,
atcoder,others,joisc2021,JOI 2020/2021 春合宿 過去問,2021,1616198400,joisc2021_j,I,ビーバーの会合 2 (Meetings 2),I. ビーバーの会合 2 (Meetings 2),,104,"['data structure', 'greedy', 'interval', 'optimization', 'set', 'sorting']",6,https://atcoder.jp/contests/joisc2021/tasks/joisc2021_j,,,,
atcoder,others,joisc2021,JOI 2020/2021 春合宿 過去問,2021,1616198400,joisc2021_k,J,イベント巡り 2 (Event Hopping 2),J. イベント巡り 2 (Event Hopping 2),,96,"['communication', 'constructive', 'encoding', 'grid', 'optimization']",5,https://atcoder.jp/contests/joisc2021/tasks/joisc2021_k,,,,
atcoder,others,joisc2021,JOI 2020/2021 春合宿 過去問,2021,1616198400,joisc2021_l,K,道案内 2 (Navigation 2),K. 道案内 2 (Navigation 2),,23,"['coordinate compression', 'cycle', 'dp', 'functional graph', 'graph theory', 'lazy propagation', 'optimization', 'segment tree', 'segment tree merging', 'dp on trees']",10,https://atcoder.jp/contests/joisc2021/tasks/joisc2021_l,,,,
atcoder,others,joisc2021,JOI 2020/2021 春合宿 過去問,2021,1616198400,joisc2021_m,L,最悪の記者 4 (Worst Reporter 4),L. 最悪の記者 4 (Worst Reporter 4),,59,"['coordinate compression', 'dp', 'functional graph', 'optimization', 'segment tree', 'dp on trees']",6,https://atcoder.jp/contests/joisc2021/tasks/joisc2021_m,,,,
atcoder,others,joisc2022,JOI 2021/2022 春合宿 過去問,2022,1647734400,joisc2022_a,A,刑務所 (Jail),A. 刑務所 (Jail),,88,"['graph theory', 'lca', 'optimization', 'segment tree', 'topological sort', 'tree']",6,https://atcoder.jp/contests/joisc2022/tasks/joisc2022_a,,,,
atcoder,others,joisc2022,JOI 2021/2022 春合宿 過去問,2022,1647734400,joisc2022_b,B,京都観光 (Sightseeing in Kyoto),B. 京都観光 (Sightseeing in Kyoto),,97,"['convex hull', 'geometry', 'greedy', 'optimization', 'shortest path', 'two pointer']",6,https://atcoder.jp/contests/joisc2022/tasks/joisc2022_b,,,,
atcoder,others,joisc2022,JOI 2021/2022 春合宿 過去問,2022,1647734400,joisc2022_c,C,スペルミス (Misspelling),C. スペルミス (Misspelling),,76,"['dp', 'data structure', 'optimization', 'string']",4,https://atcoder.jp/contests/joisc2022/tasks/joisc2022_c,,,,
atcoder,others,joisc2022,JOI 2021/2022 春合宿 過去問,2022,1647734400,joisc2022_d,D,コピー & ペースト 3 (Copy and Paste 3),D. コピー & ペースト 3 (Copy and Paste 3),,96,"['dp', 'hashing', 'optimization', 'string', 'string matching', 'two pointer']",6,https://atcoder.jp/contests/joisc2022/tasks/joisc2022_d,,,,
atcoder,others,joisc2022,JOI 2021/2022 春合宿 過去問,2022,1647734400,joisc2022_e,E,飛行機旅行 (Flights),E. 飛行機旅行 (Flights),,12,"['encoding', 'interactive', 'lca', 'tree']",4,https://atcoder.jp/contests/joisc2022/tasks/joisc2022_e,,,,
atcoder,others,joisc2022,JOI 2021/2022 春合宿 過去問,2022,1647734400,joisc2022_f,F,チーム戦 (Team Contest),F. チーム戦 (Team Contest),,117,"['data structure', 'greedy', 'optimization', 'sorting']",4,https://atcoder.jp/contests/joisc2022/tasks/joisc2022_f,,,,
atcoder,others,joisc2022,JOI 2021/2022 春合宿 過去問,2022,1647734400,joisc2022_g,G,壊れた機器 2 (Broken Device 2),G. 壊れた機器 2 (Broken Device 2),,17,"['communication', 'encoding', 'information theory', 'interactive', 'optimization']",5,https://atcoder.jp/contests/joisc2022/tasks/joisc2022_g,,,,
atcoder,others,joisc2022,JOI 2021/2022 春合宿 過去問,2022,1647734400,joisc2022_h,H,スプリンクラー (Sprinkler),H. スプリンクラー (Sprinkler),,187,"['centroid decomposition', 'data structure', 'optimization', 'tree']",4,https://atcoder.jp/contests/joisc2022/tasks/joisc2022_h,,,,
atcoder,others,joisc2022,JOI 2021/2022 春合宿 過去問,2022,1647734400,joisc2022_i,I,蟻と角砂糖 (Ants and Sugar),I. 蟻と角砂糖 (Ants and Sugar),,23,"['data structure', 'greedy', 'optimization', 'segment tree', 'two pointer']",5,https://atcoder.jp/contests/joisc2022/tasks/joisc2022_i,,,,
atcoder,others,joisc2022,JOI 2021/2022 春合宿 過去問,2022,1647734400,joisc2022_j,J,一流の団子職人 (Super Dango Maker),J. 一流の団子職人 (Super Dango Maker),,99,"['binary search', 'constructive', 'interactive', 'optimization', 'query']",5,https://atcoder.jp/contests/joisc2022/tasks/joisc2022_j,,,,
atcoder,others,joisc2022,JOI 2021/2022 春合宿 過去問,2022,1647734400,joisc2022_k,K,魚 2 (Fish 2),K. 魚 2 (Fish 2),,75,"['data structure', 'dp', 'greedy', 'optimization', 'range query', 'segment tree']",6,https://atcoder.jp/contests/joisc2022/tasks/joisc2022_k,,,,
atcoder,others,joisc2022,JOI 2021/2022 春合宿 過去問,2022,1647734400,joisc2022_l,L,復興事業 (Reconstruction Project),L. 復興事業 (Reconstruction Project),,120,"['divide and conquer', 'graph theory', 'minimum spanning tree', 'optimization', 'dsu']",5,https://atcoder.jp/contests/joisc2022/tasks/joisc2022_l,,,,
atcoder,others,joisp2023,JOI 2022/2023 春季トレーニング 過去問,2023,1679184000,joisp2023_a,A,ふたつの通貨 (Two Currencies),A. ふたつの通貨 (Two Currencies),,120,"['binary search', 'greedy', 'lca', 'prefix sum', 'tree']",5,https://atcoder.jp/contests/joisp2023/tasks/joisp2023_a,,,,
atcoder,others,joisp2023,JOI 2022/2023 春季トレーニング 過去問,2023,1679184000,joisp2023_b,B,JOI 国のお祭り事情 2 (Festivals in JOI Kingdom 2),B. JOI 国のお祭り事情 2 (Festivals in JOI Kingdom 2),,21,"['combinatorics', 'counting', 'dp', 'greedy', 'interval']",5,https://atcoder.jp/contests/joisp2023/tasks/joisp2023_b,,,,
atcoder,others,joisp2023,JOI 2022/2023 春季トレーニング 過去問,2023,1679184000,joisp2023_c,C,パスポート (Passport),C. パスポート (Passport),,64,"['bfs', 'graph theory', 'greedy', 'interval', 'shortest path']",5,https://atcoder.jp/contests/joisp2023/tasks/joisp2023_c,,,,
atcoder,others,joisp2023,JOI 2022/2023 春季トレーニング 過去問,2023,1679184000,joisp2023_d,D,ベルトコンベア (Belt Conveyor),D. ベルトコンベア (Belt Conveyor),,76,"['constructive', 'graph theory', 'interactive', 'tree']",4,https://atcoder.jp/contests/joisp2023/tasks/joisp2023_d,,,,
atcoder,others,joisp2023,JOI 2022/2023 春季トレーニング 過去問,2023,1679184000,joisp2023_e,E,議会 (Council),E. 議会 (Council),,88,"['bitmask dp', 'case work', 'dp', 'optimization', 'sos dp']",5,https://atcoder.jp/contests/joisp2023/tasks/joisp2023_e,,,,
atcoder,others,joisp2023,JOI 2022/2023 春季トレーニング 過去問,2023,1679184000,joisp2023_f,F,水ようかん 2 (Mizuyokan 2),F. 水ようかん 2 (Mizuyokan 2),,19,"['binary search', 'data structure', 'dp', 'greedy', 'segment tree']",5,https://atcoder.jp/contests/joisp2023/tasks/joisp2023_f,,,,
atcoder,others,joisp2023,JOI 2022/2023 春季トレーニング 過去問,2023,1679184000,joisp2023_g,G,ビーバーの合唱 (Chorus),G. ビーバーの合唱 (Chorus),,39,"['combinatorics', 'dp', 'greedy', 'monge optimization', 'sorting']",5,https://atcoder.jp/contests/joisp2023/tasks/joisp2023_g,,,,
atcoder,others,joisp2023,JOI 2022/2023 春季トレーニング 過去問,2023,1679184000,joisp2023_h,H,クッキー (Cookies),H. クッキー (Cookies),,32,"['bitset', 'dp', 'knapsack', 'optimization']",4,https://atcoder.jp/contests/joisp2023/tasks/joisp2023_h,,,,
atcoder,others,joisp2023,JOI 2022/2023 春季トレーニング 過去問,2023,1679184000,joisp2023_i,I,旅行 (Tourism),I. 旅行 (Tourism),,58,"['data structure', 'graph theory', 'lca', ""mo's algorithm"", 'offline processing', 'steiner tree', 'tree', 'virtual tree']",8,https://atcoder.jp/contests/joisp2023/tasks/joisp2023_i,,,,
atcoder,others,joisp2023,JOI 2022/2023 春季トレーニング 過去問,2023,1679184000,joisp2023_j,J, 最後の戦い (The Last Battle),J.  最後の戦い (The Last Battle),,43,"['constructive', 'encoding', 'error handling', 'information theory', 'interactive']",5,https://atcoder.jp/contests/joisp2023/tasks/joisp2023_j,,,,
atcoder,others,joisp2023,JOI 2022/2023 春季トレーニング 過去問,2023,1679184000,joisp2023_k,K,警備員 (Security Guard),K. 警備員 (Security Guard),,17,"['graph theory', 'greedy', 'minimum spanning tree', 'optimization', 'dsu']",5,https://atcoder.jp/contests/joisp2023/tasks/joisp2023_k,,,,
atcoder,others,joisp2023,JOI 2022/2023 春季トレーニング 過去問,2023,1679184000,joisp2023_l,L,ビ太郎の旅 (Bitaro's Travel),L. ビ太郎の旅 (Bitaro's Travel),,119,"['binary search', 'data structure', 'implementation', 'optimization', 'sparse table']",5,https://atcoder.jp/contests/joisp2023/tasks/joisp2023_l,,,,
atcoder,others,jsc2022-final,第三回日本最強プログラマー学生選手権 -決勝-,2022,1661659800,jsc2022_final_a,A,Max and Argmax,A. Max and Argmax,,191,"['heuristic', 'combinatorics', 'subgraph', 'counting', 'graph theory', 'modular arithmetic', 'optimization', 'permutation', 'simulation', 'search']",10,https://atcoder.jp/contests/jsc2022-final/tasks/jsc2022_final_a,,,,
atcoder,others,jsc2022-final,第三回日本最強プログラマー学生選手権 -決勝-,2022,1661659800,jsc2022_final_b,B,Increment and Rotate,B. Increment and Rotate,,118,"['heuristic', 'array', 'constructive', 'optimization', 'rotation', 'simulation', 'sorting', 'search']",8,https://atcoder.jp/contests/jsc2022-final/tasks/jsc2022_final_b,,,,
atcoder,others,jsc2022-final,第三回日本最強プログラマー学生選手権 -決勝-,2022,1661659800,jsc2022_final_c,C,Not a Multiple of 3,C. Not a Multiple of 3,,109,"['heuristic', 'array', 'combinatorics', 'constructive', 'greedy', 'modular arithmetic', 'number theory', 'optimization', 'simulation', 'search']",10,https://atcoder.jp/contests/jsc2022-final/tasks/jsc2022_final_c,,,,
atcoder,others,jsc2022-final,第三回日本最強プログラマー学生選手権 -決勝-,2022,1661659800,jsc2022_final_d,D,And is 0,D. And is 0,,47,"['heuristic', 'bit manipulation', 'combinatorics', 'constructive', 'counting', 'number theory', 'optimization', 'simulation', 'search', 'subsequence']",10,https://atcoder.jp/contests/jsc2022-final/tasks/jsc2022_final_d,,,,
atcoder,others,jsc2022-final,第三回日本最強プログラマー学生選手権 -決勝-,2022,1661659800,jsc2022_final_e,E,Circular Sushi,E. Circular Sushi,,104,"['heuristic', 'circle geometry', 'geometry', 'modular arithmetic', 'optimization', 'simulation', 'search', 'time', 'physics']",9,https://atcoder.jp/contests/jsc2022-final/tasks/jsc2022_final_e,,,,
atcoder,others,jsc2022-final,第三回日本最強プログラマー学生選手権 -決勝-,2022,1661659800,jsc2022_final_f,F,Share the Recipe,F. Share the Recipe,,27,"['heuristic', 'combinatorics', 'connectivity', 'constraint', 'counting', 'graph theory', 'modular arithmetic', 'optimization', 'permutation', 'simulation', 'search']",11,https://atcoder.jp/contests/jsc2022-final/tasks/jsc2022_final_f,,,,
atcoder,others,jsc2022-final,第三回日本最強プログラマー学生選手権 -決勝-,2022,1661659800,jsc2022_final_g,G,Bipartite Partition,G. Bipartite Partition,,7,"['heuristic', 'bipartite graph', 'combinatorics', 'graph', 'counting', 'dp', 'graph theory', 'subgraph', 'modular arithmetic', 'optimization', 'simulation', 'search']",12,https://atcoder.jp/contests/jsc2022-final/tasks/jsc2022_final_g,,,,
atcoder,others,jsc2022-final-open,第三回日本最強プログラマー学生選手権 -決勝- (オープンコンテスト),2022,1661659800,jsc2022_final_a,A,Max and Argmax,A. Max and Argmax,,191,"['heuristic', 'combinatorics', 'subgraph', 'counting', 'graph theory', 'modular arithmetic', 'optimization', 'permutation', 'simulation', 'search']",10,https://atcoder.jp/contests/jsc2022-final-open/tasks/jsc2022_final_a,,,,
atcoder,others,jsc2022-final-open,第三回日本最強プログラマー学生選手権 -決勝- (オープンコンテスト),2022,1661659800,jsc2022_final_b,B,Increment and Rotate,B. Increment and Rotate,,118,"['heuristic', 'array', 'constructive', 'optimization', 'rotation', 'simulation', 'sorting', 'search']",8,https://atcoder.jp/contests/jsc2022-final-open/tasks/jsc2022_final_b,,,,
atcoder,others,jsc2022-final-open,第三回日本最強プログラマー学生選手権 -決勝- (オープンコンテスト),2022,1661659800,jsc2022_final_c,C,Not a Multiple of 3,C. Not a Multiple of 3,,109,"['heuristic', 'array', 'combinatorics', 'constructive', 'greedy', 'modular arithmetic', 'number theory', 'optimization', 'simulation', 'search']",10,https://atcoder.jp/contests/jsc2022-final-open/tasks/jsc2022_final_c,,,,
atcoder,others,jsc2022-final-open,第三回日本最強プログラマー学生選手権 -決勝- (オープンコンテスト),2022,1661659800,jsc2022_final_d,D,And is 0,D. And is 0,,47,"['heuristic', 'bit manipulation', 'combinatorics', 'constructive', 'counting', 'number theory', 'optimization', 'simulation', 'search', 'subsequence']",10,https://atcoder.jp/contests/jsc2022-final-open/tasks/jsc2022_final_d,,,,
atcoder,others,jsc2022-final-open,第三回日本最強プログラマー学生選手権 -決勝- (オープンコンテスト),2022,1661659800,jsc2022_final_e,E,Circular Sushi,E. Circular Sushi,,104,"['heuristic', 'circle geometry', 'geometry', 'modular arithmetic', 'optimization', 'simulation', 'search', 'time', 'physics']",9,https://atcoder.jp/contests/jsc2022-final-open/tasks/jsc2022_final_e,,,,
atcoder,others,jsc2022-final-open,第三回日本最強プログラマー学生選手権 -決勝- (オープンコンテスト),2022,1661659800,jsc2022_final_f,F,Share the Recipe,F. Share the Recipe,,27,"['heuristic', 'combinatorics', 'connectivity', 'constraint', 'counting', 'graph theory', 'modular arithmetic', 'optimization', 'permutation', 'simulation', 'search']",11,https://atcoder.jp/contests/jsc2022-final-open/tasks/jsc2022_final_f,,,,
atcoder,others,jsc2022-final-open,第三回日本最強プログラマー学生選手権 -決勝- (オープンコンテスト),2022,1661659800,jsc2022_final_g,G,Bipartite Partition,G. Bipartite Partition,,7,"['heuristic', 'bipartite graph', 'combinatorics', 'graph', 'counting', 'dp', 'graph theory', 'subgraph', 'modular arithmetic', 'optimization', 'simulation', 'search']",12,https://atcoder.jp/contests/jsc2022-final-open/tasks/jsc2022_final_g,,,,
atcoder,others,jsc2023-final,第四回日本最強プログラマー学生選手権 -決勝-,2023,1696047000,jsc2023_final_a,A,Apple Addiction,A. Apple Addiction,,137,"['heuristic', 'combinatorics', 'counting', 'dp', 'array', 'modular arithmetic', 'number theory', 'optimization', 'permutation', 'simulation', 'search']",11,https://atcoder.jp/contests/jsc2023-final/tasks/jsc2023_final_a,,,,
atcoder,others,jsc2023-final,第四回日本最強プログラマー学生選手権 -決勝-,2023,1696047000,jsc2023_final_b,B,Max Degree Sum,B. Max Degree Sum,,103,"['heuristic', 'combinatorics', 'counting', 'dp', 'array', 'modular arithmetic', 'number theory', 'optimization', 'permutation', 'simulation', 'search']",11,https://atcoder.jp/contests/jsc2023-final/tasks/jsc2023_final_b,,,,
atcoder,others,jsc2023-final,第四回日本最強プログラマー学生選手権 -決勝-,2023,1696047000,jsc2023_final_c,C,Power Convergence,C. Power Convergence,,85,"['heuristic', 'combinatorics', 'counting', 'dp', 'array', 'modular arithmetic', 'number theory', 'optimization', 'permutation', 'simulation', 'search']",11,https://atcoder.jp/contests/jsc2023-final/tasks/jsc2023_final_c,,,,
atcoder,others,jsc2023-final,第四回日本最強プログラマー学生選手権 -決勝-,2023,1696047000,jsc2023_final_d,D,Two Xor,D. Two Xor,,52,"['heuristic', 'combinatorics', 'counting', 'dp', 'array', 'modular arithmetic', 'number theory', 'optimization', 'permutation', 'simulation', 'search']",11,https://atcoder.jp/contests/jsc2023-final/tasks/jsc2023_final_d,,,,
atcoder,others,jsc2023-final,第四回日本最強プログラマー学生選手権 -決勝-,2023,1696047000,jsc2023_final_e,E,Min Subtraction,E. Min Subtraction,,54,"['heuristic', 'combinatorics', 'counting', 'dp', 'array', 'modular arithmetic', 'number theory', 'optimization', 'permutation', 'simulation', 'search']",11,https://atcoder.jp/contests/jsc2023-final/tasks/jsc2023_final_e,,,,
atcoder,others,jsc2023-final,第四回日本最強プログラマー学生選手権 -決勝-,2023,1696047000,jsc2023_final_f,F,Adjacent Binomial Coefficients,F. Adjacent Binomial Coefficients,,14,"['heuristic', 'combinatorics', 'counting', 'dp', 'array', 'modular arithmetic', 'number theory', 'optimization', 'permutation', 'simulation', 'search']",11,https://atcoder.jp/contests/jsc2023-final/tasks/jsc2023_final_f,,,,
atcoder,others,jsc2023-final,第四回日本最強プログラマー学生選手権 -決勝-,2023,1696047000,jsc2023_final_g,G,Fusion,G. Fusion,,16,"['heuristic', 'combinatorics', 'counting', 'dp', 'array', 'modular arithmetic', 'number theory', 'optimization', 'permutation', 'simulation', 'search']",11,https://atcoder.jp/contests/jsc2023-final/tasks/jsc2023_final_g,,,,
atcoder,others,kupc2021,京都大学プログラミングコンテスト 2021,2021,1635652800,kupc2021_a,A,Standing Sign,A. Standing Sign,,526,"['greedy', 'implementation', 'scheduling']",3,https://atcoder.jp/contests/kupc2021/tasks/kupc2021_a,,,,
atcoder,others,kupc2021,京都大学プログラミングコンテスト 2021,2021,1635652800,kupc2021_b,B,Painting with Many Orders,B. Painting with Many Orders,,262,"['constructive', 'grid', 'implementation', 'permutation']",4,https://atcoder.jp/contests/kupc2021/tasks/kupc2021_b,,,,
atcoder,others,kupc2021,京都大学プログラミングコンテスト 2021,2021,1635652800,kupc2021_c,C,Gacha,C. Gacha,,152,"['greedy', 'implementation', 'optimization', 'scheduling']",4,https://atcoder.jp/contests/kupc2021/tasks/kupc2021_c,,,,
atcoder,others,kupc2021,京都大学プログラミングコンテスト 2021,2021,1635652800,kupc2021_d,D,Stones,D. Stones,,161,"['game theory', 'sprague grundy', 'implementation', 'impartial game', 'nim', 'xor']",6,https://atcoder.jp/contests/kupc2021/tasks/kupc2021_d,,,,
atcoder,others,kupc2021,京都大学プログラミングコンテスト 2021,2021,1635652800,kupc2021_e,E,PERMST,E. PERMST,,90,"['constructive', 'graph theory', 'greedy', 'implementation', 'minimum spanning tree', 'permutation']",6,https://atcoder.jp/contests/kupc2021/tasks/kupc2021_e,,,,
atcoder,others,kupc2021,京都大学プログラミングコンテスト 2021,2021,1635652800,kupc2021_f,F,One Yen Coin,F. One Yen Coin,,58,"['dp', 'greedy', 'knapsack', 'optimization']",4,https://atcoder.jp/contests/kupc2021/tasks/kupc2021_f,,,,
atcoder,others,kupc2021,京都大学プログラミングコンテスト 2021,2021,1635652800,kupc2021_g,G,Two Step Sort,G. Two Step Sort,,77,"['graph theory', 'greedy', 'implementation', 'optimization', 'permutation']",5,https://atcoder.jp/contests/kupc2021/tasks/kupc2021_g,,,,
atcoder,others,kupc2021,京都大学プログラミングコンテスト 2021,2021,1635652800,kupc2021_h,H,Symmetric,H. Symmetric,,26,"['recurrence', 'matrix', 'modular arithmetic', 'number theory', 'polynomial']",5,https://atcoder.jp/contests/kupc2021/tasks/kupc2021_h,,,,
atcoder,others,kupc2021,京都大学プログラミングコンテスト 2021,2021,1635652800,kupc2021_i,I,Good LACK,I. Good LACK,,48,"['data structure', 'dfs', 'greedy', 'implementation', 'segment tree', 'subtree', 'tree']",7,https://atcoder.jp/contests/kupc2021/tasks/kupc2021_i,,,,
atcoder,others,kupc2021,京都大学プログラミングコンテスト 2021,2021,1635652800,kupc2021_j,J,Delete Balls,J. Delete Balls,,20,"['dp', 'interval dp', 'optimization', 'string']",4,https://atcoder.jp/contests/kupc2021/tasks/kupc2021_j,,,,
atcoder,others,kupc2021,京都大学プログラミングコンテスト 2021,2021,1635652800,kupc2021_k,K,Three Coloring,K. Three Coloring,,60,"['bitmask', 'combinatorics', 'constraint', 'counting', 'graph coloring', 'meet in the middle']",6,https://atcoder.jp/contests/kupc2021/tasks/kupc2021_k,,,,
atcoder,others,kupc2021,京都大学プログラミングコンテスト 2021,2021,1635652800,kupc2021_l,L,Tag Game,L. Tag Game,,6,"['binary search', 'game theory', 'graph theory', 'implementation', 'tree']",5,https://atcoder.jp/contests/kupc2021/tasks/kupc2021_l,,,,
atcoder,others,kupc2021,京都大学プログラミングコンテスト 2021,2021,1635652800,kupc2021_m,M,Formula,M. Formula,,41,"['dp', 'recurrence', 'matrix', 'modular arithmetic', 'string']",5,https://atcoder.jp/contests/kupc2021/tasks/kupc2021_m,,,,
atcoder,others,loadchecking,負荷チェックコンテスト,2022,1644746400,loadchecking_a,A,好きな順列,A. 好きな順列,,1532,"['constructive', 'implementation', 'optimization']",3,https://atcoder.jp/contests/loadchecking/tasks/loadchecking_a,,,,
atcoder,others,maximum-cup-2023,Maximum-Cup 2023,2023,1693022400,maximum_cup_2023_a,A,倍数ペア,A. 倍数ペア,,360,"['counting', 'implementation']",2,https://atcoder.jp/contests/maximum-cup-2023/tasks/maximum_cup_2023_a,,,,
atcoder,others,maximum-cup-2023,Maximum-Cup 2023,2023,1693022400,maximum_cup_2023_b,B,等差数列と数え上げ,B. 等差数列と数え上げ,,24,"['combinatorics', 'counting', 'dp', 'modular arithmetic', 'number theory']",5,https://atcoder.jp/contests/maximum-cup-2023/tasks/maximum_cup_2023_b,,,,
atcoder,others,maximum-cup-2023,Maximum-Cup 2023,2023,1693022400,maximum_cup_2023_c,C,黒板,C. 黒板,,19,"['counting', 'dp', 'inclusion exclusion', 'number theory']",4,https://atcoder.jp/contests/maximum-cup-2023/tasks/maximum_cup_2023_c,,,,
atcoder,others,maximum-cup-2023,Maximum-Cup 2023,2023,1693022400,maximum_cup_2023_d,D,編集ゲーム,D. 編集ゲーム,,73,"['game theory', 'greedy', 'implementation', 'string']",4,https://atcoder.jp/contests/maximum-cup-2023/tasks/maximum_cup_2023_d,,,,
atcoder,others,maximum-cup-2023,Maximum-Cup 2023,2023,1693022400,maximum_cup_2023_e,E,小大小大……,E. 小大小大……,,39,"['combinatorics', 'counting', 'dp', 'modular arithmetic', 'permutation']",5,https://atcoder.jp/contests/maximum-cup-2023/tasks/maximum_cup_2023_e,,,,
atcoder,others,maximum-cup-2023,Maximum-Cup 2023,2023,1693022400,maximum_cup_2023_f,F,01文字列の構築,F. 01文字列の構築,,169,"['constructive', 'implementation', 'string']",3,https://atcoder.jp/contests/maximum-cup-2023/tasks/maximum_cup_2023_f,,,,
atcoder,others,maximum-cup-2023,Maximum-Cup 2023,2023,1693022400,maximum_cup_2023_g,G,イノシシ対策,G. イノシシ対策,,7,"['computational geometry', 'greedy', 'implementation']",3,https://atcoder.jp/contests/maximum-cup-2023/tasks/maximum_cup_2023_g,,,,
atcoder,others,maximum-cup-2023,Maximum-Cup 2023,2023,1693022400,maximum_cup_2023_h,H,変数の最大化,H. 変数の最大化,,108,"['bit manipulation', 'dp', 'greedy', 'implementation']",4,https://atcoder.jp/contests/maximum-cup-2023/tasks/maximum_cup_2023_h,,,,
atcoder,others,monamieHB2021,えびまのお誕生日コンテスト 2021 Day 1,2021,1618920000,monamieHB2021_a,A,Crab or Shrimp,A. Crab or Shrimp,,376,"['brute force', 'constructive', 'optimization', 'number theory']",4,https://atcoder.jp/contests/monamieHB2021/tasks/monamieHB2021_a,,,,
atcoder,others,monamieHB2021,えびまのお誕生日コンテスト 2021 Day 1,2021,1618920000,monamieHB2021_b,B,Lovely Sequence,B. Lovely Sequence,,116,"['combinatorics', 'constructive', 'counting', 'greedy', 'optimization', 'number theory', 'sequence']",7,https://atcoder.jp/contests/monamieHB2021/tasks/monamieHB2021_b,,,,
atcoder,others,monamieHB2021,えびまのお誕生日コンテスト 2021 Day 1,2021,1618920000,monamieHB2021_c,C,Ball in the Box,C. Ball in the Box,,65,"['combinatorics', 'counting', 'dp', 'inclusion exclusion', 'modular arithmetic', 'partition']",6,https://atcoder.jp/contests/monamieHB2021/tasks/monamieHB2021_c,,,,
atcoder,others,monamieHB2021,えびまのお誕生日コンテスト 2021 Day 1,2021,1618920000,monamieHB2021_d,D,Nice Couples,D. Nice Couples,,55,"['combinatorics', 'counting', 'math', 'number theory']",4,https://atcoder.jp/contests/monamieHB2021/tasks/monamieHB2021_d,,,,
atcoder,others,monamieHB2021,えびまのお誕生日コンテスト 2021 Day 1,2021,1618920000,monamieHB2021_e,E,Min Cost Sort,E. Min Cost Sort,,83,"['greedy', 'implementation', 'optimization', 'permutation']",4,https://atcoder.jp/contests/monamieHB2021/tasks/monamieHB2021_e,,,,
atcoder,others,nadafes2022_day1,灘校文化祭コンテスト 2022 Day1,2022,1651550400,nadafes2022_day1_a,A,Max Inversion,A. Max Inversion,,517,"['combinatorics', 'implementation', 'optimization', 'permutation']",4,https://atcoder.jp/contests/nadafes2022_day1/tasks/nadafes2022_day1_a,,,,
atcoder,others,nadafes2022_day1,灘校文化祭コンテスト 2022 Day1,2022,1651550400,nadafes2022_day1_b,B,Exist Multiples,B. Exist Multiples,,393,"['combinatorics', 'counting', 'inclusion exclusion', 'modular arithmetic', 'number theory']",5,https://atcoder.jp/contests/nadafes2022_day1/tasks/nadafes2022_day1_b,,,,
atcoder,others,nadafes2022_day1,灘校文化祭コンテスト 2022 Day1,2022,1651550400,nadafes2022_day1_c,C,Flood,C. Flood,,274,"['bfs', 'grid', 'implementation', 'shortest path', 'simulation']",5,https://atcoder.jp/contests/nadafes2022_day1/tasks/nadafes2022_day1_c,,,,
atcoder,others,nadafes2022_day1,灘校文化祭コンテスト 2022 Day1,2022,1651550400,nadafes2022_day1_d,D,Double Permutations,D. Double Permutations,,210,"['constructive', 'implementation', 'modular arithmetic', 'permutation']",4,https://atcoder.jp/contests/nadafes2022_day1/tasks/nadafes2022_day1_d,,,,
atcoder,others,nadafes2022_day1,灘校文化祭コンテスト 2022 Day1,2022,1651550400,nadafes2022_day1_e,E,Even Degree,E. Even Degree,,140,"['connected components', 'graph theory', 'greedy', 'implementation', 'optimization']",5,https://atcoder.jp/contests/nadafes2022_day1/tasks/nadafes2022_day1_e,,,,
atcoder,others,nadafes2022_day1,灘校文化祭コンテスト 2022 Day1,2022,1651550400,nadafes2022_day1_f,F,Mth Next Permutation,F. Mth Next Permutation,,174,"['combinatorics', 'counting', 'cycle', 'modular arithmetic', 'permutation']",5,https://atcoder.jp/contests/nadafes2022_day1/tasks/nadafes2022_day1_f,,,,
atcoder,others,nadafes2022_day1,灘校文化祭コンテスト 2022 Day1,2022,1651550400,nadafes2022_day1_g,G,Road Closed,G. Road Closed,,107,"['combinatorics', 'counting', 'grid', 'inclusion exclusion', 'modular arithmetic']",5,https://atcoder.jp/contests/nadafes2022_day1/tasks/nadafes2022_day1_g,,,,
atcoder,others,nadafes2022_day1,灘校文化祭コンテスト 2022 Day1,2022,1651550400,nadafes2022_day1_h,H,Traveling PCT Problem,H. Traveling PCT Problem,,80,"['diameter', 'tree distance', 'lca', 'query', 'tree']",5,https://atcoder.jp/contests/nadafes2022_day1/tasks/nadafes2022_day1_h,,,,
atcoder,others,nadafes2022_day1,灘校文化祭コンテスト 2022 Day1,2022,1651550400,nadafes2022_day1_i,I,NPCA Kingdom,I. NPCA Kingdom,,54,"['computational geometry', 'dijkstra', 'graph theory', 'implementation', 'shortest path']",5,https://atcoder.jp/contests/nadafes2022_day1/tasks/nadafes2022_day1_i,,,,
atcoder,others,nadafes2022_day1,灘校文化祭コンテスト 2022 Day1,2022,1651550400,nadafes2022_day1_j,J,Excluded LCM,J. Excluded LCM,,106,"['implementation', 'lcm', 'number theory', 'prime factorization', 'query']",5,https://atcoder.jp/contests/nadafes2022_day1/tasks/nadafes2022_day1_j,,,,
atcoder,others,nadafes2022_day1,灘校文化祭コンテスト 2022 Day1,2022,1651550400,nadafes2022_day1_k,K,Li,K. Li,,65,"['combinatorics', 'counting', 'dp', 'modular arithmetic', 'tiling']",5,https://atcoder.jp/contests/nadafes2022_day1/tasks/nadafes2022_day1_k,,,,
atcoder,others,nadafes2022_day1,灘校文化祭コンテスト 2022 Day1,2022,1651550400,nadafes2022_day1_l,L,Lexicographic Euler Tour,L. Lexicographic Euler Tour,,30,"['dfs', 'greedy', 'implementation', 'lexicographical', 'tree']",5,https://atcoder.jp/contests/nadafes2022_day1/tasks/nadafes2022_day1_l,,,,
atcoder,others,nadafes2022_day1,灘校文化祭コンテスト 2022 Day1,2022,1651550400,nadafes2022_day1_m,M,Random Drawing,M. Random Drawing,,19,"['dp', 'expectation', 'game theory', 'implementation', 'modular arithmetic', 'probability']",6,https://atcoder.jp/contests/nadafes2022_day1/tasks/nadafes2022_day1_m,,,,
atcoder,others,nadafes2022_day1,灘校文化祭コンテスト 2022 Day1,2022,1651550400,nadafes2022_day1_n,N,Range Flip,N. Range Flip,,9,"['combinatorics', 'counting', 'dp', 'implementation', 'modular arithmetic']",5,https://atcoder.jp/contests/nadafes2022_day1/tasks/nadafes2022_day1_n,,,,
atcoder,others,nadafes2022_day1,灘校文化祭コンテスト 2022 Day1,2022,1651550400,nadafes2022_day1_o,O,Swapping Desks,O. Swapping Desks,,28,"['connected components', 'greedy', 'implementation', 'query']",4,https://atcoder.jp/contests/nadafes2022_day1/tasks/nadafes2022_day1_o,,,,
atcoder,others,nadafes2022_day1,灘校文化祭コンテスト 2022 Day1,2022,1651550400,nadafes2022_day1_p,P,Sum of Max of Difference,P. Sum of Max of Difference,,5,"['combinatorics', 'counting', 'dp', 'implementation', 'modular arithmetic']",5,https://atcoder.jp/contests/nadafes2022_day1/tasks/nadafes2022_day1_p,,,,
atcoder,others,nadafes2022_day2,灘校文化祭コンテスト 2022 Day2,2022,1651636800,nadafes2022_day2_a,A,ACPN,A. ACPN,,301,"['combinatorics', 'constructive', 'gcd', 'implementation', 'modular arithmetic', 'number theory', 'permutation']",7,https://atcoder.jp/contests/nadafes2022_day2/tasks/nadafes2022_day2_a,,,,
atcoder,others,nadafes2022_day2,灘校文化祭コンテスト 2022 Day2,2022,1651636800,nadafes2022_day2_b,B,Min Max Min,B. Min Max Min,,210,"['binary search', 'data structure', 'implementation', 'range query', 'two pointer']",5,https://atcoder.jp/contests/nadafes2022_day2/tasks/nadafes2022_day2_b,,,,
atcoder,others,nadafes2022_day2,灘校文化祭コンテスト 2022 Day2,2022,1651636800,nadafes2022_day2_c,C,Time Bombs,C. Time Bombs,,126,"['bfs', 'bitmask dp', 'dp', 'graph theory', 'grid', 'shortest path']",6,https://atcoder.jp/contests/nadafes2022_day2/tasks/nadafes2022_day2_c,,,,
atcoder,others,nadafes2022_day2,灘校文化祭コンテスト 2022 Day2,2022,1651636800,nadafes2022_day2_d,D,NPCA Network,D. NPCA Network,,57,"['graph theory', 'implementation', 'interactive', 'query']",4,https://atcoder.jp/contests/nadafes2022_day2/tasks/nadafes2022_day2_d,,,,
atcoder,others,nadafes2022_day2,灘校文化祭コンテスト 2022 Day2,2022,1651636800,nadafes2022_day2_e,E,Hamiltonian Circuit,E. Hamiltonian Circuit,,94,"['combinatorics', 'counting', 'graph theory', 'hamiltonian path', 'modular arithmetic']",5,https://atcoder.jp/contests/nadafes2022_day2/tasks/nadafes2022_day2_e,,,,
atcoder,others,nadafes2022_day2,灘校文化祭コンテスト 2022 Day2,2022,1651636800,nadafes2022_day2_f,F,Charge,F. Charge,,37,"['dp', 'greedy', 'implementation', 'optimization', 'scheduling']",5,https://atcoder.jp/contests/nadafes2022_day2/tasks/nadafes2022_day2_f,,,,
atcoder,others,nadafes2022_day2,灘校文化祭コンテスト 2022 Day2,2022,1651636800,nadafes2022_day2_g,G,Interval GCD,G. Interval GCD,,60,"['combinatorics', 'counting', 'gcd', 'inclusion exclusion', 'modular arithmetic', 'number theory']",6,https://atcoder.jp/contests/nadafes2022_day2/tasks/nadafes2022_day2_g,,,,
atcoder,others,nadafes2022_day2,灘校文化祭コンテスト 2022 Day2,2022,1651636800,nadafes2022_day2_h,H,Tourist on Graph,H. Tourist on Graph,,53,"['articulation points', 'biconnected components', 'block cut tree', 'counting', 'graph theory', 'implementation']",6,https://atcoder.jp/contests/nadafes2022_day2/tasks/nadafes2022_day2_h,,,,
atcoder,others,nadafes2022_day2,灘校文化祭コンテスト 2022 Day2,2022,1651636800,nadafes2022_day2_i,I,Product of LCM of GCD,I. Product of LCM of GCD,,30,"['combinatorics', 'counting', 'gcd', 'lcm', 'modular arithmetic', 'number theory', 'permutation']",7,https://atcoder.jp/contests/nadafes2022_day2/tasks/nadafes2022_day2_i,,,,
atcoder,others,nadafes2022_day2,灘校文化祭コンテスト 2022 Day2,2022,1651636800,nadafes2022_day2_j,J,Sum Equality,J. Sum Equality,,16,"['combinatorics', 'constructive', 'implementation', 'number theory', 'polynomial', 'sum']",6,https://atcoder.jp/contests/nadafes2022_day2/tasks/nadafes2022_day2_j,,,,
atcoder,others,nadafes2022_day2,灘校文化祭コンテスト 2022 Day2,2022,1651636800,nadafes2022_day2_k,K,Exhibition 3,K. Exhibition 3,,35,"['binary search', 'dp', 'greedy', 'implementation', 'sorting']",5,https://atcoder.jp/contests/nadafes2022_day2/tasks/nadafes2022_day2_k,,,,
atcoder,others,nadafes2022_day2,灘校文化祭コンテスト 2022 Day2,2022,1651636800,nadafes2022_day2_l,L,Min Diff Min,L. Min Diff Min,,40,"['data structure', 'implementation', 'range query', 'sliding window']",4,https://atcoder.jp/contests/nadafes2022_day2/tasks/nadafes2022_day2_l,,,,
atcoder,others,nadafes2022_day2,灘校文化祭コンテスト 2022 Day2,2022,1651636800,nadafes2022_day2_m,M,Swapping Brackets,M. Swapping Brackets,,7,"['balanced bracket sequence', 'combinatorics', 'counting', 'implementation', 'sliding window', 'string']",6,https://atcoder.jp/contests/nadafes2022_day2/tasks/nadafes2022_day2_m,,,,
atcoder,others,nadafes2022_day2,灘校文化祭コンテスト 2022 Day2,2022,1651636800,nadafes2022_day2_n,N,All Crosses,N. All Crosses,,6,"['combinatorics', 'constructive', 'grid', 'implementation', 'linear algebra', 'modular arithmetic']",6,https://atcoder.jp/contests/nadafes2022_day2/tasks/nadafes2022_day2_n,,,,
atcoder,others,nadafes2022_day2,灘校文化祭コンテスト 2022 Day2,2022,1651636800,nadafes2022_day2_o,O,Simple Inversion Problem,O. Simple Inversion Problem,,12,"['combinatorics', 'counting', 'generating function', 'inversion', 'modular arithmetic', 'permutation', 'polynomial']",7,https://atcoder.jp/contests/nadafes2022_day2/tasks/nadafes2022_day2_o,,,,
atcoder,others,nadafes2022_day2,灘校文化祭コンテスト 2022 Day2,2022,1651636800,nadafes2022_day2_p,P,Turn it Over,P. Turn it Over,,9,"['expectation', 'implementation', 'formula', 'modular arithmetic', 'probability']",5,https://atcoder.jp/contests/nadafes2022_day2/tasks/nadafes2022_day2_p,,,,
atcoder,others,newjudge-2308-algorithm,新ジャッジテストコンテスト -Algorithm-,2023,1691319600,abc244_c,C,Yamanote Line Game,C. Yamanote Line Game,46.0,10701,"['game theory', 'implementation', 'interactive']",3,https://atcoder.jp/contests/newjudge-2308-algorithm/tasks/abc244_c,25.637,,,
atcoder,others,newjudge-2308-algorithm,新ジャッジテストコンテスト -Algorithm-,2023,1691319600,abc254_g,G,Elevators,G. Elevators,2890.0,366,"['bipartite graph', 'cycle', 'graph theory', 'implementation']",4,https://atcoder.jp/contests/newjudge-2308-algorithm/tasks/abc254_g,75.235,,,
atcoder,others,newjudge-2308-algorithm,新ジャッジテストコンテスト -Algorithm-,2023,1691319600,abc260_f,F,Find 4-cycle,F. Find 4-cycle,1995.0,2251,"['bipartite graph', 'cycle', 'graph theory', 'implementation']",4,https://atcoder.jp/contests/newjudge-2308-algorithm/tasks/abc260_f,59.627,,,
atcoder,others,newjudge-2308-algorithm,新ジャッジテストコンテスト -Algorithm-,2023,1691319600,abc264_a,A,"""atcoder"".substr()","A. ""atcoder"".substr()",-1180.0,14539,"['implementation', 'string']",2,https://atcoder.jp/contests/newjudge-2308-algorithm/tasks/abc264_a,4.255,,,
atcoder,others,newjudge-2308-algorithm,新ジャッジテストコンテスト -Algorithm-,2023,1691319600,abc273_b,B,Broken Rounding,B. Broken Rounding,77.0,9838,"['implementation', 'number theory', 'simulation']",3,https://atcoder.jp/contests/newjudge-2308-algorithm/tasks/abc273_b,26.177,,,
atcoder,others,newjudge-2308-algorithm,新ジャッジテストコンテスト -Algorithm-,2023,1691319600,abc294_h,H,K-Coloring,Ex. K-Coloring,3058.0,305,"['combinatorics', 'connected components', 'graph theory', 'inclusion exclusion', 'modular arithmetic']",5,https://atcoder.jp/contests/newjudge-2308-algorithm/tasks/abc294_h,78.165,,,
atcoder,others,newjudge-2308-algorithm,新ジャッジテストコンテスト -Algorithm-,2023,1691319600,abc304_e,E,Good Graph,E. Good Graph,971.0,5759,"['connected components', 'dsu', 'graph theory', 'implementation']",4,https://atcoder.jp/contests/newjudge-2308-algorithm/tasks/abc304_e,41.768,,,
atcoder,others,newjudge-2308-algorithm,新ジャッジテストコンテスト -Algorithm-,2023,1691319600,abc309_d,D,Add One Edge,D. Add One Edge,621.0,8267,"['bfs', 'graph theory', 'implementation', 'shortest path']",4,https://atcoder.jp/contests/newjudge-2308-algorithm/tasks/abc309_d,35.664,,,
atcoder,others,newjudge-2308-heuristic,新ジャッジテストコンテスト -Heuristic-,2023,1691326800,newjudge_2308_heuristic_a,A,AtCoder Contest Scheduling (Online Version),A. AtCoder Contest Scheduling (Online Version),,237,"['greedy', 'heuristic', 'implementation', 'optimization', 'simulation']",5,https://atcoder.jp/contests/newjudge-2308-heuristic/tasks/newjudge_2308_heuristic_a,,,,
atcoder,others,oupc2023-day1,OUPC 2023 Day1 : 大阪大学セット,2024,1704513600,oupc2023_day1_a,A,Mijingiri,A. Mijingiri,,448,"['constructive', 'greedy', 'math', 'optimization']",4,https://atcoder.jp/contests/oupc2023-day1/tasks/oupc2023_day1_a,,,,
atcoder,others,oupc2023-day1,OUPC 2023 Day1 : 大阪大学セット,2024,1704513600,oupc2023_day1_b,B,Gomamayo,B. Gomamayo,,301,"['combinatorics', 'counting', 'implementation', 'string']",4,https://atcoder.jp/contests/oupc2023-day1/tasks/oupc2023_day1_b,,,,
atcoder,others,oupc2023-day1,OUPC 2023 Day1 : 大阪大学セット,2024,1704513600,oupc2023_day1_c,C,Caesar Cipher,C. Caesar Cipher,,262,"['hashing', 'implementation', 'modular arithmetic', 'string']",4,https://atcoder.jp/contests/oupc2023-day1/tasks/oupc2023_day1_c,,,,
atcoder,others,oupc2023-day1,OUPC 2023 Day1 : 大阪大学セット,2024,1704513600,oupc2023_day1_d,D,Han Burger,D. Han Burger,,139,"['constructive', 'greedy', 'string']",3,https://atcoder.jp/contests/oupc2023-day1/tasks/oupc2023_day1_d,,,,
atcoder,others,oupc2023-day1,OUPC 2023 Day1 : 大阪大学セット,2024,1704513600,oupc2023_day1_e,E,Han Burger 2,E. Han Burger 2,,4,"['combinatorics', 'counting', 'dp', 'stack', 'string']",5,https://atcoder.jp/contests/oupc2023-day1/tasks/oupc2023_day1_e,,,,
atcoder,others,oupc2023-day1,OUPC 2023 Day1 : 大阪大学セット,2024,1704513600,oupc2023_day1_f,F,Remainder of Max Problem,F. Remainder of Max Problem,,19,"['counting', 'math', 'number theory', 'query', 'modular arithmetic']",5,https://atcoder.jp/contests/oupc2023-day1/tasks/oupc2023_day1_f,,,,
atcoder,others,oupc2023-day1,OUPC 2023 Day1 : 大阪大学セット,2024,1704513600,oupc2023_day1_g,G,Impassable Game,G. Impassable Game,,23,"['game theory', 'dag', 'dp', 'graph theory', 'math', 'modular arithmetic', 'probability', 'minimax']",8,https://atcoder.jp/contests/oupc2023-day1/tasks/oupc2023_day1_g,,,,
atcoder,others,oupc2023-day1,OUPC 2023 Day1 : 大阪大学セット,2024,1704513600,oupc2023_day1_h,H,Wonderful Stage,H. Wonderful Stage,,53,"['binary search', 'dp', 'knapsack', 'optimization', 'subset sum']",5,https://atcoder.jp/contests/oupc2023-day1/tasks/oupc2023_day1_h,,,,
atcoder,others,oupc2023-day1,OUPC 2023 Day1 : 大阪大学セット,2024,1704513600,oupc2023_day1_i,I,Min!? Max!? Max!? Min!?,I. Min!? Max!? Max!? Min!?,,40,"['graph theory', 'modular arithmetic', 'number theory', 'optimization', 'shortest path']",5,https://atcoder.jp/contests/oupc2023-day1/tasks/oupc2023_day1_i,,,,
atcoder,others,oupc2023-day1,OUPC 2023 Day1 : 大阪大学セット,2024,1704513600,oupc2023_day1_j,J,Sum Sum,J. Sum Sum,,66,"['combinatorics', 'geometric progression', 'modular arithmetic', 'number theory', 'power sum', 'sum']",6,https://atcoder.jp/contests/oupc2023-day1/tasks/oupc2023_day1_j,,,,
atcoder,others,oupc2023-day1,OUPC 2023 Day1 : 大阪大学セット,2024,1704513600,oupc2023_day1_k,K,Minimize Transfer Time,K. Minimize Transfer Time,,122,"['graph theory', 'optimization', 'shortest path', 'time', 'dijkstra']",5,https://atcoder.jp/contests/oupc2023-day1/tasks/oupc2023_day1_k,,,,
atcoder,others,oupc2023-day1,OUPC 2023 Day1 : 大阪大学セット,2024,1704513600,oupc2023_day1_l,L,KowerKoint Doko,L. KowerKoint Doko,,175,"['graph theory', 'optimization', 'shortest path', 'time', 'dijkstra']",5,https://atcoder.jp/contests/oupc2023-day1/tasks/oupc2023_day1_l,,,,
atcoder,others,oupc2023-day1,OUPC 2023 Day1 : 大阪大学セット,2024,1704513600,oupc2023_day1_m,M,Can't Be UT,M. Can't Be UT,,30,"['combinatorics', 'hook length formula', 'young tableau']",3,https://atcoder.jp/contests/oupc2023-day1/tasks/oupc2023_day1_m,,,,
atcoder,others,oupc2023-day1,OUPC 2023 Day1 : 大阪大学セット,2024,1704513600,oupc2023_day1_n,N,Bench,N. Bench,,19,"['binary search', 'optimization', 'dp', 'query']",4,https://atcoder.jp/contests/oupc2023-day1/tasks/oupc2023_day1_n,,,,
atcoder,others,oupc2023-day1,OUPC 2023 Day1 : 大阪大学セット,2024,1704513600,oupc2023_day1_o,O,Special Matrix,O. Special Matrix,,2,"['geometric progression', 'matrix', 'modular arithmetic', 'number theory', 'optimization']",5,https://atcoder.jp/contests/oupc2023-day1/tasks/oupc2023_day1_o,,,,
atcoder,others,oupc2023-day1,OUPC 2023 Day1 : 大阪大学セット,2024,1704513600,oupc2023_day1_p,P,Score for Cutting Graph,P. Score for Cutting Graph,,10,"['geometric progression', 'matrix', 'modular arithmetic', 'number theory', 'optimization']",5,https://atcoder.jp/contests/oupc2023-day1/tasks/oupc2023_day1_p,,,,
atcoder,others,oupc2023-day1,OUPC 2023 Day1 : 大阪大学セット,2024,1704513600,oupc2023_day1_q,Q,Kurukuru,Q. Kurukuru,,31,"['affine transformation', 'coordinate geometry', 'matrix', 'modular arithmetic', 'query', '2d grid']",6,https://atcoder.jp/contests/oupc2023-day1/tasks/oupc2023_day1_q,,,,
atcoder,others,pakencamp-2020-day1,パ研合宿2020　第1日「SpeedRun」,2021,1609896600,pakencamp_2020_day1_a,A,パ研合宿2020,A. パ研合宿2020,,894,['implementation'],1,https://atcoder.jp/contests/pakencamp-2020-day1/tasks/pakencamp_2020_day1_a,,,,
atcoder,others,pakencamp-2020-day1,パ研合宿2020　第1日「SpeedRun」,2021,1609896600,pakencamp_2020_day1_b,B,パ研合宿2403,B. パ研合宿2403,,822,"['implementation', 'number theory', 'string']",3,https://atcoder.jp/contests/pakencamp-2020-day1/tasks/pakencamp_2020_day1_b,,,,
atcoder,others,pakencamp-2020-day1,パ研合宿2020　第1日「SpeedRun」,2021,1609896600,pakencamp_2020_day1_c,C,皆勤賞,C. 皆勤賞,,700,"['counting', 'implementation', 'set', 'string']",4,https://atcoder.jp/contests/pakencamp-2020-day1/tasks/pakencamp_2020_day1_c,,,,
atcoder,others,pakencamp-2020-day1,パ研合宿2020　第1日「SpeedRun」,2021,1609896600,pakencamp_2020_day1_d,D,立方体を壊せ！,D. 立方体を壊せ！,,388,"['case work', 'computational geometry', 'formula', 'volume calculation']",4,https://atcoder.jp/contests/pakencamp-2020-day1/tasks/pakencamp_2020_day1_d,,,,
atcoder,others,pakencamp-2020-day1,パ研合宿2020　第1日「SpeedRun」,2021,1609896600,pakencamp_2020_day1_e,E,Amary,E. Amary,,440,"['case work', 'constructive', 'modular arithmetic', 'number theory']",4,https://atcoder.jp/contests/pakencamp-2020-day1/tasks/pakencamp_2020_day1_e,,,,
atcoder,others,pakencamp-2020-day1,パ研合宿2020　第1日「SpeedRun」,2021,1609896600,pakencamp_2020_day1_f,F,Fibonaccyan,F. Fibonaccyan,,475,"['fibonacci', 'modular arithmetic', 'number theory', 'simulation']",4,https://atcoder.jp/contests/pakencamp-2020-day1/tasks/pakencamp_2020_day1_f,,,,
atcoder,others,pakencamp-2020-day1,パ研合宿2020　第1日「SpeedRun」,2021,1609896600,pakencamp_2020_day1_g,G,同意書,G. 同意書,,401,"['bit manipulation', 'brute force', 'constraint', 'implementation']",4,https://atcoder.jp/contests/pakencamp-2020-day1/tasks/pakencamp_2020_day1_g,,,,
atcoder,others,pakencamp-2020-day1,パ研合宿2020　第1日「SpeedRun」,2021,1609896600,pakencamp_2020_day1_h,H,その計算、合ってますか？,H. その計算、合ってますか？,,315,"['bit manipulation', 'constructive', 'boolean']",3,https://atcoder.jp/contests/pakencamp-2020-day1/tasks/pakencamp_2020_day1_h,,,,
atcoder,others,pakencamp-2020-day1,パ研合宿2020　第1日「SpeedRun」,2021,1609896600,pakencamp_2020_day1_i,I,くねくね,I. くねくね,,303,"['bfs', 'grid', 'shortest path', 'state']",4,https://atcoder.jp/contests/pakencamp-2020-day1/tasks/pakencamp_2020_day1_i,,,,
atcoder,others,pakencamp-2020-day1,パ研合宿2020　第1日「SpeedRun」,2021,1609896600,pakencamp_2020_day1_j,J,Output-only,J. Output-only,,324,"['constructive', 'formula', 'number theory', 'implementation', 'pythagorean triples']",5,https://atcoder.jp/contests/pakencamp-2020-day1/tasks/pakencamp_2020_day1_j,,,,
atcoder,others,pakencamp-2020-day1,パ研合宿2020　第1日「SpeedRun」,2021,1609896600,pakencamp_2020_day1_k,K,Gcd of Sum,K. Gcd of Sum,,231,"['dp', 'gcd', 'number theory', 'prefix sum', 'array']",5,https://atcoder.jp/contests/pakencamp-2020-day1/tasks/pakencamp_2020_day1_k,,,,
atcoder,others,pakencamp-2020-day1,パ研合宿2020　第1日「SpeedRun」,2021,1609896600,pakencamp_2020_day1_l,L,のびたす,L. のびたす,,252,"['combinatorics', 'counting', 'dp', 'modular arithmetic', 'string']",5,https://atcoder.jp/contests/pakencamp-2020-day1/tasks/pakencamp_2020_day1_l,,,,
atcoder,others,pakencamp-2020-day1,パ研合宿2020　第1日「SpeedRun」,2021,1609896600,pakencamp_2020_day1_m,M,貢ぎ物,M. 貢ぎ物,,151,"['bit manipulation', 'counting', 'set theory']",3,https://atcoder.jp/contests/pakencamp-2020-day1/tasks/pakencamp_2020_day1_m,,,,
atcoder,others,pakencamp-2020-day1,パ研合宿2020　第1日「SpeedRun」,2021,1609896600,pakencamp_2020_day1_n,N,背の順,N. 背の順,,127,"['dp', 'lis', 'optimization', 'sequence']",4,https://atcoder.jp/contests/pakencamp-2020-day1/tasks/pakencamp_2020_day1_n,,,,
atcoder,others,pakencamp-2020-day1,パ研合宿2020　第1日「SpeedRun」,2021,1609896600,pakencamp_2020_day1_o,O,Xor Sum Sum,O. Xor Sum Sum,,117,"['bit manipulation', 'xor basis', 'optimization', 'xor']",4,https://atcoder.jp/contests/pakencamp-2020-day1/tasks/pakencamp_2020_day1_o,,,,
atcoder,others,pakencamp-2020-day2,パ研合宿2020　第2日「パ研杯2020」,2021,1609992000,pakencamp_2020_day2_a,A,Participants,A. Participants,,637,"['combinatorics', 'counting', 'set theory']",3,https://atcoder.jp/contests/pakencamp-2020-day2/tasks/pakencamp_2020_day2_a,,,,
atcoder,others,pakencamp-2020-day2,パ研合宿2020　第2日「パ研杯2020」,2021,1609992000,pakencamp_2020_day2_b,B,Walking,B. Walking,,320,"['dp', 'grid', 'shortest path']",3,https://atcoder.jp/contests/pakencamp-2020-day2/tasks/pakencamp_2020_day2_b,,,,
atcoder,others,pakencamp-2020-day2,パ研合宿2020　第2日「パ研杯2020」,2021,1609992000,pakencamp_2020_day2_c,C,A + B,C. A + B,,220,"['constructive', 'graph theory', 'greedy', 'scc']",4,https://atcoder.jp/contests/pakencamp-2020-day2/tasks/pakencamp_2020_day2_c,,,,
atcoder,others,pakencamp-2020-day2,パ研合宿2020　第2日「パ研杯2020」,2021,1609992000,pakencamp_2020_day2_d,D,Animal Show,D. Animal Show,,165,"['graph theory', 'topological sort']",2,https://atcoder.jp/contests/pakencamp-2020-day2/tasks/pakencamp_2020_day2_d,,,,
atcoder,others,pakencamp-2020-day2,パ研合宿2020　第2日「パ研杯2020」,2021,1609992000,pakencamp_2020_day2_e,E,老朽化対策,E. 老朽化対策,,60,"['combinatorics', 'contribution counting', 'counting', 'geometry', 'expectation', 'modular arithmetic']",6,https://atcoder.jp/contests/pakencamp-2020-day2/tasks/pakencamp_2020_day2_e,,,,
atcoder,others,pakencamp-2020-day2,パ研合宿2020　第2日「パ研杯2020」,2021,1609992000,pakencamp_2020_day2_f,F,来年も本選に20人送り込むので覚悟しておいてください,F. 来年も本選に20人送り込むので覚悟しておいてください,,23,"['binary search', 'greedy', 'optimization', 'simulation', 'time']",5,https://atcoder.jp/contests/pakencamp-2020-day2/tasks/pakencamp_2020_day2_f,,,,
atcoder,others,pakencamp-2020-day2,パ研合宿2020　第2日「パ研杯2020」,2021,1609992000,pakencamp_2020_day2_g,G,旅人計画問題,G. 旅人計画問題,,21,"['binary search', 'dfs', 'graph theory', 'greedy', 'optimization', 'query', 'tree']",7,https://atcoder.jp/contests/pakencamp-2020-day2/tasks/pakencamp_2020_day2_g,,,,
atcoder,others,pakencamp-2020-day2,パ研合宿2020　第2日「パ研杯2020」,2021,1609992000,pakencamp_2020_day2_h,H,旅立ちの日に,H. 旅立ちの日に,,42,"['bfs', 'constructive', 'graph theory', 'greedy', 'optimization', 'path', 'simulation', 'game theory']",8,https://atcoder.jp/contests/pakencamp-2020-day2/tasks/pakencamp_2020_day2_h,,,,
atcoder,others,pakencamp-2021-day2,パ研合宿2021　第2日「SpeedRun」,2022,1648425600,pakencamp_2021_day2_a,A,Participants 2,A. Participants 2,,733,['implementation'],1,https://atcoder.jp/contests/pakencamp-2021-day2/tasks/pakencamp_2021_day2_a,,,,
atcoder,others,pakencamp-2021-day2,パ研合宿2021　第2日「SpeedRun」,2022,1648425600,pakencamp_2021_day2_b,B,Pasokon Power,B. Pasokon Power,,559,"['implementation', 'math']",2,https://atcoder.jp/contests/pakencamp-2021-day2/tasks/pakencamp_2021_day2_b,,,,
atcoder,others,pakencamp-2021-day2,パ研合宿2021　第2日「SpeedRun」,2022,1648425600,pakencamp_2021_day2_c,C,Participants 3,C. Participants 3,,483,"['implementation', 'set']",2,https://atcoder.jp/contests/pakencamp-2021-day2/tasks/pakencamp_2021_day2_c,,,,
atcoder,others,pakencamp-2021-day2,パ研合宿2021　第2日「SpeedRun」,2022,1648425600,pakencamp_2021_day2_d,D,選択問題の正答はすべて同じ選択肢で…,D. 選択問題の正答はすべて同じ選択肢で…,,429,"['counting', 'implementation', 'optimization']",3,https://atcoder.jp/contests/pakencamp-2021-day2/tasks/pakencamp_2021_day2_d,,,,
atcoder,others,pakencamp-2021-day2,パ研合宿2021　第2日「SpeedRun」,2022,1648425600,pakencamp_2021_day2_e,E,Banned Palindromes,E. Banned Palindromes,,284,"['combinatorics', 'counting', 'formula', 'modular arithmetic', 'pattern']",5,https://atcoder.jp/contests/pakencamp-2021-day2/tasks/pakencamp_2021_day2_e,,,,
atcoder,others,pakencamp-2021-day2,パ研合宿2021　第2日「SpeedRun」,2022,1648425600,pakencamp_2021_day2_f,F,Fraction,F. Fraction,,208,"['constructive', 'fractions', 'optimization', 'number theory']",4,https://atcoder.jp/contests/pakencamp-2021-day2/tasks/pakencamp_2021_day2_f,,,,
atcoder,others,pakencamp-2021-day2,パ研合宿2021　第2日「SpeedRun」,2022,1648425600,pakencamp_2021_day2_g,G,進撃のパ研,G. 進撃のパ研,,211,"['bitmask dp', 'dp', 'graph theory', 'implementation', 'optimization']",5,https://atcoder.jp/contests/pakencamp-2021-day2/tasks/pakencamp_2021_day2_g,,,,
atcoder,others,pakencamp-2021-day2,パ研合宿2021　第2日「SpeedRun」,2022,1648425600,pakencamp_2021_day2_h,H,PuraPrime,H. PuraPrime,,168,"['binary search', 'implementation', 'legendre formula', 'optimization', 'number theory']",5,https://atcoder.jp/contests/pakencamp-2021-day2/tasks/pakencamp_2021_day2_h,,,,
atcoder,others,pakencamp-2021-day2,パ研合宿2021　第2日「SpeedRun」,2022,1648425600,pakencamp_2021_day2_i,I,Multiple Swap,I. Multiple Swap,,44,"['connected components', 'constructive', 'graph theory', 'implementation', 'permutation']",5,https://atcoder.jp/contests/pakencamp-2021-day2/tasks/pakencamp_2021_day2_i,,,,
atcoder,others,pakencamp-2021-day2,パ研合宿2021　第2日「SpeedRun」,2022,1648425600,pakencamp_2021_day2_j,J,Min-Max Sequence,J. Min-Max Sequence,,110,"['combinatorics', 'counting', 'dp', 'implementation', 'modular arithmetic']",5,https://atcoder.jp/contests/pakencamp-2021-day2/tasks/pakencamp_2021_day2_j,,,,
atcoder,others,pakencamp-2021-day2,パ研合宿2021　第2日「SpeedRun」,2022,1648425600,pakencamp_2021_day2_k,K,Bracket Inserting,K. Bracket Inserting,,86,"['balanced bracket sequence', 'combinatorics', 'counting', 'dp', 'modular arithmetic', 'string']",6,https://atcoder.jp/contests/pakencamp-2021-day2/tasks/pakencamp_2021_day2_k,,,,
atcoder,others,pakencamp-2021-day2,パ研合宿2021　第2日「SpeedRun」,2022,1648425600,pakencamp_2021_day2_l,L,ジグザグ道,L. ジグザグ道,,58,"['dijkstra', 'dp', 'graph theory', 'implementation', 'shortest path']",5,https://atcoder.jp/contests/pakencamp-2021-day2/tasks/pakencamp_2021_day2_l,,,,
atcoder,others,pakencamp-2021-day2,パ研合宿2021　第2日「SpeedRun」,2022,1648425600,pakencamp_2021_day2_m,M,Deque and Inversions,M. Deque and Inversions,,47,"['combinatorics', 'counting', 'data structure', 'deque', 'dp', 'inversion', 'modular arithmetic', 'permutation']",8,https://atcoder.jp/contests/pakencamp-2021-day2/tasks/pakencamp_2021_day2_m,,,,
atcoder,others,pakencamp-2021-day2,パ研合宿2021　第2日「SpeedRun」,2022,1648425600,pakencamp_2021_day2_n,N,Polynomial Comparison,N. Polynomial Comparison,,52,"['comparison', 'implementation', 'number theory', 'polynomial']",4,https://atcoder.jp/contests/pakencamp-2021-day2/tasks/pakencamp_2021_day2_n,,,,
atcoder,others,pakencamp-2021-day2,パ研合宿2021　第2日「SpeedRun」,2022,1648425600,pakencamp_2021_day2_o,O,Golf,O. Golf,,29,"['binary search', 'data structure', 'implementation', 'range query', 'string', 'suffix']",6,https://atcoder.jp/contests/pakencamp-2021-day2/tasks/pakencamp_2021_day2_o,,,,
atcoder,others,pakencamp-2021-day2,パ研合宿2021　第2日「SpeedRun」,2022,1648425600,pakencamp_2021_day2_p,P,A^k=k,P. A^k=k,,7,"['congruences', 'euler totient function', 'implementation', 'modular arithmetic', 'number theory']",5,https://atcoder.jp/contests/pakencamp-2021-day2/tasks/pakencamp_2021_day2_p,,,,
atcoder,others,pakencamp-2021-day3,パ研合宿2021　第3日「パ研杯」,2022,1648533600,pakencamp_2021_day3_a,A,出欠確認,A. 出欠確認,,464,"['implementation', 'simulation', 'string']",3,https://atcoder.jp/contests/pakencamp-2021-day3/tasks/pakencamp_2021_day3_a,,,,
atcoder,others,pakencamp-2021-day3,パ研合宿2021　第3日「パ研杯」,2022,1648533600,pakencamp_2021_day3_b,B,レートで2分割！,B. レートで2分割！,,294,"['implementation', 'prefix sum', 'two pointer']",3,https://atcoder.jp/contests/pakencamp-2021-day3/tasks/pakencamp_2021_day3_b,,,,
atcoder,others,pakencamp-2021-day3,パ研合宿2021　第3日「パ研杯」,2022,1648533600,pakencamp_2021_day3_c,C,Sum of Digit Sum,C. Sum of Digit Sum,,152,"['cycle', 'digit sum', 'implementation', 'modular arithmetic', 'number theory', 'pattern']",6,https://atcoder.jp/contests/pakencamp-2021-day3/tasks/pakencamp_2021_day3_c,,,,
atcoder,others,pakencamp-2021-day3,パ研合宿2021　第3日「パ研杯」,2022,1648533600,pakencamp_2021_day3_d,D,試験作り,D. 試験作り,,74,"['dp', 'greedy', 'implementation', 'knapsack', 'optimization']",5,https://atcoder.jp/contests/pakencamp-2021-day3/tasks/pakencamp_2021_day3_d,,,,
atcoder,others,pakencamp-2021-day3,パ研合宿2021　第3日「パ研杯」,2022,1648533600,pakencamp_2021_day3_e,E,お菓子,E. お菓子,,20,"['data structure', 'lcm', 'number theory', 'point update', 'range query']",5,https://atcoder.jp/contests/pakencamp-2021-day3/tasks/pakencamp_2021_day3_e,,,,
atcoder,others,pakencamp-2021-day3,パ研合宿2021　第3日「パ研杯」,2022,1648533600,pakencamp_2021_day3_f,F,ワープ,F. ワープ,,11,"['implementation', 'optimization', 'prefix sum', 'query']",4,https://atcoder.jp/contests/pakencamp-2021-day3/tasks/pakencamp_2021_day3_f,,,,
atcoder,others,pakencamp-2021-day3,パ研合宿2021　第3日「パ研杯」,2022,1648533600,pakencamp_2021_day3_g,G,旅人計画問題3,G. 旅人計画問題3,,4,"['combinatorics', 'counting', 'eulerian path', 'graph theory', 'implementation', 'two pointer']",6,https://atcoder.jp/contests/pakencamp-2021-day3/tasks/pakencamp_2021_day3_g,,,,
atcoder,others,pakencamp-2021-day3,パ研合宿2021　第3日「パ研杯」,2022,1648533600,pakencamp_2021_day3_h,H,パ研王国と貨物輸送,H. パ研王国と貨物輸送,,41,"['graph theory', 'implementation', 'optimization', 'scheduling', 'shortest path']",5,https://atcoder.jp/contests/pakencamp-2021-day3/tasks/pakencamp_2021_day3_h,,,,
atcoder,others,pakencamp-2022-day1,パ研合宿2022　第1日「Jikka」,2023,1679896800,pakencamp_2022_day1_a,A,Rook,A. Rook,,481,"['case work', 'implementation', 'math']",3,https://atcoder.jp/contests/pakencamp-2022-day1/tasks/pakencamp_2022_day1_a,,,,
atcoder,others,pakencamp-2022-day1,パ研合宿2022　第1日「Jikka」,2023,1679896800,pakencamp_2022_day1_b,B,Power Strip,B. Power Strip,,375,"['case work', 'implementation', 'math']",3,https://atcoder.jp/contests/pakencamp-2022-day1/tasks/pakencamp_2022_day1_b,,,,
atcoder,others,pakencamp-2022-day1,パ研合宿2022　第1日「Jikka」,2023,1679896800,pakencamp_2022_day1_c,C,Let's Make a Palindrome,C. Let's Make a Palindrome,,337,"['combinatorics', 'counting', 'modular arithmetic', 'string']",4,https://atcoder.jp/contests/pakencamp-2022-day1/tasks/pakencamp_2022_day1_c,,,,
atcoder,others,pakencamp-2022-day1,パ研合宿2022　第1日「Jikka」,2023,1679896800,pakencamp_2022_day1_d,D,Social Distance 3,D. Social Distance 3,,242,"['constructive', 'greedy', 'implementation']",3,https://atcoder.jp/contests/pakencamp-2022-day1/tasks/pakencamp_2022_day1_d,,,,
atcoder,others,pakencamp-2022-day1,パ研合宿2022　第1日「Jikka」,2023,1679896800,pakencamp_2022_day1_e,E,Boombox,E. Boombox,,258,"['binary search', 'computational geometry', 'implementation', 'optimization']",4,https://atcoder.jp/contests/pakencamp-2022-day1/tasks/pakencamp_2022_day1_e,,,,
atcoder,others,pakencamp-2022-day1,パ研合宿2022　第1日「Jikka」,2023,1679896800,pakencamp_2022_day1_f,F,Events Scheduling,F. Events Scheduling,,242,"['bitmask', 'combinatorics', 'dp', 'enumeration', 'optimization']",5,https://atcoder.jp/contests/pakencamp-2022-day1/tasks/pakencamp_2022_day1_f,,,,
atcoder,others,pakencamp-2022-day1,パ研合宿2022　第1日「Jikka」,2023,1679896800,pakencamp_2022_day1_g,G,Ancestor Query,G. Ancestor Query,,195,"['binary lifting', 'implementation', 'lca', 'tree']",4,https://atcoder.jp/contests/pakencamp-2022-day1/tasks/pakencamp_2022_day1_g,,,,
atcoder,others,pakencamp-2022-day1,パ研合宿2022　第1日「Jikka」,2023,1679896800,pakencamp_2022_day1_h,H,Attack Survival ,H. Attack Survival ,,169,"['data structure', 'implementation', 'set', 'simulation']",4,https://atcoder.jp/contests/pakencamp-2022-day1/tasks/pakencamp_2022_day1_h,,,,
atcoder,others,pakencamp-2022-day1,パ研合宿2022　第1日「Jikka」,2023,1679896800,pakencamp_2022_day1_i,I,Forgotten Sequence,I. Forgotten Sequence,,147,"['dsu', 'graph theory', 'greedy', 'implementation']",4,https://atcoder.jp/contests/pakencamp-2022-day1/tasks/pakencamp_2022_day1_i,,,,
atcoder,others,pakencamp-2022-day1,パ研合宿2022　第1日「Jikka」,2023,1679896800,pakencamp_2022_day1_j,J,An Unusual King in Paken Kingdom,J. An Unusual King in Paken Kingdom,,86,"['binary search', 'data structure', 'lca', 'tree']",4,https://atcoder.jp/contests/pakencamp-2022-day1/tasks/pakencamp_2022_day1_j,,,,
atcoder,others,pakencamp-2022-day1,パ研合宿2022　第1日「Jikka」,2023,1679896800,pakencamp_2022_day1_k,K,Beautifulness,K. Beautifulness,,105,"['data structure', 'implementation', 'offline processing', 'range query', 'segment tree']",5,https://atcoder.jp/contests/pakencamp-2022-day1/tasks/pakencamp_2022_day1_k,,,,
atcoder,others,pakencamp-2022-day1,パ研合宿2022　第1日「Jikka」,2023,1679896800,pakencamp_2022_day1_l,L,Mex on Blackboard 2,L. Mex on Blackboard 2,,105,"['combinatorics', 'counting', 'dp', 'implementation', 'modular arithmetic']",5,https://atcoder.jp/contests/pakencamp-2022-day1/tasks/pakencamp_2022_day1_l,,,,
atcoder,others,pakencamp-2022-day1,パ研合宿2022　第1日「Jikka」,2023,1679896800,pakencamp_2022_day1_m,M,01 Tree,M. 01 Tree,,70,"['constraint', 'dfs', 'greedy', 'implementation', 'tree']",5,https://atcoder.jp/contests/pakencamp-2022-day1/tasks/pakencamp_2022_day1_m,,,,
atcoder,others,pakencamp-2022-day1,パ研合宿2022　第1日「Jikka」,2023,1679896800,pakencamp_2022_day1_n,N,Paken Machine,N. Paken Machine,,70,"['bfs', 'graph theory', 'implementation', 'modular arithmetic', 'shortest path']",5,https://atcoder.jp/contests/pakencamp-2022-day1/tasks/pakencamp_2022_day1_n,,,,
atcoder,others,pakencamp-2022-day1,パ研合宿2022　第1日「Jikka」,2023,1679896800,pakencamp_2022_day1_o,O,Paken Land,O. Paken Land,,18,"['binary search', 'graph theory', 'optimization', 'tree']",4,https://atcoder.jp/contests/pakencamp-2022-day1/tasks/pakencamp_2022_day1_o,,,,
atcoder,others,pakencamp-2022-day2,パ研合宿2022　第2日「パ研杯」,2023,1679977800,pakencamp_2022_day2_a,A,Venues,A. Venues,,265,"['dag', 'graph theory', 'greedy', 'implementation']",4,https://atcoder.jp/contests/pakencamp-2022-day2/tasks/pakencamp_2022_day2_a,,,,
atcoder,others,pakencamp-2022-day2,パ研合宿2022　第2日「パ研杯」,2023,1679977800,pakencamp_2022_day2_b,B,Grades,B. Grades,,136,"['combinatorics', 'counting', 'dp', 'matrix', 'modular arithmetic']",5,https://atcoder.jp/contests/pakencamp-2022-day2/tasks/pakencamp_2022_day2_b,,,,
atcoder,others,pakencamp-2022-day2,パ研合宿2022　第2日「パ研杯」,2023,1679977800,pakencamp_2022_day2_c,C,Collaboration,C. Collaboration,,92,"['binary search', 'data structure', 'range minimum query', 'segment tree', 'two pointer']",5,https://atcoder.jp/contests/pakencamp-2022-day2/tasks/pakencamp_2022_day2_c,,,,
atcoder,others,pakencamp-2022-day2,パ研合宿2022　第2日「パ研杯」,2023,1679977800,pakencamp_2022_day2_d,D,Binary Strings,D. Binary Strings,,57,"['combinatorics', 'counting', 'dp', 'modular arithmetic', 'string']",5,https://atcoder.jp/contests/pakencamp-2022-day2/tasks/pakencamp_2022_day2_d,,,,
atcoder,others,pakencamp-2022-day2,パ研合宿2022　第2日「パ研杯」,2023,1679977800,pakencamp_2022_day2_e,E,Harmony,E. Harmony,,54,"['binary search', 'greedy', 'implementation', 'matching']",4,https://atcoder.jp/contests/pakencamp-2022-day2/tasks/pakencamp_2022_day2_e,,,,
atcoder,others,pakencamp-2022-day2,パ研合宿2022　第2日「パ研杯」,2023,1679977800,pakencamp_2022_day2_f,F,Farthest,F. Farthest,,40,"['combinatorics', 'counting', 'dp', 'graph theory', 'modular arithmetic', 'tree']",6,https://atcoder.jp/contests/pakencamp-2022-day2/tasks/pakencamp_2022_day2_f,,,,
atcoder,others,pakencamp-2022-day2,パ研合宿2022　第2日「パ研杯」,2023,1679977800,pakencamp_2022_day2_g,G,Worst Town,G. Worst Town,,13,"['graph', 'graph theory', 'implementation', 'interactive', 'query']",5,https://atcoder.jp/contests/pakencamp-2022-day2/tasks/pakencamp_2022_day2_g,,,,
atcoder,others,pakencamp-2022-day2,パ研合宿2022　第2日「パ研杯」,2023,1679977800,pakencamp_2022_day2_h,H,Habatu,H. Habatu,,25,"['data structure', 'implementation', 'range maximum query', 'segment tree', 'dsu']",5,https://atcoder.jp/contests/pakencamp-2022-day2/tasks/pakencamp_2022_day2_h,,,,
atcoder,others,pakencamp-2022-day3,パ研合宿2022　第3日「teamwork」,2023,1680064200,pakencamp_2022_day3_a,A,Moving Piece,A. Moving Piece,,100,"['graph theory', 'implementation', 'min cut', 'flow']",4,https://atcoder.jp/contests/pakencamp-2022-day3/tasks/pakencamp_2022_day3_a,,,,
atcoder,others,pakencamp-2022-day3,パ研合宿2022　第3日「teamwork」,2023,1680064200,pakencamp_2022_day3_b,B,Chmax,B. Chmax,,55,"['combinatorics', 'counting', 'dp', 'implementation', 'modular arithmetic']",5,https://atcoder.jp/contests/pakencamp-2022-day3/tasks/pakencamp_2022_day3_b,,,,
atcoder,others,pakencamp-2022-day3,パ研合宿2022　第3日「teamwork」,2023,1680064200,pakencamp_2022_day3_c,C,Permutation of Length 26,C. Permutation of Length 26,,64,"['greedy', 'implementation', 'string']",3,https://atcoder.jp/contests/pakencamp-2022-day3/tasks/pakencamp_2022_day3_c,,,,
atcoder,others,pakencamp-2022-day3,パ研合宿2022　第3日「teamwork」,2023,1680064200,pakencamp_2022_day3_d,D,Yet Another Balls and Boxes Problem,D. Yet Another Balls and Boxes Problem,,42,"['constructive', 'greedy', 'implementation', 'number theory', 'simulation']",5,https://atcoder.jp/contests/pakencamp-2022-day3/tasks/pakencamp_2022_day3_d,,,,
atcoder,others,pakencamp-2022-day3,パ研合宿2022　第3日「teamwork」,2023,1680064200,pakencamp_2022_day3_e,E,Output-only,E. Output-only,,74,"['constructive', 'implementation', 'number theory']",3,https://atcoder.jp/contests/pakencamp-2022-day3/tasks/pakencamp_2022_day3_e,,,,
atcoder,others,pakencamp-2022-day3,パ研合宿2022　第3日「teamwork」,2023,1680064200,pakencamp_2022_day3_f,F,Cycle and Xor,F. Cycle and Xor,,51,"['bit manipulation', 'combinatorics', 'counting', 'dp', 'matrix']",5,https://atcoder.jp/contests/pakencamp-2022-day3/tasks/pakencamp_2022_day3_f,,,,
atcoder,others,pakencamp-2022-day3,パ研合宿2022　第3日「teamwork」,2023,1680064200,pakencamp_2022_day3_g,G,4x4,G. 4x4,,8,"['constraint', 'grid', 'implementation']",3,https://atcoder.jp/contests/pakencamp-2022-day3/tasks/pakencamp_2022_day3_g,,,,
atcoder,others,pakencamp-2022-day3,パ研合宿2022　第3日「teamwork」,2023,1680064200,pakencamp_2022_day3_h,H,Exactly K Square Numbers,H. Exactly K Square Numbers,,20,"['combinatorics', 'counting', 'dp', 'number theory']",4,https://atcoder.jp/contests/pakencamp-2022-day3/tasks/pakencamp_2022_day3_h,,,,
atcoder,others,pakencamp-2022-day3,パ研合宿2022　第3日「teamwork」,2023,1680064200,pakencamp_2022_day3_i,I,Prefix Or,I. Prefix Or,,51,"['bit manipulation', 'greedy', 'implementation']",3,https://atcoder.jp/contests/pakencamp-2022-day3/tasks/pakencamp_2022_day3_i,,,,
atcoder,others,pakencamp-2022-day3,パ研合宿2022　第3日「teamwork」,2023,1680064200,pakencamp_2022_day3_j,J,Balanced Permutation,J. Balanced Permutation,,83,"['binary search', 'greedy', 'implementation', 'permutation']",4,https://atcoder.jp/contests/pakencamp-2022-day3/tasks/pakencamp_2022_day3_j,,,,
atcoder,others,pakencamp-2022-day3,パ研合宿2022　第3日「teamwork」,2023,1680064200,pakencamp_2022_day3_k,K,Inner Product,K. Inner Product,,5,"['dp', 'recurrence', 'matrix', 'modular arithmetic']",4,https://atcoder.jp/contests/pakencamp-2022-day3/tasks/pakencamp_2022_day3_k,,,,
atcoder,others,pakencamp-2022-day3,パ研合宿2022　第3日「teamwork」,2023,1680064200,pakencamp_2022_day3_l,L,X and Xor,L. X and Xor,,44,"['bit manipulation', 'combinatorics', 'counting', 'modular arithmetic']",4,https://atcoder.jp/contests/pakencamp-2022-day3/tasks/pakencamp_2022_day3_l,,,,
atcoder,others,past15-open,第15回 アルゴリズム実技検定(過去問),2023,1685768400,past202306_a,A,ペナルティ,A. ペナルティ,,1044,"['implementation', 'formula']",2,https://atcoder.jp/contests/past15-open/tasks/past202306_a,,,,
atcoder,others,past15-open,第15回 アルゴリズム実技検定(過去問),2023,1685768400,past202306_b,B,殿堂入り,B. 殿堂入り,,557,"['conditional', 'implementation']",2,https://atcoder.jp/contests/past15-open/tasks/past202306_b,,,,
atcoder,others,past15-open,第15回 アルゴリズム実技検定(過去問),2023,1685768400,past202306_c,C,円の描画,C. 円の描画,,367,"['computational geometry', 'grid', 'implementation', 'formula']",4,https://atcoder.jp/contests/past15-open/tasks/past202306_c,,,,
atcoder,others,past15-open,第15回 アルゴリズム実技検定(過去問),2023,1685768400,past202306_d,D,レコーダー,D. レコーダー,,248,"['case work', 'implementation', 'interval', 'simulation']",4,https://atcoder.jp/contests/past15-open/tasks/past202306_d,,,,
atcoder,others,past15-open,第15回 アルゴリズム実技検定(過去問),2023,1685768400,past202306_e,E,合計得点,E. 合計得点,,341,"['binomial coefficient', 'combinatorics', 'observation']",3,https://atcoder.jp/contests/past15-open/tasks/past202306_e,,,,
atcoder,others,past15-open,第15回 アルゴリズム実技検定(過去問),2023,1685768400,past202306_f,F,番号付け,F. 番号付け,,290,"['coordinate compression', 'implementation', 'sorting']",3,https://atcoder.jp/contests/past15-open/tasks/past202306_f,,,,
atcoder,others,past15-open,第15回 アルゴリズム実技検定(過去問),2023,1685768400,past202306_g,G,N-SAT,G. N-SAT,,321,"['bitmask', '2-sat', 'brute force']",3,https://atcoder.jp/contests/past15-open/tasks/past202306_g,,,,
atcoder,others,past15-open,第15回 アルゴリズム実技検定(過去問),2023,1685768400,past202306_h,H,和で表現,H. 和で表現,,290,"['binary search', 'observation', 'formula']",3,https://atcoder.jp/contests/past15-open/tasks/past202306_h,,,,
atcoder,others,past15-open,第15回 アルゴリズム実技検定(過去問),2023,1685768400,past202306_i,I,最大公約数の最大値,I. 最大公約数の最大値,,250,"['counting', 'divisors', 'gcd', 'greedy', 'number theory']",5,https://atcoder.jp/contests/past15-open/tasks/past202306_i,,,,
atcoder,others,past15-open,第15回 アルゴリズム実技検定(過去問),2023,1685768400,past202306_j,J,忍者,J. 忍者,,190,"['case work', 'greedy', 'observation', 'optimization', 'sorting']",5,https://atcoder.jp/contests/past15-open/tasks/past202306_j,,,,
atcoder,others,past15-open,第15回 アルゴリズム実技検定(過去問),2023,1685768400,past202306_k,K,入れ替えてソート,K. 入れ替えてソート,,219,"['data structure', 'binary indexed tree', 'inversion counting', 'permutation', 'sorting']",5,https://atcoder.jp/contests/past15-open/tasks/past202306_k,,,,
atcoder,others,past15-open,第15回 アルゴリズム実技検定(過去問),2023,1685768400,past202306_l,L,ビット行列,L. ビット行列,,125,"['bit manipulation', 'constraint', 'gaussian elimination', 'linear algebra', 'matrix']",5,https://atcoder.jp/contests/past15-open/tasks/past202306_l,,,,
atcoder,others,past15-open,第15回 アルゴリズム実技検定(過去問),2023,1685768400,past202306_m,M,点の距離,M. 点の距離,,163,"['dp', 'observation', 'optimization', 'state']",4,https://atcoder.jp/contests/past15-open/tasks/past202306_m,,,,
atcoder,others,past15-open,第15回 アルゴリズム実技検定(過去問),2023,1685768400,past202306_n,N,度数分布,N. 度数分布,,69,"['case work', 'observation', 'median', 'optimization', 'prefix sum']",5,https://atcoder.jp/contests/past15-open/tasks/past202306_n,,,,
atcoder,others,past15-open,第15回 アルゴリズム実技検定(過去問),2023,1685768400,past202306_o,O,数列と素数,O. 数列と素数,,130,"['arithmetic progression', 'observation', 'miller rabin', 'number theory', 'primality test']",5,https://atcoder.jp/contests/past15-open/tasks/past202306_o,,,,
atcoder,others,past16-open,第16回 アルゴリズム実技検定(過去問),2023,1693627200,past202309_a,A,ツバメ,A. ツバメ,,726,"['conditional', 'implementation']",2,https://atcoder.jp/contests/past16-open/tasks/past202309_a,,,,
atcoder,others,past16-open,第16回 アルゴリズム実技検定(過去問),2023,1693627200,past202309_b,B,スロット,B. スロット,,570,"['conditional', 'implementation']",2,https://atcoder.jp/contests/past16-open/tasks/past202309_b,,,,
atcoder,others,past16-open,第16回 アルゴリズム実技検定(過去問),2023,1693627200,past202309_c,C,コンテスト,C. コンテスト,,530,"['counting', 'implementation', 'search']",3,https://atcoder.jp/contests/past16-open/tasks/past202309_c,,,,
atcoder,others,past16-open,第16回 アルゴリズム実技検定(過去問),2023,1693627200,past202309_d,D,相対評価のスコア,D. 相対評価のスコア,,404,"['implementation', 'formula', 'search', 'math']",4,https://atcoder.jp/contests/past16-open/tasks/past202309_d,,,,
atcoder,others,past16-open,第16回 アルゴリズム実技検定(過去問),2023,1693627200,past202309_e,E,10 の n 乗,E. 10 の n 乗,,424,"['implementation', 'observation', 'string']",3,https://atcoder.jp/contests/past16-open/tasks/past202309_e,,,,
atcoder,others,past16-open,第16回 アルゴリズム実技検定(過去問),2023,1693627200,past202309_f,F,式の評価,F. 式の評価,,394,"['implementation', 'modular arithmetic', 'string']",3,https://atcoder.jp/contests/past16-open/tasks/past202309_f,,,,
atcoder,others,past16-open,第16回 アルゴリズム実技検定(過去問),2023,1693627200,past202309_g,G,N個の三角形,G. N個の三角形,,301,"['backtracking', 'bitmask', 'combinatorics', 'enumeration', 'triangle inequality']",5,https://atcoder.jp/contests/past16-open/tasks/past202309_g,,,,
atcoder,others,past16-open,第16回 アルゴリズム実技検定(過去問),2023,1693627200,past202309_h,H,休暇,H. 休暇,,315,"['constraint', 'dp', 'optimization', 'state']",4,https://atcoder.jp/contests/past16-open/tasks/past202309_h,,,,
atcoder,others,past16-open,第16回 アルゴリズム実技検定(過去問),2023,1693627200,past202309_i,I,アメ,I. アメ,,214,"['binary search', 'implementation', 'observation', 'priority queue']",4,https://atcoder.jp/contests/past16-open/tasks/past202309_i,,,,
atcoder,others,past16-open,第16回 アルゴリズム実技検定(過去問),2023,1693627200,past202309_j,J,除夜の鐘,J. 除夜の鐘,,263,"['divisors', 'gcd', 'observation', 'number theory']",4,https://atcoder.jp/contests/past16-open/tasks/past202309_j,,,,
atcoder,others,past16-open,第16回 アルゴリズム実技検定(過去問),2023,1693627200,past202309_k,K,マス目,K. マス目,,204,"['bfs', 'grid', 'shortest path', 'simulation']",4,https://atcoder.jp/contests/past16-open/tasks/past202309_k,,,,
atcoder,others,past16-open,第16回 アルゴリズム実技検定(過去問),2023,1693627200,past202309_l,L,平均クエリ,L. 平均クエリ,,132,"['data structure', 'gcd', 'observation', 'prefix sum', 'query']",5,https://atcoder.jp/contests/past16-open/tasks/past202309_l,,,,
atcoder,others,past16-open,第16回 アルゴリズム実技検定(過去問),2023,1693627200,past202309_m,M,線分の交差判定,M. 線分の交差判定,,176,"['case work', 'computational geometry', 'vector', 'line segment intersection', 'observation']",5,https://atcoder.jp/contests/past16-open/tasks/past202309_m,,,,
atcoder,others,past16-open,第16回 アルゴリズム実技検定(過去問),2023,1693627200,past202309_n,N,ソートと関数,N. ソートと関数,,125,"['data structure', 'modular arithmetic', 'order statistic tree', 'query']",4,https://atcoder.jp/contests/past16-open/tasks/past202309_n,,,,
atcoder,others,past16-open,第16回 アルゴリズム実技検定(過去問),2023,1693627200,past202309_o,O,数列の足し算,O. 数列の足し算,,60,"['difference array', 'recurrence', 'modular arithmetic', 'query', 'range update']",5,https://atcoder.jp/contests/past16-open/tasks/past202309_o,,,,
atcoder,others,past202104-open,第六回 アルゴリズム実技検定,2021,1618027200,past202104_a,A,POSTal Code,A. POSTal Code,,1077,"['conditional', 'implementation', 'string', 'validation']",4,https://atcoder.jp/contests/past202104-open/tasks/past202104_a,,,,
atcoder,others,past202104-open,第六回 アルゴリズム実技検定,2021,1618027200,past202104_b,B,PASTal Code,B. PASTal Code,,1008,"['implementation', 'string']",2,https://atcoder.jp/contests/past202104-open/tasks/past202104_b,,,,
atcoder,others,past202104-open,第六回 アルゴリズム実技検定,2021,1618027200,past202104_c,C,Buying a Cellphone,C. Buying a Cellphone,,866,"['conditional', 'counting', 'implementation', 'set']",4,https://atcoder.jp/contests/past202104-open/tasks/past202104_c,,,,
atcoder,others,past202104-open,第六回 アルゴリズム実技検定,2021,1618027200,past202104_d,D,K Integers Summations,D. K Integers Summations,,1130,"['implementation', 'prefix sum', 'sliding window']",3,https://atcoder.jp/contests/past202104-open/tasks/past202104_d,,,,
atcoder,others,past202104-open,第六回 アルゴリズム実技検定,2021,1618027200,past202104_e,E,Third from Front,E. Third from Front,,822,"['conditional', 'data structure', 'deque', 'implementation', 'simulation']",5,https://atcoder.jp/contests/past202104-open/tasks/past202104_e,,,,
atcoder,others,past202104-open,第六回 アルゴリズム実技検定,2021,1618027200,past202104_f,F,Safety System,F. Safety System,,622,"['conditional', 'cycle', 'implementation', 'simulation', 'state']",5,https://atcoder.jp/contests/past202104-open/tasks/past202104_f,,,,
atcoder,others,past202104-open,第六回 アルゴリズム実技検定,2021,1618027200,past202104_g,G,One Step at a Time,G. One Step at a Time,,535,"['bfs', 'connectivity', 'graph theory', 'offline processing', 'dsu']",5,https://atcoder.jp/contests/past202104-open/tasks/past202104_g,,,,
atcoder,others,past202104-open,第六回 アルゴリズム実技検定,2021,1618027200,past202104_h,H,Can Can Mart,H. Can Can Mart,,554,"['combinatorics', 'enumeration', 'greedy', 'implementation', 'sorting']",5,https://atcoder.jp/contests/past202104-open/tasks/past202104_h,,,,
atcoder,others,past202104-open,第六回 アルゴリズム実技検定,2021,1618027200,past202104_i,I,PAST to Fishing,I. PAST to Fishing,,545,"['dp', 'dp on grids', 'knapsack', 'depth']",4,https://atcoder.jp/contests/past202104-open/tasks/past202104_i,,,,
atcoder,others,past202104-open,第六回 アルゴリズム実技検定,2021,1618027200,past202104_j,J,Points to Cost,J. Points to Cost,,556,"['computational geometry', 'formula', 'optimization']",3,https://atcoder.jp/contests/past202104-open/tasks/past202104_j,,,,
atcoder,others,past202104-open,第六回 アルゴリズム実技検定,2021,1618027200,past202104_k,K,Common Coupon,K. Common Coupon,,454,"['dp', 'knapsack', 'modular arithmetic', 'optimization']",4,https://atcoder.jp/contests/past202104-open/tasks/past202104_k,,,,
atcoder,others,past202104-open,第六回 アルゴリズム実技検定,2021,1618027200,past202104_l,L,Urban Planning,L. Urban Planning,,385,"['computational geometry', 'graph theory', 'minimum spanning tree']",3,https://atcoder.jp/contests/past202104-open/tasks/past202104_l,,,,
atcoder,others,past202104-open,第六回 アルゴリズム実技検定,2021,1618027200,past202104_m,M,Equal Queries,M. Equal Queries,,258,"['coordinate compression', 'data structure', 'counting', 'query', 'range update', 'segment tree']",6,https://atcoder.jp/contests/past202104-open/tasks/past202104_m,,,,
atcoder,others,past202104-open,第六回 アルゴリズム実技検定,2021,1618027200,past202104_n,N,Activities,N. Activities,,346,"['dp', 'greedy', 'knapsack', 'optimization', 'sorting']",5,https://atcoder.jp/contests/past202104-open/tasks/past202104_n,,,,
atcoder,others,past202104-open,第六回 アルゴリズム実技検定,2021,1618027200,past202104_o,O,Shortest Distance Query,O. Shortest Distance Query,,304,"['bfs', 'graph theory', 'lca', 'query', 'shortest path', 'spanning tree']",6,https://atcoder.jp/contests/past202104-open/tasks/past202104_o,,,,
atcoder,others,past202107-open,第七回 アルゴリズム実技検定,2021,1625284800,past202107_a,A,check digit,A. check digit,,894,"['conditional', 'implementation', 'formula', 'string', 'validation']",5,https://atcoder.jp/contests/past202107-open/tasks/past202107_a,,,,
atcoder,others,past202107-open,第七回 アルゴリズム実技検定,2021,1625284800,past202107_b,B,Vapor Pressure,B. Vapor Pressure,,866,"['conditional', 'implementation', 'formula']",3,https://atcoder.jp/contests/past202107-open/tasks/past202107_b,,,,
atcoder,others,past202107-open,第七回 アルゴリズム実技検定,2021,1625284800,past202107_c,C,Validation,C. Validation,,813,"['big integer', 'conditional', 'implementation', 'string', 'validation']",5,https://atcoder.jp/contests/past202107-open/tasks/past202107_c,,,,
atcoder,others,past202107-open,第七回 アルゴリズム実技検定,2021,1625284800,past202107_d,D,Replace,D. Replace,,784,"['greedy', 'implementation', 'pattern', 'string']",4,https://atcoder.jp/contests/past202107-open/tasks/past202107_d,,,,
atcoder,others,past202107-open,第七回 アルゴリズム実技検定,2021,1625284800,past202107_e,E,Aoki's Trick,E. Aoki's Trick,,701,"['implementation', 'formula', 'observation', 'number theory', 'power of three']",5,https://atcoder.jp/contests/past202107-open/tasks/past202107_e,,,,
atcoder,others,past202107-open,第七回 アルゴリズム実技検定,2021,1625284800,past202107_f,F,Double Booking,F. Double Booking,,658,"['implementation', 'interval', 'sorting', 'plane sweep']",4,https://atcoder.jp/contests/past202107-open/tasks/past202107_f,,,,
atcoder,others,past202107-open,第七回 アルゴリズム実技検定,2021,1625284800,past202107_g,G,Power Expression,G. Power Expression,,515,"['balanced ternary representation', 'constructive', 'greedy', 'observation', 'number theory', 'power of three']",6,https://atcoder.jp/contests/past202107-open/tasks/past202107_g,,,,
atcoder,others,past202107-open,第七回 アルゴリズム実技検定,2021,1625284800,past202107_h,H,Line Chart,H. Line Chart,,411,"['dp', 'geometry', 'optimization']",3,https://atcoder.jp/contests/past202107-open/tasks/past202107_h,,,,
atcoder,others,past202107-open,第七回 アルゴリズム実技検定,2021,1625284800,past202107_i,I,Nevus,I. Nevus,,411,"['coordinate geometry', 'computational geometry', 'rotation', 'geometry']",4,https://atcoder.jp/contests/past202107-open/tasks/past202107_i,,,,
atcoder,others,past202107-open,第七回 アルゴリズム実技検定,2021,1625284800,past202107_j,J,Never Ending Journey,J. Never Ending Journey,,499,"['cycle', 'dfs', 'graph theory', 'scc']",4,https://atcoder.jp/contests/past202107-open/tasks/past202107_j,,,,
atcoder,others,past202107-open,第七回 アルゴリズム実技検定,2021,1625284800,past202107_k,K,Flying Trip,K. Flying Trip,,441,"['dijkstra', 'dp on dag', 'graph theory', 'shortest path', 'optimization']",5,https://atcoder.jp/contests/past202107-open/tasks/past202107_k,,,,
atcoder,others,past202107-open,第七回 アルゴリズム実技検定,2021,1625284800,past202107_l,L,Multiple Min Query,L. Multiple Min Query,,425,"['data structure', 'point update', 'range minimum query', 'segment tree']",4,https://atcoder.jp/contests/past202107-open/tasks/past202107_l,,,,
atcoder,others,past202107-open,第七回 アルゴリズム実技検定,2021,1625284800,past202107_m,M,Divide,M. Divide,,227,"['dp', 'optimization', 'sequence']",3,https://atcoder.jp/contests/past202107-open/tasks/past202107_m,,,,
atcoder,others,past202107-open,第七回 アルゴリズム実技検定,2021,1625284800,past202107_n,N,Monochrome Design,N. Monochrome Design,,209,"['coordinate compression', 'computational geometry', 'segment tree', 'plane sweep']",4,https://atcoder.jp/contests/past202107-open/tasks/past202107_n,,,,
atcoder,others,past202107-open,第七回 アルゴリズム実技検定,2021,1625284800,past202107_o,O,Computer,O. Computer,,174,"['dp', 'greedy', 'optimization', 'constraint']",4,https://atcoder.jp/contests/past202107-open/tasks/past202107_o,,,,
atcoder,others,past202109-open,第八回 アルゴリズム実技検定,2021,1631937600,past202109_a,A,Bubbler,A. Bubbler,,991,"['conditional', 'implementation', 'search']",3,https://atcoder.jp/contests/past202109-open/tasks/past202109_a,,,,
atcoder,others,past202109-open,第八回 アルゴリズム実技検定,2021,1631937600,past202109_b,B,intersection,B. intersection,,919,"['array', 'implementation', 'set', 'sorting']",4,https://atcoder.jp/contests/past202109-open/tasks/past202109_b,,,,
atcoder,others,past202109-open,第八回 アルゴリズム実技検定,2021,1631937600,past202109_c,C,Number of Apperance,C. Number of Apperance,,904,"['counting', 'implementation', 'search']",3,https://atcoder.jp/contests/past202109-open/tasks/past202109_c,,,,
atcoder,others,past202109-open,第八回 アルゴリズム実技検定,2021,1631937600,past202109_d,D,Divisor,D. Divisor,,867,"['conditional', 'divisors', 'implementation', 'number theory']",4,https://atcoder.jp/contests/past202109-open/tasks/past202109_d,,,,
atcoder,others,past202109-open,第八回 アルゴリズム実技検定,2021,1631937600,past202109_e,E,Colorful T-Shirts,E. Colorful T-Shirts,,768,"['greedy', 'hash map', 'implementation', 'search', 'sorting']",5,https://atcoder.jp/contests/past202109-open/tasks/past202109_e,,,,
atcoder,others,past202109-open,第八回 アルゴリズム実技検定,2021,1631937600,past202109_f,F,Incomplete Permutation,F. Incomplete Permutation,,666,"['constructive', 'derangement', 'implementation', 'permutation', 'validation']",5,https://atcoder.jp/contests/past202109-open/tasks/past202109_f,,,,
atcoder,others,past202109-open,第八回 アルゴリズム実技検定,2021,1631937600,past202109_g,G,K-th element,G. K-th element,,523,"['arithmetic progression', 'binary search', 'counting']",3,https://atcoder.jp/contests/past202109-open/tasks/past202109_g,,,,
atcoder,others,past202109-open,第八回 アルゴリズム実技検定,2021,1631937600,past202109_h,H,Shortest Path,H. Shortest Path,,560,"['bfs', 'graph theory', 'shortest path', 'tree', 'tree distance']",5,https://atcoder.jp/contests/past202109-open/tasks/past202109_h,,,,
atcoder,others,past202109-open,第八回 アルゴリズム実技検定,2021,1631937600,past202109_i,I,/2 and *3,I. /2 and *3,,520,"['binary search', 'greedy', 'observation', 'number theory']",4,https://atcoder.jp/contests/past202109-open/tasks/past202109_i,,,,
atcoder,others,past202109-open,第八回 アルゴリズム実技検定,2021,1631937600,past202109_j,J,Reverse Array,J. Reverse Array,,488,"['array', 'data structure', 'implementation', 'query', 'simulation']",5,https://atcoder.jp/contests/past202109-open/tasks/past202109_j,,,,
atcoder,others,past202109-open,第八回 アルゴリズム実技検定,2021,1631937600,past202109_k,K,Happy Wedding!,K. Happy Wedding!,,299,"['bipartite matching', 'graph theory', 'maximum weight matching', 'min cost max flow', 'flow']",5,https://atcoder.jp/contests/past202109-open/tasks/past202109_k,,,,
atcoder,others,past202109-open,第八回 アルゴリズム実技検定,2021,1631937600,past202109_l,L,K-th Abs,L. K-th Abs,,287,"['binary search', 'counting', 'data structure', 'binary indexed tree', 'prefix sum']",5,https://atcoder.jp/contests/past202109-open/tasks/past202109_l,,,,
atcoder,others,past202109-open,第八回 アルゴリズム実技検定,2021,1631937600,past202109_m,M,Balance,M. Balance,,249,"['bipartite graph', 'constraint', 'dfs', 'graph theory', 'formula']",5,https://atcoder.jp/contests/past202109-open/tasks/past202109_m,,,,
atcoder,others,past202109-open,第八回 アルゴリズム実技検定,2021,1631937600,past202109_n,N,Zigzag Sequences,N. Zigzag Sequences,,267,"['counting', 'data structure', 'dp', 'binary indexed tree', 'modular arithmetic', 'subsequence']",6,https://atcoder.jp/contests/past202109-open/tasks/past202109_n,,,,
atcoder,others,past202109-open,第八回 アルゴリズム実技検定,2021,1631937600,past202109_o,O,Red Blue Tournament,O. Red Blue Tournament,,135,"['constraint', 'counting', 'graph theory', 'modular arithmetic', 'tournament', '2-sat']",6,https://atcoder.jp/contests/past202109-open/tasks/past202109_o,,,,
atcoder,others,past202112-open,第九回 アルゴリズム実技検定,2021,1639195200,past202112_a,A,Attractions,A. Attractions,,977,"['conditional', 'implementation']",2,https://atcoder.jp/contests/past202112-open/tasks/past202112_a,,,,
atcoder,others,past202112-open,第九回 アルゴリズム実技検定,2021,1639195200,past202112_b,B,Perforated Coin,B. Perforated Coin,,784,"['greedy', 'implementation']",2,https://atcoder.jp/contests/past202112-open/tasks/past202112_b,,,,
atcoder,others,past202112-open,第九回 アルゴリズム実技検定,2021,1639195200,past202112_c,C,Fastest Answer,C. Fastest Answer,,759,"['hash map', 'implementation', 'search']",3,https://atcoder.jp/contests/past202112-open/tasks/past202112_c,,,,
atcoder,others,past202112-open,第九回 アルゴリズム実技検定,2021,1639195200,past202112_d,D,Examination,D. Examination,,703,"['sorting', 'implementation']",2,https://atcoder.jp/contests/past202112-open/tasks/past202112_d,,,,
atcoder,others,past202112-open,第九回 アルゴリズム実技検定,2021,1639195200,past202112_e,E,Keyboard,E. Keyboard,,672,"['conditional', 'implementation', 'simulation']",3,https://atcoder.jp/contests/past202112-open/tasks/past202112_e,,,,
atcoder,others,past202112-open,第九回 アルゴリズム実技検定,2021,1639195200,past202112_f,F,Like As Shogi,F. Like As Shogi,,569,"['bfs', 'connectivity', 'graph theory', 'grid', 'reachability']",5,https://atcoder.jp/contests/past202112-open/tasks/past202112_f,,,,
atcoder,others,past202112-open,第九回 アルゴリズム実技検定,2021,1639195200,past202112_g,G,Connectivity,G. Connectivity,,561,"['bfs', 'connectivity', 'graph theory', 'implementation', 'reachability']",5,https://atcoder.jp/contests/past202112-open/tasks/past202112_g,,,,
atcoder,others,past202112-open,第九回 アルゴリズム実技検定,2021,1639195200,past202112_h,H,Longest Non-common Subsequence,H. Longest Non-common Subsequence,,497,"['dp', 'lcs', 'string', 'subsequence']",4,https://atcoder.jp/contests/past202112-open/tasks/past202112_h,,,,
atcoder,others,past202112-open,第九回 アルゴリズム実技検定,2021,1639195200,past202112_i,I,Direct Elevator,I. Direct Elevator,,425,"['coordinate compression', 'dijkstra', 'graph theory', 'shortest path']",4,https://atcoder.jp/contests/past202112-open/tasks/past202112_i,,,,
atcoder,others,past202112-open,第九回 アルゴリズム実技検定,2021,1639195200,past202112_j,J,Rotate and Reverse,J. Rotate and Reverse,,277,"['coordinate geometry', 'grid', 'implementation', 'simulation']",4,https://atcoder.jp/contests/past202112-open/tasks/past202112_j,,,,
atcoder,others,past202112-open,第九回 アルゴリズム実技検定,2021,1639195200,past202112_k,K,Gas Station,K. Gas Station,,405,"['bfs', 'graph theory', 'query', 'shortest path']",4,https://atcoder.jp/contests/past202112-open/tasks/past202112_k,,,,
atcoder,others,past202112-open,第九回 アルゴリズム実技検定,2021,1639195200,past202112_l,L,Honest students,L. Honest students,,255,"['dp', 'lds', 'math', 'sequence']",4,https://atcoder.jp/contests/past202112-open/tasks/past202112_l,,,,
atcoder,others,past202112-open,第九回 アルゴリズム実技検定,2021,1639195200,past202112_m,M,Deadnames,M. Deadnames,,271,"['data structure', 'order statistic tree', 'sorting', 'string']",4,https://atcoder.jp/contests/past202112-open/tasks/past202112_m,,,,
atcoder,others,past202112-open,第九回 アルゴリズム実技検定,2021,1639195200,past202112_n,N,Intersection,N. Intersection,,147,"['computational geometry', 'convex polygon', 'polygon', 'shoelace formula']",4,https://atcoder.jp/contests/past202112-open/tasks/past202112_n,,,,
atcoder,others,past202112-open,第九回 アルゴリズム実技検定,2021,1639195200,past202112_o,O,Pair Score,O. Pair Score,,165,"['combinatorics', 'counting', 'expectation', 'observation', 'modular arithmetic', 'permutation']",6,https://atcoder.jp/contests/past202112-open/tasks/past202112_o,,,,
atcoder,others,past202203-open,第10回 アルゴリズム実技検定 過去問,2022,1646452800,past202203_a,A,Three cards,A. Three cards,,717,"['brute force', 'conditional', 'implementation', 'formula']",4,https://atcoder.jp/contests/past202203-open/tasks/past202203_a,,,,
atcoder,others,past202203-open,第10回 アルゴリズム実技検定 過去問,2022,1646452800,past202203_b,B,Flowers,B. Flowers,,694,"['implementation', 'formula']",2,https://atcoder.jp/contests/past202203-open/tasks/past202203_b,,,,
atcoder,others,past202203-open,第10回 アルゴリズム実技検定 過去問,2022,1646452800,past202203_c,C,Go Further,C. Go Further,,589,"['big integer', 'greedy', 'implementation', 'observation', 'string']",5,https://atcoder.jp/contests/past202203-open/tasks/past202203_c,,,,
atcoder,others,past202203-open,第10回 アルゴリズム実技検定 過去問,2022,1646452800,past202203_d,D,High Score,D. High Score,,575,"['array', 'implementation', 'search', 'prefix', 'simulation']",5,https://atcoder.jp/contests/past202203-open/tasks/past202203_d,,,,
atcoder,others,past202203-open,第10回 アルゴリズム実技検定 過去問,2022,1646452800,past202203_e,E,Only 2 kinds,E. Only 2 kinds,,467,"['counting', 'date', 'implementation', 'simulation', 'string']",5,https://atcoder.jp/contests/past202203-open/tasks/past202203_e,,,,
atcoder,others,past202203-open,第10回 アルゴリズム実技検定 過去問,2022,1646452800,past202203_f,F,Coloring map,F. Coloring map,,467,"['grid', 'implementation', 'simulation', 'validation']",4,https://atcoder.jp/contests/past202203-open/tasks/past202203_f,,,,
atcoder,others,past202203-open,第10回 アルゴリズム実技検定 過去問,2022,1646452800,past202203_g,G,Equations,G. Equations,,509,"['binary search', 'observation', 'numerical analysis', 'math']",4,https://atcoder.jp/contests/past202203-open/tasks/past202203_g,,,,
atcoder,others,past202203-open,第10回 アルゴリズム実技検定 過去問,2022,1646452800,past202203_h,H,Connected Components,H. Connected Components,,392,"['connectivity', 'dsu', 'graph theory']",3,https://atcoder.jp/contests/past202203-open/tasks/past202203_h,,,,
atcoder,others,past202203-open,第10回 アルゴリズム実技検定 過去問,2022,1646452800,past202203_i,I,Symmetric Transformation,I. Symmetric Transformation,,328,"['case work', 'computational geometry', 'coordinate geometry', 'symmetry', 'set']",5,https://atcoder.jp/contests/past202203-open/tasks/past202203_i,,,,
atcoder,others,past202203-open,第10回 アルゴリズム実技検定 過去問,2022,1646452800,past202203_j,J,Expected Range,J. Expected Range,,328,"['combinatorics', 'expectation', 'observation', 'modular arithmetic', 'probability', 'sorting']",6,https://atcoder.jp/contests/past202203-open/tasks/past202203_j,,,,
atcoder,others,past202203-open,第10回 アルゴリズム実技検定 過去問,2022,1646452800,past202203_k,K,Planning,K. Planning,,375,"['dijkstra', 'graph theory', 'graph', 'shortest path']",4,https://atcoder.jp/contests/past202203-open/tasks/past202203_k,,,,
atcoder,others,past202203-open,第10回 アルゴリズム実技検定 過去問,2022,1646452800,past202203_l,L,N mod M,L. N mod M,,272,"['geometric progression', 'modular arithmetic', 'modular exponentiation']",3,https://atcoder.jp/contests/past202203-open/tasks/past202203_l,,,,
atcoder,others,past202203-open,第10回 アルゴリズム実技検定 過去問,2022,1646452800,past202203_m,M,Ranking,M. Ranking,,299,"['coordinate compression', 'data structure', 'binary indexed tree', 'order statistic tree', 'point update', 'range query']",6,https://atcoder.jp/contests/past202203-open/tasks/past202203_m,,,,
atcoder,others,past202203-open,第10回 アルゴリズム実技検定 過去問,2022,1646452800,past202203_n,N,40B of calculations,N. 40B of calculations,,211,"['bit manipulation', 'convolution', 'fft', 'polynomial']",4,https://atcoder.jp/contests/past202203-open/tasks/past202203_n,,,,
atcoder,others,past202203-open,第10回 アルゴリズム実技検定 過去問,2022,1646452800,past202203_o,O,3-Permutation,O. 3-Permutation,,161,"['bipartite matching', 'constraint', 'graph theory', 'modular arithmetic']",4,https://atcoder.jp/contests/past202203-open/tasks/past202203_o,,,,
atcoder,others,past202206-open,第11回 アルゴリズム実技検定 過去問,2022,1654315200,past202206_a,A,The Tortoise and the Hare,A. The Tortoise and the Hare,,652,"['conditional', 'implementation', 'formula']",3,https://atcoder.jp/contests/past202206-open/tasks/past202206_a,,,,
atcoder,others,past202206-open,第11回 アルゴリズム実技検定 過去問,2022,1654315200,past202206_b,B,Two Letters,B. Two Letters,,566,"['counting', 'implementation', 'string']",3,https://atcoder.jp/contests/past202206-open/tasks/past202206_b,,,,
atcoder,others,past202206-open,第11回 アルゴリズム実技検定 過去問,2022,1654315200,past202206_c,C,Order,C. Order,,553,"['implementation', 'observation', 'integer overflow', 'string']",4,https://atcoder.jp/contests/past202206-open/tasks/past202206_c,,,,
atcoder,others,past202206-open,第11回 アルゴリズム実技検定 過去問,2022,1654315200,past202206_d,D,Similar Strings,D. Similar Strings,,455,"['connectivity', 'dsu', 'graph theory', 'implementation', 'string']",5,https://atcoder.jp/contests/past202206-open/tasks/past202206_d,,,,
atcoder,others,past202206-open,第11回 アルゴリズム実技検定 過去問,2022,1654315200,past202206_e,E,Strange Sequence,E. Strange Sequence,,423,"['binary search', 'observation', 'sequence', 'math']",4,https://atcoder.jp/contests/past202206-open/tasks/past202206_e,,,,
atcoder,others,past202206-open,第11回 アルゴリズム実技検定 過去問,2022,1654315200,past202206_f,F,Gun Shooting,F. Gun Shooting,,441,"['grid', 'implementation', 'simulation']",3,https://atcoder.jp/contests/past202206-open/tasks/past202206_f,,,,
atcoder,others,past202206-open,第11回 アルゴリズム実技検定 過去問,2022,1654315200,past202206_g,G,Is it a tree?,G. Is it a tree?,,443,"['connectivity', 'dsu', 'graph theory', 'tree']",4,https://atcoder.jp/contests/past202206-open/tasks/past202206_g,,,,
atcoder,others,past202206-open,第11回 アルゴリズム実技検定 過去問,2022,1654315200,past202206_h,H,Two Knapsacks,H. Two Knapsacks,,401,"['dp', 'knapsack', 'optimization']",3,https://atcoder.jp/contests/past202206-open/tasks/past202206_h,,,,
atcoder,others,past202206-open,第11回 アルゴリズム実技検定 過去問,2022,1654315200,past202206_i,I,Clean up,I. Clean up,,310,"['bfs', 'graph theory', 'grid', 'shortest path', 'search']",5,https://atcoder.jp/contests/past202206-open/tasks/past202206_i,,,,
atcoder,others,past202206-open,第11回 アルゴリズム実技検定 過去問,2022,1654315200,past202206_j,J,Holidays,J. Holidays,,313,"['date', 'implementation']",2,https://atcoder.jp/contests/past202206-open/tasks/past202206_j,,,,
atcoder,others,past202206-open,第11回 アルゴリズム実技検定 過去問,2022,1654315200,past202206_k,K,Subsequence,K. Subsequence,,196,"['counting', 'dp', 'inclusion exclusion', 'modular arithmetic', 'subsequence']",5,https://atcoder.jp/contests/past202206-open/tasks/past202206_k,,,,
atcoder,others,past202206-open,第11回 アルゴリズム実技検定 過去問,2022,1654315200,past202206_l,L,Almost LCS,L. Almost LCS,,232,"['dp', 'lcs', 'string', 'subsequence']",4,https://atcoder.jp/contests/past202206-open/tasks/past202206_l,,,,
atcoder,others,past202206-open,第11回 アルゴリズム実技検定 過去問,2022,1654315200,past202206_m,M,Reversal,M. Reversal,,170,"['dp', 'expectation', 'modular arithmetic', 'probability']",4,https://atcoder.jp/contests/past202206-open/tasks/past202206_m,,,,
atcoder,others,past202206-open,第11回 アルゴリズム実技検定 過去問,2022,1654315200,past202206_n,N,Building Plan,N. Building Plan,,212,"['graph theory', 'max flow', 'min cut', 'flow']",4,https://atcoder.jp/contests/past202206-open/tasks/past202206_n,,,,
atcoder,others,past202206-open,第11回 アルゴリズム実技検定 過去問,2022,1654315200,past202206_o,O,Area Queries,O. Area Queries,,118,"['computational geometry', 'vector', 'data structure', 'formula', 'modular arithmetic']",5,https://atcoder.jp/contests/past202206-open/tasks/past202206_o,,,,
atcoder,others,past202209-open,第12回 アルゴリズム実技検定 過去問,2022,1662177600,past202209_a,A,Trafic Light,A. Trafic Light,,536,"['conditional', 'implementation', 'formula']",3,https://atcoder.jp/contests/past202209-open/tasks/past202209_a,,,,
atcoder,others,past202209-open,第12回 アルゴリズム実技検定 過去問,2022,1662177600,past202209_b,B,Credits,B. Credits,,497,"['big integer', 'implementation', 'string']",3,https://atcoder.jp/contests/past202209-open/tasks/past202209_b,,,,
atcoder,others,past202209-open,第12回 アルゴリズム実技検定 過去問,2022,1662177600,past202209_c,C,Biased Dice,C. Biased Dice,,482,"['counting', 'dp', 'implementation', 'probability']",4,https://atcoder.jp/contests/past202209-open/tasks/past202209_c,,,,
atcoder,others,past202209-open,第12回 アルゴリズム実技検定 過去問,2022,1662177600,past202209_d,D,Marking,D. Marking,,426,"['graph theory', 'hash set', 'implementation', 'set', 'validation']",5,https://atcoder.jp/contests/past202209-open/tasks/past202209_d,,,,
atcoder,others,past202209-open,第12回 アルゴリズム実技検定 過去問,2022,1662177600,past202209_e,E,Hitting Stick Game,E. Hitting Stick Game,,376,"['case work', 'greedy', 'implementation', 'simulation', 'validation']",5,https://atcoder.jp/contests/past202209-open/tasks/past202209_e,,,,
atcoder,others,past202209-open,第12回 アルゴリズム実技検定 過去問,2022,1662177600,past202209_f,F,Pharmacist,F. Pharmacist,,345,"['hash set', 'implementation', 'set', 'sorting']",4,https://atcoder.jp/contests/past202209-open/tasks/past202209_f,,,,
atcoder,others,past202209-open,第12回 アルゴリズム実技検定 過去問,2022,1662177600,past202209_g,G,Wildcards,G. Wildcards,,350,"['brute force', 'combinatorics', 'counting', 'enumeration', 'hash map', 'string matching']",6,https://atcoder.jp/contests/past202209-open/tasks/past202209_g,,,,
atcoder,others,past202209-open,第12回 アルゴリズム実技検定 過去問,2022,1662177600,past202209_h,H,Three Types of Coins,H. Three Types of Coins,,296,"['greedy', 'lexicographical', 'observation', 'optimization', 'priority queue']",5,https://atcoder.jp/contests/past202209-open/tasks/past202209_h,,,,
atcoder,others,past202209-open,第12回 アルゴリズム実技検定 過去問,2022,1662177600,past202209_i,I,Buying Apple Everyday,I. Buying Apple Everyday,,285,"['observation', 'number theory', 'periodicity', 'sum']",4,https://atcoder.jp/contests/past202209-open/tasks/past202209_i,,,,
atcoder,others,past202209-open,第12回 アルゴリズム実技検定 過去問,2022,1662177600,past202209_j,J,Sprinkler,J. Sprinkler,,243,"['case work', 'computational geometry', 'formula']",3,https://atcoder.jp/contests/past202209-open/tasks/past202209_j,,,,
atcoder,others,past202209-open,第12回 アルゴリズム実技検定 過去問,2022,1662177600,past202209_k,K,Checking Connectivity,K. Checking Connectivity,,237,"['connectivity', 'data structure', 'divide and conquer', 'dsu', 'dsu with rollback', 'dynamic graph', 'offline processing']",7,https://atcoder.jp/contests/past202209-open/tasks/past202209_k,,,,
atcoder,others,past202209-open,第12回 アルゴリズム実技検定 過去問,2022,1662177600,past202209_l,L,Exhibition,L. Exhibition,,181,"['dp', 'modular arithmetic', 'optimization', 'prefix sum']",4,https://atcoder.jp/contests/past202209-open/tasks/past202209_l,,,,
atcoder,others,past202209-open,第12回 アルゴリズム実技検定 過去問,2022,1662177600,past202209_m,M,series,M. series,,212,"['data structure', 'dp', 'optimization', 'range query', 'segment tree']",5,https://atcoder.jp/contests/past202209-open/tasks/past202209_m,,,,
atcoder,others,past202209-open,第12回 アルゴリズム実技検定 過去問,2022,1662177600,past202209_n,N,From Above and From the Side,N. From Above and From the Side,,138,"['data structure', 'grid', 'implementation', 'simulation']",4,https://atcoder.jp/contests/past202209-open/tasks/past202209_n,,,,
atcoder,others,past202209-open,第12回 アルゴリズム実技検定 過去問,2022,1662177600,past202209_o,O,Pick Two Numbers,O. Pick Two Numbers,,92,"['bit manipulation', 'combinatorics', 'counting', 'fwht', 'inclusion exclusion', 'sos dp']",6,https://atcoder.jp/contests/past202209-open/tasks/past202209_o,,,,
atcoder,others,past202212-open,第13回 アルゴリズム実技検定 過去問,2022,1670040000,past202212_a,A,Tokens,A. Tokens,,598,"['implementation', 'formula']",2,https://atcoder.jp/contests/past202212-open/tasks/past202212_a,,,,
atcoder,others,past202212-open,第13回 アルゴリズム実技検定 過去問,2022,1670040000,past202212_b,B,Fractional Comparison,B. Fractional Comparison,,514,"['comparison', 'math', 'fractions', 'implementation', 'observation']",5,https://atcoder.jp/contests/past202212-open/tasks/past202212_b,,,,
atcoder,others,past202212-open,第13回 アルゴリズム実技検定 過去問,2022,1670040000,past202212_c,C,Triplet Product,C. Triplet Product,,486,"['brute force', 'combinatorics', 'counting', 'hash set', 'implementation']",5,https://atcoder.jp/contests/past202212-open/tasks/past202212_c,,,,
atcoder,others,past202212-open,第13回 アルゴリズム実技検定 過去問,2022,1670040000,past202212_d,D,Bozu Mekuri,D. Bozu Mekuri,,445,"['implementation', 'simulation', 'state']",3,https://atcoder.jp/contests/past202212-open/tasks/past202212_d,,,,
atcoder,others,past202212-open,第13回 アルゴリズム実技検定 過去問,2022,1670040000,past202212_e,E,Parentheses,E. Parentheses,,467,"['tracking', 'balanced bracket sequence', 'counting', 'implementation', 'string']",5,https://atcoder.jp/contests/past202212-open/tasks/past202212_e,,,,
atcoder,others,past202212-open,第13回 アルゴリズム実技検定 過去問,2022,1670040000,past202212_f,F,Average Ranking,F. Average Ranking,,337,"['binary search', 'implementation', 'observation']",3,https://atcoder.jp/contests/past202212-open/tasks/past202212_f,,,,
atcoder,others,past202212-open,第13回 アルゴリズム実技検定 過去問,2022,1670040000,past202212_g,G,Range Sum,G. Range Sum,,374,"['dp', 'subarray sum', 'prefix sum']",3,https://atcoder.jp/contests/past202212-open/tasks/past202212_g,,,,
atcoder,others,past202212-open,第13回 アルゴリズム実技検定 過去問,2022,1670040000,past202212_h,H,Digit Diff  Sum,H. Digit Diff  Sum,,338,"['counting', 'observation', 'prefix sum']",3,https://atcoder.jp/contests/past202212-open/tasks/past202212_h,,,,
atcoder,others,past202212-open,第13回 アルゴリズム実技検定 過去問,2022,1670040000,past202212_i,I,Order of Height,I. Order of Height,,340,"['cycle', 'directed graph', 'graph theory', 'topological sort']",4,https://atcoder.jp/contests/past202212-open/tasks/past202212_i,,,,
atcoder,others,past202212-open,第13回 アルゴリズム実技検定 過去問,2022,1670040000,past202212_j,J,Crossing,J. Crossing,,234,"['computational geometry', 'greedy', 'line', 'optimization', 'sorting']",5,https://atcoder.jp/contests/past202212-open/tasks/past202212_j,,,,
atcoder,others,past202212-open,第13回 アルゴリズム実技検定 過去問,2022,1670040000,past202212_k,K,Buy an Integer,K. Buy an Integer,,226,"['binary search', 'digit sum', 'observation']",3,https://atcoder.jp/contests/past202212-open/tasks/past202212_k,,,,
atcoder,others,past202212-open,第13回 アルゴリズム実技検定 過去問,2022,1670040000,past202212_l,L,Segments,L. Segments,,215,"['binary search', 'dp', 'greedy', 'lis', 'sorting']",5,https://atcoder.jp/contests/past202212-open/tasks/past202212_l,,,,
atcoder,others,past202212-open,第13回 アルゴリズム実技検定 過去問,2022,1670040000,past202212_m,M,Tree and Intervals,M. Tree and Intervals,,209,"['connectivity', 'counting', 'dsu', 'offline processing', 'range query', 'tree']",6,https://atcoder.jp/contests/past202212-open/tasks/past202212_m,,,,
atcoder,others,past202212-open,第13回 アルゴリズム実技検定 過去問,2022,1670040000,past202212_n,N,Sequence and Function,N. Sequence and Function,,171,"['data structure', 'formula', ""mo's algorithm"", 'offline processing', 'range query', 'sqrt decomposition']",6,https://atcoder.jp/contests/past202212-open/tasks/past202212_n,,,,
atcoder,others,past202212-open,第13回 アルゴリズム実技検定 過去問,2022,1670040000,past202212_o,O,Shift and Shift,O. Shift and Shift,,114,"['cycle', 'data structure', 'lazy propagation', 'range query', 'segment tree', 'xor']",6,https://atcoder.jp/contests/past202212-open/tasks/past202212_o,,,,
atcoder,others,past202303-open,第14回 アルゴリズム実技検定 過去問,2023,1677902400,past202303_a,A,シンプル石取りゲーム,A. シンプル石取りゲーム,,573,"['conditional', 'game theory', 'implementation']",3,https://atcoder.jp/contests/past202303-open/tasks/past202303_a,,,,
atcoder,others,past202303-open,第14回 アルゴリズム実技検定 過去問,2023,1677902400,past202303_b,B,小数点第 D 位,B. 小数点第 D 位,,441,"['big integer', 'implementation', 'math', 'string']",4,https://atcoder.jp/contests/past202303-open/tasks/past202303_b,,,,
atcoder,others,past202303-open,第14回 アルゴリズム実技検定 過去問,2023,1677902400,past202303_c,C,逆順列,C. 逆順列,,502,"['array', 'implementation', 'permutation']",3,https://atcoder.jp/contests/past202303-open/tasks/past202303_c,,,,
atcoder,others,past202303-open,第14回 アルゴリズム実技検定 過去問,2023,1677902400,past202303_d,D,シューティング,D. シューティング,,358,"['case work', 'observation', 'optimization']",3,https://atcoder.jp/contests/past202303-open/tasks/past202303_d,,,,
atcoder,others,past202303-open,第14回 アルゴリズム実技検定 過去問,2023,1677902400,past202303_e,E,図形のシャッフル,E. 図形のシャッフル,,386,"['counting', 'implementation', 'string']",3,https://atcoder.jp/contests/past202303-open/tasks/past202303_e,,,,
atcoder,others,past202303-open,第14回 アルゴリズム実技検定 過去問,2023,1677902400,past202303_f,F,集合の問題,F. 集合の問題,,414,"['counting', 'hash set', 'set']",3,https://atcoder.jp/contests/past202303-open/tasks/past202303_f,,,,
atcoder,others,past202303-open,第14回 アルゴリズム実技検定 過去問,2023,1677902400,past202303_g,G,隣り合うマス,G. 隣り合うマス,,387,"['graph', 'grid', 'implementation', 'sorting']",4,https://atcoder.jp/contests/past202303-open/tasks/past202303_g,,,,
atcoder,others,past202303-open,第14回 アルゴリズム実技検定 過去問,2023,1677902400,past202303_h,H,3 枚階段,H. 3 枚階段,,353,"['counting', 'greedy', 'optimization']",3,https://atcoder.jp/contests/past202303-open/tasks/past202303_h,,,,
atcoder,others,past202303-open,第14回 アルゴリズム実技検定 過去問,2023,1677902400,past202303_i,I,簡易オマハポーカー,I. 簡易オマハポーカー,,283,"['brute force', 'combinatorics', 'counting', 'greedy', 'implementation']",5,https://atcoder.jp/contests/past202303-open/tasks/past202303_i,,,,
atcoder,others,past202303-open,第14回 アルゴリズム実技検定 過去問,2023,1677902400,past202303_j,J,図形のシフト,J. 図形のシフト,,238,"['cycle', 'grid', 'implementation', 'pattern', 'string']",5,https://atcoder.jp/contests/past202303-open/tasks/past202303_j,,,,
atcoder,others,past202303-open,第14回 アルゴリズム実技検定 過去問,2023,1677902400,past202303_k,K,金貨と袋のゲーム,K. 金貨と袋のゲーム,,198,"['dp', 'expectation', 'game theory', 'optimization', 'probability']",5,https://atcoder.jp/contests/past202303-open/tasks/past202303_k,,,,
atcoder,others,past202303-open,第14回 アルゴリズム実技検定 過去問,2023,1677902400,past202303_l,L,順位表,L. 順位表,,236,"['graph theory', 'lexicographical', 'priority queue', 'topological sort']",4,https://atcoder.jp/contests/past202303-open/tasks/past202303_l,,,,
atcoder,others,past202303-open,第14回 アルゴリズム実技検定 過去問,2023,1677902400,past202303_m,M,お片付け,M. お片付け,,202,"['binary search', 'data structure', 'greedy', 'optimization', 'segment tree']",5,https://atcoder.jp/contests/past202303-open/tasks/past202303_m,,,,
atcoder,others,past202303-open,第14回 アルゴリズム実技検定 過去問,2023,1677902400,past202303_n,N,ゴミ出し,N. ゴミ出し,,105,"['binary search', 'greedy', 'observation', 'optimization']",4,https://atcoder.jp/contests/past202303-open/tasks/past202303_n,,,,
atcoder,others,past202303-open,第14回 アルゴリズム実技検定 過去問,2023,1677902400,past202303_o,O,区間ソートクエリ,O. 区間ソートクエリ,,153,"['counting', 'data structure', 'lazy propagation', 'range query', 'segment tree']",5,https://atcoder.jp/contests/past202303-open/tasks/past202303_o,,,,
atcoder,others,rcl-contest-2021,RECRUIT 日本橋ハーフマラソン 2021,2021,1630126800,rcl_contest_2021_a,A,魔法使いXの戦い,A. 魔法使いXの戦い,,540,"['heuristic', 'modular arithmetic', 'optimization', 'simulation', 'search']",5,https://atcoder.jp/contests/rcl-contest-2021/tasks/rcl_contest_2021_a,,,,
atcoder,others,rcl-contest-2021,RECRUIT 日本橋ハーフマラソン 2021,2021,1630126800,rcl_contest_2021_b,B,マッサージチェア2021,B. マッサージチェア2021,,482,"['heuristic', 'constraint', 'grid', 'manhattan distance', 'optimization', 'simulation', 'search']",7,https://atcoder.jp/contests/rcl-contest-2021/tasks/rcl_contest_2021_b,,,,
atcoder,others,rcl-contest-2021-long,RECRUIT 日本橋ハーフマラソン 2021〜増刊号〜,2021,1630832400,rcl_contest_2021_long_a,A,Farm King X,A. Farm King X,,514,"['approximation algorithm', 'connected components', 'greedy', 'heuristic', 'optimization', 'scheduling', 'simulation']",7,https://atcoder.jp/contests/rcl-contest-2021-long/tasks/rcl_contest_2021_long_a,,,,
atcoder,others,stage0-2021,STAGE:0 競技プログラミング高校生大会 powered by AtCoder,2021,1628319600,stage0_2021_a,A,Patrolling,A. Patrolling,,138,"['heuristic', 'coverage', 'grid', 'optimization', 'path', 'shortest path', 'simulation', 'search', 'visibility']",9,https://atcoder.jp/contests/stage0-2021/tasks/stage0_2021_a,,,,
atcoder,others,tkppc6-1,技術室奥プログラミングコンテスト#6 Day1,2021,1629604800,tkppc6_1_a,A,技術室奥プログラミングコンテストの未来,A. 技術室奥プログラミングコンテストの未来,,389,"['implementation', 'formula']",2,https://atcoder.jp/contests/tkppc6-1/tasks/tkppc6_1_a,,,,
atcoder,others,tkppc6-1,技術室奥プログラミングコンテスト#6 Day1,2021,1629604800,tkppc6_1_b,B,カラフルパ研,B. カラフルパ研,,370,"['constructive', 'counting', 'greedy', 'implementation', 'optimization']",5,https://atcoder.jp/contests/tkppc6-1/tasks/tkppc6_1_b,,,,
atcoder,others,tkppc6-1,技術室奥プログラミングコンテスト#6 Day1,2021,1629604800,tkppc6_1_c,C,Grip,C. Grip,,321,"['constructive', 'greedy', 'implementation', 'median', 'sorting']",5,https://atcoder.jp/contests/tkppc6-1/tasks/tkppc6_1_c,,,,
atcoder,others,tkppc6-1,技術室奥プログラミングコンテスト#6 Day1,2021,1629604800,tkppc6_1_d,D,ABS SUM,D. ABS SUM,,220,"['math', 'counting', 'modular arithmetic', 'prefix sum', 'subarray sum']",5,https://atcoder.jp/contests/tkppc6-1/tasks/tkppc6_1_d,,,,
atcoder,others,tkppc6-1,技術室奥プログラミングコンテスト#6 Day1,2021,1629604800,tkppc6_1_e,E,And Xor Or,E. And Xor Or,,258,"['bit manipulation', 'greedy', 'implementation']",3,https://atcoder.jp/contests/tkppc6-1/tasks/tkppc6_1_e,,,,
atcoder,others,tkppc6-1,技術室奥プログラミングコンテスト#6 Day1,2021,1629604800,tkppc6_1_f,F,Frog and Tadpole,F. Frog and Tadpole,,172,"['combinatorics', 'counting', 'dp', 'modular arithmetic', 'path']",5,https://atcoder.jp/contests/tkppc6-1/tasks/tkppc6_1_f,,,,
atcoder,others,tkppc6-1,技術室奥プログラミングコンテスト#6 Day1,2021,1629604800,tkppc6_1_g,G,At Most Two,G. At Most Two,,128,"['dp', 'lcs', 'lis', 'optimization', 'sequence']",5,https://atcoder.jp/contests/tkppc6-1/tasks/tkppc6_1_g,,,,
atcoder,others,tkppc6-1,技術室奥プログラミングコンテスト#6 Day1,2021,1629604800,tkppc6_1_h,H,Marbles and Boxes,H. Marbles and Boxes,,114,"['greedy', 'implementation', 'optimization', 'sorting']",4,https://atcoder.jp/contests/tkppc6-1/tasks/tkppc6_1_h,,,,
atcoder,others,tkppc6-1,技術室奥プログラミングコンテスト#6 Day1,2021,1629604800,tkppc6_1_i,I,1<->k,I. 1<->k,,93,"['chinese remainder theorem', 'counting', 'modular arithmetic', 'number theory', 'prime factorization']",5,https://atcoder.jp/contests/tkppc6-1/tasks/tkppc6_1_i,,,,
atcoder,others,tkppc6-1,技術室奥プログラミングコンテスト#6 Day1,2021,1629604800,tkppc6_1_j,J,Two Paths,J. Two Paths,,117,"['dp', 'grid', 'optimization', 'path']",4,https://atcoder.jp/contests/tkppc6-1/tasks/tkppc6_1_j,,,,
atcoder,others,tkppc6-1,技術室奥プログラミングコンテスト#6 Day1,2021,1629604800,tkppc6_1_k,K,Dial Key,K. Dial Key,,52,"['difference array', 'greedy', 'implementation', 'optimization', 'modular arithmetic', 'range update']",6,https://atcoder.jp/contests/tkppc6-1/tasks/tkppc6_1_k,,,,
atcoder,others,tkppc6-1,技術室奥プログラミングコンテスト#6 Day1,2021,1629604800,tkppc6_1_l,L,Polyomino Tiling,L. Polyomino Tiling,,51,"['combinatorics', 'counting', 'dp', 'grid', 'modular arithmetic', 'polyomino', 'tiling']",7,https://atcoder.jp/contests/tkppc6-1/tasks/tkppc6_1_l,,,,
atcoder,others,tkppc6-1,技術室奥プログラミングコンテスト#6 Day1,2021,1629604800,tkppc6_1_m,M,To The LCA,M. To The LCA,,44,"['data structure', 'greedy', 'lca', 'optimization', 'tree']",5,https://atcoder.jp/contests/tkppc6-1/tasks/tkppc6_1_m,,,,
atcoder,others,tkppc6-1,技術室奥プログラミングコンテスト#6 Day1,2021,1629604800,tkppc6_1_n,N,Jump and Walk,N. Jump and Walk,,26,"['dijkstra', 'dp', 'graph theory', 'shortest path']",4,https://atcoder.jp/contests/tkppc6-1/tasks/tkppc6_1_n,,,,
atcoder,others,tkppc6-1,技術室奥プログラミングコンテスト#6 Day1,2021,1629604800,tkppc6_1_o,O,ペンギンくんの仕事計画,O. ペンギンくんの仕事計画,,12,"['binary search', 'validation', 'greedy', 'interval', 'optimization', 'scheduling']",6,https://atcoder.jp/contests/tkppc6-1/tasks/tkppc6_1_o,,,,
atcoder,others,tkppc6-1,技術室奥プログラミングコンテスト#6 Day1,2021,1629604800,tkppc6_1_p,P,Game on Colored Tree,P. Game on Colored Tree,,6,"['game theory', 'implementation', 'partisan game', 'tree']",4,https://atcoder.jp/contests/tkppc6-1/tasks/tkppc6_1_p,,,,
atcoder,others,tkppc6-2,技術室奥プログラミングコンテスト#6 Day2,2021,1630209600,tkppc6_2_a,A,>_<,A. >_<,,348,"['combinatorics', 'counting', 'modular arithmetic', 'permutation']",4,https://atcoder.jp/contests/tkppc6-2/tasks/tkppc6_2_a,,,,
atcoder,others,tkppc6-2,技術室奥プログラミングコンテスト#6 Day2,2021,1630209600,tkppc6_2_b,B,Replace to the Other,B. Replace to the Other,,177,"['constructive', 'greedy', 'implementation', 'invariant', 'string']",5,https://atcoder.jp/contests/tkppc6-2/tasks/tkppc6_2_b,,,,
atcoder,others,tkppc6-2,技術室奥プログラミングコンテスト#6 Day2,2021,1630209600,tkppc6_2_c,C,Strange Paper,C. Strange Paper,,133,"['constructive', 'counting', 'implementation', 'math', 'sequence']",5,https://atcoder.jp/contests/tkppc6-2/tasks/tkppc6_2_c,,,,
atcoder,others,tkppc6-2,技術室奥プログラミングコンテスト#6 Day2,2021,1630209600,tkppc6_2_d,D,NG Word Game,D. NG Word Game,,87,"['binary search', 'constructive', 'implementation', 'interactive', 'string']",5,https://atcoder.jp/contests/tkppc6-2/tasks/tkppc6_2_d,,,,
atcoder,others,tkppc6-2,技術室奥プログラミングコンテスト#6 Day2,2021,1630209600,tkppc6_2_e,E,Exactly K Triangles,E. Exactly K Triangles,,37,"['combinatorics', 'constructive', 'counting', 'geometry', 'implementation', 'optimization', 'triangle inequality']",7,https://atcoder.jp/contests/tkppc6-2/tasks/tkppc6_2_e,,,,
atcoder,others,tkppc6-2,技術室奥プログラミングコンテスト#6 Day2,2021,1630209600,tkppc6_2_f,F,Shortest Path Construction,F. Shortest Path Construction,,68,"['constructive', 'graph', 'graph theory', 'implementation', 'shortest path', 'validation']",6,https://atcoder.jp/contests/tkppc6-2/tasks/tkppc6_2_f,,,,
atcoder,others,tkppc6-2,技術室奥プログラミングコンテスト#6 Day2,2021,1630209600,tkppc6_2_g,G,Must be Distinct!,G. Must be Distinct!,,41,"['constructive', 'greedy', 'implementation', 'math', 'sequence']",5,https://atcoder.jp/contests/tkppc6-2/tasks/tkppc6_2_g,,,,
atcoder,others,tkppc6-2,技術室奥プログラミングコンテスト#6 Day2,2021,1630209600,tkppc6_2_h,H,Reversi Pieces,H. Reversi Pieces,,22,"['data structure', 'dp', 'game theory', 'greedy', 'implementation', 'range query']",6,https://atcoder.jp/contests/tkppc6-2/tasks/tkppc6_2_h,,,,
atcoder,others,tkppc6-2,技術室奥プログラミングコンテスト#6 Day2,2021,1630209600,tkppc6_2_i,I,旅人計画問題2,I. 旅人計画問題2,,22,"['data structure', 'graph theory', 'lca', 'query', 'segment tree', 'tree']",6,https://atcoder.jp/contests/tkppc6-2/tasks/tkppc6_2_i,,,,
atcoder,others,tkppc6-2,技術室奥プログラミングコンテスト#6 Day2,2021,1630209600,tkppc6_2_j,J,Common Divisors Shortest Path Queries,J. Common Divisors Shortest Path Queries,,11,"['dijkstra', 'graph theory', 'number theory', 'prime factorization', 'query', 'shortest path']",6,https://atcoder.jp/contests/tkppc6-2/tasks/tkppc6_2_j,,,,
atcoder,others,tkppc6-2,技術室奥プログラミングコンテスト#6 Day2,2021,1630209600,tkppc6_2_k,K,Ball in the Box 2,K. Ball in the Box 2,,46,"['combinatorics', 'counting', 'modular arithmetic', 'stars and bars']",4,https://atcoder.jp/contests/tkppc6-2/tasks/tkppc6_2_k,,,,
atcoder,others,tkppc6-2,技術室奥プログラミングコンテスト#6 Day2,2021,1630209600,tkppc6_2_l,L,Go To,L. Go To,,12,"['combinatorics', 'directed graph', 'graph theory', 'reachability', 'scc']",5,https://atcoder.jp/contests/tkppc6-2/tasks/tkppc6_2_l,,,,
atcoder,others,tkppc6-2,技術室奥プログラミングコンテスト#6 Day2,2021,1630209600,tkppc6_2_m,M,山分け,M. 山分け,,8,"['binary search', 'greedy', 'optimization', 'query', 'range query']",5,https://atcoder.jp/contests/tkppc6-2/tasks/tkppc6_2_m,,,,
atcoder,others,toyota-hc-2023spring,トヨタ自動車 実課題プログラミングコンテスト 2023 Spring,2023,1677988800,toyota_hc_2023spring_a,A,Container Loading,A. Container Loading,,76,"['heuristic', 'bin packing', 'constraint', 'geometry', 'optimization', 'simulation', 'search', '3d packing']",8,https://atcoder.jp/contests/toyota-hc-2023spring/tasks/toyota_hc_2023spring_a,,,,
atcoder,others,toyota2023spring-final,Toyota Programming Contest 2023 Spring Final,2023,1679101800,toyota2023spring_final_a,A,Area Sum,A. Area Sum,,327,"['heuristic', 'combinatorics', 'counting', 'dp', 'array', 'modular arithmetic', 'number theory', 'optimization', 'permutation', 'simulation', 'search']",11,https://atcoder.jp/contests/toyota2023spring-final/tasks/toyota2023spring_final_a,,,,
atcoder,others,toyota2023spring-final,Toyota Programming Contest 2023 Spring Final,2023,1679101800,toyota2023spring_final_b,B,Best Strategy,B. Best Strategy,,344,"['heuristic', 'combinatorics', 'counting', 'dp', 'array', 'modular arithmetic', 'number theory', 'optimization', 'permutation', 'simulation', 'search']",11,https://atcoder.jp/contests/toyota2023spring-final/tasks/toyota2023spring_final_b,,,,
atcoder,others,toyota2023spring-final,Toyota Programming Contest 2023 Spring Final,2023,1679101800,toyota2023spring_final_c,C,Count Dividing XOR,C. Count Dividing XOR,,302,"['heuristic', 'combinatorics', 'counting', 'dp', 'array', 'modular arithmetic', 'number theory', 'optimization', 'permutation', 'simulation', 'search']",11,https://atcoder.jp/contests/toyota2023spring-final/tasks/toyota2023spring_final_c,,,,
atcoder,others,toyota2023spring-final,Toyota Programming Contest 2023 Spring Final,2023,1679101800,toyota2023spring_final_d,D,Dual Rotation,D. Dual Rotation,,138,"['heuristic', 'combinatorics', 'counting', 'dp', 'array', 'modular arithmetic', 'number theory', 'optimization', 'permutation', 'simulation', 'search']",11,https://atcoder.jp/contests/toyota2023spring-final/tasks/toyota2023spring_final_d,,,,
atcoder,others,toyota2023spring-final,Toyota Programming Contest 2023 Spring Final,2023,1679101800,toyota2023spring_final_e,E,East-Northeast,E. East-Northeast,,47,"['heuristic', 'combinatorics', 'counting', 'dp', 'array', 'modular arithmetic', 'number theory', 'optimization', 'permutation', 'simulation', 'search']",11,https://atcoder.jp/contests/toyota2023spring-final/tasks/toyota2023spring_final_e,,,,
atcoder,others,toyota2023spring-final,Toyota Programming Contest 2023 Spring Final,2023,1679101800,toyota2023spring_final_f,F,Forbidden Pattern,F. Forbidden Pattern,,65,"['heuristic', 'combinatorics', 'counting', 'dp', 'array', 'modular arithmetic', 'number theory', 'optimization', 'permutation', 'simulation', 'search']",11,https://atcoder.jp/contests/toyota2023spring-final/tasks/toyota2023spring_final_f,,,,
atcoder,others,toyota2023spring-final,Toyota Programming Contest 2023 Spring Final,2023,1679101800,toyota2023spring_final_g,G,Git Gud,G. Git Gud,,129,"['heuristic', 'combinatorics', 'counting', 'dp', 'array', 'modular arithmetic', 'number theory', 'optimization', 'permutation', 'simulation', 'search']",11,https://atcoder.jp/contests/toyota2023spring-final/tasks/toyota2023spring_final_g,,,,
atcoder,others,toyota2023spring-final-open,Toyota Programming Contest 2023 Spring Final（Open Contest）,2023,1679101800,toyota2023spring_final_a,A,Area Sum,A. Area Sum,,327,"['heuristic', 'combinatorics', 'counting', 'dp', 'array', 'modular arithmetic', 'number theory', 'optimization', 'permutation', 'simulation', 'search']",11,https://atcoder.jp/contests/toyota2023spring-final-open/tasks/toyota2023spring_final_a,,,,
atcoder,others,toyota2023spring-final-open,Toyota Programming Contest 2023 Spring Final（Open Contest）,2023,1679101800,toyota2023spring_final_b,B,Best Strategy,B. Best Strategy,,344,"['heuristic', 'combinatorics', 'counting', 'dp', 'array', 'modular arithmetic', 'number theory', 'optimization', 'permutation', 'simulation', 'search']",11,https://atcoder.jp/contests/toyota2023spring-final-open/tasks/toyota2023spring_final_b,,,,
atcoder,others,toyota2023spring-final-open,Toyota Programming Contest 2023 Spring Final（Open Contest）,2023,1679101800,toyota2023spring_final_c,C,Count Dividing XOR,C. Count Dividing XOR,,302,"['heuristic', 'combinatorics', 'counting', 'dp', 'array', 'modular arithmetic', 'number theory', 'optimization', 'permutation', 'simulation', 'search']",11,https://atcoder.jp/contests/toyota2023spring-final-open/tasks/toyota2023spring_final_c,,,,
atcoder,others,toyota2023spring-final-open,Toyota Programming Contest 2023 Spring Final（Open Contest）,2023,1679101800,toyota2023spring_final_d,D,Dual Rotation,D. Dual Rotation,,138,"['heuristic', 'combinatorics', 'counting', 'dp', 'array', 'modular arithmetic', 'number theory', 'optimization', 'permutation', 'simulation', 'search']",11,https://atcoder.jp/contests/toyota2023spring-final-open/tasks/toyota2023spring_final_d,,,,
atcoder,others,toyota2023spring-final-open,Toyota Programming Contest 2023 Spring Final（Open Contest）,2023,1679101800,toyota2023spring_final_e,E,East-Northeast,E. East-Northeast,,47,"['heuristic', 'combinatorics', 'counting', 'dp', 'array', 'modular arithmetic', 'number theory', 'optimization', 'permutation', 'simulation', 'search']",11,https://atcoder.jp/contests/toyota2023spring-final-open/tasks/toyota2023spring_final_e,,,,
atcoder,others,toyota2023spring-final-open,Toyota Programming Contest 2023 Spring Final（Open Contest）,2023,1679101800,toyota2023spring_final_f,F,Forbidden Pattern,F. Forbidden Pattern,,65,"['heuristic', 'combinatorics', 'counting', 'dp', 'array', 'modular arithmetic', 'number theory', 'optimization', 'permutation', 'simulation', 'search']",11,https://atcoder.jp/contests/toyota2023spring-final-open/tasks/toyota2023spring_final_f,,,,
atcoder,others,toyota2023spring-final-open,Toyota Programming Contest 2023 Spring Final（Open Contest）,2023,1679101800,toyota2023spring_final_g,G,Git Gud,G. Git Gud,,129,"['heuristic', 'combinatorics', 'counting', 'dp', 'array', 'modular arithmetic', 'number theory', 'optimization', 'permutation', 'simulation', 'search']",11,https://atcoder.jp/contests/toyota2023spring-final-open/tasks/toyota2023spring_final_g,,,,
atcoder,others,toyota2023summer-final-open,TOYOTA Programming Contest 2023 Summer final（Open Contest）,2023,1693098900,toyota2023summer_final_a,A,Transit Warehouse,A. Transit Warehouse,,326,"['heuristic', 'connectivity', 'grid', 'interactive', 'inversion', 'optimization', 'path', 'simulation', 'search']",9,https://atcoder.jp/contests/toyota2023summer-final-open/tasks/toyota2023summer_final_a,,,,
atcoder,others,ttpc2022,東京工業大学プログラミングコンテスト2022,2022,1667620800,ttpc2022_a,A,Next TTPC 2,A. Next TTPC 2,,581,"['implementation', 'number theory']",2,https://atcoder.jp/contests/ttpc2022/tasks/ttpc2022_a,,,,
atcoder,others,ttpc2022,東京工業大学プログラミングコンテスト2022,2022,1667620800,ttpc2022_b,B,Magical Wallet,B. Magical Wallet,,323,"['dp', 'greedy', 'implementation', 'math']",4,https://atcoder.jp/contests/ttpc2022/tasks/ttpc2022_b,,,,
atcoder,others,ttpc2022,東京工業大学プログラミングコンテスト2022,2022,1667620800,ttpc2022_c,C,Five Med Sum,C. Five Med Sum,,222,"['binary search', 'combinatorics', 'counting', 'modular arithmetic', 'sorting']",5,https://atcoder.jp/contests/ttpc2022/tasks/ttpc2022_c,,,,
atcoder,others,ttpc2022,東京工業大学プログラミングコンテスト2022,2022,1667620800,ttpc2022_d,D,XOR Tree Path,D. XOR Tree Path,,188,"['dp', 'greedy', 'tree', 'xor']",4,https://atcoder.jp/contests/ttpc2022/tasks/ttpc2022_d,,,,
atcoder,others,ttpc2022,東京工業大学プログラミングコンテスト2022,2022,1667620800,ttpc2022_e,E,Name Value,E. Name Value,,143,"['dp', 'greedy', 'implementation', 'string', 'subsequence', 'two pointer']",6,https://atcoder.jp/contests/ttpc2022/tasks/ttpc2022_e,,,,
atcoder,others,ttpc2022,東京工業大学プログラミングコンテスト2022,2022,1667620800,ttpc2022_f,F,Make Convex Sequence,F. Make Convex Sequence,,74,"['convex optimization', 'greedy', 'implementation', 'optimization']",4,https://atcoder.jp/contests/ttpc2022/tasks/ttpc2022_f,,,,
atcoder,others,ttpc2022,東京工業大学プログラミングコンテスト2022,2022,1667620800,ttpc2022_g,G,Count Arithmetic Progression,G. Count Arithmetic Progression,,38,"['combinatorics', 'counting', 'implementation', 'modular arithmetic', 'number theory']",5,https://atcoder.jp/contests/ttpc2022/tasks/ttpc2022_g,,,,
atcoder,others,ttpc2022,東京工業大学プログラミングコンテスト2022,2022,1667620800,ttpc2022_h,H,Colorful Graph,H. Colorful Graph,,42,"['condensation graph', 'directed graph', 'graph theory', 'implementation', 'scc', 'topological sort']",6,https://atcoder.jp/contests/ttpc2022/tasks/ttpc2022_h,,,,
atcoder,others,ttpc2022,東京工業大学プログラミングコンテスト2022,2022,1667620800,ttpc2022_i,I,XOR Reachable,I. XOR Reachable,,43,"['connected components', 'counting', 'graph theory', 'implementation', 'xor']",5,https://atcoder.jp/contests/ttpc2022/tasks/ttpc2022_i,,,,
atcoder,others,ttpc2022,東京工業大学プログラミングコンテスト2022,2022,1667620800,ttpc2022_j,J,Jewel Game,J. Jewel Game,,16,"['game theory', 'graph theory', 'implementation', 'memoization', 'minimax']",5,https://atcoder.jp/contests/ttpc2022/tasks/ttpc2022_j,,,,
atcoder,others,ttpc2022,東京工業大学プログラミングコンテスト2022,2022,1667620800,ttpc2022_k,K,Peaceful Results,K. Peaceful Results,,23,"['combinatorics', 'counting', 'implementation', 'modular arithmetic', 'multinomial coefficient']",5,https://atcoder.jp/contests/ttpc2022/tasks/ttpc2022_k,,,,
atcoder,others,ttpc2022,東京工業大学プログラミングコンテスト2022,2022,1667620800,ttpc2022_l,L,Range NEQ,L. Range NEQ,,59,"['combinatorics', 'counting', 'dp', 'inclusion exclusion', 'modular arithmetic', 'permutation']",6,https://atcoder.jp/contests/ttpc2022/tasks/ttpc2022_l,,,,
atcoder,others,ttpc2022,東京工業大学プログラミングコンテスト2022,2022,1667620800,ttpc2022_m,M,Many Products,M. Many Products,,44,"['combinatorics', 'counting', 'dp', 'prime factorization', 'modular arithmetic', 'number theory']",6,https://atcoder.jp/contests/ttpc2022/tasks/ttpc2022_m,,,,
atcoder,others,ttpc2022,東京工業大学プログラミングコンテスト2022,2022,1667620800,ttpc2022_n,N,Expanded Hull,N. Expanded Hull,,10,"['combinatorics', 'computational geometry', 'counting', 'implementation', 'lattice points', 'optimization']",6,https://atcoder.jp/contests/ttpc2022/tasks/ttpc2022_n,,,,
atcoder,others,ttpc2022,東京工業大学プログラミングコンテスト2022,2022,1667620800,ttpc2022_o,O,Parallel Processing,O. Parallel Processing,,12,"['constructive', 'implementation', 'optimization', 'parallel processing', 'prefix']",5,https://atcoder.jp/contests/ttpc2022/tasks/ttpc2022_o,,,,
atcoder,others,ttpc2023,東京工業大学プログラミングコンテスト2023,2023,1697256000,ttpc2023_a,A,Numerous Elimination,A. Numerous Elimination,,304,"['implementation', 'math', 'simulation']",3,https://atcoder.jp/contests/ttpc2023/tasks/ttpc2023_a,,,,
atcoder,others,ttpc2023,東京工業大学プログラミングコンテスト2023,2023,1697256000,ttpc2023_b,B,Almost Large,B. Almost Large,,113,"['bfs', 'graph theory', 'implementation', 'number theory']",4,https://atcoder.jp/contests/ttpc2023/tasks/ttpc2023_b,,,,
atcoder,others,ttpc2023,東京工業大学プログラミングコンテスト2023,2023,1697256000,ttpc2023_c,C,Yet Another Simple Math Problem,C. Yet Another Simple Math Problem,,159,"['counting', 'implementation', 'math', 'number theory']",4,https://atcoder.jp/contests/ttpc2023/tasks/ttpc2023_c,,,,
atcoder,others,ttpc2023,東京工業大学プログラミングコンテスト2023,2023,1697256000,ttpc2023_d,D,Spacecraft,D. Spacecraft,,6,"['computational geometry', 'connected components', 'graph theory', 'implementation', '3d geometry']",5,https://atcoder.jp/contests/ttpc2023/tasks/ttpc2023_d,,,,
atcoder,others,ttpc2023,東京工業大学プログラミングコンテスト2023,2023,1697256000,ttpc2023_e,E,R-Connected Components,E. R-Connected Components,,93,"['connected components', 'graph theory', 'number theory', 'sum']",4,https://atcoder.jp/contests/ttpc2023/tasks/ttpc2023_e,,,,
atcoder,others,ttpc2023,東京工業大学プログラミングコンテスト2023,2023,1697256000,ttpc2023_f,F,N^a (log N)^b,F. N^a (log N)^b,,67,"['parsing', 'implementation', 'math', 'number theory']",4,https://atcoder.jp/contests/ttpc2023/tasks/ttpc2023_f,,,,
atcoder,others,ttpc2023,東京工業大学プログラミングコンテスト2023,2023,1697256000,ttpc2023_g,G,Cola,G. Cola,,39,"['combinatorics', 'dp', 'game theory', 'modular arithmetic', 'probability']",5,https://atcoder.jp/contests/ttpc2023/tasks/ttpc2023_g,,,,
atcoder,others,ttpc2023,東京工業大学プログラミングコンテスト2023,2023,1697256000,ttpc2023_h,H,404 Chotto Found,H. 404 Chotto Found,,57,"['counting', 'hash map', 'implementation', 'string']",4,https://atcoder.jp/contests/ttpc2023/tasks/ttpc2023_h,,,,
atcoder,others,ttpc2023,東京工業大学プログラミングコンテスト2023,2023,1697256000,ttpc2023_i,I,T Tile Placement Counting,I. T Tile Placement Counting,,9,"['bitmask dp', 'matrix', 'broken profile dp', 'tiling']",4,https://atcoder.jp/contests/ttpc2023/tasks/ttpc2023_i,,,,
atcoder,others,ttpc2023,東京工業大学プログラミングコンテスト2023,2023,1697256000,ttpc2023_j,J,Set Construction,J. Set Construction,,15,"['bit manipulation', 'constructive', 'implementation', 'set theory']",4,https://atcoder.jp/contests/ttpc2023/tasks/ttpc2023_j,,,,
atcoder,others,ttpc2023,東京工業大学プログラミングコンテスト2023,2023,1697256000,ttpc2023_k,K,Dense Planting,K. Dense Planting,,32,"['bit manipulation', 'constructive', 'implementation', 'set theory']",4,https://atcoder.jp/contests/ttpc2023/tasks/ttpc2023_k,,,,
atcoder,others,ttpc2023,東京工業大学プログラミングコンテスト2023,2023,1697256000,ttpc2023_l,L,Next TTPC 3,L. Next TTPC 3,,26,"['bit manipulation', 'constructive', 'implementation', 'set theory']",4,https://atcoder.jp/contests/ttpc2023/tasks/ttpc2023_l,,,,
atcoder,others,ttpc2023,東京工業大学プログラミングコンテスト2023,2023,1697256000,ttpc2023_m,M,Sum is Integer,M. Sum is Integer,,54,"['counting', 'hash map', 'number theory', 'prefix sum']",4,https://atcoder.jp/contests/ttpc2023/tasks/ttpc2023_m,,,,
atcoder,others,ttpc2023,東京工業大学プログラミングコンテスト2023,2023,1697256000,ttpc2023_n,N,Bracket Sequestion,N. Bracket Sequestion,,10,"['combinatorics', 'counting', 'dp', 'modular arithmetic']",4,https://atcoder.jp/contests/ttpc2023/tasks/ttpc2023_n,,,,
atcoder,others,ttpc2023,東京工業大学プログラミングコンテスト2023,2023,1697256000,ttpc2023_o,O,2D Parentheses,O. 2D Parentheses,,19,"['computational geometry', 'greedy', 'implementation', 'matching', 'sorting']",5,https://atcoder.jp/contests/ttpc2023/tasks/ttpc2023_o,,,,
atcoder,others,ttpc2023,東京工業大学プログラミングコンテスト2023,2023,1697256000,ttpc2023_p,P,Bridge Elimination,P. Bridge Elimination,,20,"['combinatorics', 'dp', 'graph theory', 'modular arithmetic']",4,https://atcoder.jp/contests/ttpc2023/tasks/ttpc2023_p,,,,
atcoder,others,tupc2022,東北大学プログラミングコンテスト 2022,2023,1677902400,tupc2022_a,A,Sum Sort,A. Sum Sort,,432,"['connected components', 'graph theory', 'implementation', 'permutation', 'sorting']",5,https://atcoder.jp/contests/tupc2022/tasks/tupc2022_a,,,,
atcoder,others,tupc2022,東北大学プログラミングコンテスト 2022,2023,1677902400,tupc2022_b,B,Snowy Aobayama,B. Snowy Aobayama,,339,"['binary search', 'implementation', 'optimization', 'simulation']",4,https://atcoder.jp/contests/tupc2022/tasks/tupc2022_b,,,,
atcoder,others,tupc2022,東北大学プログラミングコンテスト 2022,2023,1677902400,tupc2022_c,C,Flip Grid,C. Flip Grid,,186,"['constructive', 'greedy', 'implementation', 'sorting']",4,https://atcoder.jp/contests/tupc2022/tasks/tupc2022_c,,,,
atcoder,others,tupc2022,東北大学プログラミングコンテスト 2022,2023,1677902400,tupc2022_d,D,Zeta Sum,D. Zeta Sum,,131,"['combinatorics', 'counting', 'modular arithmetic', 'number theory', 'math']",5,https://atcoder.jp/contests/tupc2022/tasks/tupc2022_d,,,,
atcoder,others,tupc2022,東北大学プログラミングコンテスト 2022,2023,1677902400,tupc2022_e,E,00-11 Rotation,E. 00-11 Rotation,,67,"['bfs', 'graph theory', 'implementation', 'shortest path', 'string']",5,https://atcoder.jp/contests/tupc2022/tasks/tupc2022_e,,,,
atcoder,others,tupc2022,東北大学プログラミングコンテスト 2022,2023,1677902400,tupc2022_f,F,Block Rotation,F. Block Rotation,,59,"['combinatorics', 'counting', 'cycle', 'implementation', 'lcm', 'modular arithmetic', 'permutation']",7,https://atcoder.jp/contests/tupc2022/tasks/tupc2022_f,,,,
atcoder,others,tupc2022,東北大学プログラミングコンテスト 2022,2023,1677902400,tupc2022_g,G,All Pairs,G. All Pairs,,86,"['combinatorics', 'constructive', 'eulerian path', 'graph theory', 'implementation']",5,https://atcoder.jp/contests/tupc2022/tasks/tupc2022_g,,,,
atcoder,others,tupc2022,東北大学プログラミングコンテスト 2022,2023,1677902400,tupc2022_h,H,Next Permutation,H. Next Permutation,,67,"['combinatorics', 'factorial number system', 'implementation', 'lexicographical', 'permutation']",5,https://atcoder.jp/contests/tupc2022/tasks/tupc2022_h,,,,
atcoder,others,tupc2022,東北大学プログラミングコンテスト 2022,2023,1677902400,tupc2022_i,I,Count Setwise Coprime,I. Count Setwise Coprime,,37,"['combinatorics', 'counting', 'inclusion exclusion', 'mobius function', 'modular arithmetic', 'number theory']",6,https://atcoder.jp/contests/tupc2022/tasks/tupc2022_i,,,,
atcoder,others,tupc2022,東北大学プログラミングコンテスト 2022,2023,1677902400,tupc2022_j,J,AMidA,J. AMidA,,12,"['constructive', 'greedy', 'implementation', 'permutation']",4,https://atcoder.jp/contests/tupc2022/tasks/tupc2022_j,,,,
atcoder,others,tupc2022,東北大学プログラミングコンテスト 2022,2023,1677902400,tupc2022_k,K,Lebesgue Integral,K. Lebesgue Integral,,45,"['dp', 'optimization', 'sorting']",3,https://atcoder.jp/contests/tupc2022/tasks/tupc2022_k,,,,
atcoder,others,tupc2022,東北大学プログラミングコンテスト 2022,2023,1677902400,tupc2022_l,L,Inversion High and Low,L. Inversion High and Low,,7,"['interactive', 'inversion', 'permutation', 'query']",4,https://atcoder.jp/contests/tupc2022/tasks/tupc2022_l,,,,
atcoder,others,tupc2022,東北大学プログラミングコンテスト 2022,2023,1677902400,tupc2022_m,M,Fractal Tree Isomorphism,M. Fractal Tree Isomorphism,,15,"['graph theory', 'implementation', 'tree']",3,https://atcoder.jp/contests/tupc2022/tasks/tupc2022_m,,,,
atcoder,others,tupc2022,東北大学プログラミングコンテスト 2022,2023,1677902400,tupc2022_n,N,Matrix Game,N. Matrix Game,,15,"['game theory', 'sprague grundy', 'implementation', 'memoization']",4,https://atcoder.jp/contests/tupc2022/tasks/tupc2022_n,,,,
atcoder,others,tupc2022,東北大学プログラミングコンテスト 2022,2023,1677902400,tupc2022_o,O,Equidistant Binary String,O. Equidistant Binary String,,5,"['combinatorics', 'counting', 'implementation', 'modular arithmetic', 'string']",5,https://atcoder.jp/contests/tupc2022/tasks/tupc2022_o,,,,
atcoder,others,typical90,競プロ典型 90 問,2021,1618914000,typical90_a,001,Yokan Party（★4）,001. Yokan Party（★4）,,12885,"['implementation', 'binary search', 'greedy', 'input output', 'optimization']",5,https://atcoder.jp/contests/typical90/tasks/typical90_a,,,,
atcoder,others,typical90,競プロ典型 90 問,2021,1618914000,typical90_aa,027,Sign Up Requests （★2）,027. Sign Up Requests （★2）,,9835,"['implementation', 'hash set', 'input output', 'set', 'string']",5,https://atcoder.jp/contests/typical90/tasks/typical90_aa,,,,
atcoder,others,typical90,競プロ典型 90 問,2021,1618914000,typical90_ab,028,Cluttered Paper（★4）,028. Cluttered Paper（★4）,,5599,"['implementation', 'computational geometry', 'coordinate compression', 'counting', 'difference array', 'grid', 'input output', 'prefix sum', 'plane sweep']",9,https://atcoder.jp/contests/typical90/tasks/typical90_ab,,,,
atcoder,others,typical90,競プロ典型 90 問,2021,1618914000,typical90_ac,029,Long Bricks（★5）,029. Long Bricks（★5）,,3510,"['implementation', 'data structure', 'input output', 'lazy propagation', 'range maximum query', 'range update', 'segment tree']",7,https://atcoder.jp/contests/typical90/tasks/typical90_ac,,,,
atcoder,others,typical90,競プロ典型 90 問,2021,1618914000,typical90_ad,030,K Factors（★5）,030. K Factors（★5）,,4070,"['implementation', 'counting', 'input output', 'number theory', 'prime factorization', 'prime sieve']",6,https://atcoder.jp/contests/typical90/tasks/typical90_ad,,,,
atcoder,others,typical90,競プロ典型 90 問,2021,1618914000,typical90_ae,031,VS AtCoder（★6）,031. VS AtCoder（★6）,,1831,"['implementation', 'game theory', 'sprague grundy', 'input output', 'nim', 'xor']",6,https://atcoder.jp/contests/typical90/tasks/typical90_ae,,,,
atcoder,others,typical90,競プロ典型 90 問,2021,1618914000,typical90_af,032,AtCoder Ekiden（★3）,032. AtCoder Ekiden（★3）,,6520,"['implementation', 'matching', 'bitmask dp', 'brute force', 'dp', 'graph theory', 'input output', 'optimization', 'permutation']",9,https://atcoder.jp/contests/typical90/tasks/typical90_af,,,,
atcoder,others,typical90,競プロ典型 90 問,2021,1618914000,typical90_ag,033,Not Too Bright（★2）,033. Not Too Bright（★2）,,9191,"['implementation', 'constructive', 'grid', 'input output', 'optimization']",5,https://atcoder.jp/contests/typical90/tasks/typical90_ag,,,,
atcoder,others,typical90,競プロ典型 90 問,2021,1618914000,typical90_ah,034,There are few types of elements（★4）,034. There are few types of elements（★4）,,5237,"['implementation', 'counting', 'frequency array', 'hash map', 'input output', 'sliding window', 'two pointer']",7,https://atcoder.jp/contests/typical90/tasks/typical90_ah,,,,
atcoder,others,typical90,競プロ典型 90 問,2021,1618914000,typical90_ai,035,Preserve Connectivity（★7）,035. Preserve Connectivity（★7）,,1015,"['implementation', 'dfs', 'graph theory', 'input output', 'lca', 'query', 'tree', 'virtual tree']",8,https://atcoder.jp/contests/typical90/tasks/typical90_ai,,,,
atcoder,others,typical90,競プロ典型 90 問,2021,1618914000,typical90_aj,036,Max Manhattan Distance（★5）,036. Max Manhattan Distance（★5）,,3657,"['implementation', 'computational geometry', 'coordinate geometry', 'input output', 'manhattan distance', 'precomputation', 'query']",7,https://atcoder.jp/contests/typical90/tasks/typical90_aj,,,,
atcoder,others,typical90,競プロ典型 90 問,2021,1618914000,typical90_ak,037,Don't Leave the Spice（★5）,037. Don't Leave the Spice（★5）,,3019,"['implementation', 'dp', 'input output', 'knapsack', 'optimization', 'range']",6,https://atcoder.jp/contests/typical90/tasks/typical90_ak,,,,
atcoder,others,typical90,競プロ典型 90 問,2021,1618914000,typical90_al,038,Large LCM（★3）,038. Large LCM（★3）,,7288,"['implementation', 'gcd', 'input output', 'lcm', 'number theory', 'integer overflow']",6,https://atcoder.jp/contests/typical90/tasks/typical90_al,,,,
atcoder,others,typical90,競プロ典型 90 問,2021,1618914000,typical90_am,039,Tree Distance（★5）,039. Tree Distance（★5）,,3421,"['implementation', 'counting', 'dfs', 'graph theory', 'input output', 'subtree size', 'tree']",7,https://atcoder.jp/contests/typical90/tasks/typical90_am,,,,
atcoder,others,typical90,競プロ典型 90 問,2021,1618914000,typical90_an,040,Get More Money（★7）,040. Get More Money（★7）,,1024,"['implementation', 'dag', 'dp', 'graph theory', 'input output', 'optimization', 'topological sort']",7,https://atcoder.jp/contests/typical90/tasks/typical90_an,,,,
atcoder,others,typical90,競プロ典型 90 問,2021,1618914000,typical90_ao,041,Piles in AtCoder Farm（★7）,041. Piles in AtCoder Farm（★7）,,759,"['implementation', 'computational geometry', 'convex hull', 'gcd', 'input output', 'lattice points', 'number theory', 'pick theorem']",8,https://atcoder.jp/contests/typical90/tasks/typical90_ao,,,,
atcoder,others,typical90,競プロ典型 90 問,2021,1618914000,typical90_ap,042,Multiple of 9（★4）,042. Multiple of 9（★4）,,4727,"['implementation', 'combinatorics', 'digit dp', 'dp', 'input output', 'modular arithmetic', 'number theory']",7,https://atcoder.jp/contests/typical90/tasks/typical90_ap,,,,
atcoder,others,typical90,競プロ典型 90 問,2021,1618914000,typical90_aq,043,Maze Challenge with Lack of Sleep（★4）,043. Maze Challenge with Lack of Sleep（★4）,,3648,"['implementation', 'bfs', 'graph theory', 'grid', 'input output', 'shortest path', 'state']",7,https://atcoder.jp/contests/typical90/tasks/typical90_aq,,,,
atcoder,others,typical90,競プロ典型 90 問,2021,1618914000,typical90_ar,044,Shift and Swapping（★3）,044. Shift and Swapping（★3）,,6460,"['implementation', 'data structure', 'indexing', 'input output', 'tracking', 'query', 'simulation']",7,https://atcoder.jp/contests/typical90/tasks/typical90_ar,,,,
atcoder,others,typical90,競プロ典型 90 問,2021,1618914000,typical90_as,045,Simple Grouping（★6）,045. Simple Grouping（★6）,,1606,"['implementation', 'bitmask dp', 'computational geometry', 'dp', 'input output', 'optimization', 'precomputation', 'bitmask']",8,https://atcoder.jp/contests/typical90/tasks/typical90_as,,,,
atcoder,others,typical90,競プロ典型 90 問,2021,1618914000,typical90_at,046,I Love 46（★3）,046. I Love 46（★3）,,6714,"['implementation', 'combinatorics', 'counting', 'frequency array', 'input output', 'modular arithmetic', 'number theory']",7,https://atcoder.jp/contests/typical90/tasks/typical90_at,,,,
atcoder,others,typical90,競プロ典型 90 問,2021,1618914000,typical90_au,047,Monochromatic Diagonal（★7）,047. Monochromatic Diagonal（★7）,,789,"['implementation', 'combinatorics', 'counting', 'grid', 'input output', 'math', 'pattern', 'string']",8,https://atcoder.jp/contests/typical90/tasks/typical90_au,,,,
atcoder,others,typical90,競プロ典型 90 問,2021,1618914000,typical90_av,048,I will not drop out（★3）,048. I will not drop out（★3）,,6073,"['implementation', 'greedy', 'input output', 'optimization', 'sorting']",5,https://atcoder.jp/contests/typical90/tasks/typical90_av,,,,
atcoder,others,typical90,競プロ典型 90 問,2021,1618914000,typical90_aw,049,Flip Digits 2（★6）,049. Flip Digits 2（★6）,,1420,"['implementation', 'xor basis', 'gf2', 'bit manipulation', 'gaussian elimination', 'greedy', 'input output', 'linear algebra', 'optimization']",9,https://atcoder.jp/contests/typical90/tasks/typical90_aw,,,,
atcoder,others,typical90,競プロ典型 90 問,2021,1618914000,typical90_ax,050,Stair Jump（★3）,050. Stair Jump（★3）,,6414,"['implementation', 'dp', 'input output', 'modular arithmetic', 'recurrence']",5,https://atcoder.jp/contests/typical90/tasks/typical90_ax,,,,
atcoder,others,typical90,競プロ典型 90 問,2021,1618914000,typical90_ay,051,Typical Shop（★5）,051. Typical Shop（★5）,,2997,"['implementation', 'binary search', 'combinatorics', 'counting', 'input output', 'meet in the middle', 'subset']",7,https://atcoder.jp/contests/typical90/tasks/typical90_ay,,,,
atcoder,others,typical90,競プロ典型 90 問,2021,1618914000,typical90_az,052,Dice Product（★3）,052. Dice Product（★3）,,6095,"['implementation', 'combinatorics', 'counting', 'dp', 'formal power series', 'input output', 'interval dp', 'recurrence', 'matrix', 'modular arithmetic', 'ntt', 'number theory', 'polynomial']",13,https://atcoder.jp/contests/typical90/tasks/typical90_az,,,,
atcoder,others,typical90,競プロ典型 90 問,2021,1618914000,typical90_b,002,Encyclopedia of Parentheses（★3）,002. Encyclopedia of Parentheses（★3）,,13900,"['implementation', 'backtracking', 'combinatorics', 'dfs', 'enumeration', 'input output', 'balanced bracket sequence', 'recursion', 'string']",9,https://atcoder.jp/contests/typical90/tasks/typical90_b,,,,
atcoder,others,typical90,競プロ典型 90 問,2021,1618914000,typical90_ba,053,Discrete Dowsing（★7）,053. Discrete Dowsing（★7）,,838,"['implementation', 'binary search', 'input output', 'interactive', 'optimization', 'ternary search']",6,https://atcoder.jp/contests/typical90/tasks/typical90_ba,,,,
atcoder,others,typical90,競プロ典型 90 問,2021,1618914000,typical90_bb,054,Takahashi Number（★6）,054. Takahashi Number（★6）,,1731,"['implementation', 'bfs', 'graph theory', 'input output', 'shortest path', 'unweighted graph']",6,https://atcoder.jp/contests/typical90/tasks/typical90_bb,,,,
atcoder,others,typical90,競プロ典型 90 問,2021,1618914000,typical90_bc,055,Select 5（★2）,055. Select 5（★2）,,7553,"['implementation', 'brute force', 'combinatorics', 'counting', 'enumeration', 'input output', 'modular arithmetic', 'number theory']",8,https://atcoder.jp/contests/typical90/tasks/typical90_bc,,,,
atcoder,others,typical90,競プロ典型 90 問,2021,1618914000,typical90_bd,056,Lucky Bag（★5）,056. Lucky Bag（★5）,,3231,"['implementation', 'dp', 'input output', 'knapsack', 'path', 'subset sum']",6,https://atcoder.jp/contests/typical90/tasks/typical90_bd,,,,
atcoder,others,typical90,競プロ典型 90 問,2021,1618914000,typical90_be,057,Flip Flap（★6）,057. Flip Flap（★6）,,1219,"['implementation', 'xor basis', 'gf2', 'bit manipulation', 'counting', 'gaussian elimination', 'input output', 'linear algebra', 'modular arithmetic']",9,https://atcoder.jp/contests/typical90/tasks/typical90_be,,,,
atcoder,others,typical90,競プロ典型 90 問,2021,1618914000,typical90_bf,058,Original Calculator（★4）,058. Original Calculator（★4）,,4393,"['implementation', 'cycle', 'input output', 'modular arithmetic', 'number theory', 'simulation']",6,https://atcoder.jp/contests/typical90/tasks/typical90_bf,,,,
atcoder,others,typical90,競プロ典型 90 問,2021,1618914000,typical90_bg,059,Many Graph Queries（★7）,059. Many Graph Queries（★7）,,826,"['implementation', 'dag', 'dp', 'graph theory', 'input output', 'query', 'reachability']",7,https://atcoder.jp/contests/typical90/tasks/typical90_bg,,,,
atcoder,others,typical90,競プロ典型 90 問,2021,1618914000,typical90_bh,060,Chimera（★5）,060. Chimera（★5）,,2866,"['implementation', 'binary search', 'dp', 'input output', 'subsequence', 'lds', 'lis']",7,https://atcoder.jp/contests/typical90/tasks/typical90_bh,,,,
atcoder,others,typical90,競プロ典型 90 問,2021,1618914000,typical90_bi,061,Deck（★2）,061. Deck（★2）,,7654,"['implementation', 'data structure', 'deque', 'input output', 'simulation']",5,https://atcoder.jp/contests/typical90/tasks/typical90_bi,,,,
atcoder,others,typical90,競プロ典型 90 問,2021,1618914000,typical90_bj,062,Paint All（★6）,062. Paint All（★6）,,1473,"['implementation', 'constructive', 'cycle', 'dfs', 'graph theory', 'input output', 'topological sort']",7,https://atcoder.jp/contests/typical90/tasks/typical90_bj,,,,
atcoder,others,typical90,競プロ典型 90 問,2021,1618914000,typical90_bk,063,Monochromatic Subgrid（★4）,063. Monochromatic Subgrid（★4）,,3781,"['implementation', 'bitmask', 'brute force', 'counting', 'grid', 'input output', 'optimization']",7,https://atcoder.jp/contests/typical90/tasks/typical90_bk,,,,
atcoder,others,typical90,競プロ典型 90 問,2021,1618914000,typical90_bl,064,Uplift（★3）,064. Uplift（★3）,,5041,"['implementation', 'boundary', 'data structure', 'input output', 'query', 'range update', 'simulation']",7,https://atcoder.jp/contests/typical90/tasks/typical90_bl,,,,
atcoder,others,typical90,競プロ典型 90 問,2021,1618914000,typical90_bm,065,RGB Balls 2（★7）,065. RGB Balls 2（★7）,,716,"['implementation', 'binomial coefficient', 'combinatorics', 'counting', 'inclusion exclusion', 'input output', 'modular arithmetic', 'number theory']",8,https://atcoder.jp/contests/typical90/tasks/typical90_bm,,,,
atcoder,others,typical90,競プロ典型 90 問,2021,1618914000,typical90_bn,066,Various Arrays（★5）,066. Various Arrays（★5）,,2620,"['implementation', 'combinatorics', 'counting', 'expectation', 'input output', 'probability']",6,https://atcoder.jp/contests/typical90/tasks/typical90_bn,,,,
atcoder,others,typical90,競プロ典型 90 問,2021,1618914000,typical90_bo,067,Base 8 to 9（★2）,067. Base 8 to 9（★2）,,6743,"['implementation', 'base conversion', 'digit', 'input output', 'base representation', 'simulation', 'string']",7,https://atcoder.jp/contests/typical90/tasks/typical90_bo,,,,
atcoder,others,typical90,競プロ典型 90 問,2021,1618914000,typical90_bp,068,Paired Information（★5）,068. Paired Information（★5）,,2108,"['implementation', 'difference constraints', 'dsu', 'graph theory', 'input output', 'potential']",6,https://atcoder.jp/contests/typical90/tasks/typical90_bp,,,,
atcoder,others,typical90,競プロ典型 90 問,2021,1618914000,typical90_bq,069,Colorful Blocks 2（★3）,069. Colorful Blocks 2（★3）,,5078,"['implementation', 'combinatorics', 'counting', 'dp', 'input output', 'recurrence', 'matrix', 'modular arithmetic']",8,https://atcoder.jp/contests/typical90/tasks/typical90_bq,,,,
atcoder,others,typical90,競プロ典型 90 問,2021,1618914000,typical90_br,070,Plant Planning（★4）,070. Plant Planning（★4）,,4023,"['implementation', 'computational geometry', 'greedy', 'input output', 'manhattan distance', 'median', 'optimization']",7,https://atcoder.jp/contests/typical90/tasks/typical90_br,,,,
atcoder,others,typical90,競プロ典型 90 問,2021,1618914000,typical90_bs,071,Fuzzy Priority（★7）,071. Fuzzy Priority（★7）,,631,"['implementation', 'cycle', 'dag', 'dfs', 'graph theory', 'input output', 'topological sort']",7,https://atcoder.jp/contests/typical90/tasks/typical90_bs,,,,
atcoder,others,typical90,競プロ典型 90 問,2021,1618914000,typical90_bt,072,Loop Railway Plan（★4）,072. Loop Railway Plan（★4）,,3487,"['implementation', 'backtracking', 'cycle', 'dfs', 'graph theory', 'grid', 'input output']",7,https://atcoder.jp/contests/typical90/tasks/typical90_bt,,,,
atcoder,others,typical90,競プロ典型 90 問,2021,1618914000,typical90_bu,073,We Need Both a and b（★5）,073. We Need Both a and b（★5）,,1822,"['implementation', 'combinatorics', 'counting', 'dp', 'input output', 'modular arithmetic', 'dp on trees']",7,https://atcoder.jp/contests/typical90/tasks/typical90_bu,,,,
atcoder,others,typical90,競プロ典型 90 問,2021,1618914000,typical90_bv,074,ABC String 2（★6）,074. ABC String 2（★6）,,1350,"['implementation', 'combinatorics', 'counting', 'greedy', 'input output', 'math', 'string']",7,https://atcoder.jp/contests/typical90/tasks/typical90_bv,,,,
atcoder,others,typical90,競プロ典型 90 問,2021,1618914000,typical90_bw,075,Magic For Balls（★3）,075. Magic For Balls（★3）,,5032,"['implementation', 'input output', 'math', 'optimization', 'number theory', 'prime factorization']",6,https://atcoder.jp/contests/typical90/tasks/typical90_bw,,,,
atcoder,others,typical90,競プロ典型 90 問,2021,1618914000,typical90_bx,076,Cake Cut（★3）,076. Cake Cut（★3）,,5065,"['implementation', 'circular array', 'input output', 'prefix sum', 'sliding window', 'two pointer']",6,https://atcoder.jp/contests/typical90/tasks/typical90_bx,,,,
atcoder,others,typical90,競プロ典型 90 問,2021,1618914000,typical90_by,077,Planes on a 2D Plane（★7）,077. Planes on a 2D Plane（★7）,,721,"['implementation', 'bipartite matching', 'computational geometry', 'dinic', 'flow', 'graph theory', 'input output', 'matching', 'max flow']",9,https://atcoder.jp/contests/typical90/tasks/typical90_by,,,,
atcoder,others,typical90,競プロ典型 90 問,2021,1618914000,typical90_bz,078,Easy Graph Problem（★2）,078. Easy Graph Problem（★2）,,7703,"['implementation', 'graph', 'counting', 'graph theory', 'input output']",5,https://atcoder.jp/contests/typical90/tasks/typical90_bz,,,,
atcoder,others,typical90,競プロ典型 90 問,2021,1618914000,typical90_c,003,Longest Circular Road（★4）,003. Longest Circular Road（★4）,,9375,"['implementation', 'bfs', 'dfs', 'graph theory', 'input output', 'tree diameter', 'tree']",7,https://atcoder.jp/contests/typical90/tasks/typical90_c,,,,
atcoder,others,typical90,競プロ典型 90 問,2021,1618914000,typical90_ca,079,Two by Two（★3）,079. Two by Two（★3）,,4874,"['implementation', 'constructive', 'difference array', 'grid', 'input output', 'invariant', 'simulation']",7,https://atcoder.jp/contests/typical90/tasks/typical90_ca,,,,
atcoder,others,typical90,競プロ典型 90 問,2021,1618914000,typical90_cb,080,Let's Share Bit（★6）,080. Let's Share Bit（★6）,,1402,"['implementation', 'bit manipulation', 'bitmask', 'combinatorics', 'counting', 'inclusion exclusion', 'input output', 'modular arithmetic']",8,https://atcoder.jp/contests/typical90/tasks/typical90_cb,,,,
atcoder,others,typical90,競プロ典型 90 問,2021,1618914000,typical90_cc,081,Friendly Group（★5）,081. Friendly Group（★5）,,2468,"['implementation', '2d range query', 'coordinate geometry', 'data structure', 'input output', 'optimization', 'sliding window', 'sorting', '2d grid']",9,https://atcoder.jp/contests/typical90/tasks/typical90_cc,,,,
atcoder,others,typical90,競プロ典型 90 問,2021,1618914000,typical90_cd,082,Counting Numbers（★3）,082. Counting Numbers（★3）,,4076,"['implementation', 'counting', 'digit', 'input output', 'math', 'modular arithmetic', 'number theory', 'range sum query']",8,https://atcoder.jp/contests/typical90/tasks/typical90_cd,,,,
atcoder,others,typical90,競プロ典型 90 問,2021,1618914000,typical90_ce,083,Colorful Graph（★6）,083. Colorful Graph（★6）,,1102,"['implementation', 'graph theory', 'heavy light decomposition', 'input output', 'lazy propagation', 'query', 'sqrt decomposition']",7,https://atcoder.jp/contests/typical90/tasks/typical90_ce,,,,
atcoder,others,typical90,競プロ典型 90 問,2021,1618914000,typical90_cf,084,There are two types of characters（★3）,084. There are two types of characters（★3）,,4915,"['implementation', 'combinatorics', 'counting', 'input output', 'sliding window', 'string', 'two pointer']",7,https://atcoder.jp/contests/typical90/tasks/typical90_cf,,,,
atcoder,others,typical90,競プロ典型 90 問,2021,1618914000,typical90_cg,085,Multiplication 085（★4）,085. Multiplication 085（★4）,,3761,"['implementation', 'combinatorics', 'counting', 'divisors', 'input output', 'iteration', 'number theory']",7,https://atcoder.jp/contests/typical90/tasks/typical90_cg,,,,
atcoder,others,typical90,競プロ典型 90 問,2021,1618914000,typical90_ch,086,Snuke's Favorite Arrays（★5）,086. Snuke's Favorite Arrays（★5）,,2131,"['implementation', 'bit manipulation', 'bitmask', 'constraint', 'counting', 'input output', 'meet in the middle', 'modular arithmetic']",8,https://atcoder.jp/contests/typical90/tasks/typical90_ch,,,,
atcoder,others,typical90,競プロ典型 90 問,2021,1618914000,typical90_ci,087,Chokudai's Demand（★5）,087. Chokudai's Demand（★5）,,2012,"['implementation', 'binary search', 'floyd warshall', 'graph theory', 'input output', 'monotonic', 'shortest path']",7,https://atcoder.jp/contests/typical90/tasks/typical90_ci,,,,
atcoder,others,typical90,競プロ典型 90 問,2021,1618914000,typical90_cj,088,Similar but Different Ways（★6）,088. Similar but Different Ways（★6）,,1033,"['backtracking', 'combinatorics', 'counting', 'dfs', 'enumeration', 'graph', 'input output', 'pigeonhole principle', 'subset sum']",9,https://atcoder.jp/contests/typical90/tasks/typical90_cj,,,,
atcoder,others,typical90,競プロ典型 90 問,2021,1618914000,typical90_ck,089,Partitions and Inversions（★7）,089. Partitions and Inversions（★7）,,657,"['implementation', 'counting', 'data structure', 'dp', 'binary indexed tree', 'input output', 'inversion counting', 'modular arithmetic', 'two pointer']",9,https://atcoder.jp/contests/typical90/tasks/typical90_ck,,,,
atcoder,others,typical90,競プロ典型 90 問,2021,1618914000,typical90_cl,090,Tenkei90's Last Problem（★7）,090. Tenkei90's Last Problem（★7）,,187,"['implementation', 'combinatorics', 'counting', 'dp', 'input output', 'recurrence', 'matrix', 'modular arithmetic9531']",8,https://atcoder.jp/contests/typical90/tasks/typical90_cl,,,,
atcoder,others,typical90,競プロ典型 90 問,2021,1618914000,typical90_d,004,Cross Sum（★2）,004. Cross Sum（★2）,,16670,"['implementation', 'grid', 'input output', 'precomputation', 'prefix sum', 'range sum query']",6,https://atcoder.jp/contests/typical90/tasks/typical90_d,,,,
atcoder,others,typical90,競プロ典型 90 問,2021,1618914000,typical90_e,005,Restricted Digits（★7）,005. Restricted Digits（★7）,,1861,"['implementation', 'digit dp', 'dp', 'input output', 'matrix', 'modular arithmetic', 'number theory']",7,https://atcoder.jp/contests/typical90/tasks/typical90_e,,,,
atcoder,others,typical90,競プロ典型 90 問,2021,1618914000,typical90_f,006,Smallest Subsequence（★5）,006. Smallest Subsequence（★5）,,6500,"['implementation', 'greedy', 'input output', 'lexicographical', 'stack', 'string']",6,https://atcoder.jp/contests/typical90/tasks/typical90_f,,,,
atcoder,others,typical90,競プロ典型 90 問,2021,1618914000,typical90_g,007,CP Classes（★3）,007. CP Classes（★3）,,11222,"['implementation', 'binary search', 'input output', 'search', 'sorting']",5,https://atcoder.jp/contests/typical90/tasks/typical90_g,,,,
atcoder,others,typical90,競プロ典型 90 問,2021,1618914000,typical90_h,008,AtCounter（★4）,008. AtCounter（★4）,,8060,"['implementation', 'counting', 'dp', 'input output', 'modular arithmetic', 'string', 'subsequence']",7,https://atcoder.jp/contests/typical90/tasks/typical90_h,,,,
atcoder,others,typical90,競プロ典型 90 問,2021,1618914000,typical90_i,009,Three Point Angle（★6）,009. Three Point Angle（★6）,,2917,"['implementation', 'angle calculation', 'brute force', 'computational geometry', 'enumeration', 'input output', 'trigonometry', 'vector']",8,https://atcoder.jp/contests/typical90/tasks/typical90_i,,,,
atcoder,others,typical90,競プロ典型 90 問,2021,1618914000,typical90_j,010,Score Sum Queries（★2）,010. Score Sum Queries（★2）,,12687,"['implementation', 'input output', 'prefix sum', 'query', 'range sum query']",5,https://atcoder.jp/contests/typical90/tasks/typical90_j,,,,
atcoder,others,typical90,競プロ典型 90 問,2021,1618914000,typical90_k,011,Gravy Jobs（★6）,011. Gravy Jobs（★6）,,3144,"['implementation', 'dp', 'greedy', 'input output', 'scheduling', 'priority queue', 'sorting']",7,https://atcoder.jp/contests/typical90/tasks/typical90_k,,,,
atcoder,others,typical90,競プロ典型 90 問,2021,1618914000,typical90_l,012,Red Painting（★4）,012. Red Painting（★4）,,6672,"['implementation', 'connectivity', 'dsu', 'grid', 'input output']",5,https://atcoder.jp/contests/typical90/tasks/typical90_l,,,,
atcoder,others,typical90,競プロ典型 90 問,2021,1618914000,typical90_m,013,Passing（★5）,013. Passing（★5）,,5432,"['implementation', 'dijkstra', 'graph theory', 'input output', 'priority queue', 'shortest path']",6,https://atcoder.jp/contests/typical90/tasks/typical90_m,,,,
atcoder,others,typical90,競プロ典型 90 問,2021,1618914000,typical90_n,014,We Used to Sing a Song Together（★3）,014. We Used to Sing a Song Together（★3）,,9748,"['implementation', 'greedy', 'input output', 'sorting']",4,https://atcoder.jp/contests/typical90/tasks/typical90_n,,,,
atcoder,others,typical90,競プロ典型 90 問,2021,1618914000,typical90_o,015,Don't be too close（★6）,015. Don't be too close（★6）,,2530,"['implementation', 'binomial coefficient', 'combinatorics', 'counting', 'dp', 'input output', 'modular arithmetic', 'number theory']",8,https://atcoder.jp/contests/typical90/tasks/typical90_o,,,,
atcoder,others,typical90,競プロ典型 90 問,2021,1618914000,typical90_p,016,Minimum Coins（★3）,016. Minimum Coins（★3）,,8988,"['implementation', 'brute force', 'enumeration', 'greedy', 'input output', 'optimization', 'number theory']",7,https://atcoder.jp/contests/typical90/tasks/typical90_p,,,,
atcoder,others,typical90,競プロ典型 90 問,2021,1618914000,typical90_q,017,Crossing Segments（★7）,017. Crossing Segments（★7）,,1473,"['implementation', 'binary indexed tree', 'computational geometry', 'counting', 'data structure', 'input output', 'range query', 'plane sweep']",8,https://atcoder.jp/contests/typical90/tasks/typical90_q,,,,
atcoder,others,typical90,競プロ典型 90 問,2021,1618914000,typical90_r,018,Statue of Chokudai（★3）,018. Statue of Chokudai（★3）,,6705,"['implementation', 'computational geometry', 'input output', 'simulation', 'trigonometry']",5,https://atcoder.jp/contests/typical90/tasks/typical90_r,,,,
atcoder,others,typical90,競プロ典型 90 問,2021,1618914000,typical90_s,019,Pick Two（★6）,019. Pick Two（★6）,,2787,"['implementation', 'dp', 'input output', 'interval dp', 'optimization']",5,https://atcoder.jp/contests/typical90/tasks/typical90_s,,,,
atcoder,others,typical90,競プロ典型 90 問,2021,1618914000,typical90_t,020,Log Inequality（★3）,020. Log Inequality（★3）,,8490,"['implementation', 'input output', 'math', 'inequality', 'number theory']",5,https://atcoder.jp/contests/typical90/tasks/typical90_t,,,,
atcoder,others,typical90,競プロ典型 90 問,2021,1618914000,typical90_u,021,Come Back in One Piece（★5）,021. Come Back in One Piece（★5）,,4198,"['implementation', 'combinatorics', 'counting', 'dfs', 'graph theory', 'input output', 'kosaraju', 'scc', 'tarjan']",9,https://atcoder.jp/contests/typical90/tasks/typical90_u,,,,
atcoder,others,typical90,競プロ典型 90 問,2021,1618914000,typical90_v,022,Cubic Cake（★2）,022. Cubic Cake（★2）,,10148,"['implementation', 'gcd', 'input output', 'number theory']",4,https://atcoder.jp/contests/typical90/tasks/typical90_v,,,,
atcoder,others,typical90,競プロ典型 90 問,2021,1618914000,typical90_w,023,Avoid War（★7）,023. Avoid War（★7）,,806,"['implementation', 'bitmask dp', 'dp', 'dp on grids', 'input output', 'broken profile dp', 'bitmask']",7,https://atcoder.jp/contests/typical90/tasks/typical90_w,,,,
atcoder,others,typical90,競プロ典型 90 問,2021,1618914000,typical90_x,024,Select +／- One（★2）,024. Select +／- One（★2）,,10161,"['implementation', 'input output', 'parity', 'math']",4,https://atcoder.jp/contests/typical90/tasks/typical90_x,,,,
atcoder,others,typical90,競プロ典型 90 問,2021,1618914000,typical90_y,025,Digit Product Equation（★7）,025. Digit Product Equation（★7）,,1563,"['implementation', 'digit', 'enumeration', 'input output', 'optimization', 'number theory']",6,https://atcoder.jp/contests/typical90/tasks/typical90_y,,,,
atcoder,others,typical90,競プロ典型 90 問,2021,1618914000,typical90_z,026,Independent Set on a Tree（★4）,026. Independent Set on a Tree（★4）,,5837,"['implementation', 'dfs', 'graph theory', 'greedy', 'independent set', 'input output', 'tree']",7,https://atcoder.jp/contests/typical90/tasks/typical90_z,,,,
atcoder,others,utpc2020,UTPC 2020,2021,1616817600,utpc2020_a,A,Row of Tents,A. Row of Tents,,489,"['binary search', 'implementation', 'simulation']",3,https://atcoder.jp/contests/utpc2020/tasks/utpc2020_a,,,,
atcoder,others,utpc2020,UTPC 2020,2021,1616817600,utpc2020_b,B,JANKEN Machine,B. JANKEN Machine,,42,"['combinatorics', 'counting', 'dp', 'modular arithmetic', 'string']",5,https://atcoder.jp/contests/utpc2020/tasks/utpc2020_b,,,,
atcoder,others,utpc2020,UTPC 2020,2021,1616817600,utpc2020_c,C,Range Flip,C. Range Flip,,18,"['constructive', 'implementation', 'math', 'array', 'invariant']",5,https://atcoder.jp/contests/utpc2020/tasks/utpc2020_c,,,,
atcoder,others,utpc2020,UTPC 2020,2021,1616817600,utpc2020_d,D,Idol Group Costume,D. Idol Group Costume,,96,"['combinatorics', 'counting', 'modular arithmetic', 'optimization', 'probability']",5,https://atcoder.jp/contests/utpc2020/tasks/utpc2020_d,,,,
atcoder,others,utpc2020,UTPC 2020,2021,1616817600,utpc2020_e,E,Sort Segments,E. Sort Segments,,37,"['combinatorics', 'counting', 'dp', 'permutation', 'sorting']",5,https://atcoder.jp/contests/utpc2020/tasks/utpc2020_e,,,,
atcoder,others,utpc2020,UTPC 2020,2021,1616817600,utpc2020_f,F,Save Your MP,F. Save Your MP,,38,"['combinatorics', 'counting', 'greedy', 'optimization']",4,https://atcoder.jp/contests/utpc2020/tasks/utpc2020_f,,,,
atcoder,others,utpc2020,UTPC 2020,2021,1616817600,utpc2020_g,G,D. D. Construction,G. D. D. Construction,,109,"['constructive', 'determinant', 'linear algebra', 'matrix', 'math']",5,https://atcoder.jp/contests/utpc2020/tasks/utpc2020_g,,,,
atcoder,others,utpc2020,UTPC 2020,2021,1616817600,utpc2020_h,H,Grid Eraser,H. Grid Eraser,,191,"['bipartite matching', 'graph theory', 'grid', 'greedy', 'maximum matching', 'simulation']",6,https://atcoder.jp/contests/utpc2020/tasks/utpc2020_h,,,,
atcoder,others,utpc2020,UTPC 2020,2021,1616817600,utpc2020_i,I,UTPC Kingdom,I. UTPC Kingdom,,22,"['dp', 'graph theory', 'minimum spanning tree', 'offline processing', 'tree', 'dsu']",6,https://atcoder.jp/contests/utpc2020/tasks/utpc2020_i,,,,
atcoder,others,utpc2020,UTPC 2020,2021,1616817600,utpc2020_j,J,Merge and Decrement,J. Merge and Decrement,,104,"['constructive', 'greedy', 'implementation', 'invariant', 'number theory', 'simulation']",6,https://atcoder.jp/contests/utpc2020/tasks/utpc2020_j,,,,
atcoder,others,utpc2020,UTPC 2020,2021,1616817600,utpc2020_k,K,Special Chopsticks,K. Special Chopsticks,,12,"['combinatorics', 'constructive', 'matching', 'modular arithmetic', 'formula']",5,https://atcoder.jp/contests/utpc2020/tasks/utpc2020_k,,,,
atcoder,others,utpc2020,UTPC 2020,2021,1616817600,utpc2020_l,L,Euclidean Distance Product,L. Euclidean Distance Product,,43,"['combinatorics', 'counting', 'euclidean distance', 'finite field', 'geometry', 'modular arithmetic', 'number theory', 'polynomial']",8,https://atcoder.jp/contests/utpc2020/tasks/utpc2020_l,,,,
atcoder,others,utpc2020,UTPC 2020,2021,1616817600,utpc2020_m,M,Not Another Geometry Game!,M. Not Another Geometry Game!,,3,"['computational geometry', 'convex hull', 'data structure', 'optimization', 'modular arithmetic', 'polygon']",6,https://atcoder.jp/contests/utpc2020/tasks/utpc2020_m,,,,
atcoder,others,utpc2021,UTPC 2021,2022,1648353600,utpc2021_a,A,Make UTPC,A. Make UTPC,,203,"['greedy', 'implementation', 'string']",3,https://atcoder.jp/contests/utpc2021/tasks/utpc2021_a,,,,
atcoder,others,utpc2021,UTPC 2021,2022,1648353600,utpc2021_b,B,Swap and Maximize,B. Swap and Maximize,,53,"['greedy', 'implementation', 'optimization']",3,https://atcoder.jp/contests/utpc2021/tasks/utpc2021_b,,,,
atcoder,others,utpc2021,UTPC 2021,2022,1648353600,utpc2021_c,C,Product Matching,C. Product Matching,,100,"['combinatorics', 'greedy', 'implementation', 'optimization', 'matching', 'sorting']",6,https://atcoder.jp/contests/utpc2021/tasks/utpc2021_c,,,,
atcoder,others,utpc2021,UTPC 2021,2022,1648353600,utpc2021_d,D,Chain Graph Pair,D. Chain Graph Pair,,8,"['combinatorics', 'counting', 'dp', 'graph theory', 'modular arithmetic', 'dp on trees']",6,https://atcoder.jp/contests/utpc2021/tasks/utpc2021_d,,,,
atcoder,others,utpc2021,UTPC 2021,2022,1648353600,utpc2021_e,E,Bounding Box,E. Bounding Box,,159,"['combinatorics', 'coordinate geometry', 'greedy', 'implementation', 'optimization']",5,https://atcoder.jp/contests/utpc2021/tasks/utpc2021_e,,,,
atcoder,others,utpc2021,UTPC 2021,2022,1648353600,utpc2021_f,F,Red and Blue Medals,F. Red and Blue Medals,,40,"['game theory', 'greedy', 'implementation', 'optimization']",4,https://atcoder.jp/contests/utpc2021/tasks/utpc2021_f,,,,
atcoder,others,utpc2021,UTPC 2021,2022,1648353600,utpc2021_g,G,Matrix Compressor,G. Matrix Compressor,,96,"['dp', 'implementation', 'optimization', 'matrix']",4,https://atcoder.jp/contests/utpc2021/tasks/utpc2021_g,,,,
atcoder,others,utpc2021,UTPC 2021,2022,1648353600,utpc2021_h,H,Quantum Multiplication,H. Quantum Multiplication,,17,"['combinatorics', 'counting', 'dp', 'optimization', 'modular arithmetic']",5,https://atcoder.jp/contests/utpc2021/tasks/utpc2021_h,,,,
atcoder,others,utpc2021,UTPC 2021,2022,1648353600,utpc2021_i,I,Card Decks,I. Card Decks,,60,"['bitmask dp', 'combinatorics', 'dp', 'implementation', 'optimization']",5,https://atcoder.jp/contests/utpc2021/tasks/utpc2021_i,,,,
atcoder,others,utpc2021,UTPC 2021,2022,1648353600,utpc2021_j,J,Do you like Interval Scheduling Problems?,J. Do you like Interval Scheduling Problems?,,15,"['combinatorics', 'counting', 'dp', 'interval', 'modular arithmetic']",5,https://atcoder.jp/contests/utpc2021/tasks/utpc2021_j,,,,
atcoder,others,utpc2021,UTPC 2021,2022,1648353600,utpc2021_k,K,Divide Polynomials by #Subset Sums,K. Divide Polynomials by #Subset Sums,,12,"['dp', 'modular arithmetic', 'polynomial', 'query']",4,https://atcoder.jp/contests/utpc2021/tasks/utpc2021_k,,,,
atcoder,others,utpc2021,UTPC 2021,2022,1648353600,utpc2021_l,L,Maze Game,L. Maze Game,,126,"['articulation points', 'game theory', 'connectivity', 'graph theory', 'grid', 'implementation']",6,https://atcoder.jp/contests/utpc2021/tasks/utpc2021_l,,,,
atcoder,others,utpc2021,UTPC 2021,2022,1648353600,utpc2021_m,M,Open the Door,M. Open the Door,,123,"['dp', 'expectation', 'implementation', 'optimization', 'probability']",5,https://atcoder.jp/contests/utpc2021/tasks/utpc2021_m,,,,
atcoder,others,utpc2021,UTPC 2021,2022,1648353600,utpc2021_n,N,Tree Swapping,N. Tree Swapping,,13,"['constructive', 'graph theory', 'implementation', 'permutation', 'tree']",5,https://atcoder.jp/contests/utpc2021/tasks/utpc2021_n,,,,
atcoder,others,utpc2022,UTPC 2022,2023,1679716800,utpc2022_a,A,Shuffle and GCD,A. Shuffle and GCD,,119,"['constructive', 'gcd', 'implementation', 'number theory']",4,https://atcoder.jp/contests/utpc2022/tasks/utpc2022_a,,,,
atcoder,others,utpc2022,UTPC 2022,2023,1679716800,utpc2022_b,B,Cross Laser Beam,B. Cross Laser Beam,,76,"['computational geometry', 'graph theory', 'minimum spanning tree', 'optimization']",4,https://atcoder.jp/contests/utpc2022/tasks/utpc2022_b,,,,
atcoder,others,utpc2022,UTPC 2022,2023,1679716800,utpc2022_c,C,Nim is Time-consuming,C. Nim is Time-consuming,,27,"['combinatorics', 'counting', 'dp', 'game theory', 'modular arithmetic', 'nim']",6,https://atcoder.jp/contests/utpc2022/tasks/utpc2022_c,,,,
atcoder,others,utpc2022,UTPC 2022,2023,1679716800,utpc2022_d,D,Balance,D. Balance,,16,"['binary search', 'constructive', 'implementation', 'interactive', 'number theory']",5,https://atcoder.jp/contests/utpc2022/tasks/utpc2022_d,,,,
atcoder,others,utpc2022,UTPC 2022,2023,1679716800,utpc2022_e,E,Parallel Swapping,E. Parallel Swapping,,4,"['combinatorics', 'connected components', 'counting', 'graph theory', 'implementation', 'modular arithmetic', 'permutation']",7,https://atcoder.jp/contests/utpc2022/tasks/utpc2022_e,,,,
atcoder,others,utpc2022,UTPC 2022,2023,1679716800,utpc2022_f,F,K inversions,F. K inversions,,25,"['combinatorics', 'counting', 'data structure', 'implementation', 'inversion', 'permutation']",6,https://atcoder.jp/contests/utpc2022/tasks/utpc2022_f,,,,
atcoder,others,utpc2022,UTPC 2022,2023,1679716800,utpc2022_g,G,K flipping,G. K flipping,,87,"['combinatorics', 'constructive', 'greedy', 'implementation', 'optimization']",5,https://atcoder.jp/contests/utpc2022/tasks/utpc2022_g,,,,
atcoder,others,utpc2022,UTPC 2022,2023,1679716800,utpc2022_h,H,Digit Slot,H. Digit Slot,,178,"['combinatorics', 'greedy', 'implementation', 'modular arithmetic', 'probability', 'string']",6,https://atcoder.jp/contests/utpc2022/tasks/utpc2022_h,,,,
atcoder,others,utpc2022,UTPC 2022,2023,1679716800,utpc2022_i,I,Which must be deleted?,I. Which must be deleted?,,29,"['balanced bracket sequence', 'combinatorics', 'dp', 'string']",4,https://atcoder.jp/contests/utpc2022/tasks/utpc2022_i,,,,
atcoder,others,utpc2022,UTPC 2022,2023,1679716800,utpc2022_j,J,Divide and Sort,J. Divide and Sort,,6,"['constructive', 'implementation', 'permutation', 'sorting']",4,https://atcoder.jp/contests/utpc2022/tasks/utpc2022_j,,,,
atcoder,others,utpc2022,UTPC 2022,2023,1679716800,utpc2022_k,K,Grid Coloring,K. Grid Coloring,,71,"['combinatorics', 'counting', 'dp', 'graph theory', 'grid', 'independent set', 'modular arithmetic']",7,https://atcoder.jp/contests/utpc2022/tasks/utpc2022_k,,,,
atcoder,others,utpc2022,UTPC 2022,2023,1679716800,utpc2022_l,L,Small RPS Tournament,L. Small RPS Tournament,,25,"['dp', 'game theory', 'implementation', 'simulation', 'stack']",5,https://atcoder.jp/contests/utpc2022/tasks/utpc2022_l,,,,
atcoder,others,utpc2022,UTPC 2022,2023,1679716800,utpc2022_m,M,Minimize XOR by Redistribution,M. Minimize XOR by Redistribution,,111,"['bit manipulation', 'combinatorics', 'counting', 'dp', 'optimization', 'modular arithmetic']",6,https://atcoder.jp/contests/utpc2022/tasks/utpc2022_m,,,,
atcoder,others,utpc2022,UTPC 2022,2023,1679716800,utpc2022_n,N,01 String Game,N. 01 String Game,,55,"['combinatorics', 'counting', 'dp', 'game theory', 'modular arithmetic', 'string']",6,https://atcoder.jp/contests/utpc2022/tasks/utpc2022_n,,,,
atcoder,others,utpc2022,UTPC 2022,2023,1679716800,utpc2022_o,O,Move to Rest,O. Move to Rest,,163,"['data structure', 'greedy', 'implementation', 'simulation', 'tree']",5,https://atcoder.jp/contests/utpc2022/tasks/utpc2022_o,,,,
atcoder,others,xmascon21,Xmas Contest 2021,2021,1640336400,xmascon21_a,A,At Random,A. At Random,,43,"['constructive', 'geometry', 'implementation', 'interactive', 'probability']",5,https://atcoder.jp/contests/xmascon21/tasks/xmascon21_a,,,,
atcoder,others,xmascon21,Xmas Contest 2021,2021,1640336400,xmascon21_b,B,Bad Mood,B. Bad Mood,,196,"['connected components', 'constructive', 'graph theory', 'grid', 'optimization']",5,https://atcoder.jp/contests/xmascon21/tasks/xmascon21_b,,,,
atcoder,others,xmascon21,Xmas Contest 2021,2021,1640336400,xmascon21_c,C,Count Me,C. Count Me,,59,"['combinatorics', 'counting', 'dp', 'modular arithmetic', 'string']",5,https://atcoder.jp/contests/xmascon21/tasks/xmascon21_c,,,,
atcoder,others,xmascon21,Xmas Contest 2021,2021,1640336400,xmascon21_d,D,Determinant?,D. Determinant?,,19,"['algebra', 'determinant', 'implementation', 'linear algebra', 'matrix', 'modular arithmetic', 'permutation']",7,https://atcoder.jp/contests/xmascon21/tasks/xmascon21_d,,,,
atcoder,others,xmascon21,Xmas Contest 2021,2021,1640336400,xmascon21_e,E,E and PI,E. E and PI,,28,"['math', 'modular arithmetic', 'number theory', 'fractions']",4,https://atcoder.jp/contests/xmascon21/tasks/xmascon21_e,,,,
atcoder,others,xmascon21,Xmas Contest 2021,2021,1640336400,xmascon21_f,F,Fractal and Palindrome,F. Fractal and Palindrome,,219,"['constructive', 'fractal', 'graph', 'implementation', 'palindrome', 'pattern', 'recursion']",7,https://atcoder.jp/contests/xmascon21/tasks/xmascon21_f,,,,
atcoder,others,xmascon21,Xmas Contest 2021,2021,1640336400,xmascon21_g,G,Game of Distinction,G. Game of Distinction,,29,"['game theory', 'sprague grundy', 'implementation', 'impartial game', 'nim', 'xor']",6,https://atcoder.jp/contests/xmascon21/tasks/xmascon21_g,,,,
atcoder,others,xmascon21,Xmas Contest 2021,2021,1640336400,xmascon21_h,H,Homework from Zhejiang,H. Homework from Zhejiang,,13,"['directed graph', 'graph theory', 'matrix', 'linear algebra', 'kirchhoff theorem', 'modular arithmetic', 'spanning tree']",7,https://atcoder.jp/contests/xmascon21/tasks/xmascon21_h,,,,
atcoder,others,xmascon21,Xmas Contest 2021,2021,1640336400,xmascon21_i,I,Interactive Moles,I. Interactive Moles,,5,"['greedy', 'implementation', 'interactive', 'manhattan distance', 'online algorithm', 'optimization']",6,https://atcoder.jp/contests/xmascon21/tasks/xmascon21_i,,,,
atcoder,others,xmascon22,Xmas Contest 2022,2022,1671858000,xmascon22_a,A,Arte Del Latte,A. Arte Del Latte,,53,"['constructive', 'implementation', 'optimization']",3,https://atcoder.jp/contests/xmascon22/tasks/xmascon22_a,,,,
atcoder,others,xmascon22,Xmas Contest 2022,2022,1671858000,xmascon22_b,B,Battle Solving,B. Battle Solving,,98,"['dp', 'game theory', 'implementation', 'probability']",4,https://atcoder.jp/contests/xmascon22/tasks/xmascon22_b,,,,
atcoder,others,xmascon22,Xmas Contest 2022,2022,1671858000,xmascon22_c,C,Conditional Swap,C. Conditional Swap,,3,"['constructive', 'implementation', 'permutation', 'sorting']",4,https://atcoder.jp/contests/xmascon22/tasks/xmascon22_c,,,,
atcoder,others,xmascon22,Xmas Contest 2022,2022,1671858000,xmascon22_d,D,Dichotomy,D. Dichotomy,,45,"['binary tree', 'combinatorics', 'counting', 'dp', 'modular arithmetic']",5,https://atcoder.jp/contests/xmascon22/tasks/xmascon22_d,,,,
atcoder,others,xmascon22,Xmas Contest 2022,2022,1671858000,xmascon22_e,E,Educational Statement,E. Educational Statement,,17,"['implementation', 'math', 'probability']",3,https://atcoder.jp/contests/xmascon22/tasks/xmascon22_e,,,,
atcoder,others,xmascon22,Xmas Contest 2022,2022,1671858000,xmascon22_f,F,Fast as Fast as Ryser,F. Fast as Fast as Ryser,,93,"['combinatorics', 'counting', 'graph theory', 'matching', 'meet in the middle']",5,https://atcoder.jp/contests/xmascon22/tasks/xmascon22_f,,,,
atcoder,others,xmascon22,Xmas Contest 2022,2022,1671858000,xmascon22_g,G,Generator SAT,G. Generator SAT,,32,"['2-sat', 'graph theory', 'implementation']",3,https://atcoder.jp/contests/xmascon22/tasks/xmascon22_g,,,,
atcoder,others,xmascon22,Xmas Contest 2022,2022,1671858000,xmascon22_h,H,Happy Game,H. Happy Game,,44,"['game theory', 'graph theory', 'implementation']",3,https://atcoder.jp/contests/xmascon22/tasks/xmascon22_h,,,,
atcoder,others,xmascon23,Xmas Contest 2023,2023,1703412000,xmascon23_a,A,Art Irrationnel,A. Art Irrationnel,,24,"['constructive', 'geometry', 'math', 'base representation', 'tiling']",5,https://atcoder.jp/contests/xmascon23/tasks/xmascon23_a,,,,
atcoder,others,xmascon23,Xmas Contest 2023,2023,1703412000,xmascon23_b,B,Beautiful Rotation,B. Beautiful Rotation,,30,"['computational geometry', 'expectation', 'math', 'probability']",4,https://atcoder.jp/contests/xmascon23/tasks/xmascon23_b,,,,
atcoder,others,xmascon23,Xmas Contest 2023,2023,1703412000,xmascon23_c,C,Clamp Clamp Clamp,C. Clamp Clamp Clamp,,13,"['combinatorics', 'counting', 'math', 'modular arithmetic', 'permutation']",5,https://atcoder.jp/contests/xmascon23/tasks/xmascon23_c,,,,
atcoder,others,xmascon23,Xmas Contest 2023,2023,1703412000,xmascon23_d,D,Distance Construction,D. Distance Construction,,42,"['constructive', 'graph theory', 'math', 'modular arithmetic', 'tree']",5,https://atcoder.jp/contests/xmascon23/tasks/xmascon23_d,,,,
atcoder,others,xmascon23,Xmas Contest 2023,2023,1703412000,xmascon23_e,E,Exponent of PI,E. Exponent of PI,,6,"['combinatorics', 'math', 'modular arithmetic', 'number theory']",4,https://atcoder.jp/contests/xmascon23/tasks/xmascon23_e,,,,
atcoder,others,xmascon23,Xmas Contest 2023,2023,1703412000,xmascon23_f,F,Failed Failure Link,F. Failed Failure Link,,39,"['constructive', 'kmp', 'optimization', 'string', 'string matching']",5,https://atcoder.jp/contests/xmascon23/tasks/xmascon23_f,,,,
atcoder,others,xmascon23,Xmas Contest 2023,2023,1703412000,xmascon23_g,G,Group Structure,G. Group Structure,,12,"['algebra', 'combinatorics', 'group theory', 'isomorphism', 'permutation']",5,https://atcoder.jp/contests/xmascon23/tasks/xmascon23_g,,,,
atcoder,others,xmascon23,Xmas Contest 2023,2023,1703412000,xmascon23_h,H,How to Pose Such a Problem,H. How to Pose Such a Problem,,3,"['catalan numbers', 'counting', 'dp', 'grid', 'modular arithmetic', 'path']",6,https://atcoder.jp/contests/xmascon23/tasks/xmascon23_h,,,,
