platform,category,assessment_type,sponsor,contest_id,contest_title,year,start_date,start_epoch_second,period,problem_id,problem_index,problem_name,problem_title,difficulty,solver_count,ai_tags,ai_tag_count,problem_url,source_url,parser_version,statement_lang,crawl_time,difficulty_100,clean_text_len,clean_text,contest_points,acceptance_rate
atcoder,abc,public_sponsored_abc,panasonic,abc195,パナソニックプログラミングコンテスト（AtCoder Beginner Contest 195）,2021,,1615636800.0,2021.0,abc195_a,A,Health M Death,A. Health M Death,-1321.0,17162,"['divisibility', 'modular arithmetic', 'implementation']",3,https://atcoder.jp/contests/abc195/tasks/abc195_a,https://atcoder-tagged-backend.onrender.com/problems/all,2.3.0-sponsor-abc-kenkoooo-diff,ja,2026-06-04T18:46:05.900291+00:00,1.993,447.0,配点 : 100 点 問題文 魔法使いの高橋君がモンスターと戦っています。 高橋君が魔法を使うと、体力が M の倍数であるモンスターを倒すことができます。体力が M の倍数でないモンスターに対しては何の効果もありません。 高橋君の魔法によって、体力が H のモンスターを倒すことができるでしょうか？ 制約 1 \leq M \leq 1000 1 \leq H \leq 1000 M 及び H は整数 入力 入力は以下の形式で標準入力から与えられる。 M H 出力 魔法でモンスターを倒すことができるなら Yes を、できないなら No を出力せよ。 入力例 1 10 120 出力例 1 Yes 高橋君の魔法は、体力が 10 の倍数であるモンスターを倒すことができます。 120 は 10 の倍数なので、体力が 120 のモンスターは倒すことができます。 入力例 2 10 125 出力例 2 No 125 は 10 の倍数ではないので、体力が 125 のモンスターは倒すことはできません。,100.0,
atcoder,abc,public_sponsored_abc,panasonic,abc195,パナソニックプログラミングコンテスト（AtCoder Beginner Contest 195）,2021,,1615636800.0,2021.0,abc195_b,B,Many Oranges,B. Many Oranges,483.0,11973,"['math', 'inequality', 'ad hoc']",3,https://atcoder.jp/contests/abc195/tasks/abc195_b,https://atcoder-tagged-backend.onrender.com/problems/all,2.3.0-sponsor-abc-kenkoooo-diff,ja,2026-06-04T18:46:05.900291+00:00,37.596,1008.0,配点 : 200 点 問題文 みかんがたくさんあります。どのみかんの重さも A グラム以上 B グラム以下であることがわかっています。（みかんの重さは整数とは限りません。） この中からいくつかのみかんを選んだところ、選んだみかんの重さの合計がちょうど W キログラムになりました。 選んだみかんの個数として考えられる最小値と最大値を求めてください。ただし、このようなことが起こり得ないなら、かわりにそのことを報告してください。 制約 1 \leq A \leq B \leq 1000 1 \leq W \leq 1000 入力は全て整数 入力 入力は以下の形式で標準入力から与えられる。 A B W 出力 選んだみかんの個数としてありえる最小値と最大値を空白区切りでこの順に出力せよ。ただし、与えられた条件に合うような個数が存在しない場合、かわりに UNSATISFIABLE と出力せよ。 入力例 1 100 200 2 出力例 1 10 20 みかん 1 個の重さは 100 グラム以上 200 グラム以下です。 200 グラムのみかんを 10 個選んだとき、重さの合計はちょうど 2 キログラムになります 100 グラムのみかんを 20 個選んだとき、重さの合計はちょうど 2 キログラムになります 9 個以下または 21 個以上でちょうど 2 キログラムになることはないので、 10 個と 20 個がそれぞれ最小値と最大値になります。 入力例 2 120 150 2 出力例 2 14 16 みかん 1 個の重さは 120 グラム以上 150 グラム以下です。 例えば 140 グラムのみかん 10 個と、 150 グラムのみかん 4 個を選んだとき、重さの合計はちょうど 2 キログラムになります 例えば 120 グラムのみかん 8 個と、 130 グラムのみかん 8 個を選んだとき、重さの合計はちょうど 2 キログラムになります 13 個以下または 17 個以上でちょうど 2 キログラムになることはないので、 14 個と 16 個がそれぞれ最小値と最大値になります。 入力例 3 300 333 1 出力例 3 UNSATISFIABLE みかん 1 個の重さは 300 グラム以上 333 グラム以下です。 このようなみかんいくつかの重さの合計がちょうど 1 キログラムになることはありえません。,200.0,
atcoder,abc,public_sponsored_abc,panasonic,abc195,パナソニックプログラミングコンテスト（AtCoder Beginner Contest 195）,2021,,1615636800.0,2021.0,abc195_c,C,Comma,C. Comma,235.0,11413,"['counting', 'math', 'digit']",3,https://atcoder.jp/contests/abc195/tasks/abc195_c,https://atcoder-tagged-backend.onrender.com/problems/all,2.3.0-sponsor-abc-kenkoooo-diff,ja,2026-06-04T18:46:05.900291+00:00,32.702,384.0,"配点 : 300 点 問題文 高橋君は整数を書くとき、下から 3 桁ごとにコンマで区切って書きます。例えば 1234567 であれば 1,234,567 、 777 であれば 777 と書きます。 高橋君が 1 以上 N 以下の整数を 1 度ずつ書くとき、コンマは合計で何回書かれますか？ 制約 1 \leq N \leq 10^{15} N は整数 入力 入力は以下の形式で標準入力から与えられる。 N 出力 コンマが書かれる回数の合計を出力せよ。 入力例 1 1010 出力例 1 11 999 以下の数を書くときにはコンマは書かれません。 1000 以上 1010 以下の数を書くときには、それぞれ 1 回ずつコンマが書かれます。 よって、コンマは全部で 11 回書かれます。 入力例 2 27182818284590 出力例 2 107730272137364",300.0,
atcoder,abc,public_sponsored_abc,panasonic,abc195,パナソニックプログラミングコンテスト（AtCoder Beginner Contest 195）,2021,,1615636800.0,2021.0,abc195_d,D,Shipping Center,D. Shipping Center,945.0,6706,"['greedy', 'sorting', 'query']",3,https://atcoder.jp/contests/abc195/tasks/abc195_d,https://atcoder-tagged-backend.onrender.com/problems/all,2.3.0-sponsor-abc-kenkoooo-diff,ja,2026-06-04T18:46:05.900291+00:00,46.714,921.0,"配点 : 400 点 問題文 1 から N の番号がついた N 個の荷物と、 1 から M の番号がついた M 個の箱があります。 荷物 i の大きさは W_i で、価値は V_i です。 箱 i には大きさが X_i 以下の荷物を入れることができます。 1 つの箱に 2 つ以上の荷物を入れることはできません。 Q 個のクエリが与えられます。各クエリでは 2 つの整数 L,R が与えられるので、次の問題を解いてください。 問題： M 個の箱のうち、箱 L,L+1,\ldots,R の R-L+1 個の箱が使えなくなってしまいました。 残りの箱の中に同時に入れることができる荷物の価値の合計の最大値を求めてください。 制約 1 \leq N \leq 50 1 \leq M \leq 50 1 \leq Q \leq 50 1 \leq W_i \leq 10^6 1 \leq V_i \leq 10^6 1 \leq X_i \leq 10^6 1 \leq L \leq R \leq M 入力は全て整数 入力 入力は以下の形式で標準入力から与えられる。 N M Q W_1 V_1 \vdots W_N V_N X_1 \ldots X_M \mathrm{Query}_1 \vdots \mathrm{Query}_Q 各クエリは以下の形式で与えられる。 L R 出力 Q 行出力せよ。 i 行目には、 \mathrm{Query}_i に対応する問題の答えを出力せよ。 入力例 1 3 4 3 1 9 5 3 7 8 1 8 6 9 4 4 1 4 1 3 出力例 1 20 0 9 1 番目のクエリでは箱 4 が使えません。 箱 1 に荷物 1 を、箱 2 に荷物 3 を、箱 3 に荷物 2 を入れることで、 全ての荷物を箱の中に入れることができ、箱の中の荷物の価値の合計を 20 にすることができます。 2 番目のクエリでは全ての箱が使えません。したがって、答えは 0 です。 3 番目のクエリでは、箱 4 だけが使えます。箱 4 に荷物 1 を入れることで、箱の中の荷物の価値の合計は 9 となり、これが最大です。",400.0,
atcoder,abc,public_sponsored_abc,panasonic,abc195,パナソニックプログラミングコンテスト（AtCoder Beginner Contest 195）,2021,,1615636800.0,2021.0,abc195_e,E,Lucky 7 Battle,E. Lucky 7 Battle,1609.0,3475,"['dp', 'game theory', 'modular arithmetic']",3,https://atcoder.jp/contests/abc195/tasks/abc195_e,https://atcoder-tagged-backend.onrender.com/problems/all,2.3.0-sponsor-abc-kenkoooo-diff,ja,2026-06-04T18:46:05.900291+00:00,59.818,909.0,"配点 : 500 点 問題文 0 , \ldots , 9 からなる長さ N の文字列 S と、 A , T からなる長さ N の文字列 X が与えられます。また、空文字列で初期化された文字列 T があります。 高橋君と青木君がこれらを使ってゲームをします。ゲームは N ラウンドからなり、 i 回目 (1\leq i \leq N) のラウンドでは次の操作が行われます。 X_i が A なら青木君が、 T なら高橋君が以下の操作を行う 操作： T の末尾に S_i か 0 のどちらか一方を加える N 回の操作が終了したあと、 T は 0 , \ldots , 9 からなる長さ N の文字列となります。 T を (先頭の余計な 0 を取り除いた上で) 10 進法で表された数と解釈したとき、 7 の倍数であれば高橋君の勝ちであり、そうでなければ青木君の勝ちです。 2 人が最適に行動する時、どちらが勝つか判定してください。 制約 1 \leq N \leq 2\times 10^5 S,X の長さは N S は 0 , \ldots , 9 のみからなる X は A , T のみからなる 入力 入力は以下の形式で標準入力から与えられる。 N S X 出力 2 人が最適に行動する時、高橋君が勝つなら Takahashi 、 青木君が勝つなら Aoki と出力せよ。 入力例 1 2 35 AT 出力例 1 Takahashi 1 回目のラウンドでは青木君が 3 か 0 を T の末尾に加え、 2 回目のラウンドでは高橋君が 5 か 0 を T の末尾に加えます。 青木君が 3 を加えた場合、高橋君が 5 を追加すると T は 35 となり、これは 7 の倍数です。 青木君が 0 を加えた場合、高橋君が 0 を追加すると T は 00 となり、これは 7 の倍数です。 したがって、かならず高橋君が勝ちます。 入力例 2 5 12345 AAAAT 出力例 2 Aoki 入力例 3 5 67890 TTTTA 出力例 3 Takahashi 入力例 4 5 12345 ATATA 出力例 4 Aoki",500.0,
atcoder,abc,public_sponsored_abc,panasonic,abc195,パナソニックプログラミングコンテスト（AtCoder Beginner Contest 195）,2021,,1615636800.0,2021.0,abc195_f,F,Coprime Present,F. Coprime Present,2068.0,1953,"['bitmask dp', 'number theory', 'gcd', 'prime factorization', 'combinatorics']",5,https://atcoder.jp/contests/abc195/tasks/abc195_f,https://atcoder-tagged-backend.onrender.com/problems/all,2.3.0-sponsor-abc-kenkoooo-diff,ja,2026-06-04T18:46:05.900291+00:00,68.877,583.0,"配点 : 600 点 問題文 あなたは A 以上 B 以下の整数が書かれたカードを各 1 枚、合計 B-A+1 枚持っています。 この中から何枚かを選んで ( 0 枚でもよい) ペットのすぬけ君にプレゼントしようと考えています。 すぬけ君は、プレゼントされたカードたちについて、どの相異なる 2 枚に書かれた数も互いに素であるときに喜び、そうでないとき悲しみます。 すぬけ君が喜ぶようなカードの組合せは何通りありますか？ 制約 1 \leq A \leq B \leq 10^{18} B-A \leq 72 入力は全て整数 入力 入力は以下の形式で標準入力から与えられる。 A B 出力 すぬけ君が喜ぶようなカードの組合せは何通りあるか出力せよ。 なお、制約の条件下で答えは 2^{63} 未満になることが証明される。 入力例 1 2 4 出力例 1 6 あなたは 2,3,4 が書かれたカードを 1 枚ずつ持っています。すぬけ君が喜ぶようなカードの組合せは \{\} \{2\} \{3\} \{4\} \{2,3\} \{3,4\} の 6 通りです。 入力例 2 1 1 出力例 2 2 すぬけ君が喜ぶようなカードの組合せは \{\} \{1\} の 2 通りです。 入力例 3 123456789000 123456789050 出力例 3 2125824",600.0,
atcoder,abc,public_sponsored_abc,panasonic,abc197,AtCoder Beginner Contest 197（Sponsored by Panasonic）,2021,,1616846400.0,2021.0,abc197_a,A,Rotate,A. Rotate,-1263.0,20213,"['string', 'implementation']",2,https://atcoder.jp/contests/abc197/tasks/abc197_a,https://atcoder-tagged-backend.onrender.com/problems/all,2.3.0-sponsor-abc-kenkoooo-diff,ja,2026-06-04T18:46:05.900291+00:00,3.138,220.0,配点 : 100 点 問題文 長さ 3 の文字列 S が与えられます。 S の先頭の文字を S の末尾に移動して得られる文字列 S' を出力してください。 制約 S は英小文字のみからなる長さ 3 の文字列である 入力 入力は以下の形式で標準入力から与えられる。 S 出力 S' を出力せよ。 入力例 1 abc 出力例 1 bca abc の先頭の文字 a を末尾に移動すると bca となります。 入力例 2 aab 出力例 2 aba,100.0,
atcoder,abc,public_sponsored_abc,panasonic,abc197,AtCoder Beginner Contest 197（Sponsored by Panasonic）,2021,,1616846400.0,2021.0,abc197_b,B,Visibility,B. Visibility,-170.0,14345,"['simulation', 'grid', 'implementation']",3,https://atcoder.jp/contests/abc197/tasks/abc197_b,https://atcoder-tagged-backend.onrender.com/problems/all,2.3.0-sponsor-abc-kenkoooo-diff,ja,2026-06-04T18:46:05.900291+00:00,24.709,801.0,"配点 : 200 点 問題文 縦 H 行、横 W 列のマス目があり、いくつかのマスには障害物が置かれています。 上から i 番目、左から j 番目のマスをマス (i, j) と表すことにします。 H 個の文字列 S_1, S_2, S_3, \dots, S_H が与えられます。 S_i の j 文字目はマス (i, j) の状態を表し、 # なら障害物が置かれていることを、 . なら障害物が置かれていないことを表します。 このマス目上のあるマスからあるマスが 見える とは、 2 つのマスが同じ行または列にあり、 2 つのマスの間 ( 2 つのマス自身を含む) に障害物が 1 つも置かれていないことを意味します。 このマス目上のマスであって、マス (X, Y) から 見える もの (マス (X, Y) 自身を含む) の数を求めてください。 制約 1 \le H \le 100 1 \le W \le 100 1 \le X \le H 1 \le Y \le W S_i は . および # のみからなる長さ W の文字列 マス (X, Y) に障害物は置かれていない 入力 入力は以下の形式で標準入力から与えられる。 H W X Y S_1 S_2 S_3 \hspace{3pt} \vdots S_H 出力 答えを出力せよ。 入力例 1 4 4 2 2 ##.. ...# #.#. .#.# 出力例 1 4 以下がマス (2, 2) から見えるマスです。 マス (2, 1) マス (2, 2) マス (2, 3) マス (3, 2) 入力例 2 3 5 1 4 #.... ##### ....# 出力例 2 4 行または列が同じでも、間に障害物があるようなマスは見えません。 入力例 3 5 5 4 2 .#..# #.### ##... #..#. #.### 出力例 3 3",200.0,
atcoder,abc,public_sponsored_abc,panasonic,abc197,AtCoder Beginner Contest 197（Sponsored by Panasonic）,2021,,1616846400.0,2021.0,abc197_c,C,ORXOR,C. ORXOR,809.0,9726,"['bitmask', 'brute force', 'implementation', 'bit manipulation', 'search']",5,https://atcoder.jp/contests/abc197/tasks/abc197_c,https://atcoder-tagged-backend.onrender.com/problems/all,2.3.0-sponsor-abc-kenkoooo-diff,ja,2026-06-04T18:46:05.900291+00:00,44.03,1493.0,"配点 : 300 点 問題文 長さ N の数列 A が与えられます。 この数列を、 1 つ以上の空でない連続した区間に分けます。 その後、分けた各区間で、区間内の数のビット単位 \mathrm{OR} を計算します。 こうして得られた全ての値のビット単位 \mathrm{XOR} として考えられる最小値を求めてください。 ビット単位 \mathrm{OR} 演算とは 整数 A, B のビット単位 \mathrm{OR} 、 A\ \mathrm{OR}\ B は以下のように定義されます。 A\ \mathrm{OR}\ B を二進表記した際の 2^k ( k \geq 0 ) の位の数は、 A, B を二進表記した際の 2^k の位の数のうち少なくとも片方が 1 であれば 1 、そうでなければ 0 である。 例えば、 3\ \mathrm{OR}\ 5 = 7 となります (二進表記すると: 011\ \mathrm{OR}\ 101 = 111 )。 一般に k 個の整数 p_1, p_2, p_3, \dots, p_k のビット単位 \mathrm{OR} は (\dots ((p_1\ \mathrm{OR}\ p_2)\ \mathrm{OR}\ p_3)\ \mathrm{OR}\ \dots\ \mathrm{OR}\ p_k) と定義され、これは p_1, p_2, p_3, \dots p_k の順番によらないことが証明できます。 ビット単位 \mathrm{XOR} 演算とは 整数 A, B のビット単位 \mathrm{XOR} 、 A\ \mathrm{XOR}\ B は、以下のように定義されます。 A\ \mathrm{XOR}\ B を二進表記した際の 2^k ( k \geq 0 ) の位の数は、 A, B を二進表記した際の 2^k の位の数のうち一方のみが 1 であれば 1 、そうでなければ 0 である。 例えば、 3\ \mathrm{XOR}\ 5 = 6 となります (二進表記すると: 011\ \mathrm{XOR}\ 101 = 110 )。 一般に k 個以上の整数 p_1, p_2, p_3, \dots, p_k のビット単位 \mathrm{XOR} は (\dots ((p_1\ \mathrm{XOR}\ p_2)\ \mathrm{XOR}\ p_3)\ \mathrm{XOR}\ \dots\ \mathrm{XOR}\ p_k) と定義され、これは p_1, p_2, p_3, \dots p_k の順番によらないことが証明できます。 制約 1 \le N \le 20 0 \le A_i \lt 2^{30} 入力に含まれる値は全て整数である 入力 入力は以下の形式で標準入力から与えられる。 N A_1 A_2 A_3 \dots A_N 出力 答えを出力せよ。 入力例 1 3 1 5 7 出力例 1 2 [1, 5, 7] を [1, 5] と [7] の 2 つの区間に分けると、それぞれの区間内の数のビット単位 \mathrm{OR} は 5, 7 となり、その \mathrm{XOR} は 2 です。 これより小さくすることはできないので、 2 を出力します。 入力例 2 3 10 10 10 出力例 2 0 [10] と [10, 10] に分けるとよいです。 入力例 3 4 1 3 3 1 出力例 3 0 [1, 3] と [3, 1] に分けるとよいです。",300.0,
atcoder,abc,public_sponsored_abc,panasonic,abc197,AtCoder Beginner Contest 197（Sponsored by Panasonic）,2021,,1616846400.0,2021.0,abc197_d,D,Opposite,D. Opposite,831.0,6992,"['geometry', 'trigonometry', 'coordinate geometry', 'rotation', 'angle calculation', 'polygon']",6,https://atcoder.jp/contests/abc197/tasks/abc197_d,https://atcoder-tagged-backend.onrender.com/problems/all,2.3.0-sponsor-abc-kenkoooo-diff,ja,2026-06-04T18:46:05.900291+00:00,44.464,859.0,"配点 : 400 点 問題文 \mathrm{x} 軸の正の向きを右、 \mathrm{y} 軸の正の向きを上とする 2 次元座標平面上に、 p_0, p_1, p_2, \dots, p_{N - 1} の N 個の頂点からなる正 N 角形があります。 ここで N は偶数であることが保証され、頂点 p_0, p_1, p_2, \dots, p_{N - 1} はこの順に反時計回りに並んでいます。 p_i の座標を (x_i, y_i) とします。 x_0, y_0, x_{\frac{N}{2}}, y_{\frac{N}{2}} が与えられるので、 x_1, y_1 を求めてください。 制約 4 \le N \le 100 N は偶数 0 \le x_0, y_0 \le 100 0 \le x_{\frac{N}{2}}, y_{\frac{N}{2}} \le 100 (x_0, y_0) \neq (x_{\frac{N}{2}}, y_{\frac{N}{2}}) 入力に含まれる値は全て整数である 入力 入力は以下の形式で標準入力から与えられる。 N x_0 y_0 x_{\frac{N}{2}} y_{\frac{N}{2}} 出力 x_1, y_1 をこの順に空白区切りで出力せよ。 出力されたそれぞれの値について、想定解答との絶対誤差または相対誤差が 10^{-5} 以下であれば正解と判定される。 入力例 1 4 1 1 2 2 出力例 1 2.00000000000 1.00000000000 p_0 = (1, 1), p_2 = (2, 2) という情報が与えられています。 p_0, p_1, p_2, p_3 が正方形をなし、反時計回りに並んでいるという情報から残りの頂点の座標は一意に定まり、以下のようになります。 p_1 = (2, 1) p_3 = (1, 2) 入力例 2 6 5 3 7 4 出力例 2 5.93301270189 2.38397459622",400.0,
atcoder,abc,public_sponsored_abc,panasonic,abc197,AtCoder Beginner Contest 197（Sponsored by Panasonic）,2021,,1616846400.0,2021.0,abc197_e,E,Traveler,E. Traveler,1379.0,4268,['dp'],1,https://atcoder.jp/contests/abc197/tasks/abc197_e,https://atcoder-tagged-backend.onrender.com/problems/all,2.3.0-sponsor-abc-kenkoooo-diff,ja,2026-06-04T18:46:05.900291+00:00,55.279,872.0,"配点 : 500 点 問題文 数直線上にボール 1 からボール N までの N 個のボールがあります。 ボール i は座標 X_i にあります。 各ボールには 1 以上 N 以下の整数で表される色がついていて、ボール i の色は整数 C_i で表されます。 今座標 0 にいるあなたは、毎秒 1 の速さで数直線上を動き、全てのボールを回収してから再び座標 0 に戻ります。 このとき、ボールの色を表す整数を回収順に並べた時に広義単調増加となっている必要があります。 ボールを回収するにはボールと同じ座標にいる必要がありますが、ボールを回収できる時に必ずしも回収する必要はありません。 座標 0 を出発してから、全てのボールを回収して再び座標 0 に戻るまでにかかる時間の最小値を求めてください。 制約 1 \le N \le 2 \times 10^5 |X_i| \le 10^9 X_i \neq X_j (i \neq j) X_i \neq 0 1 \le C_i \le N 入力に含まれる値は全て整数である 入力 入力は以下の形式で標準入力から与えられる。 N X_1 C_1 X_2 C_2 X_3 C_3 \hspace{15pt} \vdots X_N C_N 出力 答え [秒] を出力せよ。 入力例 1 5 2 2 3 1 1 3 4 2 5 3 出力例 1 12 以下のように行動するのが最適です。 3 秒かけて座標 3 に移動し、ボール 2 を回収する 1 秒かけて座標 2 に移動し、ボール 1 を回収する 2 秒かけて座標 4 に移動し、ボール 4 を回収する 1 秒かけて座標 5 に移動し、ボール 5 を回収する 4 秒かけて座標 1 に移動し、ボール 3 を回収する 1 秒かけて座標 0 に戻る ボールの色を表す整数を回収順に並べると 1, 2, 2, 3, 3 と広義単調増加になっています。 入力例 2 9 5 5 -4 4 4 3 6 3 -5 5 -3 2 2 2 3 3 1 4 出力例 2 38",500.0,
atcoder,abc,public_sponsored_abc,panasonic,abc197,AtCoder Beginner Contest 197（Sponsored by Panasonic）,2021,,1616846400.0,2021.0,abc197_f,F,Construct a Palindrome,F. Construct a Palindrome,1945.0,2796,"['bfs', 'graph theory', 'graph', 'shortest path']",4,https://atcoder.jp/contests/abc197/tasks/abc197_f,https://atcoder-tagged-backend.onrender.com/problems/all,2.3.0-sponsor-abc-kenkoooo-diff,ja,2026-06-04T18:46:05.900291+00:00,66.45,840.0,"配点 : 600 点 問題文 N 頂点 M 辺の、単純とは限らない連結な無向グラフがあります。 辺 i は頂点 A_i と頂点 B_i を結んでおり、文字 C_i が書かれています。 頂点 1 から頂点 N へのパス (同じ辺や頂点を複数回通っても構わない) を 1 つ選び、通る辺に書かれている文字を順に並べて文字列を作ります。 この文字列が回文になることはあるかを判定し、あるならばそのような回文の長さとして考えられる最小値を求めてください。 制約 2 \le N \le 1000 1 \le M \le 1000 1 \le A_i \le N 1 \le B_i \le N C_i は英小文字 与えられるグラフは連結である 入力 入力は以下の形式で標準入力から与えられる。 N M A_1 B_1 C_1 A_2 B_2 C_2 A_3 B_3 C_3 \hspace{25pt} \vdots A_M B_M C_M 出力 作る文字列が回文になることがあるならば、そのような回文の長さの最小値を、ないならば -1 を出力せよ。 入力例 1 8 8 1 2 a 2 3 b 1 3 c 3 4 b 4 5 a 5 6 c 6 7 b 7 8 a 出力例 1 10 辺 1, 2, 3, 1, 2, 4, 5, 6, 7, 8 の順に通ると、出来上がる文字列は abcabbacba となり、回文となります。 これより短い回文を作ることはできないので、答えは 10 です。 入力例 2 4 5 1 1 a 1 2 a 2 3 a 3 4 b 4 4 a 出力例 2 5 辺 2, 3, 4, 5, 5 の順に通ると aabaa という文字列を作ることができ、これは回文です。 同じ辺や頂点を複数回通っても構わないことに注意してください。 入力例 3 3 4 1 1 a 1 2 a 2 3 b 3 3 b 出力例 3 -1 出来上がる文字列が回文となることはありません。",600.0,
atcoder,abc,public_sponsored_abc,panasonic,abc199,AtCoder Beginner Contest 199（Sponsored by Panasonic）,2021,,1619265600.0,2021.0,abc199_a,A,Square Inequality,A. Square Inequality,-1323.0,20601,"['math', 'inequality', 'conditional']",3,https://atcoder.jp/contests/abc199/tasks/abc199_a,https://atcoder-tagged-backend.onrender.com/problems/all,2.3.0-sponsor-abc-kenkoooo-diff,ja,2026-06-04T18:46:05.900291+00:00,1.954,410.0,"配点 : 100 点 問題文 整数 A, B, C が与えられます。 A^2 + B^2 < C^2 かを判定してください。 制約 0 \le A \le 1000 0 \le B \le 1000 0 \le C \le 1000 A, B, C は整数である 入力 入力は以下の形式で標準入力から与えられる。 A B C 出力 A^2 + B^2 < C^2 なら Yes を、そうでないなら No を出力せよ。 入力例 1 2 2 4 出力例 1 Yes A^2 + B^2 = 2^2 + 2^2 = 8 、 C^2 = 4^2 = 16 より A^2 + B^2 < C^2 なので Yes を出力します。 入力例 2 10 10 10 出力例 2 No A^2 + B^2 = 200 、 C^2 = 100 なので A^2 + B^2 < C^2 ではありません。 入力例 3 3 4 5 出力例 3 No",100.0,
atcoder,abc,public_sponsored_abc,panasonic,abc199,AtCoder Beginner Contest 199（Sponsored by Panasonic）,2021,,1619265600.0,2021.0,abc199_b,B,Intersection,B. Intersection,-547.0,15770,"['interval', 'optimization', 'counting', 'implementation']",4,https://atcoder.jp/contests/abc199/tasks/abc199_b,https://atcoder-tagged-backend.onrender.com/problems/all,2.3.0-sponsor-abc-kenkoooo-diff,ja,2026-06-04T18:46:05.900291+00:00,17.269,506.0,"配点 : 200 点 問題文 長さ N の数列 A = (A_1, A_2, A_3, \dots, A_N), B = (B_1, B_2, B_3, \dots, B_N) が与えられます。 以下の条件を満たす整数 x の個数を求めてください。 1 \le i \le N を満たす全ての整数 i について A_i \le x \le B_i 制約 1 \le N \le 100 1 \le A_i \le B_i \le 1000 入力に含まれる値は全て整数 入力 入力は以下の形式で標準入力から与えられる。 N A_1 A_2 A_3 \dots A_N B_1 B_2 B_3 \dots B_N 出力 答えを出力せよ。 入力例 1 2 3 2 7 5 出力例 1 3 x は 3 \le x \le 7 と 2 \le x \le 5 の両方を満たさなければなりません。 そのような整数 x は 3, 4, 5 の 3 個あります。 入力例 2 3 1 5 3 10 7 3 出力例 2 0 条件を満たす整数 x が存在しないこともあります。 入力例 3 3 3 2 5 6 9 8 出力例 3 2",200.0,
atcoder,abc,public_sponsored_abc,panasonic,abc199,AtCoder Beginner Contest 199（Sponsored by Panasonic）,2021,,1619265600.0,2021.0,abc199_c,C,IPFL,C. IPFL,436.0,12010,"['implementation', 'string', 'optimization', 'indexing']",4,https://atcoder.jp/contests/abc199/tasks/abc199_c,https://atcoder-tagged-backend.onrender.com/problems/all,2.3.0-sponsor-abc-kenkoooo-diff,ja,2026-06-04T18:46:05.900291+00:00,36.669,782.0,"配点 : 300 点 問題文 長さ 2N の文字列 S があります。 この文字列に対して Q 個のクエリが与えられます。 i 番目のクエリでは 3 つの整数 T_i, A_i, B_i が与えられるので、以下の処理をします。 T_i = 1 のとき : S の A_i 文字目と B_i 文字目を入れ替える T_i = 2 のとき : S の前半 N 文字と後半 N 文字を入れ替える( A_i, B_i の値は用いない) 例えば S が FLIP のときにこのクエリを処理すると、 S は IPFL となる。 これら Q 個のクエリを与えられた順に全て処理した後の S を出力してください。 制約 1 \le N \le 2 \times 10^5 S は長さ 2N の英大文字のみからなる文字列 1 \le Q \le 3 \times 10^5 T_i は 1 または 2 T_i = 1 のとき、 1 \le A_i \lt B_i \le 2N T_i = 2 のとき、 A_i = B_i = 0 入力 入力は以下の形式で標準入力から与えられる。 N S Q T_1 A_1 B_1 T_2 A_2 B_2 T_3 A_3 B_3 \hspace{21pt} \vdots T_Q A_Q B_Q 出力 クエリ処理後の S を出力せよ。 入力例 1 2 FLIP 2 2 0 0 1 1 4 出力例 1 LPFI 1 番目のクエリでは S の前半 N 文字と後半 N 文字を入れ替えるため、 S は IPFL となります。 2 番目のクエリでは S の 1 文字目と 4 文字目を入れ替えるため、 S は LPFI となります。 入力例 2 2 FLIP 6 1 1 3 2 0 0 1 1 2 1 2 3 2 0 0 1 1 4 出力例 2 ILPF",300.0,
atcoder,abc,public_sponsored_abc,panasonic,abc199,AtCoder Beginner Contest 199（Sponsored by Panasonic）,2021,,1619265600.0,2021.0,abc199_d,D,RGB Coloring 2,D. RGB Coloring 2,1804.0,3152,"['graph coloring', 'connected components', 'dfs', 'backtracking', 'counting']",5,https://atcoder.jp/contests/abc199/tasks/abc199_d,https://atcoder-tagged-backend.onrender.com/problems/all,2.3.0-sponsor-abc-kenkoooo-diff,ja,2026-06-04T18:46:05.900291+00:00,63.667,799.0,"配点 : 400 点 問題文 N 頂点 M 辺の単純無向グラフがあります。頂点には 1 から N までの、辺には 1 から M までの番号がついています。 辺 i は頂点 A_i と頂点 B_i を結んでいます。 このグラフの各頂点を赤、緑、青の 3 色のいずれかで塗る方法であって、以下の条件を満たすものの数を求めてください。 辺で直接結ばれている 2 頂点は必ず異なる色で塗られている なお、使われない色があっても構いません。 制約 1 \le N \le 20 0 \le M \le \frac{N(N - 1)}{2} 1 \le A_i \le N 1 \le B_i \le N 与えられるグラフは単純 (多重辺や自己ループを含まない) 入力 入力は以下の形式で標準入力から与えられる。 N M A_1 B_1 A_2 B_2 A_3 B_3 \hspace{15pt} \vdots A_M B_M 出力 答えを出力せよ。 入力例 1 3 3 1 2 2 3 3 1 出力例 1 6 頂点 1, 2, 3 の色をそれぞれ c_1, c_2, c_3 とし、赤、緑、青をそれぞれ R , G , B で表すと、以下の 6 通りが条件を満たします。 c_1c_2c_3 = RGB c_1c_2c_3 = RBG c_1c_2c_3 = GRB c_1c_2c_3 = GBR c_1c_2c_3 = BRG c_1c_2c_3 = BGR 入力例 2 3 0 出力例 2 27 辺がないため、各頂点の色を自由に決めることができます。 入力例 3 4 6 1 2 2 3 3 4 2 4 1 3 1 4 出力例 3 0 条件を満たす塗り方が存在しない場合もあります。 入力例 4 20 0 出力例 4 3486784401 答えは 32 ビット符号付き整数型に収まらないことがあります。",400.0,
atcoder,abc,public_sponsored_abc,panasonic,abc199,AtCoder Beginner Contest 199（Sponsored by Panasonic）,2021,,1619265600.0,2021.0,abc199_e,E,Permutation,E. Permutation,1814.0,2612,"['bitmask dp', 'dp', 'permutation']",3,https://atcoder.jp/contests/abc199/tasks/abc199_e,https://atcoder-tagged-backend.onrender.com/problems/all,2.3.0-sponsor-abc-kenkoooo-diff,ja,2026-06-04T18:46:05.900291+00:00,63.864,591.0,"配点 : 500 点 問題文 (1, 2, 3, \dots, N) を並び替えてできる数列 a であって、以下の条件を満たすものの数を出力してください。 1 \le i \le M を満たす全ての整数 i について、 a_1, a_2, a_3, \dots, a_{X_i} の中に Y_i 以下の数は Z_i 個以下しか存在しない 制約 2 \le N \le 18 0 \le M \le 100 1 \le X_i \lt N 1 \le Y_i \lt N 0 \le Z_i \lt N 入力に含まれる値は全て整数である 入力 入力は以下の形式で標準入力から与えられる。 N M X_1 Y_1 Z_1 X_2 Y_2 Z_2 X_3 Y_3 Z_3 \hspace{23pt} \vdots X_M Y_M Z_M 出力 答えを出力せよ。 入力例 1 3 1 2 2 1 出力例 1 4 条件を満たす a は以下の 4 つです。 (1, 3, 2) (2, 3, 1) (3, 1, 2) (3, 2, 1) (1, 2, 3) や (2, 1, 3) は、 a_1, a_2 の中に 2 以下の数が 2 つあるため条件を満たしません。 入力例 2 5 2 3 3 2 4 4 3 出力例 2 90 入力例 3 18 0 出力例 3 6402373705728000",500.0,
atcoder,abc,public_sponsored_abc,panasonic,abc199,AtCoder Beginner Contest 199（Sponsored by Panasonic）,2021,,1619265600.0,2021.0,abc199_f,F,Graph Smoothing,F. Graph Smoothing,2065.0,1507,"['expectation', 'matrix', 'graph theory', 'linear algebra', 'modular arithmetic']",5,https://atcoder.jp/contests/abc199/tasks/abc199_f,https://atcoder-tagged-backend.onrender.com/problems/all,2.3.0-sponsor-abc-kenkoooo-diff,ja,2026-06-04T18:46:05.900291+00:00,68.818,1833.0,"配点 : 600 点 問題文 N 頂点 M 辺の単純無向グラフがあります。頂点には 1 から N までの、辺には 1 から M までの番号がついています。 辺 i は頂点 X_i と頂点 Y_i を結んでいます。また、頂点 i には最初整数 A_i が書かれています。 あなたは K 回にわたって以下の操作を行います。 M 本ある辺の中から、一様ランダムかつ他の選択と独立に 1 本選ぶ。その辺が結ぶ 2 頂点に書かれている数の平均を x として、その 2 頂点に書かれている数を両方 x で置き換える。 各頂点 i について、 K 回の操作後に頂点 i に書かれている数の期待値を求め、注記の通り \bmod (10^9 + 7) で出力してください。 注記 有理数を出力する際は、まずその有理数を分数 \frac{y}{x} として表してください。 ここで、 x,y は整数であり、 x は 10^9+7 で割り切れてはなりません (この問題の制約下で、そのような表現は必ず可能です)。 そして、 xz \equiv y \pmod {10^9+7} を満たすような 0 以上 10^9+6 以下の唯一の整数 z を出力してください。 制約 2 \le N \le 100 1 \le M \le \frac{N(N - 1)}{2} 0 \le K \le 10^9 0 \le A_i \le 10^9 1 \le X_i \le N 1 \le Y_i \le N 与えられるグラフは単純 入力に含まれる値は全て整数である 入力 入力は以下の形式で標準入力から与えられる。 N M K A_1 A_2 A_3 \dots A_N X_1 Y_1 X_2 Y_2 X_3 Y_3 \hspace{15pt} \vdots X_M Y_M 出力 N 行にわたって出力せよ。 i 行目には、 K 回の操作後に頂点 i に書かれている数の期待値を、注記に従って \bmod (10^9 + 7) で出力せよ。 入力例 1 3 2 1 3 1 5 1 2 1 3 出力例 1 3 500000005 500000008 唯一の操作で辺 1 が選ばれた場合 : 頂点 1, 2, 3 に書かれている数はそれぞれ 2, 2, 5 となります 唯一の操作で辺 2 が選ばれた場合 : 頂点 1, 2, 3 に書かれている数はそれぞれ 4, 1, 4 となります 従って、操作後に頂点 1, 2, 3 に書かれている数の期待値はそれぞれ 3, \frac{3}{2}, \frac{9}{2} となります。 これらを注記に従って \bmod (10^9 + 7) の表現に変換すると、それぞれ 3, 500000005, 500000008 となります。 入力例 2 3 2 2 12 48 36 1 2 1 3 出力例 2 750000036 36 250000031 1 回目の操作で辺 1 が選ばれた場合 頂点 1, 2, 3 に書かれている数はそれぞれ 30, 30, 36 となります 2 回目の操作で辺 1 が選ばれた場合 : 頂点 1, 2, 3 に書かれている数はそれぞれ 30, 30, 36 となります 2 回目の操作で辺 2 が選ばれた場合 : 頂点 1, 2, 3 に書かれている数はそれぞれ 33, 30, 33 となります 1 回目の操作で辺 2 が選ばれた場合 頂点 1, 2, 3 に書かれている数はそれぞれ 24, 48, 24 となります 2 回目の操作で辺 1 が選ばれた場合 : 頂点 1, 2, 3 に書かれている数はそれぞれ 36, 36, 24 となります 2 回目の操作で辺 2 が選ばれた場合 : 頂点 1, 2, 3 に書かれている数はそれぞれ 24, 48, 24 となります これら 4 通りのケースが各 \frac{1}{4} の確率で起こるので、頂点 1, 2, 3 に最終的に書かれている数の期待値はそれぞれ \frac{123}{4}, \frac{144}{4} (=36), \frac{117}{4} となります。 入力例 3 4 5 1000 578 173 489 910 1 2 2 3 3 4 4 1 1 3 出力例 3 201113830 45921509 67803140 685163678",600.0,
atcoder,abc,public_sponsored_abc,kyocera,abc200,京セラプログラミングコンテスト2021（AtCoder Beginner Contest 200）,2021,,1620475200.0,2021.0,abc200_a,A,Century,A. Century,-1321.0,19603,"['math', 'implementation']",2,https://atcoder.jp/contests/abc200/tasks/abc200_a,https://atcoder-tagged-backend.onrender.com/problems/all,2.3.0-sponsor-abc-kenkoooo-diff,ja,2026-06-04T18:46:05.900291+00:00,1.993,257.0,配点 : 100 点 問題文 西暦 N 年は何世紀ですか？ 世紀とは？ 西暦 1 年から 100 年までを 1 世紀、 101 年から 200 年までを 2 世紀と、以降も同様に西暦を 100 年単位で区切って呼称したものです。 制約 1 \le N \le 3000 入力 入力は以下の形式で標準入力から与えられる。 N 出力 答えを整数として出力せよ。 入力例 1 2021 出力例 1 21 今年、西暦 2021 年は 21 世紀です。 入力例 2 200 出力例 2 2 西暦 200 年は 2 世紀です。,100.0,
atcoder,abc,public_sponsored_abc,kyocera,abc200,京セラプログラミングコンテスト2021（AtCoder Beginner Contest 200）,2021,,1620475200.0,2021.0,abc200_b,B,200th ABC-200,B. 200th ABC-200,-804.0,18099,"['simulation', 'implementation', 'math', 'string']",4,https://atcoder.jp/contests/abc200/tasks/abc200_b,https://atcoder-tagged-backend.onrender.com/problems/all,2.3.0-sponsor-abc-kenkoooo-diff,ja,2026-06-04T18:46:05.900291+00:00,12.197,517.0,配点 : 200 点 問題文 整数 N が与えられます。 以下の操作を K 回行った後の整数 N を出力してください。 整数 N が 200 の倍数であれば、 N を 200 で割る。 そうでなければ、整数 N を、 N の後ろに文字列として 200 を付け加えた整数に置き換える。 例えば、 7 を置き換えると 7200 に、 1234 を置き換えると 1234200 になります。 制約 入力は全て整数 1 \le N \le 10^5 1 \le K \le 20 入力 入力は以下の形式で標準入力から与えられる。 N K 出力 答えを整数として出力せよ。 入力例 1 2021 4 出力例 1 50531 N=2021 に 4 回操作を行うと、 N の値は操作を行うごとに 2021 \rightarrow 2021200 \rightarrow 10106 \rightarrow 10106200 \rightarrow 50531 となります。 入力例 2 40000 2 出力例 2 1 入力例 3 8691 20 出力例 3 84875488281 答えは 32 bit 符号付き整数型に収まらない可能性があります。,200.0,
atcoder,abc,public_sponsored_abc,kyocera,abc200,京セラプログラミングコンテスト2021（AtCoder Beginner Contest 200）,2021,,1620475200.0,2021.0,abc200_c,C,Ringo's Favorite Numbers 2,C. Ringo's Favorite Numbers 2,138.0,14518,"['modular arithmetic', 'counting', 'combinatorics']",3,https://atcoder.jp/contests/abc200/tasks/abc200_c,https://atcoder-tagged-backend.onrender.com/problems/all,2.3.0-sponsor-abc-kenkoooo-diff,ja,2026-06-04T18:46:05.900291+00:00,30.787,510.0,"配点 : 300 点 問題文 200 という整数が大好きなりんごさんのために、次の問題を解いてください。 N 個の正整数からなる数列 A が与えられるので、以下の条件をすべて満たす整数の組 (i,j) の個数を求めてください。 1 \le i < j \le N A_i - A_j は 200 の倍数である。 制約 入力は全て整数 2 \le N \le 2 \times 10^5 1 \le A_i \le 10^9 入力 入力は以下の形式で標準入力から与えられる。 N A_1 A_2 \dots A_N 出力 答えを整数として出力せよ。 入力例 1 6 123 223 123 523 200 2000 出力例 1 4 例えば、 (i, j) = (1, 3) のとき、 A_1 - A_3 = 0 は 200 の倍数です。 (i,j)=(1,3),(1,4),(3,4),(5,6) の 4 つが条件を満たします。 入力例 2 5 1 2 3 4 5 出力例 2 0 条件を満たす組がひとつも無い場合があります。 入力例 3 8 199 100 200 400 300 500 600 200 出力例 3 9",300.0,
atcoder,abc,public_sponsored_abc,kyocera,abc200,京セラプログラミングコンテスト2021（AtCoder Beginner Contest 200）,2021,,1620475200.0,2021.0,abc200_d,D,Happy Birthday! 2,D. Happy Birthday! 2,1217.0,6338,"['pigeonhole principle', 'bitmask', 'modular arithmetic', 'constructive', 'subset sum']",5,https://atcoder.jp/contests/abc200/tasks/abc200_d,https://atcoder-tagged-backend.onrender.com/problems/all,2.3.0-sponsor-abc-kenkoooo-diff,ja,2026-06-04T18:46:05.900291+00:00,52.082,995.0,"配点 : 400 点 問題文 N 個の正整数からなる数列 A = (A_1, A_2, \dots, A_N) が与えられます。 以下の条件を全て満たす 2 つの数列 B = (B_1, B_2, \dots, B_x),\ C = (C_1, C_2, \dots, C_y) が存在するか判定し、存在する場合はひとつ出力してください。 1 ≤ x, y ≤ N 1 \le B_1 < B_2 < \dots < B_{x} \le N 1 \le C_1 < C_2 < \dots < C_{y} \le N B と C は、異なる数列である。 x ≠ y のとき、または、ある整数 i\ (1 ≤ i ≤ \min(x, y)) が存在して B_i ≠ C_i であるとき、 B と C は異なるものとする。 A_{B_1} + A_{B_2} + \dots + A_{B_x} を 200 で割った余りと A_{C_1} + A_{C_2} + \dots + A_{C_y} を 200 で割った余りが等しい。 制約 入力はすべて整数 2 \le N \le 200 1 \le A_i \le 10^9 入力 入力は以下の形式で標準入力から与えられる。 N A_1 A_2 \dots A_N 出力 条件を満たす数列の組 B,C が存在しない場合、 1 行に No と出力せよ。 存在する場合、以下の形式で B,C を出力せよ。 Yes x B_1 B_2 \dots B_x y C_1 C_2 \dots C_y なお、正誤判定器は英大文字と英小文字を区別せず、どちらも受理する。 入力例 1 5 180 186 189 191 218 出力例 1 Yes 1 1 2 3 4 B=(1),C=(3,4) とすると、 A_1 = 180,\ A_3 + A_4 = 380 となり、この 2 つを 200 で割った余りは等しくなります。 他にも、以下のような出力も正答として扱われます。 yEs 4 2 3 4 5 3 1 2 5 入力例 2 2 123 523 出力例 2 Yes 1 1 1 2 入力例 3 6 2013 1012 2765 2021 508 6971 出力例 3 No 条件を満たす数列の組が存在しない場合、 1 行に No と出力してください。",400.0,
atcoder,abc,public_sponsored_abc,kyocera,abc200,京セラプログラミングコンテスト2021（AtCoder Beginner Contest 200）,2021,,1620475200.0,2021.0,abc200_e,E,Patisserie ABC 2,E. Patisserie ABC 2,1955.0,2335,"['dp', 'prefix sum', 'difference array', 'combinatorics']",4,https://atcoder.jp/contests/abc200/tasks/abc200_e,https://atcoder-tagged-backend.onrender.com/problems/all,2.3.0-sponsor-abc-kenkoooo-diff,ja,2026-06-04T18:46:05.900291+00:00,66.647,813.0,"配点 : 500 点 問題文 「ABC洋菓子店」で働くパティシエである高橋君は、ケーキを作って AtCoder Beginner Contest 200 を祝うことにしました。 高橋君の作るケーキは、「綺麗さ」「おいしさ」「人気度」の 3 つのパラメータをもち、それぞれのパラメータは 1 以上 N 以下の整数で表されます。 高橋君は、「綺麗さ」が i 、「おいしさ」が j 、「人気度」が k であるケーキを、全ての組 (i,j,k)\ (1 \le i,j,k \le N) に対して 1 つずつ作りました。 その後、高橋君は、できた N^3 個のケーキを以下の順序で並べました。 「綺麗さ」+「おいしさ」+「人気度」が小さいものを、より左に並べる。 ここまでで順序がつかなければ、「綺麗さ」が小さいものを、より左に並べる。 ここまでで順序がつかなければ、「おいしさ」が小さいものを、より左に並べる。 このとき、左から K 番目にあるケーキの各パラメータの値を求めてください。 制約 入力は全て整数 1 \le N \le 10^6 1 \le K \le N^3 入力 入力は以下の形式で標準入力から与えられる。 N K 出力 答えを「綺麗さ」「おいしさ」「人気度」の順に空白区切りで 3 つの整数として出力せよ。 入力例 1 2 5 出力例 1 1 2 2 各ケーキの各パラメータの値を (「綺麗さ」,「おいしさ」,「人気度」) と書くと、ケーキは左から以下の順に並びます。 (1,1,1),(1,1,2),(1,2,1),(2,1,1),(1,2,2),(2,1,2),(2,2,1),(2,2,2) 入力例 2 1000000 1000000000000000000 出力例 2 1000000 1000000 1000000 入力される値が大きくなることもあります。 入力例 3 9 47 出力例 3 3 1 4",500.0,
atcoder,abc,public_sponsored_abc,kyocera,abc200,京セラプログラミングコンテスト2021（AtCoder Beginner Contest 200）,2021,,1620475200.0,2021.0,abc200_f,F,Minflip Summation,F. Minflip Summation,2556.0,768,"['combinatorics', 'modular arithmetic', 'contribution counting', 'string', 'observation']",5,https://atcoder.jp/contests/abc200/tasks/abc200_f,https://atcoder-tagged-backend.onrender.com/problems/all,2.3.0-sponsor-abc-kenkoooo-diff,ja,2026-06-04T18:46:05.900291+00:00,78.508,853.0,"配点 : 600 点 問題文 0 , 1 , ? のみからなる文字列 S があります。この文字列を K 個連結したものを T とします。 この文字列の ? を全て 0 か 1 に置き換えた文字列は、 S の中に含まれる ? の数を q 個とすると、全部で 2^{Kq} 通り考えられますが、その全てについて以下の問題を解いて、その答えの和を (10^9+7) で割った余りを求めてください。 ? を置き換えた後の文字列を T' とします。 T' に以下の操作を繰り返し行うことで全ての文字を同じにするとき、必要な最小の操作回数は何回ですか？ 1 \le l \le r \le |T'| となる整数 l,r を選ぶ。そして、 T' の l 文字目から r 文字目(両端含む)までの各文字を、 0 であれば 1 に、 1 であれば 0 に変更する。 制約 1 \le |S| \le 10^5 1 \le K \le 10^9 入力 入力は以下の形式で標準入力から与えられる。 S K 出力 答えを整数として出力せよ。 入力例 1 101 2 出力例 1 2 文字列 T= 101101 で、ここには ? が含まれません。よって、考えられる唯一の T'= 101101 についての答えを求めればよいです。 例えば、 101101 \rightarrow 110011 \rightarrow 111111 と操作を行えば、 2 回で全ての文字列を同じにすることができます。 1 回以下の操作で全ての文字列を同じにすることはできません。 入力例 2 ?0? 1 出力例 2 3 文字列 T' として考えられるものは 000 , 001 , 100 , 101 の 4 通りです。 入力例 3 10111?10??1101??1?00?1?01??00010?0?1?? 998244353 出力例 3 235562598 答えは非常に大きくなることがあるので、 (10^9+7) で割った余りを求めてください。",600.0,
atcoder,abc,public_sponsored_abc,panasonic,abc203,AtCoder Beginner Contest 203（Sponsored by Panasonic）,2021,,1622376000.0,2021.0,abc203_a,A,Chinchirorin,A. Chinchirorin,-1276.0,17936,"['implementation', 'conditional']",2,https://atcoder.jp/contests/abc203/tasks/abc203_a,https://atcoder-tagged-backend.onrender.com/problems/all,2.3.0-sponsor-abc-kenkoooo-diff,ja,2026-06-04T18:46:05.900291+00:00,2.881,440.0,"配点 : 100 点 問題文 高橋君が 3 つのサイコロを振ったところそれぞれ a,b,c の目が出ました。 a,b,c のうちある 2 つが同じときは残りの 1 つのサイコロの目を、同じものがないときは 0 を出力してください。 制約 1 \leq a,b,c \leq 6 a,b,c は全て整数である。 入力 入力は以下の形式で標準入力から与えられる。 a b c 出力 a,b,c のうちある 2 つが同じときは残りの 1 つのサイコロの目を、同じものがないときは 0 を出力せよ。 入力例 1 2 5 2 出力例 1 5 1 つめと 3 つめのサイコロの目がともに 2 であるので、残り 1 つの目である 5 を出力します。 入力例 2 4 5 6 出力例 2 0 サイコロの目はどの 2 つも相異なるため 0 を出力します。 入力例 3 1 1 1 出力例 3 1 どの 2 つのサイコロの目も同じであり、そのいずれを選んだ場合でも残り 1 つの目は 1 となります。",100.0,
atcoder,abc,public_sponsored_abc,panasonic,abc203,AtCoder Beginner Contest 203（Sponsored by Panasonic）,2021,,1622376000.0,2021.0,abc203_b,B,AtCoder Condominium,B. AtCoder Condominium,-997.0,16417,"['implementation', 'math', 'sum']",3,https://atcoder.jp/contests/abc203/tasks/abc203_b,https://atcoder-tagged-backend.onrender.com/problems/all,2.3.0-sponsor-abc-kenkoooo-diff,ja,2026-06-04T18:46:05.900291+00:00,8.388,447.0,"配点 : 200 点 問題文 AtCoder マンションは 1 階から N 階までの N 階建てのマンションです。 各階には K 室の部屋があり、 1 号室から K 号室まで番号が振られています。 ここで N,K は 1 桁の整数であり、 i 階の j 号室の部屋番号は i0j で表されます。 例えば、 1 階の 2 号室の部屋番号は 102 です。 マンションの管理人である高橋君は各部屋番号を 3 桁の整数とみなし、 AtCoder マンションに存在するすべての部屋について足しあわせたらいくつになるのか興味を持ちました。 その値を求めてください。 制約 1 \leq N,K \leq 9 N,K は整数である。 入力 入力は以下の形式で標準入力から与えられる。 N K 出力 答えを出力せよ。 入力例 1 1 2 出力例 1 203 AtCoder マンションは 101 , 102 の 2 部屋からなります。 101+102=203 です。 入力例 2 3 3 出力例 2 1818",200.0,
atcoder,abc,public_sponsored_abc,panasonic,abc203,AtCoder Beginner Contest 203（Sponsored by Panasonic）,2021,,1622376000.0,2021.0,abc203_c,C,Friends and Travel costs,C. Friends and Travel costs,54.0,12933,"['greedy', 'sorting', 'simulation']",3,https://atcoder.jp/contests/abc203/tasks/abc203_c,https://atcoder-tagged-backend.onrender.com/problems/all,2.3.0-sponsor-abc-kenkoooo-diff,ja,2026-06-04T18:46:05.900291+00:00,29.13,930.0,"配点 : 300 点 問題文 10^{100}+1 個の村があり、それぞれ村 0 , 村 1 , \ldots , 村 10^{100} と番号がついています。 0 以上 10^{100}-1 以下の全ての整数 i について、村 i で 1 円を払う事で村 (i+1) に移動することができます。 それ以外の移動方法はありません。 太郎君は初め K 円を持った状態で村 0 におり、その後、可能な限り大きな番号の村まで進もうとします。 太郎君には N 人の友達がいます。 i 人目の友達は村 A_i にいて、太郎君が村 A_i に着いたときに B_i 円を太郎君に渡します。 太郎君が最終的にたどり着く村の番号を求めてください。 制約 1 \leq N \leq 2\times 10^5 1 \leq K \leq 10^9 1 \leq A_i \leq 10^{18} 1 \leq B_i \leq 10^9 入力は全て整数である。 入力 入力は以下の形式で標準入力から与えられる。 N K A_1 B_1 : A_N B_N 出力 答えを出力せよ。 入力例 1 2 3 2 1 5 10 出力例 1 4 太郎君は以下のように動きます: 村 0 から村 1 へ 1 円払って移動する。所持金は 2 円となる。 村 1 から村 2 へ 1 円払って移動する。所持金は 1 円となる。 村 2 で 1 人目の友達から 1 円受け取り、所持金は 2 円となる。 村 2 から村 3 へ 1 円払って移動する。所持金は 1 円となる。 村 3 から村 4 へ 1 円払って移動する。所持金は 0 円となり、この村には友達もいないため村 4 で止まる。 よって、 4 を出力します。 入力例 2 5 1000000000 1 1000000000 2 1000000000 3 1000000000 4 1000000000 5 1000000000 出力例 2 6000000000 答えが 32 bit 整数に収まらないことがある事に注意してください。 入力例 3 3 2 5 5 2 1 2 2 出力例 3 10 同じ村に複数の友達がいる可能性もあります。",300.0,
atcoder,abc,public_sponsored_abc,panasonic,abc203,AtCoder Beginner Contest 203（Sponsored by Panasonic）,2021,,1622376000.0,2021.0,abc203_d,D,Pond,D. Pond,1622.0,5201,"['binary search', '2d prefix sum', 'median']",3,https://atcoder.jp/contests/abc203/tasks/abc203_d,https://atcoder-tagged-backend.onrender.com/problems/all,2.3.0-sponsor-abc-kenkoooo-diff,ja,2026-06-04T18:46:05.900291+00:00,60.075,1036.0,"配点 : 400 点 問題文 AtCoder 公園の敷地は東西南北に広がる N\times N のマス目からなっており、北から i 番目かつ西から j 番目のマスの高さは A_{i,j} で与えられます。 公園の管理者である高橋君はここに K \times K の区画の池を作る事にしました。 池を作るにあたって、高橋君は AtCoder 公園の敷地内に完全に含まれる K \times K の区画であってその区画に含まれるマスの高さの 中央値 が最も低いようなものを選ぼうと考えました。そのような区画のマスの高さの中央値を求めてください。 ここで、 K \times K の区画に含まれるマスの高さの 中央値 とはその区画に含まれる K^2 個のマスのうち \left\lfloor\frac{K^2}{2}\right\rfloor +1 番目に高いマスの高さを指します。また、 \lfloor x\rfloor は x 以下の最大の整数を表します。 制約 1 \leq K \leq N \leq 800 0 \leq A_{i,j} \leq 10^9 入力は全て整数である。 入力 入力は以下の形式で標準入力から与えられる。 N K A_{1,1} A_{1,2} \ldots A_{1,N} A_{2,1} A_{2,2} \ldots A_{2,N} : A_{N,1} A_{N,2} \ldots A_{N,N} 出力 答えを出力せよ。 入力例 1 3 2 1 7 0 5 8 11 10 4 2 出力例 1 4 北から i 番目で西から j 番目のマスを (i,j) で表すとして、 池の候補となる 2\times 2 の区画は、 \{(1,1),(1,2),(2,1),(2,2)\}, \{(1,2),(1,3),(2,2),(2,3)\}, \{(2,1),(2,2),(3,1),(3,2)\}, \{(2,2),(2,3),(3,2),(3,3)\} の 4 つです。 K=2 のとき、各区画に含まれるマスの高さの中央値は各区画に含まれるマスのうち \left\lfloor\frac{2^2}{2}\right\rfloor+1=3 番目に高いマスの高さとなるので、それぞれの区画の中央値は 5 , 7 , 5 , 4 であり、このうち最小である 4 を出力します。 入力例 2 3 3 1 2 3 4 5 6 7 8 9 出力例 2 5",400.0,
atcoder,abc,public_sponsored_abc,panasonic,abc203,AtCoder Beginner Contest 203（Sponsored by Panasonic）,2021,,1622376000.0,2021.0,abc203_e,E,White Pawn,E. White Pawn,1750.0,2636,"['set', 'sorting', 'reachability', 'simulation', 'incremental']",5,https://atcoder.jp/contests/abc203/tasks/abc203_e,https://atcoder-tagged-backend.onrender.com/problems/all,2.3.0-sponsor-abc-kenkoooo-diff,ja,2026-06-04T18:46:05.900291+00:00,62.601,1097.0,"配点 : 500 点 問題文 N を正の整数とします。 行と列にそれぞれ 0 から 2N までの番号が付いた (2N+1)\times (2N+1) のマス目があり、行 i かつ列 j に属するマスを (i,j) で表します。 白のポーンが 1 つあり、最初 (0,N) に置かれています。 黒のポーンは M 個あり、 i 個目の黒のポーンは (X_i, Y_i) に置かれています。 白のポーンが (i,j) にあるとき、あなたは以下のいずれかの操作で白のポーンを動かすことができます。 0\leq i\leq 2N-1 , 0 \leq j\leq 2N を満たし、 (i+1,j) に黒のポーンが 無い ならば、白のポーンを (i+1,j) に動かす。 0\leq i\leq 2N-1 , 0 \leq j\leq 2N-1 を満たし、 (i+1,j+1) に黒のポーンが 有る ならば、白のポーンを (i+1,j+1) に動かす。 0\leq i\leq 2N-1 , 1 \leq j\leq 2N を満たし、 (i+1,j-1) に黒のポーンが 有る ならば、白のポーンを (i+1,j-1) に動かす。 黒のポーンは動かすことができません。 この操作を繰り返した結果、 (2N,Y) に白のポーンが置かれている状態にできるような Y の値としてあり得るものの個数を求めてください。 制約 1 \leq N \leq 10^9 0 \leq M \leq 2\times 10^5 1 \leq X_i \leq 2N 0 \leq Y_i \leq 2N (X_i, Y_i) \neq (X_j, Y_j) (i \neq j) 入力は全て整数である。 入力 入力は以下の形式で標準入力から与えられる。 N M X_1 Y_1 : X_M Y_M 出力 答えを出力せよ。 入力例 1 2 4 1 1 1 2 2 0 4 2 出力例 1 3 (4,0) , (4,1) , (4,2) の 3 つへはそれぞれ次のように動かせます: (0,2)\to (1,1)\to (2,1)\to (3,1)\to (4,2) (0,2)\to (1,1)\to (2,1)\to (3,1)\to (4,1) (0,2)\to (1,1)\to (2,0)\to (3,0)\to (4,0) 一方、 (4,3) と (4,4) へは動かすことができません。 よって、 3 を出力します。 入力例 2 1 1 1 1 出力例 2 0 白のポーンを (0,1) から動かすことはできません。",500.0,
atcoder,abc,public_sponsored_abc,panasonic,abc203,AtCoder Beginner Contest 203（Sponsored by Panasonic）,2021,,1622376000.0,2021.0,abc203_f,F,Weed,F. Weed,2252.0,1419,"['dp', 'sorting', 'binary search', 'complexity analysis']",4,https://atcoder.jp/contests/abc203/tasks/abc203_f,https://atcoder-tagged-backend.onrender.com/problems/all,2.3.0-sponsor-abc-kenkoooo-diff,ja,2026-06-04T18:46:05.900291+00:00,72.508,938.0,"配点 : 600 点 問題文 高橋君と青木君の家の庭には草 1 , 草 2 , \ldots , 草 N の N 本の草が生えており、草 i の高さは A_i です。 高橋君と青木君は次の方法で庭の草抜きを行う事にしました。 まず、青木君が高々 K 本の草を選んで抜く。 その後、高橋君が次の操作を庭の草がすべて抜けるまで繰り返す。 残っている草のうち高さが最大のものの高さを H とする。残っている草のうち、高さが \frac{H}{2} より高いものを一斉に抜く。 青木君は、高橋君の操作回数が最小となるようにした上で、自分の抜く本数を最小にしたいと考えています。 このときの高橋君の操作回数と青木君の抜く草の本数を求めてください。 制約 1 \leq N \leq 2\times 10^5 0 \leq K \leq N 1 \leq A_i \leq 10^9 入力は全て整数である。 入力 入力は以下の形式で標準入力から与えられる。 N K A_1 A_2 \ldots A_N 出力 高橋君の操作回数と青木君の抜く草の本数をこの順に空白区切りで出力せよ。 入力例 1 4 1 2 3 4 9 出力例 1 2 1 例えば青木君が草 4 (高さ 9 ) を選んで抜いたとき、残りの草の中で最も高いものは草 3 であり、その高さは 4 です。 \frac{4}{2}=2 であり、 2<3 , 2<4 より 1 回目の操作で高橋君は草 2 と草 3 のみを抜くことができます。その後、 2 回目の操作で草 1 を抜き、高橋君は 2 回で操作を終えることができます。 一方で、青木君がどの草を 1 本選んだとしても高橋君は 1 回で操作を終えることはできません。 また、もし青木君が 1 本も抜かなかったとすると高橋君は 3 回操作する必要があるため、青木君は高橋君の操作回数を最小にするために最低 1 本は抜かなくてはなりません。 入力例 2 3 3 2 3 5 出力例 2 0 3 青木君が全ての草を抜いたとき高橋君は操作を行う必要がなく、明らかにこのときが最小です。 入力例 3 9 8 137 55 56 60 27 28 133 56 55 出力例 3 1 4",600.0,
atcoder,abc,public_sponsored_abc,panasonic,abc206,AtCoder Beginner Contest 206（Sponsored by Panasonic）,2021,,1624104000.0,2021.0,abc206_a,A,Maxi-Buying,A. Maxi-Buying,-1335.0,17888,"['math', 'conditional', 'comparison']",3,https://atcoder.jp/contests/abc206/tasks/abc206_a,https://atcoder-tagged-backend.onrender.com/problems/all,2.3.0-sponsor-abc-kenkoooo-diff,ja,2026-06-04T18:46:05.900291+00:00,1.717,507.0,配点 : 100 点 問題文 ABC 国の消費税率は 8 パーセントです。 ABC 国にはエナジードリンク屋さんがあります。ここでは、エナジードリンク 1 本を、税抜き N 円で販売しています。 ここに消費税を加算した後の金額は \lfloor 1.08 \times N \rfloor 円となります。ただし、実数 x に対し、 \lfloor x \rfloor は x 以下の最大の整数を表します。 この金額が定価の 206 円より安いなら Yay! 、定価と等しいなら so-so 、定価より高いなら :( と出力して下さい。 制約 1 \le N \le 300 N は整数 入力 入力は以下の形式で標準入力から与えられる。 N 出力 答えを出力せよ。 入力例 1 180 出力例 1 Yay! N=180 であるとき、税込価格は \lfloor 180 \times 1.08 \rfloor = 194 円ですが、この金額は定価の 206 円より安いです。 入力例 2 200 出力例 2 :( 入力例 3 191 出力例 3 so-so この場合、税込価格がちょうど定価の 206 円と一致します。,100.0,
atcoder,abc,public_sponsored_abc,panasonic,abc206,AtCoder Beginner Contest 206（Sponsored by Panasonic）,2021,,1624104000.0,2021.0,abc206_b,B,Savings,B. Savings,-946.0,18952,"['math', 'simulation', 'arithmetic progression']",3,https://atcoder.jp/contests/abc206/tasks/abc206_b,https://atcoder-tagged-backend.onrender.com/problems/all,2.3.0-sponsor-abc-kenkoooo-diff,ja,2026-06-04T18:46:05.900291+00:00,9.394,577.0,配点 : 200 点 問題文 シカのAtCoDeerくんは、空の貯金箱を持っています。 AtCoDeerくんは、その貯金箱に、 1 日目の朝に 1 円、 2 日目の朝に 2 円 \dots というように、 i 日目の朝に i 円を貯金箱に入れます。 また、AtCoDeerくんは、毎日夜に貯金箱にいくら入っているかを確認します。 AtCoDeerくんが貯金箱に N 円以上入っていることを初めて確認するのは、何日目の夜でしょうか? 制約 1 \le N \le 10^9 N は整数 入力 入力は以下の形式で標準入力から与えられる。 N 出力 答えを整数として出力せよ。 入力例 1 12 出力例 1 5 1 日目の朝に 1 円貯金する。 この日の夜、貯金箱の中身は 1 円である。 2 日目の朝に 2 円貯金する。 この日の夜、貯金箱の中身は 3 円である。 3 日目の朝に 3 円貯金する。 この日の夜、貯金箱の中身は 6 円である。 4 日目の朝に 4 円貯金する。 この日の夜、貯金箱の中身は 10 円である。 5 日目の朝に 5 円貯金する。 この日の夜、貯金箱の中身は 15 円である。 よって、AtCoDeerくんが貯金箱に 12 円以上入っていることを初めて確認するのは、 5 日目の夜です。 入力例 2 100128 出力例 2 447,200.0,
atcoder,abc,public_sponsored_abc,panasonic,abc206,AtCoder Beginner Contest 206（Sponsored by Panasonic）,2021,,1624104000.0,2021.0,abc206_c,C,Swappable,C. Swappable,60.0,15605,"['combinatorics', 'counting', 'map', 'sorting']",4,https://atcoder.jp/contests/abc206/tasks/abc206_c,https://atcoder-tagged-backend.onrender.com/problems/all,2.3.0-sponsor-abc-kenkoooo-diff,ja,2026-06-04T18:46:05.900291+00:00,29.248,519.0,"配点 : 300 点 問題文 N 個の整数からなる配列 A=(A_1,A_2,...,A_N) が与えられるので、次の条件を全て満たす整数組 (i,j) の数を求めてください。 1 \le i < j \le N A_i \neq A_j 制約 入力は全て整数 2 \le N \le 3 \times 10^5 1 \le A_i \le 10^9 入力 入力は以下の形式で標準入力から与えられる。 N A_1 A_2 \dots A_N 出力 答えを整数として出力せよ。 入力例 1 3 1 7 1 出力例 1 2 この入力では、 A=(1,7,1) です。 整数組 (1,2) に対して、 A_1 \neq A_2 です。 整数組 (1,3) に対して、 A_1 = A_3 です。 整数組 (2,3) に対して、 A_2 \neq A_3 です。 入力例 2 10 1 10 100 1000 10000 100000 1000000 10000000 100000000 1000000000 出力例 2 45 入力例 3 20 7 8 1 1 4 9 9 6 8 2 4 1 1 9 5 5 5 3 6 4 出力例 3 173",300.0,
atcoder,abc,public_sponsored_abc,panasonic,abc206,AtCoder Beginner Contest 206（Sponsored by Panasonic）,2021,,1624104000.0,2021.0,abc206_d,D,KAIBUNsyo,D. KAIBUNsyo,879.0,8463,"['graph', 'connected components', 'dsu']",3,https://atcoder.jp/contests/abc206/tasks/abc206_d,https://atcoder-tagged-backend.onrender.com/problems/all,2.3.0-sponsor-abc-kenkoooo-diff,ja,2026-06-04T18:46:05.900291+00:00,45.411,659.0,"配点 : 400 点 問題文 N 項からなる正整数列 A=(A_1,A_2, \dots A_N) が与えられます。 以下の操作を 0 回以上何度でも行える時、操作を最小何回行えば、 A を回文にすることができますか？ ある正整数の組 (x,y) を選ぶ。その後、現在 A に含まれる x をすべて y に置き換える。 なお、この問題では、全ての整数 i ( 1 \le i \le N ) について、 A_i=A_{N+1-i} が成り立つとき、またその時に限って、 A が回文であると言います。 制約 入力は全て整数 1 \le N \le 2 \times 10^5 1 \le A_i \le 2 \times 10^5 入力 入力は以下の形式で標準入力から与えられる。 N A_1 A_2 \dots A_N 出力 答えを整数として出力せよ。 入力例 1 8 1 5 3 2 5 2 3 1 出力例 1 2 はじめ、 A=(1,5,3,2,5,2,3,1) です。 A に含まれる 3 を全て 2 に置き換えると、 A=(1,5,2,2,5,2,2,1) となります。 A に含まれる 2 を全て 5 に置き換えると、 A=(1,5,5,5,5,5,5,1) となります。 以上の操作を行うと、 A を 2 回の操作で回文にすることができ、これが最小です。 入力例 2 7 1 2 3 4 1 2 3 出力例 2 1 入力例 3 1 200000 出力例 3 0 A がはじめから回文である可能性もあります。",400.0,
atcoder,abc,public_sponsored_abc,panasonic,abc206,AtCoder Beginner Contest 206（Sponsored by Panasonic）,2021,,1624104000.0,2021.0,abc206_e,E,Divide Both,E. Divide Both,1745.0,2912,"['number theory', 'inclusion exclusion', 'prime sieve', 'gcd', 'counting']",5,https://atcoder.jp/contests/abc206/tasks/abc206_e,https://atcoder-tagged-backend.onrender.com/problems/all,2.3.0-sponsor-abc-kenkoooo-diff,ja,2026-06-04T18:46:05.900291+00:00,62.502,476.0,"配点 : 500 点 問題文 整数 L,R\ (L \le R) が与えられるので、以下の条件を全て満たす整数組 (x,y) の数を求めてください。 L \le x,y \le R g を x,y の最大公約数とすると、以下が成立する。 g \neq 1 かつ \frac{x}{g} \neq 1 かつ \frac{y}{g} \neq 1 制約 入力は全て整数 1 \le L \le R \le 10^6 入力 入力は以下の形式で標準入力から与えられる。 L R 出力 答えを整数として出力せよ。 入力例 1 3 7 出力例 1 2 いくつかの整数組を例として示します。 (x,y)=(4,6) は条件を満たします。 (x,y)=(7,5) は g=1 となり、条件に違反します。 (x,y)=(6,3) は \frac{y}{g}=1 となり、条件に違反します。 条件を満たすのは (x,y)=(4,6),(6,4) の 2 組です。 入力例 2 4 10 出力例 2 12 入力例 3 1 1000000 出力例 3 392047955148",500.0,
atcoder,abc,public_sponsored_abc,panasonic,abc206,AtCoder Beginner Contest 206（Sponsored by Panasonic）,2021,,1624104000.0,2021.0,abc206_f,F,Interval Game 2,F. Interval Game 2,2221.0,1366,"['game theory', 'sprague grundy', 'dp', 'xor', 'mex', 'interval']",6,https://atcoder.jp/contests/abc206/tasks/abc206_f,https://atcoder-tagged-backend.onrender.com/problems/all,2.3.0-sponsor-abc-kenkoooo-diff,ja,2026-06-04T18:46:05.900291+00:00,71.897,1053.0,"配点 : 600 点 問題文 T 個のテストケースについて、以下の問題を解いてください。 N 個の半開区間 [L_i,R_i) ( 1 \le i \le N ) があり、 Alice と Bob がこの区間を使って次のようなゲームをします。 Alice から始めて、以下の操作を交互に行う。 N 個の区間の中から、既に選ばれているどの区間とも共有点をもたない区間を 1 つ選ぶ。 先に操作を行えなくなった方が負けで、もう片方のプレイヤーが勝ちます。 双方のプレイヤーが勝利に対して最善を尽くした場合、どちらが勝つことになりますか？ 半開区間とは？ 半開区間 [X,Y) とは、 X 以上 Y 未満のすべての実数からなる区間です。 制約 入力は全て整数 1 \le T \le 20 1 \le N \le 100 1 \le L_i < R_i \le 100 入力 入力は標準入力から与えられる。入力の 1 行目は次の形式である。 T その後、 T 個のテストケースが続く。各テストケースは以下の形式で与えられる。 N L_1 R_1 L_2 R_2 \vdots L_N R_N 出力 計 T 行出力せよ。 そのうち i 行目には、 i 番目のテストケースについて、 Alice が勝つなら Alice 、 Bob が勝つなら Bob と出力せよ。 入力例 1 5 3 53 98 8 43 12 53 10 4 7 5 7 3 7 4 5 5 8 6 9 4 8 5 10 1 9 5 10 2 58 98 11 29 6 79 83 44 83 38 74 49 88 18 45 64 99 1 5 9 出力例 1 Bob Alice Bob Alice Alice この入力には、 5 つのテストケースが含まれます。 1 つ目のテストケースについて、例えば以下のようにゲームが進行します。 Alice が区間 [12,53) を選択する。 Bob が区間 [53,98) を選択する。 ゲームに用いる区間は半開区間なので、 [12,53),[53,98) は共有点を持たない。 Alice はこれ以上操作を行えず、負ける。 Bob はゲームに勝つ。 このテストケースについて、上記の手順が必ずしも両者にとって最善とは限りませんが、両者が最善を尽くした場合勝利するのは Bob であることが示せます。 2 つ目のテストケースのように、ひとつのテストケースに同じ区間が複数含まれる場合もあります。",600.0,
atcoder,abc,public_sponsored_abc,keyence,abc227,キーエンスプログラミングコンテスト2021-Nov. (AtCoder Beginner Contest 227),2021,,1636804800.0,2021.0,abc227_a,A,Last Card,A. Last Card,-779.0,12013,"['math', 'implementation', 'modular arithmetic']",3,https://atcoder.jp/contests/abc227/tasks/abc227_a,https://atcoder-tagged-backend.onrender.com/problems/all,2.3.0-sponsor-abc-kenkoooo-diff,ja,2026-06-04T18:46:05.900291+00:00,12.69,396.0,"配点 : 100 点 問題文 1,2,\ldots,N の番号のついた N 人の人に合計 K 枚のカードを配ります。 人 A から始めて 人 A,A+1,A+2,\ldots,N,1,2,\ldots の順に 1 枚ずつカードを配るとき、最後のカードは誰に配られるでしょうか？ 厳密には、人 x(1 \leq x < N) の次には人 x+1 にカードを配り、人 N の次には人 1 にカードを配ります。 制約 1 \leq N,K \leq 1000 1 \leq A \leq N 入力は全て整数 入力 入力は以下の形式で標準入力から与えられる。 N K A 出力 最後のカードが配られた人の番号を出力せよ。 入力例 1 3 3 2 出力例 1 1 人 2 、人 3 、人 1 の順にカードを配ります。 入力例 2 1 100 1 出力例 2 1 入力例 3 3 14 2 出力例 3 3",100.0,
atcoder,abc,public_sponsored_abc,keyence,abc227,キーエンスプログラミングコンテスト2021-Nov. (AtCoder Beginner Contest 227),2021,,1636804800.0,2021.0,abc227_b,B,KEYENCE building,B. KEYENCE building,-634.0,10567,"['brute force', 'implementation', 'set']",3,https://atcoder.jp/contests/abc227/tasks/abc227_b,https://atcoder-tagged-backend.onrender.com/problems/all,2.3.0-sponsor-abc-kenkoooo-diff,ja,2026-06-04T18:46:05.900291+00:00,15.552,536.0,"配点 : 200 点 問題文 1 から N の番号がついた N 人の人がいます。 人 i はキーエンス本社ビルの建築面積を S_i 平方メートルであると予想しました。 キーエンス本社ビルは下図のような形をしています。ただし、 a,b はある 正の整数 です。 つまり、キーエンス本社ビルの建築面積は 4ab+3a+3b 平方メートルと表されます。 N 人のうち、この情報のみによって、予想した面積が確実に誤りであるとわかる人数を求めてください。 制約 1 \leq N \leq 20 1 \leq S_i \leq 1000 入力に含まれる値は全て整数である 入力 入力は以下の形式で標準入力から与えられる。 N S_1 \ldots S_N 出力 答えを出力せよ。 入力例 1 3 10 20 39 出力例 1 1 a=1,b=1 のとき面積は 10 平方メートル、 a=2,b=3 のとき面積は 39 平方メートルとなります。 しかし a,b がどのような正の整数であったとしても面積が 20 平方メートルになることはありません。 よって、人 2 の予想だけは確実に誤りであることがわかります。 入力例 2 5 666 777 888 777 666 出力例 2 3",200.0,
atcoder,abc,public_sponsored_abc,keyence,abc227,キーエンスプログラミングコンテスト2021-Nov. (AtCoder Beginner Contest 227),2021,,1636804800.0,2021.0,abc227_c,C,ABC conjecture,C. ABC conjecture,692.0,8562,"['counting', 'enumeration', 'math', 'number theory']",4,https://atcoder.jp/contests/abc227/tasks/abc227_c,https://atcoder-tagged-backend.onrender.com/problems/all,2.3.0-sponsor-abc-kenkoooo-diff,ja,2026-06-04T18:46:05.900291+00:00,41.721,334.0,"配点 : 300 点 問題文 正の整数 N が与えられます。 A\leq B\leq C かつ ABC\leq N であるような正の整数の組 (A,B,C) の個数を求めてください。 なお、制約の条件下で答えは 2^{63} 未満であることが保証されます。 制約 1 \leq N \leq 10^{11} N は整数である 入力 入力は以下の形式で標準入力から与えられる。 N 出力 答えを出力せよ。 入力例 1 4 出力例 1 5 条件を満たす組は (1,1,1),(1,1,2),(1,1,3),(1,1,4),(1,2,2) の 5 つです。 入力例 2 100 出力例 2 323 入力例 3 100000000000 出力例 3 5745290566750",300.0,
atcoder,abc,public_sponsored_abc,keyence,abc227,キーエンスプログラミングコンテスト2021-Nov. (AtCoder Beginner Contest 227),2021,,1636804800.0,2021.0,abc227_d,D,Project Planning,D. Project Planning,1643.0,4738,"['binary search', 'greedy', 'implementation']",3,https://atcoder.jp/contests/abc227/tasks/abc227_d,https://atcoder-tagged-backend.onrender.com/problems/all,2.3.0-sponsor-abc-kenkoooo-diff,ja,2026-06-04T18:46:05.900291+00:00,60.489,513.0,"配点 : 400 点 問題文 キーエンスには N 個の部署があり、 i\,(1 \leq i \leq N) 番目の部署には A_i 人の社員が所属しています。異なる部署に同じ社員が所属していることはありません。 キーエンスは、部署をまたいだ全社横断プロジェクトを計画しています。 1 つのプロジェクトは K 個の相異なる部署から 1 人ずつ選出して作り、ちょうど K 人から構成されるようにします。 プロジェクトは最大でいくつ作れますか？ただし、 1 人が複数のプロジェクトに参加することはできません。 制約 1 \leq K \leq N \leq 2 \times 10^5 1 \leq A_i \leq 10^{12} 入力は全て整数 入力 入力は以下の形式で標準入力から与えられる。 N K A_1 A_2 \ldots A_N 出力 プロジェクトの個数の最大値を出力せよ。 入力例 1 3 3 2 3 4 出力例 1 2 3 個の部署それぞれから 1 人ずつ選出したプロジェクトを 2 つ作ることができます。 入力例 2 4 2 1 1 3 4 出力例 2 4 入力例 3 4 3 1 1 3 4 出力例 3 2",400.0,
atcoder,abc,public_sponsored_abc,keyence,abc227,キーエンスプログラミングコンテスト2021-Nov. (AtCoder Beginner Contest 227),2021,,1636804800.0,2021.0,abc227_e,E,Swap,E. Swap,2377.0,1601,"['dp', 'counting', 'combinatorics', 'permutation']",4,https://atcoder.jp/contests/abc227/tasks/abc227_e,https://atcoder-tagged-backend.onrender.com/problems/all,2.3.0-sponsor-abc-kenkoooo-diff,ja,2026-06-04T18:46:05.900291+00:00,74.975,404.0,"配点 : 500 点 問題文 K , E , Y のみからなる文字列 S が与えられます。 S の隣接する 2 文字を入れ替える操作を K 回まで行えるとき、作ることができる文字列は何種類ありますか？ 制約 2 \leq |S| \leq 30 0 \leq K \leq 10^9 S は K , E , Y のみからなる 入力 入力は以下の形式で標準入力から与えられる。 S K 出力 答えを出力せよ。 入力例 1 KEY 1 出力例 1 3 KEY に対して 1 回以下の操作を行うことで得られる文字列は KEY , EKY , KYE の 3 種類です。 入力例 2 KKEE 2 出力例 2 4 KKEE に対して 2 回以下の操作を行うことで得られる文字列は KKEE , KEKE , EKKE , KEEK の 4 種類です。 入力例 3 KKEEYY 1000000000 出力例 3 90",500.0,
atcoder,abc,public_sponsored_abc,keyence,abc227,キーエンスプログラミングコンテスト2021-Nov. (AtCoder Beginner Contest 227),2021,,1636804800.0,2021.0,abc227_f,F,Treasure Hunting,F. Treasure Hunting,2323.0,1270,"['dp', 'dp on grids', 'enumeration', 'binary search on answer']",4,https://atcoder.jp/contests/abc227/tasks/abc227_f,https://atcoder-tagged-backend.onrender.com/problems/all,2.3.0-sponsor-abc-kenkoooo-diff,ja,2026-06-04T18:46:05.900291+00:00,73.91,703.0,"配点 : 500 点 問題文 縦 H 行、横 W 列のマス目があります。上から i 行目、左から j 列目のマスを (i,j) と書くことにします。 (i,j) には整数 A_{i,j} が書かれています。 高橋君は (1,1) を出発し、 (H,W) にたどり着くまで、 1 つ右あるいは 1 つ下のマスへ移動することを繰り返します。ただし、マス目の外に出ることはできません。 この時、移動のコストを以下のように定義します。 通った H+W-1 個のマスに書かれた整数のうち大きい方 K 個の和 コストとしてありうる最小値を求めてください。 制約 1 \leq H,W \leq 30 1 \leq K < H+W 1 \leq A_{i,j} \leq 10^9 入力は全て整数 入力 入力は以下の形式で標準入力から与えられる。 H W K A_{1,1} A_{1,2} \ldots A_{1,W} A_{2,1} A_{2,2} \ldots A_{2,W} \vdots A_{H,1} A_{H,2} \ldots A_{H,W} 出力 答えを出力せよ。 入力例 1 1 3 2 3 4 5 出力例 1 9 移動の方法は一通りのみであり、通ったマスに書かれた整数は大きい方から順に 5 、 4 、 3 となるので、 9(=5+4) を出力します。 入力例 2 2 2 1 3 2 4 3 出力例 2 3 (1,1) 、 (1,2) 、 (2,2) の順に通った時コストが最小となります。 入力例 3 3 5 3 4 7 8 6 4 6 7 3 10 2 3 8 1 10 4 出力例 3 21",500.0,
atcoder,abc,public_sponsored_abc,keyence,abc227,キーエンスプログラミングコンテスト2021-Nov. (AtCoder Beginner Contest 227),2021,,1636804800.0,2021.0,abc227_g,G,Divisors of Binomial Coefficient,G. Divisors of Binomial Coefficient,2207.0,1368,"['prime factorization', 'prime sieve', 'number theory', 'binomial coefficient', 'divisors']",5,https://atcoder.jp/contests/abc227/tasks/abc227_g,https://atcoder-tagged-backend.onrender.com/problems/all,2.3.0-sponsor-abc-kenkoooo-diff,ja,2026-06-04T18:46:05.900291+00:00,71.62,399.0,"配点 : 600 点 問題文 二項係数 \displaystyle \binom{N}{K} の正の約数の個数を 998244353 で割った余りを求めてください。 制約 1 \leq N \leq 10^{12} 0 \leq K \leq \min(10^6,N) 入力に含まれる値は全て整数である 入力 入力は以下の形式で標準入力から与えられる。 N K 出力 答えを出力せよ。 入力例 1 5 2 出力例 1 4 \displaystyle \binom{5}{2}=10 です。 10 の正の約数は 1,2,5,10 の 4 個です。 入力例 2 103 3 出力例 2 8 \displaystyle \binom{103}{3}=176851 です。 176851 の正の約数は 8 個あります。 入力例 3 1000000000000 1000000 出力例 3 110520107",600.0,
atcoder,abc,public_sponsored_abc,keyence,abc227,キーエンスプログラミングコンテスト2021-Nov. (AtCoder Beginner Contest 227),2021,,1636804800.0,2021.0,abc227_h,H,Eat Them All,H. Eat Them All,3229.0,187,"['graph theory', 'spanning tree', 'max flow', 'euler tour']",4,https://atcoder.jp/contests/abc227/tasks/abc227_h,https://atcoder-tagged-backend.onrender.com/problems/all,2.3.0-sponsor-abc-kenkoooo-diff,ja,2026-06-04T18:46:05.900291+00:00,91.79,842.0,"配点 : 600 点 問題文 縦 3 行、横 3 列のマス目があります。上から i 行目、左から j 列目のマスを (i,j) と書くことにします。 (i,j) には A_{i,j} 個の猫缶が置かれています。 すぬけ君は現在 (1,1) にいます。すぬけ君は以下の行動を繰り返します。 すぬけ君が現在いるマスに置かれている猫缶を 1 つ食べた後、隣接するマスに移動する すぬけ君は、現在いるマスに猫缶が残っていないとき行動を終了します。 行動を終了した時に以下の条件が全て満たされることは可能ですか？可能ならばすぬけ君の行動の一例を示してください。 すぬけ君は (1,1) にいる。 どのマスにも猫缶が残っていない。 制約 1 \leq A_{i,j} \leq 100 入力は全て整数 入力 入力は以下の形式で標準入力から与えられる。 A_{1,1} A_{1,2} A_{1,3} A_{2,1} A_{2,2} A_{2,3} A_{3,1} A_{3,2} A_{3,3} 出力 条件が全て満たされることが不可能な時は NO と出力せよ。 そうでなく、可能な時は L , R , U , D からなる文字列 S を出力せよ。 S の i 文字目はすぬけ君の i 回目の行動の内容を表し、 L は 1 つ左のマス、 R は 1 つ右のマス、 U は 1 つ上のマス、 D は 1 つ下のマスに移動することをそれぞれ意味する。 入力例 1 1 1 1 1 1 1 1 2 1 出力例 1 DDRUDRUULL すぬけ君は終了時点で (1,1) に戻っていなければいけないことに注意してください。 なお、 RRDDLUDLUU などの出力も正しいです。 入力例 2 2 4 2 2 1 1 1 1 2 出力例 2 NO 目標を達成することは不可能なので、 NO と出力してください。 入力例 3 2 2 3 2 1 2 1 3 2 出力例 3 DUDDRUDRLRUULRDULL",600.0,
atcoder,abc,public_sponsored_abc,toyota,abc228,トヨタシステムズプログラミングコンテスト2021(AtCoder Beginner Contest 228),2021,,1637409600.0,2021.0,abc228_a,A,On and Off,A. On and Off,-395.0,13054,"['case work', 'conditional', 'implementation', 'time']",4,https://atcoder.jp/contests/abc228/tasks/abc228_a,https://atcoder-tagged-backend.onrender.com/problems/all,2.3.0-sponsor-abc-kenkoooo-diff,ja,2026-06-04T18:46:05.900291+00:00,20.268,495.0,"配点 : 100 点 問題文 高橋君は、毎日 S 時 0 分に部屋の電気をつけ、毎日 T 時 0 分に消します。 電気をつけている間に日付が変わることもあります。 X 時 30 分に部屋の電気がついているかどうか判定してください。 制約 0 \leq S, T, X \leq 23 S \neq T 入力は全て整数である。 入力 入力は以下の形式で標準入力から与えられる。 S T X 出力 X 時 30 分に部屋の電気がついているならば Yes と、そうでなければ No と出力せよ。 入力例 1 7 20 12 出力例 1 Yes 部屋の電気がついているのは 7 時 0 分から 20 時 0 分までの間です。 12 時 30 分には電気がついているので、 Yes と出力します。 入力例 2 20 7 12 出力例 2 No 部屋の電気がついているのは 0 時 0 分から 7 時 0 分までの間と、 20 時 0 分から（次の日の） 0 時 0 分までの間です。 12 時 30 分には電気がついていないので、 No と出力します。 入力例 3 23 0 23 出力例 3 Yes",100.0,
atcoder,abc,public_sponsored_abc,toyota,abc228,トヨタシステムズプログラミングコンテスト2021(AtCoder Beginner Contest 228),2021,,1637409600.0,2021.0,abc228_b,B,Takahashi's Secret,B. Takahashi's Secret,-229.0,11772,"['simulation', 'array', 'tracking']",3,https://atcoder.jp/contests/abc228/tasks/abc228_b,https://atcoder-tagged-backend.onrender.com/problems/all,2.3.0-sponsor-abc-kenkoooo-diff,ja,2026-06-04T18:46:05.900291+00:00,23.545,672.0,"配点 : 200 点 問題文 高橋君には N 人の友達がいます。 N 人の友達はそれぞれ、友達 1 、友達 2 、 \ldots 、友達 N というあだ名で呼ばれています。 ある日、高橋君はある恥ずかしい秘密を、友達の一人である友達 X に知られてしまいました。 i = 1, 2, \ldots, N について、友達 i が高橋君の秘密を知ったとき、友達 A_i がまだ高橋君の秘密を知らなければ、友達 i は高橋君の秘密を友達 A_i にも教えてしまいます。 高橋君の秘密は最終的に何人の友達に知られることになるでしょうか？ 制約 2 \leq N \leq 10^5 1 \leq X \leq N 1 \leq A_i \leq N A_i \neq i 入力はすべて整数 入力 入力は以下の形式で標準入力から与えられる。 N X A_1 A_2 \cdots A_N 出力 答えを出力せよ。 入力例 1 4 2 3 1 1 2 出力例 1 3 高橋君の秘密は以下の流れで友達 1 、友達 2 、友達 3 の 3 人に知れ渡ります。 ある日、高橋君は秘密を友達 2 に知られてしまいました。 秘密を知った友達 2 は、その秘密を友達 1 に教えます。 秘密を知った友達 1 は、その秘密を友達 3 に教えます。 高橋君の秘密は最終的に 3 人の友達に知られることになるため、 3 を出力します。 入力例 2 20 12 7 11 10 1 7 20 14 2 17 3 2 5 19 20 8 14 18 2 10 10 出力例 2 7",200.0,
atcoder,abc,public_sponsored_abc,toyota,abc228,トヨタシステムズプログラミングコンテスト2021(AtCoder Beginner Contest 228),2021,,1637409600.0,2021.0,abc228_c,C,Final Day,C. Final Day,149.0,10356,"['greedy', 'implementation', 'sorting']",3,https://atcoder.jp/contests/abc228/tasks/abc228_c,https://atcoder-tagged-backend.onrender.com/problems/all,2.3.0-sponsor-abc-kenkoooo-diff,ja,2026-06-04T18:46:05.900291+00:00,31.005,942.0,"配点 : 300 点 問題文 N 人の生徒が 4 日間にわたる試験を受けています。 それぞれの日に行われる試験は 300 点満点です。すなわち、 4 日間を通した試験の満点は 1200 点です。 現在 3 日目までの試験が終わり、これから 4 日目の試験が行われようとしています。 i \, (1 \leq i \leq N) 番目の生徒は j \, (1 \leq j \leq 3) 日目の試験で P_{i, j} 点獲得しました。 それぞれの生徒について、 4 日目の試験後に上位 K 位以内に入っていることがあり得るかどうか判定してください。 ただし、 4 日目の試験後の生徒の順位は、その生徒よりも 4 日間の合計点が高い生徒の人数に 1 を加えた値として定めます。 制約 1 \leq K \leq N \leq 10^5 0 \leq P_{i, j} \leq 300 \, (1 \leq i \leq N, 1 \leq j \leq 3) 入力は全て整数である。 入力 入力は以下の形式で標準入力から与えられる。 N K P_{1,1} P_{1,2} P_{1,3} \vdots P_{N,1} P_{N,2} P_{N,3} 出力 N 行出力せよ。 i \, (1 \leq i \leq N) 行目には、 i 番目の生徒が 4 日目の試験後に上位 K 位以内に入っていることがあり得るならば Yes と、そうでないならば No と出力せよ。 入力例 1 3 1 178 205 132 112 220 96 36 64 20 出力例 1 Yes Yes No 4 日目に全員が 100 点を取ると、 1 番目の生徒が 1 位になります。 4 日目に 2 番目の生徒が 100 点を取り、それ以外の生徒が 0 点を取ると、 2 番目の生徒が 1 位になります。 3 番目の生徒が 1 位になることはあり得ません。 入力例 2 2 1 300 300 300 200 200 200 出力例 2 Yes Yes 入力例 3 4 2 127 235 78 192 134 298 28 56 42 96 120 250 出力例 3 Yes Yes No Yes",300.0,
atcoder,abc,public_sponsored_abc,toyota,abc228,トヨタシステムズプログラミングコンテスト2021(AtCoder Beginner Contest 228),2021,,1637409600.0,2021.0,abc228_d,D,Linear Probing,D. Linear Probing,1035.0,5784,"['dsu', 'hash map', 'data structure']",3,https://atcoder.jp/contests/abc228/tasks/abc228_d,https://atcoder-tagged-backend.onrender.com/problems/all,2.3.0-sponsor-abc-kenkoooo-diff,ja,2026-06-04T18:46:05.900291+00:00,48.49,1168.0,"配点 : 400 点 問題文 N = 2^{20} 項からなる数列 A = (A_0, A_1, \dots, A_{N - 1}) があります。はじめ、全ての要素は -1 です。 Q 個のクエリを順番に処理してください。 i \, (1 \leq i \leq Q) 個目のクエリは t_i = 1 または t_i = 2 を満たす整数 t_i および整数 x_i で表され、内容は以下の通りです。 t_i = 1 のとき、以下の処理を順番に行う。 整数 h を h = x_i で定める。 A_{h \bmod N} \neq -1 である間、 h の値を 1 増やすことを繰り返す。この問題の制約下でこの操作が有限回で終了することは証明できる。 A_{h \bmod N} の値を x_i で書き換える。 t_i = 2 のとき、その時点での A_{x_i \bmod N} の値を出力する。 なお、整数 a, b に対し、 a を b で割った余りを a \bmod b と表します。 制約 1 \leq Q \leq 2 \times 10^5 t_i \in \{ 1, 2 \} \, (1 \leq i \leq Q) 0 \leq x_i \leq 10^{18} \, (1 \leq i \leq Q) t_i = 2 であるような i \, (1 \leq i \leq Q) が 1 つ以上存在する。 入力は全て整数である。 入力 入力は以下の形式で標準入力から与えられる。 Q t_1 x_1 \vdots t_{Q} x_{Q} 出力 t_i = 2 であるようなクエリに対し、それぞれ答えを 1 行に出力せよ。そのようなクエリが 1 つ以上存在することは保証される。 入力例 1 4 1 1048577 1 1 2 2097153 2 3 出力例 1 1048577 -1 x_1 \bmod N = 1 であるので、 1 番目のクエリによって A_1 = 1048577 となります。 2 番目のクエリにおいて、はじめ h = x_2 ですが、 A_{h \bmod N} = A_{1} \neq -1 であるので h の値を 1 増やします。すると A_{h \bmod N} = A_{2} = -1 となるので、このクエリによって A_2 = 1 となります。 3 番目のクエリにおいて、 A_{x_3 \bmod N} = A_{1} = 1048577 を出力します。 4 番目のクエリにおいて、 A_{x_4 \bmod N} = A_{3} = -1 を出力します。 この問題において N = 2^{20} = 1048576 は定数であり、入力では与えられないことに注意してください。",400.0,
atcoder,abc,public_sponsored_abc,toyota,abc228,トヨタシステムズプログラミングコンテスト2021(AtCoder Beginner Contest 228),2021,,1637409600.0,2021.0,abc228_e,E,Integer Sequence Fair,E. Integer Sequence Fair,1579.0,4053,"['modular exponentiation', 'fermat little theorem', 'modular arithmetic', 'number theory']",4,https://atcoder.jp/contests/abc228/tasks/abc228_e,https://atcoder-tagged-backend.onrender.com/problems/all,2.3.0-sponsor-abc-kenkoooo-diff,ja,2026-06-04T18:46:05.900291+00:00,59.226,980.0,"配点 : 500 点 問題文 整数列を一堂に集めてその優劣を定める、整数列品評会が行われます。 品評会では、 1 以上 K 以下の整数からなる長さ N の整数列すべてが審査対象となり、 審査対象の数列それぞれに対して 1 以上 M 以下の整数の点数をつけます。 「審査対象の数列それぞれに対して 1 以上 M 以下の整数の点数をつける方法」が何通りあるかを 998244353 で割ったあまりを出力してください。 ただし、 2 つの方法が異なるとは「審査対象となるある数列 A = (A_1, A_2, \ldots, A_N) が存在して、 A に対してつける点数が 2 つの方法で異なる」ことを言います。 制約 1 \leq N, K, M \leq 10^{18} N, K, M は整数 入力 入力は以下の形式で標準入力から与えられる。 N K M 出力 「審査対象の数列それぞれに対して 1 以上 M 以下の整数の点数をつける方法」が何通りあるかを 998244353 で割ったあまりを出力せよ。 入力例 1 2 2 2 出力例 1 16 審査対象となる数列は、 (1, 1), (1, 2), (2, 1), (2, 2) の 4 つです。「審査対象の数列それぞれに対して 1 以上 2 以下の整数の点数をつける方法」は、以下の 16 通りあります。 (1, 1) に 1 点、 (1, 2) に 1 点、 (2, 1) に 1 点、 (2, 2) に 1 点をつける方法 (1, 1) に 1 点、 (1, 2) に 1 点、 (2, 1) に 1 点、 (2, 2) に 2 点をつける方法 (1, 1) に 1 点、 (1, 2) に 1 点、 (2, 1) に 2 点、 (2, 2) に 1 点をつける方法 (1, 1) に 1 点、 (1, 2) に 1 点、 (2, 1) に 2 点、 (2, 2) に 2 点をつける方法 \cdots (1, 1) に 2 点、 (1, 2) に 2 点、 (2, 1) に 2 点、 (2, 2) に 2 点をつける方法 よって、 16 を出力します。 入力例 2 3 14 15926535 出力例 2 109718301 998244353 で割ったあまりを出力することに注意してください。",500.0,
atcoder,abc,public_sponsored_abc,toyota,abc228,トヨタシステムズプログラミングコンテスト2021(AtCoder Beginner Contest 228),2021,,1637409600.0,2021.0,abc228_f,F,Stamp Game,F. Stamp Game,2179.0,1147,"['2d prefix sum', 'sliding window', 'game theory', 'grid', 'deque optimization']",5,https://atcoder.jp/contests/abc228/tasks/abc228_f,https://atcoder-tagged-backend.onrender.com/problems/all,2.3.0-sponsor-abc-kenkoooo-diff,ja,2026-06-04T18:46:05.900291+00:00,71.068,2061.0,"配点 : 500 点 問題文 縦 H 行、横 W 列のマス目があります。上から i 行目、左から j 列目のマスをマス (i, j) と呼びます。 1 \leq i \leq H かつ 1 \leq j \leq W を満たす整数の組 (i, j) それぞれについて、マス (i, j) には正整数 A_{i, j} が書かれています。また、すべてのマスは白色に塗られています。 高橋君は、縦 h_1 行、横 w_1 列の長方形の黒いスタンプを持っており、青木君は、縦 h_2 行、横 w_2 列の長方形の白いスタンプを持っています。 2 人はこれらのスタンプとマス目を使って対戦ゲームをします。 まず高橋君が、持っている黒いスタンプを 1 回使って、マス目の縦 h_1 行、横 w_1 列の長方形領域を黒色に塗りつぶします。 すなわち、 1 \leq i \leq H - h_1 + 1 かつ 1 \leq j \leq W - w_1 + 1 を満たす整数の組 (i, j) を一つ選び、 i \leq r \leq i + h_1 - 1 かつ j \leq c \leq j + w_1 - 1 を満たすすべてのマス (r, c) を黒色に塗りつぶします。 次に青木君が、持っている白いスタンプを 1 回使って、マス目の縦 h_2 行、横 w_2 列の長方形領域を白色に塗りつぶします。 すなわち、 1 \leq i \leq H - h_2 + 1 かつ 1 \leq j \leq W - w_2 + 1 を満たす整数の組 (i, j) を一つ選び、 i \leq r \leq i + h_2 - 1 かつ j \leq c \leq j + w_2 - 1 を満たすすべてのマス (r, c) を白色に塗りつぶします。 このとき、青木君が白色に塗るマスがすでに高橋君によって黒色に塗られていた場合は、そのマスの色は白で上書きされます。 上記の通りに高橋君と青木君がスタンプを 1 回ずつ使った後の、黒色に塗られたマスに書かれた整数の合計を、ゲームの「スコア」とします。 高橋君はスコアが出来るだけ大きくなるように、青木君はスコアが出来るだけ小さくなるように、それぞれ最適な戦略をとります。 ゲームのスコアがいくらになるかを求めて下さい。 制約 2 \leq H, W \leq 1000 1 \leq h_1, h_2 \leq H 1 \leq w_1, w_2 \leq W 1 \leq A_{i, j} \leq 10^9 入力はすべて整数 入力 入力は以下の形式で標準入力から与えられる。 H W h_1 w_1 h_2 w_2 A_{1, 1} A_{1, 2} \cdots A_{1, W} A_{2, 1} A_{2, 2} \cdots A_{2, W} \vdots A_{H, 1} A_{H, 2} \cdots A_{H, W} 出力 高橋君はスコアが出来るだけ大きくなるように、青木君はスコアが出来るだけ小さくなるように、それぞれ最適な戦略をとるときの、ゲームのスコアを出力せよ。 入力例 1 3 4 2 3 3 1 3 1 4 1 5 9 2 6 5 3 5 8 出力例 1 19 ゲームは以下の通りに進行します。 はじめ、すべてのマスは白色で塗られています。 まず高橋君が、持っている縦 2 行横 3 列の黒いスタンプを使って、マス (2, 2), (2, 3), (2 ,4), (3, 2), (3, 3), (3, 4) の 6 つのマスを黒色で塗りつぶします。 次に青木君が、持っている縦 3 行横 1 列の白いスタンプを使って、マス (1, 4), (2, 4), (3, 4) を白色で塗りつぶします。 最終的に黒色で塗られているマスは、マス (2, 2), (2, 3), (3, 2), (3, 3) の 4 つであるため、ゲームのスコアは 9 + 2 + 3 + 5 = 19 です。 入力例 2 3 4 2 3 3 4 3 1 4 1 5 9 2 6 5 3 5 8 出力例 2 0 青木君がスタンプを使った後、すべてのマスは白色であり、ゲームのスコアは 0 となります。 入力例 3 10 10 3 7 2 3 9 7 19 7 10 4 13 9 4 8 10 15 16 3 18 19 17 12 13 2 12 18 4 9 13 13 6 13 5 2 16 12 2 14 18 17 14 7 8 12 12 13 17 12 14 15 19 7 13 15 5 2 16 10 4 6 1 2 7 8 10 14 14 10 9 13 11 4 9 19 16 12 3 19 19 6 2 19 14 20 15 3 19 19 2 10 1 4 3 15 13 20 5 6 19 1 7 17 10 19 出力例 3 180",500.0,
atcoder,abc,public_sponsored_abc,toyota,abc228,トヨタシステムズプログラミングコンテスト2021(AtCoder Beginner Contest 228),2021,,1637409600.0,2021.0,abc228_g,G,Digits on Grid,G. Digits on Grid,2711.0,553,"['bipartite graph', 'dp', 'bitmask dp']",3,https://atcoder.jp/contests/abc228/tasks/abc228_g,https://atcoder-tagged-backend.onrender.com/problems/all,2.3.0-sponsor-abc-kenkoooo-diff,ja,2026-06-04T18:46:05.900291+00:00,81.567,1685.0,"配点 : 600 点 問題文 縦 H 行、横 W 列のマス目があり、それぞれのマスには 1 から 9 のいずれかの数字が書かれています。 1 \leq i \leq H かつ 1 \leq j \leq W を満たす整数の組 (i, j) それぞれについて、上から i 行目、 左から j 列目のマスに書かれた数字は c_{i, j} です。 高橋君と青木君はこのマス目を使って 2 人で遊びます。 まず、高橋君がいずれか 1 つのマスを選び、そのマスにコマを置きます。その後、 2 人は下記の手順 1. から 4. を N 回繰り返します。 高橋君が次の 2 つのうちどちらか一方を行う。 現在コマが置かれているマスと 同じ行 にある別のマスに、コマを移動する。 何もしない。 高橋君が、現在コマが置かれているマスに書かれた数字を黒板に書く。 青木君が次の 2 つのうちどちらか一方を行う。 現在コマが置かれているマスと 同じ列 にある別のマスに、コマを移動する。 何もしない。 青木君が、現在コマが置かれているマスに書かれた数字を黒板に書く。 その後、黒板には 2N 個の数字が書かれています。それらの数字を黒板に書かれたのが早い順番に並べたものを d_1, d_2, \ldots, d_{2N} とします。 2 人は 2N 個の数字をこの順番で繋げて 2N 桁の整数 X := d_1d_2\ldots d_{2N} を作ります。 整数 X としてあり得るものが何通りあるかを、 998244353 で割った余りを出力してください。 制約 2 \leq H, W \leq 10 1 \leq N \leq 300 1 \leq c_{i, j} \leq 9 入力はすべて整数 入力 入力は以下の形式で標準入力から与えられる。 H W N c_{1, 1} c_{1, 2} \cdots c_{1, W} c_{2, 1} c_{2, 2} \cdots c_{2, W} \vdots c_{H, 1} c_{H, 2} \cdots c_{H, W} 出力 整数 X としてあり得るものが何通りあるかを、 998244353 で割った余りを出力せよ。 入力例 1 2 2 1 31 41 出力例 1 5 例えば、以下の進行が考えられます。 まず高橋君がマス (1, 2) にコマを置く。 高橋君がコマをマス (1, 2) からマス (1, 1) に動かす。その後、マス (1, 1) に書かれた数字 3 を黒板に書く。 青木君がコマをマス (1, 1) からマス (2, 1) に動かす。その後、マス (2, 1) に書かれた数字 4 を黒板に書く。 この場合、 X = 34 となります。 他の例として、以下の進行も考えられます。 まず高橋君がマス (2, 2) にコマを置く。 高橋君がコマをマス (2, 2) から動かさず、マス (2, 2) に書かれた数字 1 を黒板に書く。 青木君がコマをマス (2, 2) からマス (1, 2) に動かす。その後、マス (1, 2) に書かれた数字 1 を黒板に書く。 この場合、 X = 11 となります。 X としてあり得る整数は、上記の例で示した 34, 11 の他にも 33, 44, 43 があります。また、それら以外の整数が X となることはありえません。 X としてあり得る整数の個数は 5 個であるので 5 を出力します。 入力例 2 2 3 4 777 777 出力例 2 1 整数 X としてあり得るのは、 77777777 のみです。 入力例 3 10 10 300 3181534389 4347471911 4997373645 5984584273 1917179465 3644463294 1234548423 6826453721 5892467783 1211598363 出力例 3 685516949 998244353 で割った余りを出力することに注意して下さい。",600.0,
atcoder,abc,public_sponsored_abc,toyota,abc228,トヨタシステムズプログラミングコンテスト2021(AtCoder Beginner Contest 228),2021,,1637409600.0,2021.0,abc228_h,H,Histogram,H. Histogram,2729.0,538,"['dp', 'convex hull trick', 'sorting', 'optimization']",4,https://atcoder.jp/contests/abc228/tasks/abc228_h,https://atcoder-tagged-backend.onrender.com/problems/all,2.3.0-sponsor-abc-kenkoooo-diff,ja,2026-06-04T18:46:05.900291+00:00,81.922,634.0,"配点 : 600 点 問題文 長さ N の整数列 A = (A_1, \dots, A_N) および C = (C_1, \dots, C_N) が与えられます。 あなたは以下の操作を好きな回数（ 0 回でもよい）行うことができます。 1 \leq i \leq N を満たす整数 i を選び、 A_i の値を 1 増やす。このとき、 C_i 円の費用を支払う。 好きな回数の操作を行ったあと、 A の要素の種類数を K として、 K \times X 円を支払わなければなりません。 支払う金額の合計は最小で何円ですか？ 制約 1 \leq N \leq 2 \times 10^5 1 \leq X \leq 10^6 1 \leq A_i, C_i \leq 10^6 \, (1 \leq i \leq N) 入力は全て整数である。 入力 入力は以下の形式で標準入力から与えられる。 N X A_1 C_1 \vdots A_N C_N 出力 答えを表す数値を出力せよ。 入力例 1 3 5 3 2 2 4 4 3 出力例 1 12 A_1 に 1 加算すると A の要素の種類数は 2 になり、支払う金額の合計は C_1 + 2 \times X = 12 円となります。支払う金額をこれより少なくすることはできません。 入力例 2 1 1 1 1 出力例 2 1 入力例 3 7 7 3 2 1 7 4 1 1 8 5 2 9 8 2 1 出力例 3 29",600.0,
atcoder,abc,public_sponsored_abc,nec,abc229,NECプログラミングコンテスト2021(AtCoder Beginner Contest 229),2021,,1638014400.0,2021.0,abc229_a,A,First Grid,A. First Grid,-721.0,12735,"['implementation', 'string', 'conditional', 'grid']",4,https://atcoder.jp/contests/abc229/tasks/abc229_a,https://atcoder-tagged-backend.onrender.com/problems/all,2.3.0-sponsor-abc-kenkoooo-diff,ja,2026-06-04T18:46:05.900291+00:00,13.835,838.0,"配点 : 100 点 問題文 縦 2 行、横 2 列のグリッド(各マスが正方形のマス目)があります。 このグリッドは、各マスが黒か白であり、少なくとも 2 つの黒マスを含みます。 各マスの色の情報は文字列 S_1,S_2 として、以下の形式で与えられます。 文字列 S_i の j 文字目が # であれば上から i マス目、左から j マス目は黒 文字列 S_i の j 文字目が . であれば上から i マス目、左から j マス目は白 2 つの異なる黒マス同士が辺で接している時、またその時に限りそれら 2 つの黒マスは直接行き来できます。 黒マスのみをいくつか通ることによって、どの 2 つの黒マス同士も(直接または間接的に)行き来できるかどうか判定してください。 「異なるマスが辺で接する」の厳密な定義 上から i マス目、左から j マス目を (i,j) と表記する時、ある 2 つのマス目 (a,b),(c,d) が以下の条件のどれかを満たしている時、またその時に限り、 2 つのマスは辺で接しているものとします。 a=c-1 かつ b=d a=c かつ b=d-1 a=c かつ b=d+1 a=c+1 かつ b=d --> 制約 S_1,S_2 は # または . からなる 2 文字の文字列 S_1,S_2 に # が合計で 2 つ以上含まれる 入力 入力は以下の形式で標準入力から与えられる。 S_1 S_2 出力 どの 2 つの黒マス同士も行き来できるなら Yes 、そうでないなら No と出力せよ。 入力例 1 ## .# 出力例 1 Yes 左上の黒マスと右上の黒マス、右上の黒マスと右下の黒マスを直接行き来することができます。 これらの移動を用いてどの黒マスからどの黒マスへも行き来できるので、答えは Yes となります。 入力例 2 .# #. 出力例 2 No 右上の黒マスと左下の黒マスを行き来することはできません。答えは No となります。",100.0,
atcoder,abc,public_sponsored_abc,nec,abc229,NECプログラミングコンテスト2021(AtCoder Beginner Contest 229),2021,,1638014400.0,2021.0,abc229_b,B,Hard Calculation,B. Hard Calculation,-501.0,12163,"['digit', 'implementation', 'math']",3,https://atcoder.jp/contests/abc229/tasks/abc229_b,https://atcoder-tagged-backend.onrender.com/problems/all,2.3.0-sponsor-abc-kenkoooo-diff,ja,2026-06-04T18:46:05.900291+00:00,18.176,365.0,"配点 : 200 点 問題文 正整数 A,B が与えられます。 A+B を(十進法で)計算する時、繰り上がりが生じないなら Easy 、生じるなら Hard と出力してください。 制約 A,B は整数 1 \le A,B \le 10^{18} 入力 入力は以下の形式で標準入力から与えられる。 A B 出力 繰り上がりが生じないなら Easy 、生じるなら Hard と出力せよ。 入力例 1 229 390 出力例 1 Hard 229+390 を計算する際、十の位から百の位へと繰り上がりが発生します。よって、答えは Hard です。 入力例 2 123456789 9876543210 出力例 2 Easy 繰り上がりは発生しません。答えは Easy です。 また、入力が 32 bit 整数に収まらないこともあります。",200.0,
atcoder,abc,public_sponsored_abc,nec,abc229,NECプログラミングコンテスト2021(AtCoder Beginner Contest 229),2021,,1638014400.0,2021.0,abc229_c,C,Cheese,C. Cheese,45.0,11502,"['greedy', 'optimization', 'sorting']",3,https://atcoder.jp/contests/abc229/tasks/abc229_c,https://atcoder-tagged-backend.onrender.com/problems/all,2.3.0-sponsor-abc-kenkoooo-diff,ja,2026-06-04T18:46:05.900291+00:00,28.952,794.0,配点 : 300 点 問題文 ピザ屋で働く高橋くんは、まかないとして美味しいチーズピザを作ることにしました。 今、高橋くんの目の前に N 種類のチーズがあります。 i 種類目のチーズは 1 [g] あたりのおいしさが A_i で、 B_i [g] あります。 ピザのおいしさは、ピザに乗せたチーズのおいしさの総和で決まります。 但し、チーズを使いすぎると怒られてしまうため、乗せたチーズの重さは合計で W [g] 以下である必要があります。 この条件のもとで、可能なピザのおいしさの最大値を求めてください。 制約 入力は全て整数 1 \le N \le 3 \times 10^5 1 \le W \le 3 \times 10^8 1 \le A_i \le 10^9 1 \le B_i \le 1000 入力 入力は以下の形式で標準入力から与えられる。 N W A_1 B_1 A_2 B_2 \vdots A_N B_N 出力 答えを整数として出力せよ。 入力例 1 3 5 3 1 4 2 2 3 出力例 1 15 1 種類目のチーズを 1 [g] 、 2 種類目のチーズを 2 [g] 、 3 種類目のチーズを 2 [g] 乗せるのが最適です。 このとき、ピザのおいしさは 15 となります。 入力例 2 4 100 6 2 1 5 3 9 8 7 出力例 2 100 チーズの重量の総和が W [g] に満たないケースもあります。 入力例 3 10 3141 314944731 649 140276783 228 578012421 809 878510647 519 925326537 943 337666726 611 879137070 306 87808915 39 756059990 244 228622672 291 出力例 3 2357689932073,300.0,
atcoder,abc,public_sponsored_abc,nec,abc229,NECプログラミングコンテスト2021(AtCoder Beginner Contest 229),2021,,1638014400.0,2021.0,abc229_d,D,Longest X,D. Longest X,745.0,8358,"['sliding window', 'two pointer', 'prefix sum']",3,https://atcoder.jp/contests/abc229/tasks/abc229_d,https://atcoder-tagged-backend.onrender.com/problems/all,2.3.0-sponsor-abc-kenkoooo-diff,ja,2026-06-04T18:46:05.900291+00:00,42.767,437.0,配点 : 400 点 問題文 X と . からなる文字列 S が与えられます。 S に対して、次の操作を 0 回以上 K 回以下行うことができます。 . を X に置き換える 操作後に、 X を最大で何個連続させることができますか？ 制約 1 \leq |S| \leq 2 \times 10^5 S の各文字は X または . である 0 \leq K \leq 2 \times 10^5 K は整数である 入力 入力は以下の形式で標準入力から与えられる。 S K 出力 答えを出力せよ。 入力例 1 XX...X.X.X. 2 出力例 1 5 S の 7 文字目と 9 文字目の . を X に置き換えて XX...XXXXX. とすると、 6 文字目から 10 文字目で X が 5 個連続しています。 X を 6 個以上連続させることはできないので、答えは 5 です。 入力例 2 XXXX 200000 出力例 2 4 操作を行う回数は 0 回でも構いません。,400.0,
atcoder,abc,public_sponsored_abc,nec,abc229,NECプログラミングコンテスト2021(AtCoder Beginner Contest 229),2021,,1638014400.0,2021.0,abc229_e,E,Graph Destruction,E. Graph Destruction,1015.0,5986,"['connected components', 'dsu', 'graph', 'implementation', 'offline processing', 'reversal']",6,https://atcoder.jp/contests/abc229/tasks/abc229_e,https://atcoder-tagged-backend.onrender.com/problems/all,2.3.0-sponsor-abc-kenkoooo-diff,ja,2026-06-04T18:46:05.900291+00:00,48.096,629.0,"配点 : 500 点 問題文 N 頂点 M 辺の単純な無向グラフが与えられます。 辺 i は、頂点 A_i と B_i を結んでいます。 頂点 1,2,\ldots,N を順番に消していきます。 なお、頂点 i を消すとは、頂点 i と、頂点 i に接続する全ての辺をグラフから削除することです。 i=1,2,\ldots,N について、頂点 i まで消した時にグラフはいくつの連結成分に分かれていますか？ 制約 1 \leq N \leq 2 \times 10^5 0 \leq M \leq \min(\frac{N(N-1)}{2} , 2 \times 10^5 ) 1 \leq A_i \lt B_i \leq N i \neq j ならば (A_i,B_i) \neq (A_j,B_j) 入力は全て整数である 入力 入力は以下の形式で標準入力から与えられる。 N M A_1 B_1 A_2 B_2 \vdots A_M B_M 出力 N 行出力せよ。 i 行目には、頂点 i まで消した時のグラフの連結成分の数を出力せよ。 入力例 1 6 7 1 2 1 4 1 5 2 4 2 3 3 5 3 6 出力例 1 1 2 3 2 1 0 グラフは上図のように変化していきます。 入力例 2 8 7 7 8 3 4 5 6 5 7 5 8 6 7 6 8 出力例 2 3 2 2 1 1 1 1 0 はじめからグラフが非連結なこともあります。",500.0,
atcoder,abc,public_sponsored_abc,nec,abc229,NECプログラミングコンテスト2021(AtCoder Beginner Contest 229),2021,,1638014400.0,2021.0,abc229_f,F,Make Bipartite,F. Make Bipartite,1917.0,2169,"['bipartite graph', 'dp', 'graph theory', 'implementation']",4,https://atcoder.jp/contests/abc229/tasks/abc229_f,https://atcoder-tagged-backend.onrender.com/problems/all,2.3.0-sponsor-abc-kenkoooo-diff,ja,2026-06-04T18:46:05.900291+00:00,65.897,623.0,"配点 : 500 点 問題文 N+1 頂点の無向グラフが与えられます。 頂点には頂点 0 、頂点 1 、 \ldots 、頂点 N と名前がついています。 i=1,2,\ldots,N について、頂点 0 と頂点 i を結ぶ重み A_i の無向辺があります。 また、 i=1,2,\ldots,N について、頂点 i と頂点 i+1 を結ぶ重み B_i の無向辺があります。(ただし、頂点 N+1 は頂点 1 とみなします。) 上に述べた 2N 本の辺の他に辺はありません。 このグラフからいくつかの辺を削除して、グラフを二部グラフにします。 削除する辺の重みの総和の最小値はいくつですか？ 制約 3 \leq N \leq 2 \times 10^5 1 \leq A_i \leq 10^9 1 \leq B_i \leq 10^9 入力は全て整数である 入力 入力は以下の形式で標準入力から与えられる。 N A_1 A_2 \dots A_N B_1 B_2 \dots B_N 出力 答えを出力せよ。 入力例 1 5 31 4 159 2 65 5 5 5 5 10 出力例 1 16 頂点 0,2 を結ぶ辺(重み 4 )、頂点 0,4 を結ぶ辺(重み 2 )、頂点 1,5 を結ぶ辺(重み 10 )を削除するとグラフは二部グラフになります。 入力例 2 4 100 100 100 1000000000 1 2 3 4 出力例 2 10",500.0,
atcoder,abc,public_sponsored_abc,nec,abc229,NECプログラミングコンテスト2021(AtCoder Beginner Contest 229),2021,,1638014400.0,2021.0,abc229_g,G,Longest Y,G. Longest Y,2121.0,1350,"['binary search', 'median', 'prefix sum', 'coordinate geometry']",4,https://atcoder.jp/contests/abc229/tasks/abc229_g,https://atcoder-tagged-backend.onrender.com/problems/all,2.3.0-sponsor-abc-kenkoooo-diff,ja,2026-06-04T18:46:05.900291+00:00,69.923,409.0,"配点 : 600 点 問題文 Y と . からなる文字列 S が与えられます。 次の操作を 0 回以上 K 回以下行うことができます。 S の隣り合う 2 文字を入れ替える 操作後に、 Y を最大で何個連続させることができますか？ 制約 2 \leq |S| \leq 2 \times 10^5 S の各文字は Y または . である 0 \leq K \leq 10^{12} K は整数である 入力 入力は以下の形式で標準入力から与えられる。 S K 出力 答えを出力せよ。 入力例 1 YY...Y.Y.Y. 2 出力例 1 3 S の 6,7 文字目および 9,10 文字目を入れ替えて YY....YYY.. とすると、 7 文字目から 9 文字目で Y が 3 個連続しています。 Y を 4 個以上連続させることはできないので、答えは 3 です。 入力例 2 YYYY....YYY 3 出力例 2 4",600.0,
atcoder,abc,public_sponsored_abc,nec,abc229,NECプログラミングコンテスト2021(AtCoder Beginner Contest 229),2021,,1638014400.0,2021.0,abc229_h,H,Advance or Eat,H. Advance or Eat,3308.0,172,"['game theory', 'partisan game', 'sprague grundy', 'dag', 'dp', 'evaluation']",6,https://atcoder.jp/contests/abc229/tasks/abc229_h,https://atcoder-tagged-backend.onrender.com/problems/all,2.3.0-sponsor-abc-kenkoooo-diff,ja,2026-06-04T18:46:05.900291+00:00,93.349,988.0,"配点 : 600 点 問題文 N 行 N 列のグリッドがあり、各マスには白い駒が 1 個置かれているか、黒い駒が 1 個置かれているか、何も置かれていないかのいずれかです。 上から i 行目、左から j 列目のマスの状態は S_{i,j} で表され、 W のとき白い駒が置かれていて、 B のとき黒い駒が置かれていて、 . のときは何も置かれていない空マスです。 高橋君とすぬけ君がゲームをします。高橋君からはじめて、交互にターンが回ってきます。 高橋君のターンには、 1 つ上に空マスがあるような 白 い駒を 1 つ選び、上に進める 好きな 黒 い駒を 1 つ食べる のいずれかの操作をします。 すぬけ君のターンには、 1 つ上に空マスがあるような 黒 い駒を 1 つ選び、上に進める 好きな 白 い駒を 1 つ食べる のいずれかの操作をします。 操作ができなくなった方が負けとします。両者が最適に行動するとき、どちらが勝ちますか？ なお「駒を上に進める」とは、 i 行 j 列目の駒を i-1 行 j 列目に移動させることを指します。 高橋君とすぬけ君は同じ向きから盤面を見ていて、「上」というのは両者にとって同じ向きであることに注意してください。 制約 1 \leq N \leq 8 N は整数 S_{i,j} は W または B または . である 入力 入力は以下の形式で標準入力から与えられる。 N S_{1,1}S_{1,2}\ldots S_{1,N} S_{2,1}S_{2,2}\ldots S_{2,N} \vdots S_{N,1}S_{N,2}\ldots S_{N,N} 出力 高橋君が勝つならば Takahashi と、すぬけ君が勝つならば Snuke と出力せよ。 入力例 1 3 BB. .B. ... 出力例 1 Takahashi はじめに高橋君が 1 行 1 列目の黒い駒を食べると、盤面は下のようになります。 .B. .B. ... このときすぬけ君は操作を行うことができないので、高橋君の勝ちです。 盤面の外に駒を動かすことや、他の駒があるマスに駒を移動させることはできないことに注意してください。 入力例 2 2 .. WW 出力例 2 Snuke 入力例 3 4 WWBW WWWW BWB. BBBB 出力例 3 Snuke",600.0,
atcoder,abc,public_sponsored_abc,panasonic,abc231,パナソニックプログラミングコンテスト2021(AtCoder Beginner Contest 231),2021,,1639224000.0,2021.0,abc231_a,A,Water Pressure,A. Water Pressure,-1422.0,16945,"['implementation', 'math']",2,https://atcoder.jp/contests/abc231/tasks/abc231_a,https://atcoder-tagged-backend.onrender.com/problems/all,2.3.0-sponsor-abc-kenkoooo-diff,ja,2026-06-04T18:46:05.900291+00:00,0.0,345.0,配点 : 100 点 問題文 水圧は水深のみに依存し、水深 x [m] の場所では \dfrac{x}{100} [MPa] になるものとします。 水深 D [m] の場所の水圧は何 [MPa] ですか？ 制約 1 \leq D \leq 10000 D は整数である。 入力 入力は以下の形式で標準入力から与えられる。 D 出力 答えを出力せよ。想定解答との絶対誤差または相対誤差が 10^{-3} 以下であれば正解として扱われる。 入力例 1 1000 出力例 1 10 水深 1000 [m] の場所の水圧は 10 [MPa] です。 10.0 や 9.999999 などを出力しても正解となります。 入力例 2 50 出力例 2 0.5 入力例 3 3141 出力例 3 31.41,100.0,
atcoder,abc,public_sponsored_abc,panasonic,abc231,パナソニックプログラミングコンテスト2021(AtCoder Beginner Contest 231),2021,,1639224000.0,2021.0,abc231_b,B,Election,B. Election,-535.0,12728,"['counting', 'implementation', 'search', 'string']",4,https://atcoder.jp/contests/abc231/tasks/abc231_b,https://atcoder-tagged-backend.onrender.com/problems/all,2.3.0-sponsor-abc-kenkoooo-diff,ja,2026-06-04T18:46:05.900291+00:00,17.505,492.0,"配点 : 200 点 問題文 選挙が行われています。 N 人が投票を行い、 i\,(1 \leq i \leq N) 番目の人は S_i という名前の候補者に投票しました。 得票数が最大の候補者の名前を答えてください。なお、与えられる入力では得票数が最大の候補者は一意に定まります。 制約 1 \leq N \leq 100 S_i は英小文字からなる長さ 1 以上 10 以下の文字列 N は整数 得票数が最大の候補者は一意に定まる 入力 入力は以下の形式で標準入力から与えられる。 N S_1 S_2 \vdots S_N 出力 得票数が最大の候補者の名前を出力せよ。 入力例 1 5 snuke snuke takahashi takahashi takahashi 出力例 1 takahashi takahashi は 3 票、 snuke は 2 票獲得しました。よって takahashi を出力します。 入力例 2 5 takahashi takahashi aoki takahashi snuke 出力例 2 takahashi 入力例 3 1 a 出力例 3 a",200.0,
atcoder,abc,public_sponsored_abc,panasonic,abc231,パナソニックプログラミングコンテスト2021(AtCoder Beginner Contest 231),2021,,1639224000.0,2021.0,abc231_c,C,Counting 2,C. Counting 2,111.0,12717,"['binary search', 'implementation', 'query', 'sorting']",4,https://atcoder.jp/contests/abc231/tasks/abc231_c,https://atcoder-tagged-backend.onrender.com/problems/all,2.3.0-sponsor-abc-kenkoooo-diff,ja,2026-06-04T18:46:05.900291+00:00,30.255,582.0,"配点 : 300 点 問題文 N 人の生徒からなるクラスがあり、 i\,(1 \leq i \leq N) 番目の生徒の身長は A_i です。 j=1,2,\ldots,Q について、以下の質問に答えてください。 N 人のうち、身長が x_j 以上の生徒は何人か？ 制約 1 \leq N,Q \leq 2 \times 10^5 1 \leq A_i \leq 10^9 1 \leq x_j \leq 10^9 入力は全て整数 入力 入力は以下の形式で標準入力から与えられる。 N Q A_1 A_2 \ldots A_N x_1 x_2 \vdots x_Q 出力 Q 行出力せよ。 j\,(1 \leq j \leq Q) 行目には身長が x_j 以上の生徒の数を出力せよ。 入力例 1 3 1 100 160 130 120 出力例 1 2 身長が 120 以上の生徒は 2 番目の生徒と 3 番目の生徒です。 入力例 2 5 5 1 2 3 4 5 6 5 4 3 2 出力例 2 0 1 2 3 4 入力例 3 5 5 804289384 846930887 681692778 714636916 957747794 424238336 719885387 649760493 596516650 189641422 出力例 3 5 3 5 5 5",300.0,
atcoder,abc,public_sponsored_abc,panasonic,abc231,パナソニックプログラミングコンテスト2021(AtCoder Beginner Contest 231),2021,,1639224000.0,2021.0,abc231_d,D,Neighbors,D. Neighbors,726.0,7645,"['connected components', 'cycle', 'degree', 'graph', 'implementation']",5,https://atcoder.jp/contests/abc231/tasks/abc231_d,https://atcoder-tagged-backend.onrender.com/problems/all,2.3.0-sponsor-abc-kenkoooo-diff,ja,2026-06-04T18:46:05.900291+00:00,42.392,409.0,"配点 : 400 点 問題文 1 から N の番号がついた N 人を横一列に並べる方法のうち、以下の形式の M 個の条件全てを満たすものが存在するか判定してください。 条件：人 A_i と人 B_i は隣り合っている 制約 2 \leq N \leq 10^5 0 \leq M \leq 10^5 1\leq A_i < B_i \leq N (A_i,B_i) は相異なる 入力 入力は以下の形式で標準入力から与えられる。 N M A_1 B_1 \vdots A_M B_M 出力 条件を満たす並べ方が存在するなら Yes 、存在しないなら No と出力せよ。 入力例 1 4 2 1 3 2 3 出力例 1 Yes 例えば 4,1,3,2 の順に並べることで全ての条件を満たすことができます。 入力例 2 4 3 1 4 2 4 3 4 出力例 2 No どのように並べても全ての条件を満たすことはできません。",400.0,
atcoder,abc,public_sponsored_abc,panasonic,abc231,パナソニックプログラミングコンテスト2021(AtCoder Beginner Contest 231),2021,,1639224000.0,2021.0,abc231_e,E,Minimal payments,E. Minimal payments,1740.0,2821,"['dp', 'greedy', 'number theory', 'optimization']",4,https://atcoder.jp/contests/abc231/tasks/abc231_e,https://atcoder-tagged-backend.onrender.com/problems/all,2.3.0-sponsor-abc-kenkoooo-diff,ja,2026-06-04T18:46:05.900291+00:00,62.404,781.0,"配点 : 500 点 問題文 Atcoder 王国では A_1 円, A_2 円, \ldots , A_N 円の N 種類の硬貨が使用されています。 ここで、 1=A_1 < \ldots < A_N であり、全ての 1\leq i \leq N-1 に対し、 A_{i+1} は A_i の倍数です。 硬貨のみを使って X 円を支払うとき、支払いに使う硬貨の枚数とお釣りでもらう硬貨の枚数の合計の最小値はいくつですか？ 正確には、 Y が X 以上の整数を自由に動く時、 Y 円ちょうどを表すために必要な硬貨の枚数と、 Y-X 円ちょうどを表すために必要な硬貨の枚数の和の最小値を求めてください。 制約 入力に含まれる値は全て整数である 1 \leq N \leq 60 1=A_1 < \ldots <A_N \leq 10^{18} 全ての 1\leq i \leq N-1 で A_{i+1} は A_i の倍数である 1\leq X \leq 10^{18} 入力 入力は以下の形式で標準入力から与えられる。 N X A_1 \ldots A_N 出力 答えを出力せよ。 入力例 1 3 87 1 10 100 出力例 1 5 100 円硬貨 1 枚で支払いを行い、 10 円硬貨 1 枚と 1 円硬貨 3 枚をお釣りでもらうと、合計枚数は 5 枚になります。 入力例 2 2 49 1 7 出力例 2 7 7 円硬貨 7 枚で支払いを行うのが最適です。 入力例 3 10 123456789012345678 1 100 10000 1000000 100000000 10000000000 1000000000000 100000000000000 10000000000000000 1000000000000000000 出力例 3 233",500.0,
atcoder,abc,public_sponsored_abc,panasonic,abc231,パナソニックプログラミングコンテスト2021(AtCoder Beginner Contest 231),2021,,1639224000.0,2021.0,abc231_f,F,Jealous Two,F. Jealous Two,1580.0,3080,"['coordinate compression', 'sorting', 'segment tree', '2d range counting', 'offline processing']",5,https://atcoder.jp/contests/abc231/tasks/abc231_f,https://atcoder-tagged-backend.onrender.com/problems/all,2.3.0-sponsor-abc-kenkoooo-diff,ja,2026-06-04T18:46:05.900291+00:00,59.246,787.0,配点 : 500 点 問題文 すぬけ君は高橋君と青木君にプレゼントを 1 個ずつ渡そうと考えています。 プレゼントの候補は N 種類あり、 i 番目の候補は、高橋君にとって嬉しさ A_i 、青木君にとって嬉しさ B_i です。 高橋君と青木君はとても嫉妬深いので、相手がもらったプレゼントの自分にとっての嬉しさが、自分がもらったプレゼントの自分にとっての嬉しさより大きい場合、相手に嫉妬してけんかになってしまいます。 N^2 通りあるプレゼントの渡し方のうち、高橋君と青木君がけんかしないようなものは何通りありますか？ 制約 1 \leq N \leq 2\times 10^5 0 \leq A_i \leq 10^9 0 \leq B_i \leq 10^9 入力に含まれる値は全て整数である 入力 入力は以下の形式で標準入力から与えられる。 N A_1 \ldots A_N B_1 \ldots B_N 出力 答えを出力せよ。 入力例 1 3 50 100 150 1 3 2 出力例 1 4 例えば高橋君に 1 番目の候補を、青木君に 2 番目の候補をプレゼントした場合、 青木君がもらったプレゼントの高橋君にとっての嬉しさが 100 、 高橋君がもらったプレゼントの高橋君にとっての嬉しさは 50 なので、高橋君は青木君に嫉妬し、けんかしてしまいます。 また、例えば高橋君に 3 番目の候補を、青木君に 2 番目の候補をプレゼントした場合、 2 人はけんかしません。 2 人に同じものをプレゼントしてもよいことに注意してください。 入力例 2 3 123456789 123456 123 987 987654 987654321 出力例 2 6 入力例 3 10 3 1 4 1 5 9 2 6 5 3 2 7 1 8 2 8 1 8 2 8 出力例 3 37,500.0,
atcoder,abc,public_sponsored_abc,panasonic,abc231,パナソニックプログラミングコンテスト2021(AtCoder Beginner Contest 231),2021,,1639224000.0,2021.0,abc231_g,G,Balls in Boxes,G. Balls in Boxes,2606.0,845,"['expectation', 'polynomial', 'dp', 'combinatorics', 'modular arithmetic']",5,https://atcoder.jp/contests/abc231/tasks/abc231_g,https://atcoder-tagged-backend.onrender.com/problems/all,2.3.0-sponsor-abc-kenkoooo-diff,ja,2026-06-04T18:46:05.900291+00:00,79.495,1196.0,配点 : 600 点 問題文 1 から N の番号がついた N 個の箱があります。最初、箱 i には A_i 個のボールが入っています。 あなたは次の操作を K 回繰り返します。 N 個の箱の中から等確率で 1 個選ぶ(この選択は操作ごとに独立である)。選んだ箱にボールを 1 個追加する。 K 回の操作が終了した後で箱 i に入っているボールの個数を B_i とするとき、 スコア はボールの個数の総積 \prod_{i=1}^{N}B_i になります。 スコアの期待値を \bmod 998244353 で求めてください。 注意 求める期待値が既約分数 p/q で表されるとき、 rq\equiv p \pmod{998244353} かつ 0\leq r < 998244353 を満たす整数 r がこの問題の制約のもとで一意に定まります。この r が求める値です。 制約 1 \leq N \leq 1000 1 \leq K \leq 10^9 0 \leq A_i \leq 10^9 入力 入力は以下の形式で標準入力から与えられる。 N K A_1 \ldots A_N 出力 答えを出力せよ。 入力例 1 3 1 1 2 3 出力例 1 665496245 操作の結果、スコアは次のようになります。 操作で箱 1 を選んだとき、 2\times 2\times 3=12 操作で箱 2 を選んだとき、 1\times 3\times 3=9 操作で箱 3 を選んだとき、 1\times 2\times 4=8 したがって、求める期待値は \frac{1}{3}(12+9+8)=\frac{29}{3} となります。これを \bmod 998244353 で表すと 665496245 になります。 入力例 2 2 2 1 2 出力例 2 499122182 操作の結果、スコアは次のようになります。 1 回目の操作で箱 1 を選び、 2 回目の操作で箱 1 を選んだとき、 3\times 2=6 1 回目の操作で箱 1 を選び、 2 回目の操作で箱 2 を選んだとき、 2\times 3=6 1 回目の操作で箱 2 を選び、 2 回目の操作で箱 1 を選んだとき、 2\times 3=6 1 回目の操作で箱 2 を選び、 2 回目の操作で箱 2 を選んだとき、 1\times 4=4 したがって、求める期待値は \frac{1}{4}(6+6+6+4)=\frac{11}{2} となります。 入力例 3 10 1000000000 998244350 998244351 998244352 998244353 998244354 998244355 998244356 998244357 998244358 998244359 出力例 3 138512322,600.0,
atcoder,abc,public_sponsored_abc,panasonic,abc231,パナソニックプログラミングコンテスト2021(AtCoder Beginner Contest 231),2021,,1639224000.0,2021.0,abc231_h,H,Minimum Coloring,H. Minimum Coloring,2681.0,501,"['edge', 'bipartite matching', 'min cost flow', 'graph theory']",4,https://atcoder.jp/contests/abc231/tasks/abc231_h,https://atcoder-tagged-backend.onrender.com/problems/all,2.3.0-sponsor-abc-kenkoooo-diff,ja,2026-06-04T18:46:05.900291+00:00,80.975,813.0,"配点 : 600 点 問題文 H 行 W 列のグリッドがあります。上から i 行目、左から j 列目のマスをマス (i,j) と表します。 グリッド上には 1 から N の番号がついた N 個の白い駒が置かれています。駒 i が置かれているマスは (A_i,B_i) です。 あなたはコストを C_i 払うことで、駒 i を黒い駒に変えることができます。 どの行どの列にも黒い駒が 1 個以上ある状態にするために必要なコストの和の最小値を求めてください。 制約 1 \leq H,W \leq 10^3 1 \leq N \leq 10^3 1 \leq A_i \leq H 1 \leq B_i \leq W 1 \leq C_i \leq 10^9 (A_i,B_i) は相異なる 全ての行、全ての列に 1 個以上の白い駒が置かれている 入力に含まれる値は全て整数である 入力 入力は以下の形式で標準入力から与えられる。 H W N A_1 B_1 C_1 \hspace{23pt} \vdots A_N B_N C_N 出力 答えを出力せよ。 入力例 1 2 3 6 1 1 1 1 2 10 1 3 100 2 1 1000 2 2 10000 2 3 100000 出力例 1 1110 コスト 1110 を払い駒 2,3,4 を黒い駒に変えることで、どの行どの列にも黒い駒がある状態にすることができます。 入力例 2 1 7 7 1 2 200000000 1 7 700000000 1 4 400000000 1 3 300000000 1 6 600000000 1 5 500000000 1 1 100000000 出力例 2 2800000000 入力例 3 3 3 8 3 2 1 3 1 2 2 3 1 2 2 100 2 1 100 1 3 2 1 2 100 1 1 100 出力例 3 6",600.0,
atcoder,abc,public_sponsored_abc,hhkb,abc235,HHKB プログラミングコンテスト 2022（AtCoder Beginner Contest 235）,2022,,1642248000.0,2022.0,abc235_a,A,Rotate,A. Rotate,-1104.0,16336,"['math', 'digit', 'implementation', 'string']",4,https://atcoder.jp/contests/abc235/tasks/abc235_a,https://atcoder-tagged-backend.onrender.com/problems/all,2.3.0-sponsor-abc-kenkoooo-diff,ja,2026-06-04T18:46:05.900291+00:00,6.276,272.0,"配点 : 100 点 問題文 3 つの数字 x,y,z をこの順に並べてできる 3 桁の整数を xyz と表すことにします。 どの桁も 0 でない 3 桁の整数 abc が与えられるので、 abc+bca+cab を求めてください。 制約 abc は どの桁も 0 でない 3 桁の整数 入力 入力は以下の形式で標準入力から与えられる。 abc 出力 答えを出力せよ。 入力例 1 123 出力例 1 666 123+231+312=666 となります。 入力例 2 999 出力例 2 2997 999+999+999=2997 となります。",100.0,
atcoder,abc,public_sponsored_abc,hhkb,abc235,HHKB プログラミングコンテスト 2022（AtCoder Beginner Contest 235）,2022,,1642248000.0,2022.0,abc235_b,B,Climbing Takahashi,B. Climbing Takahashi,-806.0,14469,"['conditional', 'implementation', 'simulation']",3,https://atcoder.jp/contests/abc235/tasks/abc235_b,https://atcoder-tagged-backend.onrender.com/problems/all,2.3.0-sponsor-abc-kenkoooo-diff,ja,2026-06-04T18:46:05.900291+00:00,12.157,666.0,配点 : 200 点 問題文 N 個の台が一列に並んでおり、左から i 番目の台の高さは H_i です。 高橋君は最初、左端の台の上に立っています。 高橋君は高い所が好きなので、次のルールで可能な限り移動を繰り返します。 いま立っているのが右端の台ではなく、かつ、右隣にある台の高さが自分がいま立っている台より高いとき、右隣の台に移動する 最終的に高橋君が立っている台の高さを求めてください。 制約 2 \leq N \leq 10^5 1 \leq H_i \leq 10^9 入力に含まれる値は全て整数である 入力 入力は以下の形式で標準入力から与えられる。 N H_1 \ldots H_N 出力 答えを出力せよ。 入力例 1 5 1 5 10 4 2 出力例 1 10 最初、高橋君は左端にある高さ 1 の台に立っています。右隣の台の高さは 5 であり、いま立っている台より高いので、右隣の台に移動します。 移動後、高橋君は左から 2 番目にある高さ 5 の台に立っています。右隣の台の高さは 10 であり、いま立っている台より高いので、右隣の台に移動します。 移動後、高橋君は左から 3 番目にある高さ 10 の台に立っています。右隣の台の高さは 4 であり、いま立っている台より低いので、高橋君は移動をやめます。 よって、最終的に高橋君が立っている台の高さは 10 です。 入力例 2 3 100 1000 100000 出力例 2 100000 入力例 3 4 27 1828 1828 9242 出力例 3 1828,200.0,
atcoder,abc,public_sponsored_abc,hhkb,abc235,HHKB プログラミングコンテスト 2022（AtCoder Beginner Contest 235）,2022,,1642248000.0,2022.0,abc235_c,C,The Kth Time Query,C. The Kth Time Query,210.0,11860,"['data structure', 'implementation', 'query']",3,https://atcoder.jp/contests/abc235/tasks/abc235_c,https://atcoder-tagged-backend.onrender.com/problems/all,2.3.0-sponsor-abc-kenkoooo-diff,ja,2026-06-04T18:46:05.900291+00:00,32.208,764.0,"配点 : 300 点 問題文 長さ N の数列 A = (a_1, a_2, \dots, a_N) があります。 以下で説明される Q 個のクエリに答えてください。 クエリ i : 整数の組 (x_i, k_i) が与えられます。 A の要素を a_1, a_2, \dots と前から順に見ていったときに、数 x_i が k_i 回目に登場するのは A の前から何番目の要素を見たときかを出力してください。 ただし条件を満たす要素が存在しない場合は -1 を出力してください。 制約 1 \leq N \leq 2 \times 10^5 1 \leq Q \leq 2 \times 10^5 0 \leq a_i \leq 10^9 (1 \leq i \leq N) 0 \leq x_i \leq 10^9 (1 \leq i \leq Q) 1 \leq k_i \leq N (1 \leq i \leq Q) 入力はすべて整数である。 入力 入力は以下の形式で標準入力から与えられる。 N Q a_1 a_2 \dots a_N x_1 k_1 x_2 k_2 \vdots x_Q k_Q 出力 Q 行出力せよ。 i 行目ではクエリ i に対する答えを出力せよ。 入力例 1 6 8 1 1 2 3 1 2 1 1 1 2 1 3 1 4 2 1 2 2 2 3 4 1 出力例 1 1 2 5 -1 3 6 -1 -1 A の中で 1 は a_1, a_2, a_5 に登場します。よって、クエリ 1 からクエリ 4 の答えは順に 1, 2, 5, -1 となります。 入力例 2 3 2 0 1000000000 999999999 1000000000 1 123456789 1 出力例 2 2 -1",300.0,
atcoder,abc,public_sponsored_abc,hhkb,abc235,HHKB プログラミングコンテスト 2022（AtCoder Beginner Contest 235）,2022,,1642248000.0,2022.0,abc235_d,D,Multiply and Rotate,D. Multiply and Rotate,862.0,7644,"['bfs', 'graph theory', 'shortest path', 'number theory', 'string', 'search']",6,https://atcoder.jp/contests/abc235/tasks/abc235_d,https://atcoder-tagged-backend.onrender.com/problems/all,2.3.0-sponsor-abc-kenkoooo-diff,ja,2026-06-04T18:46:05.900291+00:00,45.076,1126.0,"配点 : 400 点 問題文 正の整数 a があります。また、黒板に 1 個の数が 10 進表記で書かれています。 黒板に現在書かれている数を x としたとき、高橋君は次のいずれかの操作を行い、黒板に書かれている数を変化させることができます。 x を消し、 x を a 倍した数を 10 進表記で新たに書きこむ。 x を文字列とみなして、列の末尾の数字を文字列の先頭に移動させる。 ただし、この操作は x \geq 10 かつ x が 10 で割り切れないときにしか行えない。 たとえば a = 2, x = 123 であるとき、高橋君は次のいずれかの操作を行うことができます。 x を消して、 x \times a = 123 \times 2 = 246 を新たに書きこむ。 x を文字列とみなして、 123 の末尾の数字である 3 を先頭に移動させる。黒板に書かれている数は 123 から 312 に変化する。 はじめ、黒板には 1 が書かれています。書かれている数を N に変化させるには最小で何回の操作が必要ですか？ただし、どのように操作しても書かれている数を N に変化させられない場合は -1 を出力してください。 制約 2 \leq a \lt 10^6 2 \leq N \lt 10^6 入力はすべて整数である。 入力 入力は以下の形式で標準入力から与えられる。 a N 出力 答えを出力せよ。 入力例 1 3 72 出力例 1 4 以下に説明する操作を行うことで、 黒板に書かれている数を 4 回で 1 から 72 に変化させることができます。 1 つ目の操作を行う。黒板に書かれている数は 1 \to 3 に変わる。 1 つ目の操作を行う。黒板に書かれている数は 3 \to 9 に変わる。 1 つ目の操作を行う。黒板に書かれている数は 9 \to 27 に変わる。 2 つ目の操作を行う。黒板に書かれている数は 27 \to 72 に変わる。 3 回以下の操作で 72 に変化させることはできないため、答えは 4 になります。 入力例 2 2 5 出力例 2 -1 どのように操作しても黒板に書かれている数を 5 に変化させることはできません。 入力例 3 2 611 出力例 3 12 適切に操作を選ぶことで、 1 \to 2 \to 4 \to 8 \to 16 \to 32 \to 64 \to 46 \to 92 \to 29 \to 58 \to 116 \to 611 と 12 回の操作で黒板に書かれている数を 611 に変化させることができ、これが最小です。 入力例 4 2 767090 出力例 4 111",400.0,
atcoder,abc,public_sponsored_abc,hhkb,abc235,HHKB プログラミングコンテスト 2022（AtCoder Beginner Contest 235）,2022,,1642248000.0,2022.0,abc235_e,E,MST + 1,E. MST + 1,1304.0,5092,"['minimum spanning tree', 'kruskal', 'dsu', 'parallel processing']",4,https://atcoder.jp/contests/abc235/tasks/abc235_e,https://atcoder-tagged-backend.onrender.com/problems/all,2.3.0-sponsor-abc-kenkoooo-diff,ja,2026-06-04T18:46:05.900291+00:00,53.799,1720.0,"配点 : 500 点 問題文 N 頂点 M 辺の重み付き無向連結グラフ G が与えられます。 G には自己ループや多重辺が含まれている可能性があります。 頂点には頂点 1 , 頂点 2 , \dots , 頂点 N と番号がついています。 辺には辺 1 , 辺 2 , \dots , 辺 M と番号がついています。辺 i は頂点 a_i と頂点 b_i を結ぶ重み c_i の辺です。ここで、 1 \leq i \lt j \leq M を満たすすべての整数の組 (i, j) について c_i \neq c_j が成り立ちます。 以下で説明される Q 個のクエリに答えてください。 i 番目のクエリでは整数の組 (u_i, v_i, w_i) が与えられます。ここで、 1 \leq j \leq M を満たすすべての整数 j について w_i \neq c_j が成り立ちます。 頂点 u_i と頂点 v_i を結ぶ重み w_i の無向辺を e_i として、 G に e_i を追加してできるグラフ G_i を考えます。 このとき G_i の最小全域木 T_i は一意に定まることが証明できますが、 T_i に e_i は含まれるでしょうか？答えを Yes あるいは No で出力してください。 ここで、クエリの前後で G は変化しないことに注意してください。言い換えると、クエリ i で G に e_i を追加したグラフを考えたとしても、他のクエリで出てくる G に e_i が追加されていることはありません。 最小全域木とは？ G の 全域木 とは、 G に含まれるすべての頂点と G に含まれる辺の一部からなる木のことを言います。 G の 最小全域木 とは、 G の全域木の中で辺の重みの和が最小である木のことを言います。 制約 2 \leq N \leq 2 \times 10^5 N - 1 \leq M \leq 2 \times 10^5 1 \leq a_i \leq N (1 \leq i \leq M) 1 \leq b_i \leq N (1 \leq i \leq M) 1 \leq c_i \leq 10^9 (1 \leq i \leq M) c_i \neq c_j (1 \leq i \lt j \leq M) グラフ G は連結である。 1 \leq Q \leq 2 \times 10^5 1 \leq u_i \leq N (1 \leq i \leq Q) 1 \leq v_i \leq N (1 \leq i \leq Q) 1 \leq w_i \leq 10^9 (1 \leq i \leq Q) w_i \neq c_j (1 \leq i \leq Q, 1 \leq j \leq M) 入力はすべて整数である。 入力 入力は以下の形式で標準入力から与えられる。 N M Q a_1 b_1 c_1 a_2 b_2 c_2 \vdots a_M b_M c_M u_1 v_1 w_1 u_2 v_2 w_2 \vdots u_Q v_Q w_Q 出力 Q 行出力せよ。 i 行目ではクエリ i への答えを Yes または No で出力せよ。 入力例 1 5 6 3 1 2 2 2 3 3 1 3 6 2 4 5 4 5 9 3 5 8 1 3 1 3 4 7 3 5 7 出力例 1 Yes No Yes 以下では頂点 u と頂点 v を結ぶ重み w の無向辺を (u,v,w) と表します。 G を図に表したものを以下に挙げます。 たとえばクエリ 1 では G に e_1 = (1,3,1) を追加したグラフ G_1 を考えます。 G_1 の最小全域木 T_1 の辺集合は \lbrace (1,2,2),(1,3,1),(2,4,5),(3,5,8) \rbrace であり e_1 を含みます。よって Yes を出力します。 入力例 2 2 3 2 1 2 100 1 2 1000000000 1 1 1 1 2 2 1 1 5 出力例 2 Yes No",500.0,
atcoder,abc,public_sponsored_abc,hhkb,abc235,HHKB プログラミングコンテスト 2022（AtCoder Beginner Contest 235）,2022,,1642248000.0,2022.0,abc235_f,F,Variety of Digits,F. Variety of Digits,2129.0,1653,"['digit dp', 'bitmask dp', 'dp']",3,https://atcoder.jp/contests/abc235/tasks/abc235_f,https://atcoder-tagged-backend.onrender.com/problems/all,2.3.0-sponsor-abc-kenkoooo-diff,ja,2026-06-04T18:46:05.900291+00:00,70.081,646.0,"配点 : 500 点 問題文 M 個の数字 C_i が与えられます。 1 以上 N 以下の整数のうち、先頭に余分な 0 をつけずに 10 進法で表した時に C_1,\ldots,C_M を全て含むようなもの全ての和を、 998244353 で割った余りを求めてください。 制約 1 \leq N < 10^{10^4} 1 \leq M \leq 10 0 \leq C_1 < \ldots < C_M \leq 9 入力に含まれる値は全て整数である 入力 入力は以下の形式で標準入力から与えられる。 N M C_1 \ldots C_M 出力 答えを出力せよ。 入力例 1 104 2 0 1 出力例 1 520 1 以上 104 以下の整数のうち、 10 進法で表した時に 0 , 1 を共に含むようなものは、 10,100,101,102,103,104 の 6 個あります。 これらの和は 520 です。 入力例 2 999 4 1 2 3 4 出力例 2 0 1 以上 999 以下の整数で、 1 , 2 , 3 , 4 を全て含むようなものは存在しません。 入力例 3 1234567890123456789012345678901234567890123456789012345678901234567890123456789012345678901234567890 5 0 2 4 6 8 出力例 3 397365274 998244353 で割った余りを求めてください。",500.0,
atcoder,abc,public_sponsored_abc,hhkb,abc235,HHKB プログラミングコンテスト 2022（AtCoder Beginner Contest 235）,2022,,1642248000.0,2022.0,abc235_g,G,Gardens,G. Gardens,2462.0,974,"['inclusion exclusion', 'combinatorics', 'dp', 'modular arithmetic']",4,https://atcoder.jp/contests/abc235/tasks/abc235_g,https://atcoder-tagged-backend.onrender.com/problems/all,2.3.0-sponsor-abc-kenkoooo-diff,ja,2026-06-04T18:46:05.900291+00:00,76.653,728.0,"配点 : 600 点 問題文 高橋君は A 株のリンゴの苗、 B 株のバナナの苗、 C 株のサクランボの苗を持っています。同じ種類の苗は区別できません。 N 園の庭を持っている高橋君は、次の条件をすべて満たすように持っている苗を植えることにしました。 すべての庭に少なくとも 1 株以上の苗を植える。 1 つの庭に同じ種類の果物の苗を 2 株以上植えてはいけない。 持っているすべての苗を植える必要はない。 条件を満たす植え方は何通りありますか？答えを 998244353 で割ったあまりを求めてください。 ただし、植え方が異なるとは、ある庭が存在して、片方の植え方でその庭に植えられた果物の苗の集合がもう片方と異なることをいいます。 制約 1 \leq N \leq 5 \times 10^6 0 \leq A \leq N 0 \leq B \leq N 0 \leq C \leq N 入力はすべて整数である。 入力 入力は以下の形式で標準入力から与えられる。 N A B C 出力 答えを出力せよ。 入力例 1 2 2 1 1 出力例 1 21 条件を満たす植え方は 21 通りあり、図示すると以下のようになります。 (縦に並んだ 2 つの枠が庭で、 A,B,C はそれぞれリンゴの苗、バナナの苗、サクランボの苗を意味しています。) 入力例 2 2 0 0 0 出力例 2 0 条件を満たす植え方が存在しない場合もあります。 入力例 3 2 0 2 2 出力例 3 9 入力例 4 100 12 34 56 出力例 4 769445780 入力例 5 5000000 2521993 2967363 3802088 出力例 5 264705492",600.0,
atcoder,abc,public_sponsored_abc,hhkb,abc235,HHKB プログラミングコンテスト 2022（AtCoder Beginner Contest 235）,2022,,1642248000.0,2022.0,abc235_h,Ex,Painting Weighted Graph,Ex. Painting Weighted Graph,2967.0,313,"['minimum spanning tree', 'dp on trees', 'dp', 'dsu', 'polynomial']",5,https://atcoder.jp/contests/abc235/tasks/abc235_h,https://atcoder-tagged-backend.onrender.com/problems/all,2.3.0-sponsor-abc-kenkoooo-diff,ja,2026-06-04T18:46:05.900291+00:00,86.619,794.0,"配点 : 600 点 問題文 N 頂点 M 辺の無向グラフが与えられます。 i 番目の辺は頂点 A_i と B_i を結び、重みは C_i です。 最初、全ての頂点は黒く塗られています。あなたは、次の操作を高々 K 回行うことができます。 操作：頂点 v と整数 x を自由に選ぶ。頂点 v から重み x 以下の辺のみを通って到達可能な頂点全て( v 自身を含む)を赤く塗る 操作後に赤く塗られている頂点の集合として考えられるものは何通りありますか？ 998244353 で割ったあまりを求めてください。 制約 2 \leq N \leq 10^5 0 \leq M \leq 10^5 1 \leq K \leq 500 1 \leq A_i,B_i \leq N 1 \leq C_i \leq 10^9 入力に含まれる値は全て整数である 入力 入力は以下の形式で標準入力から与えられる。 N M K A_1 B_1 C_1 \vdots A_M B_M C_M 出力 答えを出力せよ。 入力例 1 3 2 1 1 2 1 2 3 2 出力例 1 6 例えば (v,x)=(2,1) と選んで操作を行うと、頂点 1,2 を赤く塗ることができ、 (v,x)=(1,0) と選んで操作を行うと、頂点 1 を赤く塗ることができます。 高々 1 回の操作の後で赤く塗られている頂点の集合としてあり得るものは \{\},\{1\},\{2\},\{3\},\{1,2\},\{1,2,3\} の 6 つです。 入力例 2 5 0 2 出力例 2 16 与えられるグラフは連結とは限りません。 入力例 3 6 8 2 1 2 1 2 3 2 3 4 3 4 5 1 5 6 2 6 1 3 1 2 10 1 1 100 出力例 3 40 与えられるグラフは多重辺や自己ループを持つかもしれません。",600.0,
atcoder,abc,public_sponsored_abc,denso,abc239,デンソークリエイトプログラミングコンテスト2022（AtCoder Beginner Contest 239）,2022,,1645272000.0,2022.0,abc239_a,A,Horizon,A. Horizon,-788.0,14028,"['math', 'implementation', 'data types']",3,https://atcoder.jp/contests/abc239/tasks/abc239_a,https://atcoder-tagged-backend.onrender.com/problems/all,2.3.0-sponsor-abc-kenkoooo-diff,ja,2026-06-04T18:46:05.900291+00:00,12.512,420.0,配点 : 100 点 問題文 地上 x メートルの高さから見える水平線は \sqrt{x(12800000+x)} メートル先にあるとするとき、 地上 H メートルの高さから見える水平線が何メートル先にあるか求めてください。 制約 1 \leq H \leq 10^5 H は整数である 入力 入力は以下の形式で標準入力から与えられる。 H 出力 答えを出力せよ。 なお、想定解との絶対誤差または相対誤差が 10^{-6} 以下であれば、正解として扱われる。 入力例 1 333 出力例 1 65287.907678222 \sqrt{333(12800000+333)} = 65287.9076782\ldots です。 65287.91 などの出力でも正解となります。 入力例 2 634 出力例 2 90086.635834623 \sqrt{634(12800000+634)} = 90086.6358346\ldots です。,100.0,
atcoder,abc,public_sponsored_abc,denso,abc239,デンソークリエイトプログラミングコンテスト2022（AtCoder Beginner Contest 239）,2022,,1645272000.0,2022.0,abc239_b,B,Integer Division,B. Integer Division,-378.0,12468,"['math', 'implementation']",2,https://atcoder.jp/contests/abc239/tasks/abc239_b,https://atcoder-tagged-backend.onrender.com/problems/all,2.3.0-sponsor-abc-kenkoooo-diff,ja,2026-06-04T18:46:05.900291+00:00,20.604,1189.0,"配点 : 200 点 問題文 -10^{18} 以上 10^{18} 以下の整数 X が与えられるので、 \left\lfloor \dfrac{X}{10} \right\rfloor を出力してください。 注記 実数 x に対して、「 x 以下の整数の中で最大の整数」を \left\lfloor x \right\rfloor と表します。たとえば \left\lfloor 4.7 \right\rfloor = 4, \left\lfloor -2.4 \right\rfloor = -3, \left\lfloor 5 \right\rfloor = 5 のようになります。(詳しくは入出力例にある説明を参考にしてください。) 制約 -10^{18} \leq X \leq 10^{18} 入力はすべて整数である。 入力 入力は以下の形式で標準入力から与えられる。 X 出力 \left\lfloor \frac{X}{10} \right\rfloor を出力せよ。整数として出力する必要があることに注意せよ。 入力例 1 47 出力例 1 4 \frac{47}{10} = 4.7 以下の整数は、すべての負の整数および 0, 1, 2, 3, 4 です。この中で一番大きい整数は 4 なので、 \left\lfloor \frac{47}{10} \right\rfloor = 4 となります。 入力例 2 -24 出力例 2 -3 \frac{-24}{10} = -2.4 以下の整数の中で一番大きい整数は -3 なので、 \left\lfloor \frac{-24}{10} \right\rfloor = -3 となります。 -2 は -2.4 よりも大きいので、条件を満たさないことに注意してください。 入力例 3 50 出力例 3 5 \frac{50}{10} = 5 以下の整数の中で一番大きい整数は 5 自身です。よって \left\lfloor \frac{50}{10} \right\rfloor = 5 となります。 入力例 4 -30 出力例 4 -3 上の例と同様に \left\lfloor \frac{-30}{10} \right\rfloor = -3 となります。 入力例 5 987654321987654321 出力例 5 98765432198765432 答えは 98765432198765432 となります。すべての桁が正しく合っているか確認しましょう。 なお、もしも自分で書いたプログラムが想定通りの挙動をしない場合は、使用しているプログラミング言語の仕様を調べてみることを推奨します。 また、自分の書いたコードがどのように動作するかを確認したい場合は問題文上部の「コードテスト」をご利用ください。",200.0,
atcoder,abc,public_sponsored_abc,denso,abc239,デンソークリエイトプログラミングコンテスト2022（AtCoder Beginner Contest 239）,2022,,1645272000.0,2022.0,abc239_c,C,Knight Fork,C. Knight Fork,119.0,10534,"['geometry', 'euclidean distance', 'lattice points', 'brute force', 'observation']",5,https://atcoder.jp/contests/abc239/tasks/abc239_c,https://atcoder-tagged-backend.onrender.com/problems/all,2.3.0-sponsor-abc-kenkoooo-diff,ja,2026-06-04T18:46:05.900291+00:00,30.412,972.0,"配点 : 300 点 問題文 xy 座標平面上の 2 つの格子点 (x_1, y_1), (x_2, y_2) からの距離がともに \sqrt{5} である格子点は存在しますか？ 注記 xy 座標平面上にある点のうち、 x 座標と y 座標がともに整数である点を格子点と呼びます。 また、 xy 平面上の 2 点 (a, b), (c, d) の距離をユークリッド距離 \sqrt{(a - c)^2 + (b-d)^2} として定義します。 参考として、 xy 平面の (0, 0) の上に黒丸を、 (0, 0) からの距離が \sqrt{5} となる格子点の上に白丸を書いた図は以下のようになります。( x,y いずれかが整数となる部分に目盛り線を引いています。) 制約 -10^9 \leq x_1 \leq 10^9 -10^9 \leq y_1 \leq 10^9 -10^9 \leq x_2 \leq 10^9 -10^9 \leq y_2 \leq 10^9 (x_1, y_1) \neq (x_2, y_2) 入力はすべて整数である。 入力 入力は以下の形式で標準入力から与えられる。 x_1 y_1 x_2 y_2 出力 条件を満たす格子点が存在する場合は Yes を、存在しない場合は No を出力せよ。 入力例 1 0 0 3 3 出力例 1 Yes 点 (2,1) と (x_1, y_1) の距離は \sqrt{(0-2)^2 + (0-1)^2} = \sqrt{5} 点 (2,1) と (x_2, y_2) の距離は \sqrt{(3-2)^2 + (3-1)^2} = \sqrt{5} 点 (2, 1) は格子点 なので点 (2, 1) は条件を満たします。よって Yes を出力します。 なお、点 (1, 2) も条件を満たすことが同様にして確認できます。 入力例 2 0 1 2 3 出力例 2 No 条件を満たす格子点は存在しません。よって No を出力します。 入力例 3 1000000000 1000000000 999999999 999999999 出力例 3 Yes 点 (10^9 + 1, 10^9 - 2) および点 (10^9 - 2, 10^9 + 1) が条件を満たします。",300.0,
atcoder,abc,public_sponsored_abc,denso,abc239,デンソークリエイトプログラミングコンテスト2022（AtCoder Beginner Contest 239）,2022,,1645272000.0,2022.0,abc239_d,D,Prime Sum Game,D. Prime Sum Game,215.0,9957,"['brute force', 'game theory', 'number theory', 'primality test']",4,https://atcoder.jp/contests/abc239/tasks/abc239_d,https://atcoder-tagged-backend.onrender.com/problems/all,2.3.0-sponsor-abc-kenkoooo-diff,ja,2026-06-04T18:46:05.900291+00:00,32.307,481.0,配点 : 400 点 問題文 高橋君と青木君が次のようなゲームをします。 まず、高橋君が A 以上 B 以下の好きな整数を選び、青木君に伝える 次に、青木君が C 以上 D 以下の好きな整数を選ぶ 二人の選んだ整数の和が素数なら青木君の勝ち、そうでなければ高橋君の勝ち 二人が最適な戦略を取るとき、どちらが勝ちますか？ 制約 1 \leq A \leq B \leq 100 1 \leq C \leq D \leq 100 入力に含まれる値は全て整数である 入力 入力は以下の形式で標準入力から与えられる。 A B C D 出力 二人が最適な戦略をとったとき、高橋君が勝つなら Takahashi 、青木君が勝つなら Aoki を出力せよ。 入力例 1 2 3 3 4 出力例 1 Aoki 例えば高橋君が 2 を選んだときは、青木君は 3 を選ぶことで、和を素数である 5 にすることができます。 入力例 2 1 100 50 60 出力例 2 Takahashi 最適な戦略を取ると高橋君が必ず勝ちます。 入力例 3 3 14 1 5 出力例 3 Aoki,400.0,
atcoder,abc,public_sponsored_abc,denso,abc239,デンソークリエイトプログラミングコンテスト2022（AtCoder Beginner Contest 239）,2022,,1645272000.0,2022.0,abc239_e,E,Subtree K-th Max,E. Subtree K-th Max,1084.0,5944,"['dfs', 'implementation', 'tree', 'dp on trees']",4,https://atcoder.jp/contests/abc239/tasks/abc239_e,https://atcoder-tagged-backend.onrender.com/problems/all,2.3.0-sponsor-abc-kenkoooo-diff,ja,2026-06-04T18:46:05.900291+00:00,49.457,895.0,"配点 : 500 点 問題文 N 頂点の根付き木があります。頂点には 1 から N の番号がついており、根は頂点 1 です。 i 番目の辺は頂点 A_i と B_i を結んでいます。 頂点 i には整数 X_i が書かれています。 Q 個のクエリが与えられます。 i 番目のクエリでは整数の組 (V_i,K_i) が与えられるので、次の問題に答えてください。 問題：頂点 V_i の部分木に含まれる頂点に書かれた整数のうち、大きい方から K_i 番目の値を求めよ 制約 2 \leq N \leq 10^5 0\leq X_i\leq 10^9 1\leq A_i,B_i\leq N 1\leq Q \leq 10^5 1\leq V_i\leq N 1\leq K_i\leq 20 与えられるグラフは木である 頂点 V_i の部分木は頂点を K_i 個以上持つ 入力に含まれる値は全て整数である 入力 入力は以下の形式で標準入力から与えられる。 N Q X_1 \ldots X_N A_1 B_1 \vdots A_{N-1} B_{N-1} V_1 K_1 \vdots V_Q K_Q 出力 Q 行出力せよ。 i 行目には i 番目のクエリに対する答えを出力せよ。 入力例 1 5 2 1 2 3 4 5 1 4 2 1 2 5 3 2 1 2 2 1 出力例 1 4 5 この入力において与えられる木は下図のようなものです。 1 番目のクエリでは、頂点 1 の部分木に含まれる頂点 1,2,3,4,5 に書かれた数のうち大きい方から 2 番目である 4 を出力します。 2 番目のクエリでは、頂点 2 の部分木に含まれる頂点 2,3,5 に書かれた数のうち大きい方から 1 番目である 5 を出力します。 入力例 2 6 2 10 10 10 9 8 8 1 4 2 1 2 5 3 2 6 4 1 4 2 2 出力例 2 9 10 入力例 3 4 4 1 10 100 1000 1 2 2 3 3 4 1 4 2 3 3 2 4 1 出力例 3 1 10 100 1000",500.0,
atcoder,abc,public_sponsored_abc,denso,abc239,デンソークリエイトプログラミングコンテスト2022（AtCoder Beginner Contest 239）,2022,,1645272000.0,2022.0,abc239_f,F,Construct Highway,F. Construct Highway,1959.0,1994,"['graph theory', 'tree', 'degree', 'connected components', 'greedy', 'dsu']",6,https://atcoder.jp/contests/abc239/tasks/abc239_f,https://atcoder-tagged-backend.onrender.com/problems/all,2.3.0-sponsor-abc-kenkoooo-diff,ja,2026-06-04T18:46:05.900291+00:00,66.726,849.0,"配点 : 500 点 問題文 Atcoder 国には 1 から N の番号がついた N 個の街と 1 から M の番号がついた M 個の高速道路があります。 高速道路 i は街 A_i と街 B_i を双方向に結んでいます。 国王の高橋君は、新たに N-M-1 本の高速道路を建設し、次の 2 つの条件をともに満たそうとしています。 すべての街同士は、高速道路をいくつか通って互いに行き来できる 各 i=1,\ldots,N について、街 i はちょうど D_i 本の高速道路と直接つながっている 条件を満たすような建設方法が存在するか判定し、存在するなら 1 つ出力してください。 制約 2 \leq N \leq 2\times 10^5 0 \leq M \lt N-1 1 \leq D_i \leq N-1 1\leq A_i \lt B_i \leq N i\neq j ならば、 (A_i, B_i) \neq (A_j,B_j) 入力に含まれる値は全て整数である 入力 入力は以下の形式で標準入力から与えられる。 N M D_1 \ldots D_N A_1 B_1 \vdots A_M B_M 出力 条件を満たすような建設方法が存在しないとき -1 を出力せよ。 存在するとき、 N-M-1 行出力せよ。 i 行目には、 i 番目に建設する高速道路が結ぶ 2 つの街の番号を空白区切りで出力せよ。 入力例 1 6 2 1 2 1 2 2 2 2 3 1 4 出力例 1 6 2 5 6 4 5 出力例のように、街 6 と 2 、街 5 と 6 、街 4 と 5 をそれぞれ結ぶ高速道路を建設すると条件を満たすことができます。 この他にも、例えば 街 6 と 4 、街 5 と 6 、街 2 と 5 を結ぶような高速道路を建設しても条件を満たすことができます。 入力例 2 5 1 1 1 1 1 4 2 3 出力例 2 -1 入力例 3 4 0 3 3 3 3 出力例 3 -1",500.0,
atcoder,abc,public_sponsored_abc,denso,abc239,デンソークリエイトプログラミングコンテスト2022（AtCoder Beginner Contest 239）,2022,,1645272000.0,2022.0,abc239_g,G,Builder Takahashi,G. Builder Takahashi,2215.0,1336,"['min cut', 'max flow', 'vertex', 'flow']",4,https://atcoder.jp/contests/abc239/tasks/abc239_g,https://atcoder-tagged-backend.onrender.com/problems/all,2.3.0-sponsor-abc-kenkoooo-diff,ja,2026-06-04T18:46:05.900291+00:00,71.778,1293.0,"配点 : 600 点 問題文 N 頂点 M 辺の単純連結無向グラフがあります。 頂点には頂点 1 , 頂点 2 , \dots , 頂点 N と番号が振られています。 辺には 辺 1 , 辺 2 , \dots , 辺 M と番号が振られています。辺 i は頂点 a_i と頂点 b_i を双方向に結んでいます。また、頂点 1 と頂点 N を直接結ぶ辺は存在しません。 各頂点の状態は「何もない頂点」か「壁がある頂点」のいずれかです。はじめ、全ての頂点は何もない頂点です。 青木君は頂点 1 を出発して、グラフ上を辺に沿って移動して頂点 N へ行こうとしています。ただし、壁がある頂点への移動を行うことはできません。 高橋君は、青木君が移動を開始する前にいくつかの頂点を選んで壁を建てることで、青木君がどのように移動しても頂点 N へ行くことができないようにすることにしました。 高橋君が頂点 i に壁を建てるには c_i 円を払う必要があります。また、 頂点 1 および頂点 N には壁を建てられません。 高橋君が条件を満たすように壁を建てるときに最小で何円払う必要があるでしょうか。また、その時の壁の立て方を 1 つ出力してください。 制約 3 \leq N \leq 100 N - 1 \leq M \leq \frac{N(N-1)}{2} - 1 1 \leq a_i \lt b_i \leq N (1 \leq i \leq M) (a_i, b_i) \neq (1, N) 与えられるグラフは単純かつ連結である。 1 \leq c_{i} \leq 10^9 (2 \leq i \leq N-1) c_1 = c_N = 0 入力はすべて整数である。 入力 入力は以下の形式で標準入力から与えられる。 N M a_1 b_1 a_2 b_2 \vdots a_M b_M c_1 c_2 \dots c_N 出力 以下の形式に従って出力せよ。ここで、 C,k,p_i は次に定める通りとする。 C は高橋君が支払う金額 k は高橋君が壁を建てる頂点の個数 (p_1,p_2,\dots,p_k) は高橋君が壁を建てる頂点からなる列 C k p_1 p_2 \dots p_k 最小の金額で条件を満たす建て方が複数存在する場合はどれを出力してもよい。 入力例 1 5 5 1 2 2 3 3 5 2 4 4 5 0 8 3 4 0 出力例 1 7 2 3 4 高橋君が 3 + 4 = 7 円を払って頂点 3 , 頂点 4 に壁を建てると青木君は頂点 1 から頂点 5 へ行くことができなくなります。 これより少ない金額で条件を満たすことはできないので 7 円が答えとなります。 入力例 2 3 2 1 2 2 3 0 1 0 出力例 2 1 1 2 入力例 3 5 9 1 2 1 3 1 4 2 3 2 4 2 5 3 4 3 5 4 5 0 1000000000 1000000000 1000000000 0 出力例 3 3000000000 3 2 3 4",600.0,
atcoder,abc,public_sponsored_abc,denso,abc239,デンソークリエイトプログラミングコンテスト2022（AtCoder Beginner Contest 239）,2022,,1645272000.0,2022.0,abc239_h,Ex,Dice Product 2,Ex. Dice Product 2,2686.0,714,"['dp', 'expectation', 'modular arithmetic', 'math', 'memoization']",5,https://atcoder.jp/contests/abc239/tasks/abc239_h,https://atcoder-tagged-backend.onrender.com/problems/all,2.3.0-sponsor-abc-kenkoooo-diff,ja,2026-06-04T18:46:05.900291+00:00,81.074,890.0,"配点 : 600 点 問題文 すぬけ君は 1 以上 N 以下の整数が等確率で出るサイコロと整数 1 を持っています。 すぬけ君は持っている数が M 以下である間、次の操作を繰り返します。 サイコロを振り、出た目を x とする。持っている数に x を掛ける。 操作を終了するまでにすぬけ君がサイコロを振った回数の期待値を \text{mod } 10^9+7 で求めてください。 期待値 \pmod{10^9+7} の定義 求める期待値は必ず有理数になることが証明できます。また、この問題の制約のもとでは、その値を既約分数 \frac{P}{Q} で表した時、 Q \not\equiv 0 \pmod{10^9+7} となることも証明できます。よって、 R \times Q \equiv P \pmod{10^9+7}, 0 \leq R \lt 10^9+7 を満たす整数 R が一意に定まります。 この R を答えてください。 制約 2 \leq N \leq 10^9 1 \leq M \leq 10^9 入力 入力は以下の形式で標準入力から与えられる。 N M 出力 答えを出力せよ。 入力例 1 2 1 出力例 1 2 答えはサイコロで 2 が出るまでにサイコロを振る回数の期待値になります。よって 2 を出力します。 入力例 2 2 39 出力例 2 12 答えはサイコロで 2 が 6 回出るまでにサイコロを振る回数の期待値になります。よって 12 を出力します。 入力例 3 3 2 出力例 3 250000004 答えは \frac{9}{4} です。 4 \times 250000004 \equiv 9 \pmod{10^9+7} なので 250000004 を出力します。 \bf{10^9 + 7 = 1000000007} で \mathrm{mod} を取る必要があるのに注意してください。 入力例 4 2392 39239 出力例 4 984914531 入力例 5 1000000000 1000000000 出力例 5 776759630",600.0,
atcoder,abc,public_sponsored_abc,panasonic,abc241,AtCoder Beginner Contest 241（Sponsored by Panasonic）,2022,,1645876800.0,2022.0,abc241_a,A,Digit Machine,A. Digit Machine,-923.0,16270,"['simulation', 'implementation', 'array']",3,https://atcoder.jp/contests/abc241/tasks/abc241_a,https://atcoder-tagged-backend.onrender.com/problems/all,2.3.0-sponsor-abc-kenkoooo-diff,ja,2026-06-04T18:46:05.900291+00:00,9.848,454.0,配点 : 100 点 問題文 1 桁の数字が表示される画面と、ボタンからなる機械があります。 画面に数字 k が表示されているとき、ボタンを 1 回押すと画面の数字が a_k に変わります。 0 が表示されている状態からボタンを 3 回押すと、画面には何が表示されますか？ 制約 0\leq a_i \leq 9 入力は全て整数である 入力 入力は以下の形式で標準入力から与えられる。 a_0 a_1 \dots a_9 出力 答えを出力せよ。 入力例 1 9 0 1 2 3 4 5 6 7 8 出力例 1 7 画面に表示される数字は、 0 \rightarrow 9 \rightarrow 8 \rightarrow 7 と変化します。 入力例 2 4 8 8 8 0 8 8 8 8 8 出力例 2 4 画面に表示される数字は、 0 \rightarrow 4 \rightarrow 0 \rightarrow 4 と変化します。 入力例 3 0 0 0 0 0 0 0 0 0 0 出力例 3 0,100.0,
atcoder,abc,public_sponsored_abc,panasonic,abc241,AtCoder Beginner Contest 241（Sponsored by Panasonic）,2022,,1645876800.0,2022.0,abc241_b,B,Pasta,B. Pasta,-503.0,14997,"['counting', 'implementation', 'matching']",3,https://atcoder.jp/contests/abc241/tasks/abc241_b,https://atcoder-tagged-backend.onrender.com/problems/all,2.3.0-sponsor-abc-kenkoooo-diff,ja,2026-06-04T18:46:05.900291+00:00,18.137,663.0,配点 : 200 点 問題文 高橋君の家には N 本の麺からなるパスタがあり、 i 本目の麺の長さは A_i です。 高橋君はこれから M 日間の食事計画を立てており、 i 日目にはパスタの麺のうち長さがちょうど B_i であるようなものを 1 本選び、食べようと考えています。 もし、 1 日目から M 日目の間に 1 日でもそのような麺が無い日があれば、食事計画は失敗となります。 また、同じ麺を複数の日に食べることはできません。 高橋君が食事計画を最後まで実行することは可能ですか？ 制約 1 \leq M \leq N \leq 1000 1 \leq A_i \leq 10^9 1 \leq B_i \leq 10^9 入力はすべて整数である。 入力 入力は以下の形式で標準入力から与えられる。 N M A_1 A_2 \ldots A_N B_1 B_2 \ldots B_M 出力 高橋君が食事計画を最後まで実行できる場合は Yes を、そうでない場合は No を出力せよ。 入力例 1 3 2 1 1 3 3 1 出力例 1 Yes 1 日目に 3 本目の麺を、 2 日目に 1 本目の麺を食べれば良いので、高橋君の食事計画は実行可能です。 入力例 2 1 1 1000000000 1 出力例 2 No 長さがちょうど 1 の麺が存在する必要があります。 入力例 3 5 2 1 2 3 4 5 5 5 出力例 3 No 長さが 5 の麺は 1 本しか存在しないため、 2 日目に食事をとる事が出来ません。,200.0,
atcoder,abc,public_sponsored_abc,panasonic,abc241,AtCoder Beginner Contest 241（Sponsored by Panasonic）,2022,,1645876800.0,2022.0,abc241_c,C,Connect 6,C. Connect 6,664.0,9400,"['grid', 'brute force', 'enumeration', 'implementation', '2d array']",5,https://atcoder.jp/contests/abc241/tasks/abc241_c,https://atcoder-tagged-backend.onrender.com/problems/all,2.3.0-sponsor-abc-kenkoooo-diff,ja,2026-06-04T18:46:05.900291+00:00,41.168,936.0,"配点 : 300 点 問題文 N 行 N 列のマス目があり、それぞれのマスは白または黒で塗られています。 マス目の状態は N 個の文字列 S_i で表され、 S_i の j 文字目が # であることはマス目の上から i 行目、左から j 列目のマスが黒く塗られていることを、 . であることは白く塗られていることをさします。 高橋君はこのマス目のうち高々 2 つの白く塗られているマスを選び、黒く塗ることができます。 マス目の中に、黒く塗られたマスが縦、横、ななめのいずれかの向きに 6 つ以上連続するようにできるか判定してください。 ただし、黒く塗られたマスがななめに 6 つ以上連続するとは、 N 行 N 列のマス目に完全に含まれる 6 行 6 列のマス目であって、その少なくとも一方の対角線上のマスがすべて黒く塗られているようなものが存在する事をさします。 制約 6 \leq N \leq 1000 \lvert S_i\rvert =N S_i は # と . のみからなる。 入力 入力は以下の形式で標準入力から与えられる。 N S_1 S_2 \vdots S_N 出力 高々 2 つのマス目を黒く塗ることで条件をみたすようにできるなら Yes を、そうでないならば No を出力せよ。 入力例 1 8 ........ ........ .#.##.#. ........ ........ ........ ........ ........ 出力例 1 Yes 上から 3 行目の左から 3 , 6 番目のマスを塗ることで横方向に 6 つの黒く塗られたマスを連続させることができます。 入力例 2 6 ###### ###### ###### ###### ###### ###### 出力例 2 Yes 高橋君はマス目を新たに黒く塗ることはできませんが、すでにこのマス目は条件をみたしています。 入力例 3 10 .......... #..##..... .......... .......... ....#..... ....#..... .#...#..#. .......... .......... .......... 出力例 3 No",300.0,
atcoder,abc,public_sponsored_abc,panasonic,abc241,AtCoder Beginner Contest 241（Sponsored by Panasonic）,2022,,1645876800.0,2022.0,abc241_d,D,Sequence Query,D. Sequence Query,1177.0,7331,"['data structure', 'order statistic tree', 'multiset', 'binary indexed tree', 'segment tree', 'binary search', 'coordinate compression', 'query']",8,https://atcoder.jp/contests/abc241/tasks/abc241_d,https://atcoder-tagged-backend.onrender.com/problems/all,2.3.0-sponsor-abc-kenkoooo-diff,ja,2026-06-04T18:46:05.900291+00:00,51.293,970.0,"配点 : 400 点 問題文 空の数列 A があります。 クエリが Q 個与えられるので、与えられた順番に処理してください。 クエリは次の 3 種類のいずれかです。 1 x ： A に x を追加する。 2 x k ： A の x 以下の要素のうち、大きい方から k 番目の値を出力する。( k は \bf{5} 以下) ただし、 A に x 以下の要素が k 個以上存在しないときは -1 と出力する。 3 x k ： A の x 以上の要素のうち、小さい方から k 番目の値を出力する。( k は \bf{5} 以下) ただし、 A に x 以上の要素が k 個以上存在しないときは -1 と出力する。 制約 1\leq Q \leq 2\times 10^5 1\leq x\leq 10^{18} 1\leq k\leq 5 入力は全て整数である 入力 入力は以下の形式で標準入力から与えられる。 Q \text{query}_1 \text{query}_2 \vdots \text{query}_Q i 番目のクエリ \text{query}_i では、まずクエリの種類 c_i ( 1,2,3 のいずれか) が与えられる。 c_i=1 の場合は x が追加で与えられ、 c_i=2,3 の場合は x,k が追加で与えられる。 すなわち、各クエリは以下に示す 3 つの形式のいずれかである。 1 x 2 x k 3 x k 出力 c_i=2,3 を満たすクエリの個数を q として q 行出力せよ。 j(1\leq j\leq q) 行目では j 番目のそのようなクエリに対する答えを出力せよ。 入力例 1 11 1 20 1 10 1 30 1 20 3 15 1 3 15 2 3 15 3 3 15 4 2 100 5 1 1 2 100 5 出力例 1 20 20 30 -1 -1 1 \text{query}_{1,2,3,4} が終了した段階で、 A=(20,10,30,20) となっています。 \text{query}_{5,6,7} について、 A の 15 以上の要素は (20,30,20) です。 このうち小さい方から 1 番目の値は 20 、 2 番目の値は 20 、 3 番目の値は 30 です。",400.0,
atcoder,abc,public_sponsored_abc,panasonic,abc241,AtCoder Beginner Contest 241（Sponsored by Panasonic）,2022,,1645876800.0,2022.0,abc241_e,E,Putting Candies,E. Putting Candies,1248.0,5174,"['cycle', 'binary lifting', 'modular arithmetic', 'functional graph']",4,https://atcoder.jp/contests/abc241/tasks/abc241_e,https://atcoder-tagged-backend.onrender.com/problems/all,2.3.0-sponsor-abc-kenkoooo-diff,ja,2026-06-04T18:46:05.900291+00:00,52.694,785.0,"配点 : 500 点 問題文 長さ N の数列 A=(A_0,A_1,\ldots,A_{N-1}) が与えられます。 最初の時点では空の皿があり、高橋君は次の操作を K 回繰り返します。 皿の中のアメの個数を X とする。皿に A_{(X\bmod N)} 個のアメを追加する。 ただし、 X\bmod N で X を N で割った余りを表す。 K 回の操作の後で、皿の中には何個のアメがあるか求めてください。 制約 2 \leq N \leq 2\times 10^5 1 \leq K \leq 10^{12} 1 \leq A_i\leq 10^6 入力はすべて整数である。 入力 入力は以下の形式で標準入力から与えられる。 N K A_0 A_1 \ldots A_{N-1} 出力 答えを出力せよ。 入力例 1 5 3 2 1 6 3 1 出力例 1 11 皿の中のアメの個数は次のように変化します。 1 回目の操作において、 X=0 であるので、アメは A_{(0\mod 5)}=A_0=2 個追加されます。 2 回目の操作において、 X=2 であるので、アメは A_{(2\mod 5)}=A_2=6 個追加されます。 3 回目の操作において、 X=8 であるので、アメは A_{(8\mod 5)}=A_3=3 個追加されます。 よって、 3 回の操作の後で、皿には 11 個のアメがあります。出力する値は N で割った余りでは ない 事に注意してください。 入力例 2 10 1000000000000 260522 914575 436426 979445 648772 690081 933447 190629 703497 47202 出力例 2 826617499998784056 答えは 32 bit 整数型に収まらない場合があります。",500.0,
atcoder,abc,public_sponsored_abc,panasonic,abc241,AtCoder Beginner Contest 241（Sponsored by Panasonic）,2022,,1645876800.0,2022.0,abc241_f,F,Skate,F. Skate,1888.0,2325,"['bfs', 'data structure', 'graph', 'grid', 'shortest path']",5,https://atcoder.jp/contests/abc241/tasks/abc241_f,https://atcoder-tagged-backend.onrender.com/problems/all,2.3.0-sponsor-abc-kenkoooo-diff,ja,2026-06-04T18:46:05.900291+00:00,65.325,1195.0,"配点 : 500 点 問題文 H 行 W 列のグリッド型のスケート場があります。上から i 行目、左から j 行目のマスを (i,j) で表します。 スケート場には N 個の障害物があり、 i 個目の障害物は (X_i,Y_i) に置かれています。 高橋君は 1 回の移動において、上下左右いずれかの方向を選んで、障害物に当たるまで進み続けます。 障害物に当たるとその 1 つ手前のマスで停止します。 なお、スケート場の周りは崖になっており、障害物に当たらないような移動は禁止とします。 高橋君ははじめ (s_x,s_y) にいて、何回か移動することで (g_x,g_y) で停止したいと考えています。 (g_x,g_y) へ辿り着くには最小で何回の移動が必要ですか？辿り着けないときはその旨を伝えてください。 制約 1\leq H \leq 10^9 1\leq W \leq 10^9 1\leq N \leq 10^5 1\leq s_x,g_x\leq H 1\leq s_y,g_y\leq W 1\leq X_i \leq H 1\leq Y_i \leq W (s_x,s_y)\neq (g_x,g_y) (s_x,s_y)\neq (X_i,Y_i) (g_x,g_y)\neq (X_i,Y_i) i\neq j ならば、 (X_i,Y_i)\neq (X_j,Y_j) 入力は全て整数である 入力 入力は以下の形式で標準入力から与えられる。 H W N s_x s_y g_x g_y X_1 Y_1 X_2 Y_2 \vdots X_N Y_N 出力 (g_x,g_y) へ辿り着くには最小で何回の移動が必要か出力せよ。 ただし、辿り着けないならば -1 と出力せよ。 入力例 1 7 8 7 3 4 5 6 1 4 2 1 2 8 4 5 5 7 6 2 6 6 出力例 1 4 図は、 (s_x,s_y) を S で、 (g_x,g_y) を G で表しています。 (3,4)\rightarrow(2,4) \rightarrow(2,2) \rightarrow(5,2) \rightarrow(5,6) と移動すると、 4 回の移動で (g_x,g_y) に辿り着くことができます。 入力例 2 4 6 2 3 2 3 5 4 5 2 5 出力例 2 -1 (g_x,g_y) で停止する必要があります。 通過しただけでは (g_x,g_y) へ辿り着いたとみなされないことに注意してください。 入力例 3 1 10 1 1 5 1 1 1 7 出力例 3 -1 左を選んで進むと、高橋君は (g_x,g_y) を通過したのちに崖に落ちてしまいます。 スケート場の周りは崖になっており、障害物に当たらないような移動は禁止されていることに注意してください。",500.0,
atcoder,abc,public_sponsored_abc,panasonic,abc241,AtCoder Beginner Contest 241（Sponsored by Panasonic）,2022,,1645876800.0,2022.0,abc241_g,G,Round Robin,G. Round Robin,2422.0,927,"['max flow', 'graph', 'flow', 'validation']",4,https://atcoder.jp/contests/abc241/tasks/abc241_g,https://atcoder-tagged-backend.onrender.com/problems/all,2.3.0-sponsor-abc-kenkoooo-diff,ja,2026-06-04T18:46:05.900291+00:00,75.863,884.0,"配点 : 600 点 問題文 1 から N までの番号がついた N 人が総当たり戦をしています。 すなわち、全ての組 (i,j) (1\leq i \lt j \leq N) について、人 i と人 j は 1 回試合をするので、試合は合計で \frac{N(N-1)}{2} 試合行われます。 なお、試合は必ず一方が勝者、もう一方が敗者となり、引き分けとなることはありません。 既に M 試合が終了しており、 i 試合目では人 W_i が人 L_i に勝ちました。 総当たり戦が終了したとき、単独優勝をする可能性のある人を列挙してください。 ただし単独優勝とは、その人の勝利数が、他のどの人の勝利数よりも多いことを言います。 制約 2\leq N \leq 50 0\leq M \leq \frac{N(N-1)}{2} 1\leq W_i,L_i\leq N W_i \neq L_i i\neq j ならば、 (W_i,L_i) \neq (W_j,L_j) (W_i,L_i) \neq (L_j,W_j) 入力は全て整数である 入力 入力は以下の形式で標準入力から与えられる。 N M W_1 L_1 W_2 L_2 \vdots W_M L_M 出力 単独優勝をする可能性のある人の番号の集合を A=(A_1,A_2,\dots,A_K) (A_1\lt A_2 \lt \dots \lt A_K) として、 A を昇順に空白区切りで出力せよ。 すなわち、以下の形式で出力せよ。 A_1 A_2 \dots A_K 入力例 1 4 2 2 1 2 3 出力例 1 2 4 人 2,4 は単独優勝する可能性があり、人 1,3 は単独優勝する可能性がありません。 なお、 4 2 などの出力は不正解となることに注意してください。 入力例 2 3 3 1 2 2 3 3 1 出力例 2 単独優勝する可能性のある人がいないこともあります。 入力例 3 7 9 6 5 1 2 3 4 5 3 6 2 1 5 3 2 6 4 1 4 出力例 3 1 3 6 7",600.0,
atcoder,abc,public_sponsored_abc,panasonic,abc241,AtCoder Beginner Contest 241（Sponsored by Panasonic）,2022,,1645876800.0,2022.0,abc241_h,Ex,Card Deck Score,Ex. Card Deck Score,2881.0,515,"['generating function', 'math', 'modular arithmetic', 'bitmask', 'combinatorics', 'modular inverse']",6,https://atcoder.jp/contests/abc241/tasks/abc241_h,https://atcoder-tagged-backend.onrender.com/problems/all,2.3.0-sponsor-abc-kenkoooo-diff,ja,2026-06-04T18:46:05.900291+00:00,84.922,1312.0,"配点 : 600 点 問題文 N 個の整数のうちいずれか 1 つが書かれたカードが何枚かあり、 具体的には、 A_i が書かれたカードが B_i 枚あります。 次に、この B_1+B_2\cdots +B_N 枚の中から M 枚のカードを選ぶ方法について、 その選んだカードに書かれた M 個の整数の積をその選び方のスコアとして定めます。 同じ整数が書かれたカードは区別できないとしたとき、 M 枚の選び方としてあり得る すべての選び方についてスコアを足し合わせた値を 998244353 で割った余りを求めてください。 制約 1 \leq N \leq 16 1 \leq M \leq 10^{18} 1 \leq A_i < 998244353 1 \leq B_i \leq 10^{17} i\neq j ならば A_i \neq A_j M\leq B_1+B_2+\cdots B_N 入力は全て整数である。 入力 入力は以下の形式で標準入力から与えられる。 N M A_1 B_1 A_2 B_2 \vdots A_N B_N 出力 答えを出力せよ。 入力例 1 3 3 3 1 5 2 6 3 出力例 1 819 3 枚を選ぶ方法としては次の 6 通りが考えられます。 3 と書かれたカードを 1 枚、 5 と書かれたカードを 2 枚選ぶ。 3 と書かれたカードを 1 枚、 5 と書かれたカードを 1 枚、 6 と書かれたカードを 1 枚選ぶ。 3 と書かれたカードを 1 枚、 6 と書かれたカードを 2 枚選ぶ。 5 と書かれたカードを 2 枚、 6 と書かれたカードを 1 枚選ぶ。 5 と書かれたカードを 1 枚、 6 と書かれたカードを 2 枚選ぶ。 6 と書かれたカードを 3 枚選ぶ。 スコアは順に 75 , 90 , 108 , 150 , 180 , 216 であり、これらの総和は 819 となります。 入力例 2 3 2 1 1 5 2 25 1 出力例 2 180 「 1 と 25 の書かれたカードを 1 枚ずつ選ぶ」選び方と 「 5 の書かれたカードを 2 枚選ぶ」選び方は、いずれもスコアは 25 ですが、 カードの選び方としては異なるものとして数えられます。 入力例 3 10 232657150901347497 139547946 28316250877914575 682142538 78223540024979445 110643588 74859962623690081 173455495 60713016476190629 271056265 85335723211047202 801329567 48049062628894325 864844366 54979173822804784 338794337 69587449430302156 737638908 15812229161735902 462149872 49993004923078537 出力例 3 39761306 998244353 で割った余りを出力することに注意してください。",600.0,
atcoder,abc,public_sponsored_abc,unique_vision,abc248,ユニークビジョンプログラミングコンテスト2022（AtCoder Beginner Contest 248）,2022,,1650110400.0,2022.0,abc248_a,A,Lacked Number,A. Lacked Number,-769.0,14967,"['implementation', 'search', 'string']",3,https://atcoder.jp/contests/abc248/tasks/abc248_a,https://atcoder-tagged-backend.onrender.com/problems/all,2.3.0-sponsor-abc-kenkoooo-diff,ja,2026-06-04T18:46:05.900291+00:00,12.887,394.0,配点 : 100 点 問題文 数字のみからなる、長さがちょうど 9 の文字列 S が与えられます。 S には 0 から 9 までのうち、ちょうど 1 つの数字を除いた 9 種類の数字が一度ずつ登場します。 S に登場しない唯一の数字を出力してください。 制約 S は数字のみからなる長さ 9 の文字列である。 S の文字はすべて相異なる。 入力 入力は以下の形式で標準入力から与えられる。 S 出力 S に登場しない唯一の数字を出力せよ。 入力例 1 023456789 出力例 1 1 文字列 023456789 には 1 のみが登場していません。 よって、 1 を出力します。 入力例 2 459230781 出力例 2 6 文字列 459230781 には 6 のみが登場していません。 よって、 6 を出力します。 文字列に数字が現れる順番は昇順とは限らないので注意してください。,100.0,
atcoder,abc,public_sponsored_abc,unique_vision,abc248,ユニークビジョンプログラミングコンテスト2022（AtCoder Beginner Contest 248）,2022,,1650110400.0,2022.0,abc248_b,B,Slimes,B. Slimes,-511.0,13367,"['simulation', 'implementation']",2,https://atcoder.jp/contests/abc248/tasks/abc248_b,https://atcoder-tagged-backend.onrender.com/problems/all,2.3.0-sponsor-abc-kenkoooo-diff,ja,2026-06-04T18:46:05.900291+00:00,17.979,385.0,配点 : 200 点 問題文 A 匹のスライムがいます。 すぬけくんが 1 回叫ぶたびに、スライムは K 倍に増殖します。 スライムが B 匹以上になるには、すぬけくんは最小で何回叫ぶ必要があるでしょうか？ 制約 1 \leq A \leq B \leq 10^9 2 \leq K \leq 10^9 入力は全て整数 入力 入力は以下の形式で標準入力から与えられる。 A B K 出力 答えを出力せよ。 入力例 1 1 4 2 出力例 1 2 はじめ、スライムが 1 匹います。すぬけくんが 1 回叫ぶとスライムは 2 匹になり、 2 回叫ぶとスライムは 4 匹になります。 4 匹以上になるためには、最小で 2 回叫ぶ必要があります。 入力例 2 7 7 10 出力例 2 0 はじめからスライムは 7 匹います。 入力例 3 31 415926 5 出力例 3 6,200.0,
atcoder,abc,public_sponsored_abc,unique_vision,abc248,ユニークビジョンプログラミングコンテスト2022（AtCoder Beginner Contest 248）,2022,,1650110400.0,2022.0,abc248_c,C,Dice Sum,C. Dice Sum,787.0,9091,"['dp', 'combinatorics', 'modular arithmetic']",3,https://atcoder.jp/contests/abc248/tasks/abc248_c,https://atcoder-tagged-backend.onrender.com/problems/all,2.3.0-sponsor-abc-kenkoooo-diff,ja,2026-06-04T18:46:05.900291+00:00,43.596,447.0,"配点 : 300 点 問題文 長さ N の整数からなる数列 A=(A_1,\ldots,A_N) であって、以下の条件を全て満たすものは何通りありますか？ 1\le A_i \le M (1 \le i \le N) \displaystyle\sum _{i=1}^N A_i \leq K ただし、答えは非常に大きくなることがあるので、答えを 998244353 で割った余りを求めてください。 制約 1 \leq N, M \leq 50 N \leq K \leq NM 入力は全て整数 入力 入力は以下の形式で標準入力から与えられる。 N M K 出力 答えを 998244353 で割った余りを出力せよ。 入力例 1 2 3 4 出力例 1 6 条件を満たす数列は以下の 6 つです。 (1,1) (1,2) (1,3) (2,1) (2,2) (3,1) 入力例 2 31 41 592 出力例 2 798416518 答えを 998244353 で割った余りを出力してください。",300.0,
atcoder,abc,public_sponsored_abc,unique_vision,abc248,ユニークビジョンプログラミングコンテスト2022（AtCoder Beginner Contest 248）,2022,,1650110400.0,2022.0,abc248_d,D,Range Count Query,D. Range Count Query,793.0,9563,"['binary search', 'data structure', 'implementation', 'query']",4,https://atcoder.jp/contests/abc248/tasks/abc248_d,https://atcoder-tagged-backend.onrender.com/problems/all,2.3.0-sponsor-abc-kenkoooo-diff,ja,2026-06-04T18:46:05.900291+00:00,43.714,666.0,"配点 : 400 点 問題文 長さ N の数列 A=(A_1,\ldots,A_N) が与えられます。 以下の形式で与えられる Q 個のクエリに答えてください。 整数 L,R,X が与えられる。 A_L, \ldots,A_R のうち、値が X に等しいものの個数を求めよ。 制約 1 \leq N \leq 2\times 10^5 1 \leq A_i \leq N 1 \leq Q \leq 2\times 10^5 各クエリについて、 1\le L \leq R \leq N, 1 \leq X \leq N 入力は全て整数 入力 入力は以下の形式で標準入力から与えられる。 N A_1 A_2 \ldots A_N Q \mathrm{Query}_1 \mathrm{Query}_2 \vdots \mathrm{Query}_Q ただし、 \mathrm{Query}_i は i 個目のクエリを表す。 各クエリは以下の形式で与えられる。 L R X 出力 Q 行出力せよ。 i 行目には、 i 個目のクエリに対する答えを出力せよ。 入力例 1 5 3 1 4 1 5 4 1 5 1 2 4 3 1 5 2 1 3 3 出力例 1 2 0 0 1 1 個目のクエリでは、 (A_1,A_2,A_3,A_4,A_5) =(3,1,4,1,5) のうち値が 1 に等しいものの個数は 2 です。 2 個目のクエリでは、 (A_2,A_3,A_4) =(1,4,1) のうち値が 3 に等しいものの個数は 0 です。",400.0,
atcoder,abc,public_sponsored_abc,unique_vision,abc248,ユニークビジョンプログラミングコンテスト2022（AtCoder Beginner Contest 248）,2022,,1650110400.0,2022.0,abc248_e,E,K-colinear Line,E. K-colinear Line,1292.0,4446,"['computational geometry', 'geometry', 'vector', 'brute force', 'enumeration']",5,https://atcoder.jp/contests/abc248/tasks/abc248_e,https://atcoder-tagged-backend.onrender.com/problems/all,2.3.0-sponsor-abc-kenkoooo-diff,ja,2026-06-04T18:46:05.900291+00:00,53.562,647.0,"配点 : 500 点 問題文 座標平面上の N 個の点が与えられます。 1\leq i\leq N について、 i 番目の点の座標は (X_i, Y_i) です。 座標平面上の直線であって、 N 個の点のうち K 個以上の点を通るものの個数を求めてください。 ただし、そのようなものが無数に存在する場合は Infinity を出力してください。 制約 1 \leq K \leq N \leq 300 \lvert X_i \rvert, \lvert Y_i \rvert \leq 10^9 i\neq j ならば X_i\neq X_j または Y_i\neq Y_j 入力はすべて整数 入力 入力は以下の形式で標準入力から与えられる。 N K X_1 Y_1 X_2 Y_2 \vdots X_N Y_N 出力 与えられた N 個の点のうち K 個以上の点を通る直線の数を出力せよ。ただし、そのようなものが無数に存在する場合は Infinity を出力せよ。 入力例 1 5 2 0 0 1 0 0 1 -1 0 0 -1 出力例 1 6 x=0 , y=0 , y=x\pm 1 , y=-x\pm 1 の 6 本の直線が条件をみたします。 例えば、 x=0 は、 1 , 3 , 5 番目の 3 個の点を通ります。 よって、 6 を出力します。 入力例 2 1 1 0 0 出力例 2 Infinity 原点を通る直線は無数に存在します。 よって、 Infinity を出力します。",500.0,
atcoder,abc,public_sponsored_abc,unique_vision,abc248,ユニークビジョンプログラミングコンテスト2022（AtCoder Beginner Contest 248）,2022,,1650110400.0,2022.0,abc248_f,F,Keep Connect,F. Keep Connect,1828.0,2177,"['dp', 'connectivity', 'combinatorics', 'modular arithmetic', 'state']",5,https://atcoder.jp/contests/abc248/tasks/abc248_f,https://atcoder-tagged-backend.onrender.com/problems/all,2.3.0-sponsor-abc-kenkoooo-diff,ja,2026-06-04T18:46:05.900291+00:00,64.141,971.0,"配点 : 500 点 問題文 2 以上の整数 N および素数 P が与えられます。 下図のような 2N 頂点 (3N-2) 辺のグラフ G を考えます。 より具体的には、頂点を順に頂点 1 , 頂点 2 , \ldots , 頂点 2N 、 辺を順に辺 1 , 辺 2 , \ldots , 辺 (3N-2) とすると、各辺は次のように頂点を結んでいます。 1\leq i\leq N-1 について、辺 i は頂点 i と頂点 i+1 を結んでいる。 1\leq i\leq N-1 について、辺 (N-1+i) は頂点 N+i と頂点 N+i+1 を結んでいる。 1\leq i\leq N について、辺 (2N-2+i) は頂点 i と頂点 N+i を結んでいる。 i=1,2,\ldots ,N-1 について、次の問題を解いてください。 G の 3N-2 本の辺からちょうど i 本の辺を取り除く方法であって、辺を取り除いた後のグラフも連結であるようなものの個数を P で割ったあまりを求めよ。 制約 2 \leq N \leq 3000 9\times 10^8 \leq P \leq 10^9 N は整数である。 P は素数である。 入力 入力は以下の形式で標準入力から与えられる。 N P 出力 N-1 個の整数を空白区切りで出力せよ。 ただし、 k 番目の整数は i=k に対する答えである。 入力例 1 3 998244353 出力例 1 7 15 N=3 の場合について、取り除いた後のグラフも連結となるように、ちょうど 1 本の辺を取り除く方法は次の 7 通りです。 取り除いた後のグラフも連結となるように、ちょうど 2 本の辺を取り除く方法は次の 15 通りです。 よって、これらを P=998244353 で割ったあまりである 7 , 15 をこの順に出力します。 入力例 2 16 999999937 出力例 2 46 1016 14288 143044 1079816 6349672 29622112 110569766 330377828 784245480 453609503 38603306 44981526 314279703 408855776 P で割ったあまりを出力することに注意してください。",500.0,
atcoder,abc,public_sponsored_abc,unique_vision,abc248,ユニークビジョンプログラミングコンテスト2022（AtCoder Beginner Contest 248）,2022,,1650110400.0,2022.0,abc248_g,G,GCD cost on the tree,G. GCD cost on the tree,2514.0,814,"['dp on trees', 'gcd', 'dfs']",3,https://atcoder.jp/contests/abc248/tasks/abc248_g,https://atcoder-tagged-backend.onrender.com/problems/all,2.3.0-sponsor-abc-kenkoooo-diff,ja,2026-06-04T18:46:05.900291+00:00,77.679,1289.0,"配点 : 600 点 問題文 N 頂点からなる無向木が与えられます。 頂点を順に頂点 1 , 頂点 2 , \ldots , 頂点 N とすると、 1\leq i\leq N-1 について、 i 番目の辺は頂点 U_i と頂点 V_i を結んでいます。 また、それぞれの頂点には正整数が割り当てられており、 具体的には頂点 i には A_i が割り当てられています。 相異なる 2 頂点 s , t 間のコスト C(s,t) が次のようにして定められます。 頂点 s と頂点 t を結ぶ単純パス上の頂点を順に p_1(=s) , p_2 , \ldots , p_k(=t) とする。 ここで、 k はパス上の(端点含む)頂点数である。 このとき、 C(s,t)=k\times \gcd (A_{p_1},A_{p_2},\ldots,A_{p_k}) で定める。 ただし、 \gcd (X_1,X_2,\ldots, X_k) で X_1,X_2,\ldots, X_k の最大公約数を表す。 \displaystyle\sum_{i=1}^{N-1}\sum_{j=i+1}^N C(i,j) を 998244353 で割ったあまりを求めてください。 制約 2 \leq N \leq 10^5 1 \leq A_i\leq 10^5 1\leq U_i<V_i\leq N 入力は全て整数である。 与えられるグラフは木である。 入力 入力は以下の形式で標準入力から与えられる。 N A_1 A_2 \cdots A_N U_1 V_1 U_2 V_2 \vdots U_{N-1} V_{N-1} 出力 \displaystyle\sum_{i=1}^{N-1}\sum_{j=i+1}^N C(i,j) を 998244353 で割ったあまりを出力せよ。 入力例 1 4 24 30 28 7 1 2 1 3 3 4 出力例 1 47 頂点 1 と頂点 2 、頂点 1 と頂点 3 、頂点 3 と頂点 4 がそれぞれ直接辺で結ばれています。 よって、コストはそれぞれ次のように求められます。 C(1,2)=2\times \gcd(24,30)=12 C(1,3)=2\times \gcd(24,28)=8 C(1,4)=3\times \gcd(24,28,7)=3 C(2,3)=3\times \gcd(30,24,28)=6 C(2,4)=4\times \gcd(30,24,28,7)=4 C(3,4)=2\times \gcd(28,7)=14 求める値は \displaystyle\sum_{i=1}^{3}\sum_{j=i+1}^4 C(i,j)=(12+8+3)+(6+4)+14=47 を 998244353 で割ったあまりの 47 となります。 入力例 2 10 180 168 120 144 192 200 198 160 156 150 1 2 2 3 2 4 2 5 5 6 4 7 7 8 7 9 9 10 出力例 2 1184",600.0,
atcoder,abc,public_sponsored_abc,unique_vision,abc248,ユニークビジョンプログラミングコンテスト2022（AtCoder Beginner Contest 248）,2022,,1650110400.0,2022.0,abc248_h,Ex,Beautiful Subsequences,Ex. Beautiful Subsequences,2960.0,411,"['lazy segment tree', 'monotonic stack', 'sliding window', 'range query']",4,https://atcoder.jp/contests/abc248/tasks/abc248_h,https://atcoder-tagged-backend.onrender.com/problems/all,2.3.0-sponsor-abc-kenkoooo-diff,ja,2026-06-04T18:46:05.900291+00:00,86.481,635.0,"配点 : 600 点 問題文 (1,\ldots,N) を並び替えて得られる長さ N の順列 P=(P_1,\ldots,P_N) 、及び整数 K が与えられます。 以下の条件を全て満たす整数組 (L,R) の個数を求めてください。 1 \leq L \leq R \leq N \mathrm{max}(P_L,\ldots,P_R) - \mathrm{min}(P_L,\ldots,P_R) \leq R - L + K 制約 1 \leq N \leq 1.4\times 10^5 P は (1,\ldots,N) を並び替えて得られる順列 0 \leq K \leq 3 入力は全て整数 入力 入力は以下の形式で標準入力から与えられる。 N K P_1 P_2 \ldots P_N 出力 答えを出力せよ。 入力例 1 4 1 1 4 2 3 出力例 1 9 条件を満たす組 (L,R) は以下の 9 個です。 (1,1) (1,3) (1,4) (2,2) (2,3) (2,4) (3,3) (3,4) (4,4) (L,R) = (1,2) は \mathrm{max}(A_1,A_2) -\mathrm{min}(A_1,A_2) = 4-1 = 3 、 R-L+K=2-1+1 = 2 となるので、条件を満たしません。 入力例 2 2 0 2 1 出力例 2 3 入力例 3 10 3 3 7 10 1 9 5 4 8 6 2 出力例 3 37",600.0,
atcoder,abc,public_sponsored_abc,panasonic,abc251,パナソニックグループプログラミングコンテスト2022（AtCoder Beginner Contest 251）,2022,,1652529600.0,2022.0,abc251_a,A,Six Characters,A. Six Characters,-1113.0,14572,"['implementation', 'string']",2,https://atcoder.jp/contests/abc251/tasks/abc251_a,https://atcoder-tagged-backend.onrender.com/problems/all,2.3.0-sponsor-abc-kenkoooo-diff,ja,2026-06-04T18:46:05.900291+00:00,6.098,381.0,配点 : 100 点 問題文 英小文字からなる文字列 S が与えられます。 S の長さは 1 以上かつ 3 以下です。 S を繰り返して得られる文字列であって、長さが 6 のものを出力してください。 本問題の制約下で、そのような文字列はただ一つ存在することが示せます。 制約 S は英小文字からなる長さ 1 以上 3 以下の文字列 入力 入力は以下の形式で標準入力から与えられる。 S 出力 答えとなる長さ 6 の文字列を出力せよ。 入力例 1 abc 出力例 1 abcabc S = abc を繰り返してできる文字列として、 abc 、 abcabc 、 abcabcabc 、 abcabcabcabc などがあります。 そのうち、長さが 6 のものは abcabc です。よって、 abcabc と出力します。 入力例 2 zz 出力例 2 zzzzzz,100.0,
atcoder,abc,public_sponsored_abc,panasonic,abc251,パナソニックグループプログラミングコンテスト2022（AtCoder Beginner Contest 251）,2022,,1652529600.0,2022.0,abc251_b,B,At Most 3 (Judge ver.),B. At Most 3 (Judge ver.),83.0,11239,"['brute force', 'combinatorics', 'enumeration', 'implementation', 'set']",5,https://atcoder.jp/contests/abc251/tasks/abc251_b,https://atcoder-tagged-backend.onrender.com/problems/all,2.3.0-sponsor-abc-kenkoooo-diff,ja,2026-06-04T18:46:05.900291+00:00,29.702,741.0,"配点 : 200 点 問題文 おもり 1 , おもり 2 , \dots , おもり N の N 個のおもりがあります。おもり i の重さは A_i です。 以下の条件を満たす正整数 n を 良い整数 と呼びます。 \bf{3} 個以下 の異なるおもりを自由に選んで、選んだおもりの重さの和を n にすることができる。 W 以下の正整数のうち、良い整数は何個ありますか？ 制約 1 \leq N \leq 300 1 \leq W \leq 10^6 1 \leq A_i \leq 10^6 入力される値はすべて整数 入力 入力は以下の形式で標準入力から与えられる。 N W A_1 A_2 \dots A_N 出力 答えを出力せよ。 入力例 1 2 10 1 3 出力例 1 3 おもり 1 のみを選ぶと重さの和は 1 になります。よって 1 は良い整数です。 おもり 2 のみを選ぶと重さの和は 3 になります。よって 3 は良い整数です。 おもり 1 とおもり 2 を選ぶと重さの和は 4 になります。よって 4 は良い整数です。 これら以外に良い整数は存在しません。また、 1,3,4 のいずれも W 以下の整数です。よって答えは 3 個になります。 入力例 2 2 1 2 3 出力例 2 0 W 以下の良い整数は存在しません。 入力例 3 4 12 3 3 3 3 出力例 3 3 良い整数は 3,6,9 の 3 個です。 たとえばおもり 1 , おもり 2 , おもり 3 を選ぶと重さの和は 9 になるので、 9 は良い整数です。 12 は良い整数 ではない ことに注意してください。 入力例 4 7 251 202 20 5 1 4 2 100 出力例 4 48",200.0,
atcoder,abc,public_sponsored_abc,panasonic,abc251,パナソニックグループプログラミングコンテスト2022（AtCoder Beginner Contest 251）,2022,,1652529600.0,2022.0,abc251_c,C,Poem Online Judge,C. Poem Online Judge,205.0,10844,"['counting', 'greedy', 'implementation', 'string']",4,https://atcoder.jp/contests/abc251/tasks/abc251_c,https://atcoder-tagged-backend.onrender.com/problems/all,2.3.0-sponsor-abc-kenkoooo-diff,ja,2026-06-04T18:46:05.900291+00:00,32.11,1010.0,"配点 : 300 点 問題文 ポエムオンラインジャッジ (Poem Online Judge, 以下 POJ と表記) は提出された文字列に得点をつけるオンラインジャッジです。 POJ に N 回の提出がありました。早い方から i 番目の提出では文字列 S_i が提出されて、得点は T_i でした。(同じ文字列が複数回提出される場合もあります) ただし、POJ では 同じ文字列を提出しても得点が等しいとは限らない のに注意してください。 N 回の提出のうち、その提出よりも早い提出であって文字列が一致するものが存在しないような提出を オリジナル であると呼びます。 また、オリジナルな提出の中で最も得点が高いものを 最優秀賞 と呼びます。ただし、そのような提出が複数ある場合は、最も提出が早いものを最優秀賞とします。 最優秀賞は早い方から何番目の提出ですか？ 制約 1 \leq N \leq 10^5 S_i は英小文字からなる文字列 S_i の長さは 1 以上 10 以下 0 \leq T_i \leq 10^9 N , T_i は整数 入力 入力は以下の形式で標準入力から与えられる。 N S_1 T_1 S_2 T_2 \vdots S_N T_N 出力 答えを出力せよ。 入力例 1 3 aaa 10 bbb 20 aaa 30 出力例 1 2 以下では早い方から i 番目の提出を提出 i と呼びます。 オリジナルな提出は提出 1 と 提出 2 です。提出 3 は提出 1 と文字列が一致しているためオリジナルではありません。 オリジナルな提出のうち最も得点が高い提出は提出 2 です。よってこれが最優秀賞になります。 入力例 2 5 aaa 9 bbb 10 ccc 10 ddd 10 bbb 11 出力例 2 2 オリジナルな提出は提出 1 ・提出 2 ・提出 3 ・提出 4 です。 その中で最も得点が高い提出は提出 2 ・提出 3 ・提出 4 です。この場合はこの中でもっとも提出の早い提出 2 を最優秀賞とします。 このように、オリジナルな提出の中で最も得点が高い提出が複数ある場合は、さらにその中で最も提出が早いものを最優秀賞とするのに注意してください。 入力例 3 10 bb 3 ba 1 aa 4 bb 1 ba 5 aa 9 aa 2 ab 6 bb 5 ab 3 出力例 3 8",300.0,
atcoder,abc,public_sponsored_abc,panasonic,abc251,パナソニックグループプログラミングコンテスト2022（AtCoder Beginner Contest 251）,2022,,1652529600.0,2022.0,abc251_d,D,At Most 3 (Contestant ver.),D. At Most 3 (Contestant ver.),1463.0,5512,"['constructive', 'base representation', 'greedy', 'number theory']",4,https://atcoder.jp/contests/abc251/tasks/abc251_d,https://atcoder-tagged-backend.onrender.com/problems/all,2.3.0-sponsor-abc-kenkoooo-diff,ja,2026-06-04T18:46:05.900291+00:00,56.937,901.0,"配点 : 400 点 問題文 整数 W が与えられます。 あなたは以下の条件をすべて満たすようにいくつかのおもりを用意することにしました。 おもりの個数は 1 個以上 300 個以下である。 おもりの重さは 10^6 以下の正整数である。 1 以上 W 以下のすべての正整数は 良い整数 である。ここで、以下の条件を満たす正整数 n を良い整数と呼ぶ。 用意したおもりのうち \bf{3} 個以下 の異なるおもりを自由に選んで、選んだおもりの重さの和を n にすることができる。 条件を満たすようなおもりの組を 1 つ出力してください。 制約 1 \leq W \leq 10^6 W は整数 入力 入力は以下の形式で標準入力から与えられる。 W 出力 N をおもりの個数、 A_i を i 番目のおもりの重さとして、以下の形式で出力せよ。答えが複数存在する場合、どれを出力しても正解とみなされる。 N A_1 A_2 \dots A_N ただし、 N および A_1,A_2,\dots,A_N は以下の条件を満たす必要がある。 1 \leq N \leq 300 1 \leq A_i \leq 10^6 入力例 1 6 出力例 1 3 1 2 3 上の出力は重さ 1 のおもり、重さ 2 のおもり、重さ 3 のおもりの 3 個のおもりを用意しています。 この出力は条件を満たしています。特に 3 番目の条件について、以下のようにおもりを選ぶことで 1 以上 W 以下の整数すべてが良い整数であることが確認できます。 1 番目のおもりのみを選ぶと、重さの和は 1 になる。 2 番目のおもりのみを選ぶと、重さの和は 2 になる。 3 番目のおもりのみを選ぶと、重さの和は 3 になる。 1 番目と 3 番目のおもりを選ぶと、重さの和は 4 になる。 2 番目と 3 番目のおもりを選ぶと、重さの和は 5 になる。 1 番目、 2 番目と 3 番目のおもりを選ぶと、重さの和は 6 になる。 入力例 2 12 出力例 2 6 2 5 1 2 5 1 同じ重さのおもりを 2 個以上用意しても良いです。",400.0,
atcoder,abc,public_sponsored_abc,panasonic,abc251,パナソニックグループプログラミングコンテスト2022（AtCoder Beginner Contest 251）,2022,,1652529600.0,2022.0,abc251_e,E,Tahakashi and Animals,E. Tahakashi and Animals,1227.0,5361,['dp'],1,https://atcoder.jp/contests/abc251/tasks/abc251_e,https://atcoder-tagged-backend.onrender.com/problems/all,2.3.0-sponsor-abc-kenkoooo-diff,ja,2026-06-04T18:46:05.900291+00:00,52.279,918.0,配点 : 500 点 問題文 高橋君と N 匹の動物がいます。 N 匹の動物はそれぞれ動物 1 、動物 2 、 \ldots 、動物 N と呼ばれます。 高橋君は下記の N 種類の行動をそれぞれ好きな回数だけ（ 0 回でも良い）行います。 A_1 円払い、動物 1 と動物 2 に餌をあげる。 A_2 円払い、動物 2 と動物 3 に餌をあげる。 A_3 円払い、動物 3 と動物 4 に餌をあげる。 \cdots A_i 円払い、動物 i と動物 (i+1) に餌をあげる。 \cdots A_{N-2} 円払い、動物 (N-2) と動物 (N-1) に餌をあげる。 A_{N-1} 円払い、動物 (N-1) と動物 N に餌をあげる。 A_N 円払い、動物 N と動物 1 に餌をあげる。 上記の N 種類目の行動では、「動物 N と動物 1 に」餌をあげることに注意してください。 すべての動物にそれぞれ 1 回以上餌をあげるまでにかかる費用の合計として考えられる最小値を出力してください。 制約 2 \leq N \leq 3 \times 10^5 1 \leq A_i \leq 10^9 入力はすべて整数 入力 入力は以下の形式で標準入力から与えられる。 N A_1 A_2 \ldots A_N 出力 すべての動物にそれぞれ 1 回以上餌をあげるまでにかかる費用の合計として考えられる最小値を出力せよ。 入力例 1 5 2 5 3 2 5 出力例 1 7 高橋君が 1 種類目、 3 種類目、 4 種類目の行動をそれぞれ 1 回ずつ行うと、 動物 1 に 1 回、動物 2 に 1 回、動物 3 に 1 回、動物 4 に 2 回、動物 5 に 1 回餌をあげることになり、すべての動物にそれぞれ 1 回以上餌をあげることができます。 このときにかかる費用の合計は A_1 + A_3 + A_4 = 2 + 3 + 2 = 7 円であり、これが考えられる最小値です。 入力例 2 20 29 27 79 27 30 4 93 89 44 88 70 75 96 3 78 39 97 12 53 62 出力例 2 426,500.0,
atcoder,abc,public_sponsored_abc,panasonic,abc251,パナソニックグループプログラミングコンテスト2022（AtCoder Beginner Contest 251）,2022,,1652529600.0,2022.0,abc251_f,F,Two Spanning Trees,F. Two Spanning Trees,1703.0,2680,"['graph theory', 'spanning tree', 'dfs', 'bfs', 'tree', 'graph']",6,https://atcoder.jp/contests/abc251/tasks/abc251_f,https://atcoder-tagged-backend.onrender.com/problems/all,2.3.0-sponsor-abc-kenkoooo-diff,ja,2026-06-04T18:46:05.900291+00:00,61.674,2324.0,"配点 : 500 点 問題文 N 頂点 M 辺の無向グラフ G が与えられます。 G は 単純 （自己ループおよび多重辺を持たない）かつ 連結 です。 i = 1, 2, \ldots, M について、 i 番目の辺は頂点 u_i と頂点 v_i を結ぶ無向辺 \lbrace u_i, v_i \rbrace です。 下記の 2 つの条件をともに満たすような G の 2 つの全域木 T_1,T_2 を 1 組構成してください。（ T_1 と T_2 は異なる全域木である必要はありません。） T_1 は下記を満たす。 T_1 を頂点 1 を根とする根付き木とみなしたとき、 G の辺のうち T_1 に含まれないすべての辺 \lbrace u, v \rbrace について、 u と v は T_1 において祖先と子孫の関係にある。 T_2 は下記を満たす。 T_2 を頂点 1 を根とする根付き木とみなしたとき、 G の辺のうち T_2 に含まれない辺 \lbrace u, v \rbrace であって、 u と v が T_2 において祖先と子孫の関係にあるようなものは存在しない。 ここで、「根付き木 T において頂点 u と頂点 v が祖先と子孫の関係にある」とは、「 T において u が v の祖先である」と「 T において v が u の祖先である」のうちどちらかが成り立つことをいいます。 本問題の制約下において上記の条件を満たす T_1 と T_2 は必ず存在することが示せます。 制約 2 \leq N \leq 2 \times 10^5 N-1 \leq M \leq \min\lbrace 2 \times 10^5, N(N-1)/2 \rbrace 1 \leq u_i, v_i \leq N 入力はすべて整数 与えられるグラフは単純かつ連結 入力 入力は以下の形式で標準入力から与えられます。 N M u_1 v_1 u_2 v_2 \vdots u_M v_M 出力 T_1 と T_2 を下記の形式にしたがって、 2N-2 行にわたって出力してください。すなわち、 1 行目から N-1 行目には、 T_1 に含まれる N-1 本の無向辺 \lbrace x_1, y_1\rbrace, \lbrace x_2, y_2\rbrace, \ldots, \lbrace x_{N-1}, y_{N-1}\rbrace を、各行に 1 本ずつ出力してください。 N 行目から 2N-2 行目には、 T_2 に含まれる N-1 本の無向辺 \lbrace z_1, w_1\rbrace, \lbrace z_2, w_2\rbrace, \ldots, \lbrace z_{N-1}, w_{N-1}\rbrace を、各行に 1 本ずつ出力してください。 各全域木を構成する辺をどのような順番で出力するかや、各辺の出力においてどちらの端点を先に出力するかは任意です。 x_1 y_1 x_2 y_2 \vdots x_{N-1} y_{N-1} z_1 w_1 z_2 w_2 \vdots z_{N-1} w_{N-1} 入力例 1 6 8 5 1 4 3 1 4 3 5 1 2 2 6 1 6 4 2 出力例 1 1 4 4 3 5 3 4 2 6 2 1 5 5 3 1 4 2 1 1 6 上記の出力例において、 T_1 は 5 本の辺 \lbrace 1, 4 \rbrace, \lbrace 4, 3 \rbrace, \lbrace 5, 3 \rbrace, \lbrace 4, 2 \rbrace, \lbrace 6, 2 \rbrace を持つ G の全域木です。この T_1 は問題文中の条件を満たします。実際、 G の辺のうち T_1 に含まれない各辺に関して、 辺 \lbrace 5, 1 \rbrace について、頂点 1 は頂点 5 の祖先であり、 辺 \lbrace 1, 2 \rbrace について、頂点 1 は頂点 2 の祖先であり、 辺 \lbrace 1, 6 \rbrace について、頂点 1 は頂点 6 の祖先です。 また、 T_2 は 5 本の辺 \lbrace 1, 5 \rbrace, \lbrace 5, 3 \rbrace, \lbrace 1, 4 \rbrace, \lbrace 2, 1 \rbrace, \lbrace 1, 6 \rbrace を持つ G の全域木です。この T_2 は問題文中の条件を満たします。実際、 G の辺のうち T_2 に含まれない各辺に関して、 辺 \lbrace 4, 3 \rbrace について、頂点 4 と頂点 3 は祖先と子孫の関係になく、 辺 \lbrace 2, 6 \rbrace について、頂点 2 と頂点 6 は祖先と子孫の関係になく、 辺 \lbrace 4, 2 \rbrace について、頂点 4 と頂点 2 は祖先と子孫の関係にありません。 入力例 2 4 3 3 1 1 2 1 4 出力例 2 1 2 1 3 1 4 1 4 1 3 1 2 3 本の辺 \lbrace 1, 2\rbrace, \lbrace 1, 3 \rbrace, \lbrace 1, 4 \rbrace を持つ木 T が G の唯一の全域木です。 G の辺のうちこの木 T に含まれない辺は存在しないので、明らかに、 T は T_1 の条件と T_2 の条件をともに満たします。",500.0,
atcoder,abc,public_sponsored_abc,panasonic,abc251,パナソニックグループプログラミングコンテスト2022（AtCoder Beginner Contest 251）,2022,,1652529600.0,2022.0,abc251_g,G,Intersection of Polygons,G. Intersection of Polygons,2468.0,531,"['computational geometry', 'convex polygon', 'vector', 'half plane', 'precomputation']",5,https://atcoder.jp/contests/abc251/tasks/abc251_g,https://atcoder-tagged-backend.onrender.com/problems/all,2.3.0-sponsor-abc-kenkoooo-diff,ja,2026-06-04T18:46:05.900291+00:00,76.771,2173.0,"配点 : 600 点 問題文 xy -平面上の凸 N 角形 P の頂点が、 反時計回り に (x_1, y_1), (x_2, y_2), \ldots, (x_N, y_N) として与えられます。（ただし、 x 軸の正の方向を右向き、 y 軸の正の方向を上向きとします。） この多角形 P に対して、 M 個の凸 N 多角形 P_1, P_2, \ldots, P_M を考えます。 i = 1, 2, \ldots, M について多角形 P_i は、 多角形 P を x 軸の正の方向に u_i 、 y 軸の正の方向に v_i だけ平行移動して得られる多角形です。すなわち、 P_i は N 個の点 (x_1+u_i, y_1+v_i), (x_2+u_i, y_2+v_i), \ldots, (x_N+u_i, y_N+v_i) を頂点とする凸 N 角形です。 Q 個の点 (a_1, b_1), (a_2, b_2), \ldots, (a_Q, b_Q) のそれぞれについて、 「その点が M 個の多角形 P_1, P_2, \ldots, P_M のすべてに含まれるか」を判定してください。 ただし、点が多角形の境界上にある場合も、その点はその多角形に含まれるとみなします。 制約 3 \leq N \leq 50 1 \leq M \leq 2 \times 10^5 1 \leq Q \leq 2 \times 10^5 -10^8 \leq x_i, y_i \leq 10^8 -10^8 \leq u_i, v_i \leq 10^8 -10^8 \leq a_i, b_i \leq 10^8 入力はすべて整数 (x_1, y_1), (x_2, y_2), \ldots, (x_N, y_N) は反時計回りに凸多角形をなす 多角形 P のそれぞれの内角の大きさは 180 度未満 入力 入力は以下の形式で標準入力から与えられる。 N x_1 y_1 x_2 y_2 \vdots x_N y_N M u_1 v_1 u_2 v_2 \vdots u_M v_M Q a_1 b_1 a_2 b_2 \vdots a_Q b_Q 出力 Q 行出力せよ。 i = 1, 2, \ldots, Q について、 i 行目には点 (a_i, b_i) が M 個の多角形 P_1, P_2, \ldots, P_M のすべてに含まれる場合は Yes を、そうでない場合は No を出力せよ。 入力例 1 5 -2 -3 0 -2 1 0 0 2 -2 1 2 0 1 1 0 6 0 0 1 0 0 1 1 1 -1 -1 -1 -2 出力例 1 Yes No Yes Yes Yes No 多角形 P は (-2, -3), (0, -2), (1, 0), (0, 2), (-2, 1) を頂点とする 5 角形です。 多角形 P_1 は、 P を x 軸の正の方向に 0 、 y 軸の正の方向に 1 だけ平行移動させた、 (-2, -2), (0, -1), (1, 1), (0, 3), (-2, 2) を頂点とする 5 角形です。 多角形 P_2 は、 P を x 軸の正の方向に 1 、 y 軸の正の方向に 0 だけ平行移動させた、 (-1, -3), (1, -2), (2, 0), (1, 2), (-1, 1) を頂点とする 5 角形です。 よって、下記の通りに 6 行出力します。 (a_1, b_1) = (0, 0) は P_1 と P_2 の両方に含まれるので、 1 行目には Yes を出力します。 (a_2, b_2) = (1, 0) は P_2 には含まれますが P_1 には含まれないので、 2 行目には No を出力します。 (a_3, b_3) = (0, 1) は P_1 と P_2 の両方に含まれるので、 3 行目には Yes を出力します。 (a_4, b_4) = (1, 1) は P_1 と P_2 の両方に含まれるので、 4 行目には Yes を出力します。 (a_5, b_5) = (-1, -1) は P_1 と P_2 の両方に含まれるので、 5 行目には Yes を出力します。 (a_6, b_6) = (-1, -2) は P_2 には含まれますが P_1 には含まれないので、 6 行目には No を出力します。 多角形の境界上にある点も多角形に含まれるとみなすことに注意してください。 入力例 2 10 45 100 -60 98 -95 62 -95 28 -78 -41 -54 -92 -8 -99 87 -94 98 23 87 91 5 -57 -40 -21 -67 25 39 -30 25 39 -20 16 4 5 -34 -8 -63 53 78 84 19 -16 64 9 -13 7 13 53 -20 4 2 -7 3 18 -12 10 -69 -93 2 9 27 64 -92 -100 出力例 2 Yes Yes No No Yes No Yes No Yes Yes Yes Yes No Yes No No",600.0,
atcoder,abc,public_sponsored_abc,panasonic,abc251,パナソニックグループプログラミングコンテスト2022（AtCoder Beginner Contest 251）,2022,,1652529600.0,2022.0,abc251_h,Ex,Fill Triangle,Ex. Fill Triangle,3108.0,168,"['lucas theorem', 'binomial coefficient', 'combinatorics', 'number theory', 'compression', 'digit dp']",6,https://atcoder.jp/contests/abc251/tasks/abc251_h,https://atcoder-tagged-backend.onrender.com/problems/all,2.3.0-sponsor-abc-kenkoooo-diff,ja,2026-06-04T18:46:05.900291+00:00,89.402,1199.0,"配点 : 600 点 問題文 ブロックが三角形状に N 段並んでいます。上から i 段目には i 個のブロックが並んでいます。 6 以下の非負整数からなる列 A = (A_1, A_2, ..., A_N) を連長圧縮した列 P = ((a_1, c_1), (a_2, c_2), ..., (a_M, c_M)) が与えられます。 例えば A = (2, 2, 2, 5, 5, 1) のとき P = ((2, 3), (5, 2), (1, 1)) になります。 上から i 段目で左から j 番目のブロックに書きこむ数を B_{i,j} として、次の条件を満たすようにすべてのブロックに数を書きこみます。 すべての 1 \leq i \leq N を満たす整数 i について B_{N,i} = A_{i} すべての 1 \leq j \leq i \leq N-1 を満たす整数の組 i,j について B_{i,j}= (B_{i+1,j}+B_{i+1,j+1})\bmod 7 上から K 段目のブロックに書かれた数を列挙してください。 連長圧縮とは？ 数列 A を以下の手続きによって整数の組からなる列に変換することを連長圧縮と呼びます。 A を異なる要素が隣り合っている部分で分割する。 分割した各数列 B に対して、 B を 「 B を構成する数」 と 「 B の長さ」 からなる整数の組に置き換える。 置き換えた整数の組を元の順番を保ったまま並べて列にする。 制約 1 \leq N \leq 10^9 1 \leq M \leq \min(N, 200) 1 \leq K \leq \min(N,5 \times 10^5) 0 \leq a_i \leq 6 1 \leq c_i \leq N \sum_{i=1}^M c_i = N 入力される値はすべて整数 入力 入力は以下の形式で標準入力から与えられる。 N M K a_1 c_1 a_2 c_2 \vdots a_M c_M 出力 答えを以下の形式で出力せよ。なお、制約下において答えは一意に定まることが保証される。 B_{K,1} B_{K,2} \dots B_{K,K} 入力例 1 6 3 4 2 3 5 2 1 1 出力例 1 1 4 3 2 A = (2,2,2,5,5,1) です。また、ブロックに書かれる数は次のようになります。 3 5 5 5 0 5 1 4 3 2 4 4 0 3 6 2 2 2 5 5 1 入力例 2 1 1 1 6 1 出力例 2 6 入力例 3 111111111 9 9 0 1 1 10 2 100 3 1000 4 10000 5 100000 6 1000000 0 10000000 1 100000000 出力例 3 1 0 4 2 5 5 5 6 3",600.0,
atcoder,abc,public_sponsored_abc,nomura,abc253,NOMURA プログラミングコンテスト2022（AtCoder Beginner Contest 253）,2022,,1653739200.0,2022.0,abc253_a,A,Median?,A. Median?,-857.0,14985,"['ad hoc', 'conditional', 'comparison']",3,https://atcoder.jp/contests/abc253/tasks/abc253_a,https://atcoder-tagged-backend.onrender.com/problems/all,2.3.0-sponsor-abc-kenkoooo-diff,ja,2026-06-04T18:46:05.900291+00:00,11.151,320.0,"配点 : 100 点 問題文 整数 a, b, c が与えられます。 b がこれらの整数の中央値であるかどうか判定してください。 制約 1 \leq a, b, c \leq 100 入力は全て整数 入力 入力は以下の形式で標準入力から与えられる。 a b c 出力 b が与えられた整数の中央値であるならば Yes 、そうでないならば No と出力せよ。 入力例 1 5 3 2 出力例 1 Yes 与えられた整数を小さい順に並べると 2, 3, 5 となり、 b はこれらの整数の中央値です。 入力例 2 2 5 3 出力例 2 No b は与えられた整数の中央値ではありません。 入力例 3 100 100 100 出力例 3 Yes",100.0,
atcoder,abc,public_sponsored_abc,nomura,abc253,NOMURA プログラミングコンテスト2022（AtCoder Beginner Contest 253）,2022,,1653739200.0,2022.0,abc253_b,B,Distance Between Tokens,B. Distance Between Tokens,-378.0,12633,"['grid', 'implementation', 'math']",3,https://atcoder.jp/contests/abc253/tasks/abc253_b,https://atcoder-tagged-backend.onrender.com/problems/all,2.3.0-sponsor-abc-kenkoooo-diff,ja,2026-06-04T18:46:05.900291+00:00,20.604,692.0,"配点 : 200 点 問題文 H 行 W 列のマス目があり、そのうち二つの異なるマスに駒が置かれています。 マス目の状態は H 個の長さ W の文字列 S_1, \dots, S_H で表されます。 S_{i, j} = o ならば i 行目 j 列目のマスに駒が置かれていることを、 S_{i, j} = - ならばそのマスには駒が置かれていないことを表します。なお、 S_{i, j} は文字列 S_i の j 文字目を指します。 一方の駒をマス目の外側に出ないように上下左右の隣接するマスに動かすことを繰り返すとき、もう一方の駒と同じマスに移動させるためには最小で何回動かす必要がありますか？ 制約 2 \leq H, W \leq 100 H, W は整数 S_i \, (1 \leq i \leq H) は o および - のみからなる長さ W の文字列 S_{i, j} = o となる整数 1 \leq i \leq H, 1 \leq j \leq W の組がちょうど二つ存在する 入力 入力は以下の形式で標準入力から与えられる。 H W S_1 \vdots S_H 出力 答えを出力せよ。 入力例 1 2 3 --o o-- 出力例 1 3 1 行目 3 列目に置かれている駒を 下 \rightarrow 左 \rightarrow 左 と移動すると 3 回でもう一方の駒と同じマスに移動させることができます。 2 回以下で移動させることはできないので、 3 を出力します。 入力例 2 5 4 -o-- ---- ---- ---- -o-- 出力例 2 4",200.0,
atcoder,abc,public_sponsored_abc,nomura,abc253,NOMURA プログラミングコンテスト2022（AtCoder Beginner Contest 253）,2022,,1653739200.0,2022.0,abc253_c,C,Max - Min Query,C. Max - Min Query,518.0,10049,"['multiset', 'data structure', 'query', 'balanced bst', 'stl']",5,https://atcoder.jp/contests/abc253/tasks/abc253_c,https://atcoder-tagged-backend.onrender.com/problems/all,2.3.0-sponsor-abc-kenkoooo-diff,ja,2026-06-04T18:46:05.900291+00:00,38.287,1150.0,"配点 : 300 点 問題文 整数の多重集合 S があります。はじめ S は空です。 Q 個のクエリが与えられるので順に処理してください。 クエリは次の 3 種類のいずれかです。 1 x : S に x を 1 個追加する。 2 x c : S から x を \mathrm{min}(c, (S に含まれる x の個数 )) 個削除する。 3 : (S の最大値 )- (S の最小値 ) を出力する。このクエリを処理するとき、 S が空でないことが保証される。 制約 1 \leq Q \leq 2\times 10^5 0 \leq x \leq 10^9 1 \leq c \leq Q 3 のクエリを処理するとき、 S は空でない。 入力は全て整数 入力 入力は以下の形式で標準入力から与えられる。 Q \mathrm{query}_1 \vdots \mathrm{query}_Q i 番目のクエリを表す \mathrm{query}_i は以下の 3 種類のいずれかである。 1 x 2 x c 3 出力 3 のクエリに対する答えを順に改行区切りで出力せよ。 入力例 1 8 1 3 1 2 3 1 2 1 7 3 2 2 3 3 出力例 1 1 5 4 多重集合 S は以下のように変化します。 1 番目のクエリ : S に 3 を追加する。 S は \lbrace3 \rbrace となる。 2 番目のクエリ : S に 2 を追加する。 S は \lbrace2, 3\rbrace となる。 3 番目のクエリ : S = \lbrace 2, 3\rbrace の最大値は 3 、最小値は 2 なので、 3-2=1 を出力する。 4 番目のクエリ : S に 2 を追加する。 S は \lbrace2,2,3 \rbrace となる。 5 番目のクエリ : S に 7 を追加する。 S は \lbrace2, 2,3, 7\rbrace となる。 6 番目のクエリ : S = \lbrace2,2,3, 7\rbrace の最大値は 7 、最小値は 2 なので、 7-2=5 を出力する。 7 番目のクエリ : S に含まれる 2 の個数は 2 個なので、 \mathrm{min(2,3)} = 2 個の 2 を S から削除する。 S は \lbrace3, 7\rbrace となる。 8 番目のクエリ : S = \lbrace3, 7\rbrace の最大値は 7 、最小値は 3 なので、 7-3=4 を出力する。 入力例 2 4 1 10000 1 1000 2 100 3 1 10 出力例 2 クエリ 3 が含まれない場合、何も出力してはいけません。",300.0,
atcoder,abc,public_sponsored_abc,nomura,abc253,NOMURA プログラミングコンテスト2022（AtCoder Beginner Contest 253）,2022,,1653739200.0,2022.0,abc253_d,D,FizzBuzz Sum Hard,D. FizzBuzz Sum Hard,520.0,9814,"['inclusion exclusion', 'formula', 'number theory', 'sum']",4,https://atcoder.jp/contests/abc253/tasks/abc253_d,https://atcoder-tagged-backend.onrender.com/problems/all,2.3.0-sponsor-abc-kenkoooo-diff,ja,2026-06-04T18:46:05.900291+00:00,38.326,288.0,"配点 : 400 点 問題文 1 以上 N 以下の整数であって、 A の倍数でも B の倍数でもないものの総和を求めてください。 制約 1 \leq N, A,B \leq 10^9 入力は全て整数 入力 入力は以下の形式で標準入力から与えられる。 N A B 出力 答えを出力せよ。 入力例 1 10 3 5 出力例 1 22 1 以上 10 以下の整数で 3 の倍数でも 5 の倍数でもないのは 1,2,4,7,8 です。それらの総和は 1+2+4+7+8 =22 です。 入力例 2 1000000000 314 159 出力例 2 495273003954006262",400.0,
atcoder,abc,public_sponsored_abc,nomura,abc253,NOMURA プログラミングコンテスト2022（AtCoder Beginner Contest 253）,2022,,1653739200.0,2022.0,abc253_e,E,Distance Sequence,E. Distance Sequence,1073.0,6376,"['dp', 'prefix sum']",2,https://atcoder.jp/contests/abc253/tasks/abc253_e,https://atcoder-tagged-backend.onrender.com/problems/all,2.3.0-sponsor-abc-kenkoooo-diff,ja,2026-06-04T18:46:05.900291+00:00,49.24,530.0,"配点 : 500 点 問題文 長さ N の整数からなる数列 A=(A_1,\ldots,A_N) であって、以下の条件を全て満たすものは何通りありますか？ 1\le A_i \le M (1 \le i \le N) |A_i - A_{i+1}| \geq K (1 \le i \le N - 1) ただし、答えは非常に大きくなることがあるので、答えを 998244353 で割った余りを求めてください。 制約 2 \leq N \leq 1000 1 \leq M \leq 5000 0 \leq K \leq M-1 入力は全て整数 入力 入力は以下の形式で標準入力から与えられる。 N M K 出力 答えを 998244353 で割った余りを出力せよ。 入力例 1 2 3 1 出力例 1 6 条件を満たす数列は以下の 6 つです。 (1,2) (1,3) (2,1) (2,3) (3,1) (3,2) 入力例 2 3 3 2 出力例 2 2 条件を満たす数列は以下の 2 つです。 (1,3,1) (3,1,3) 入力例 3 100 1000 500 出力例 3 657064711 答えを 998244353 で割った余りを出力してください。",500.0,
atcoder,abc,public_sponsored_abc,nomura,abc253,NOMURA プログラミングコンテスト2022（AtCoder Beginner Contest 253）,2022,,1653739200.0,2022.0,abc253_f,F,Operations on a Matrix,F. Operations on a Matrix,1756.0,2537,"['binary indexed tree', 'difference array', 'range update', 'offline processing']",4,https://atcoder.jp/contests/abc253/tasks/abc253_f,https://atcoder-tagged-backend.onrender.com/problems/all,2.3.0-sponsor-abc-kenkoooo-diff,ja,2026-06-04T18:46:05.900291+00:00,62.72,1312.0,"配点 : 500 点 問題文 縦 N 行、横 M 列の行列があり、はじめ全ての成分は 0 です。 以下のいずれかの形式で表されるクエリを Q 個処理してください。 1 l r x : l 列目、 l+1 列目、 \ldots 、 r 列目の成分全てに x を足す。 2 i x : i 行目の成分全てを x で置き換える。 3 i j : (i, j) 成分を出力する。 制約 1 \leq N, M, Q \leq 2 \times 10^5 1 l r x の形式のクエリについて、 1 \leq l \leq r \leq M かつ 1 \leq x \leq 10^9 2 i x の形式のクエリについて、 1 \leq i \leq N かつ 1 \leq x \leq 10^9 3 i j の形式にクエリについて、 1 \leq i \leq N かつ 1 \leq j \leq M 3 i j の形式のクエリが一個以上与えられる 入力は全て整数 入力 入力は以下の形式で標準入力から与えられる。 N M Q \mathrm{Query}_1 \vdots \mathrm{Query}_Q i 番目に与えられるクエリを表す \mathrm{Query}_i は以下のいずれかの形式である。 1 l r x 2 i x 3 i j 出力 3 i j の形式の各クエリについて、答えを一行に出力せよ。 入力例 1 3 3 9 1 1 2 1 3 2 2 2 3 2 3 3 3 3 3 1 1 2 3 3 3 3 2 3 2 3 3 1 2 出力例 1 1 2 2 5 3 4 行列は次のように変化します。 \begin{pmatrix} 0 & 0 & 0 \\ 0 & 0 & 0 \\ 0 & 0 & 0 \\ \end{pmatrix} \rightarrow \begin{pmatrix} 1 & 1 & 0 \\ 1 & 1 & 0 \\ 1 & 1 & 0 \\ \end{pmatrix} \rightarrow \begin{pmatrix} 1 & 1 & 0 \\ 1 & 1 & 0 \\ 2 & 2 & 2 \\ \end{pmatrix} \rightarrow \begin{pmatrix} 1 & 4 & 3 \\ 1 & 4 & 3 \\ 2 & 5 & 5 \\ \end{pmatrix} 入力例 2 1 1 10 1 1 1 1000000000 1 1 1 1000000000 1 1 1 1000000000 1 1 1 1000000000 1 1 1 1000000000 1 1 1 1000000000 1 1 1 1000000000 1 1 1 1000000000 1 1 1 1000000000 3 1 1 出力例 2 9000000000 入力例 3 10 10 10 1 1 8 5 2 2 6 3 2 1 3 4 7 1 5 9 7 3 3 2 3 2 8 2 8 10 3 8 8 3 1 10 出力例 3 6 5 5 13 10 0",500.0,
atcoder,abc,public_sponsored_abc,nomura,abc253,NOMURA プログラミングコンテスト2022（AtCoder Beginner Contest 253）,2022,,1653739200.0,2022.0,abc253_g,G,Swap Many Times,G. Swap Many Times,2051.0,1281,"['combinatorics', 'implementation', 'observation', 'array', 'reversal']",5,https://atcoder.jp/contests/abc253/tasks/abc253_g,https://atcoder-tagged-backend.onrender.com/problems/all,2.3.0-sponsor-abc-kenkoooo-diff,ja,2026-06-04T18:46:05.900291+00:00,68.542,864.0,"配点 : 600 点 問題文 2 以上の整数 N に対し、 1 \leq x \lt y \leq N を満たす整数の組 (x, y) は \frac{N(N - 1)}{2} 個あります。 これらを辞書順で小さい順に並べたもののうち L 番目、 L+1 番目、 \ldots 、 R 番目のものをそれぞれ (x_1, y_1), \dots, (x_{R - L + 1}, y_{R - L + 1}) とおきます。数列 A = (1, \dots, N) に対し、 i = 1, \dots, R-L+1 の順に以下の操作を行います。 A_{x_i} と A_{y_i} を入れ替える 操作後の A を求めてください。 なお、 (a, b) が (c, d) よりも辞書順で小さいとは、以下のいずれかが成り立つことをいいます。 a \lt c a = c かつ b \lt d 制約 2 \leq N \leq 2 \times 10^5 1 \leq L \leq R \leq \frac{N(N-1)}{2} 入力は全て整数 入力 入力は以下の形式で標準入力から与えられる。 N L R 出力 操作後の A の各項を空白区切りで一行に出力せよ。 入力例 1 5 3 6 出力例 1 5 1 2 3 4 1 \leq x \lt y \leq N を満たす整数の組を辞書順で小さい順に並べたもののうち 3, 4, 5, 6 番目のものはそれぞれ (1, 4), (1, 5), (2, 3), (2, 4) です。 これらについて順に操作を行うと、 A は次のように変化します。 (1, 2, 3, 4, 5) \rightarrow (4, 2, 3, 1, 5) \rightarrow (5, 2, 3, 1, 4) \rightarrow (5, 3, 2, 1, 4) \rightarrow (5, 1, 2, 3, 4) 入力例 2 10 12 36 出力例 2 1 10 9 8 7 4 3 2 5 6",600.0,
atcoder,abc,public_sponsored_abc,nomura,abc253,NOMURA プログラミングコンテスト2022（AtCoder Beginner Contest 253）,2022,,1653739200.0,2022.0,abc253_h,Ex,We Love Forest,Ex. We Love Forest,2758.0,489,"['bitmask dp', 'kirchhoff theorem', 'counting', 'probability', 'forest']",5,https://atcoder.jp/contests/abc253/tasks/abc253_h,https://atcoder-tagged-backend.onrender.com/problems/all,2.3.0-sponsor-abc-kenkoooo-diff,ja,2026-06-04T18:46:05.900291+00:00,82.495,1289.0,"配点 : 600 点 問題文 頂点に 1 から N の番号がついた N 頂点 0 辺のグラフ G があります。また、長さ M の数列 u=(u_1,u_2,\ldots,u_M),v=(v_1,v_2,\ldots,v_M) が与えられます。 あなたは以下の操作を N-1 回行います。 i (1 \leq i \leq M) を一様ランダムに選ぶ。 G に頂点 u_i と頂点 v_i を結ぶ無向辺を追加する。 すでに G に u_i と v_i を結ぶ辺があった場合も、新たに辺を追加する操作を行うことに注意してください。すなわち、操作後の G には多重辺が存在する可能性があります。 K=1,2,\ldots,N-1 について、 K 回の操作後に G が森になっている確率を \bmod 998244353 で求めてください。 森とは？ 閉路を含まない無向グラフのことを森と呼びます。森は連結でなくても構いません。 確率 \bmod 998244353 の定義 この問題で求める確率は必ず有理数になることが証明できます。 また、この問題の制約下では、求める確率を既約分数 \frac{y}{x} で表したときに x が 998244353 で割り切れないことが保証されます。 このとき xz \equiv y \pmod{998244353} を満たすような 0 以上 998244352 以下の整数 z が一意に定まります。この z を答えてください。 制約 2 \leq N \leq 14 N-1 \leq M \leq 500 1 \leq u_i,v_i \leq N u_i\neq v_i 入力は全て整数 入力 入力は以下の形式で標準入力から与えられる。 N M u_1 v_1 \vdots u_M v_M 出力 N-1 行出力せよ。 i 行目には i 回の操作後に G が森になっている確率を \bmod 998244353 で出力せよ。 入力例 1 3 2 1 2 2 3 出力例 1 1 499122177 頂点 u と頂点 v を結ぶ辺を (u,v) と書きます。 操作を 1 回行った後の G は以下のようになります。 1/2 の確率で、辺 (1, 2) が存在する。 1/2 の確率で、辺 (2, 3) が存在する。 どちらの場合も G は森なので、 K=1 の場合の答えは 1 です。 操作を 2 回行った後の G は以下のようになります。 1/4 の確率で、辺 (1, 2),(1,2) が存在する。 1/4 の確率で、辺 (2, 3),(2,3) が存在する。 1/2 の確率で、辺 (1, 2),(2,3) が存在する。 辺 (1,2),(2,3) が存在するときのみ G は森となっています。よって求める確率は 1/2 であり、これを \bmod 998244353 で表した 499122177 を出力してください。 入力例 2 4 5 1 2 1 2 1 4 2 3 2 4 出力例 2 1 758665709 918384805",600.0,
atcoder,abc,public_sponsored_abc,tokyo_marine,abc256,東京海上日動プログラミングコンテスト2022（AtCoder Beginner Contest 256）,2022,,1655553600.0,2022.0,abc256_a,A,2^N,A. 2^N,-1191.0,15718,"['bit manipulation', 'modular exponentiation']",2,https://atcoder.jp/contests/abc256/tasks/abc256_a,https://atcoder-tagged-backend.onrender.com/problems/all,2.3.0-sponsor-abc-kenkoooo-diff,ja,2026-06-04T18:46:05.900291+00:00,4.559,160.0,配点 : 100 点 問題文 N が与えられます。 2^N を出力してください。 制約 0 \leq N \leq 30 N は整数である 入力 入力は以下の形式で標準入力から与えられる。 N 出力 答えを出力せよ。 入力例 1 3 出力例 1 8 2^3=8 です。 入力例 2 30 出力例 2 1073741824,100.0,
atcoder,abc,public_sponsored_abc,tokyo_marine,abc256,東京海上日動プログラミングコンテスト2022（AtCoder Beginner Contest 256）,2022,,1655553600.0,2022.0,abc256_b,B,Batters,B. Batters,-227.0,11456,"['simulation', 'array', 'implementation']",3,https://atcoder.jp/contests/abc256/tasks/abc256_b,https://atcoder-tagged-backend.onrender.com/problems/all,2.3.0-sponsor-abc-kenkoooo-diff,ja,2026-06-04T18:46:05.900291+00:00,23.584,1240.0,"配点 : 200 点 問題文 高橋君は野球をモチーフにしたゲームを作ろうとしましたが、うまくコードが書けなくて困っています。 高橋君の代わりに次の問題を解くプログラムを作ってください。 マス 0 , マス 1 , マス 2 , マス 3 の 4 つのマス目があります。はじめマスの上には何もありません。 また、整数 P があり、はじめ P = 0 です。 正の整数からなる数列 A = (A_1, A_2, \dots, A_N) が与えられるので、 i = 1, 2, \dots, N について順番に次の操作を行います。 マス 0 に駒を 1 個置く。 マス上のすべての駒を番号が A_i 大きいマスに進める。言い換えると、駒がマス x にあればその駒をマス x + A_i に移動する。 ただし移動先のマスが存在しない (すなわち x + A_i が 4 以上になる) 駒たちに関しては、それらを取り除いて P に取り除いた個数を加算する。 すべての操作を行った後の P の値を出力してください。 制約 1 \leq N \leq 100 1 \leq A_i \leq 4 入力される値はすべて整数 入力 入力は以下の形式で標準入力から与えられる。 N A_1 A_2 \dots A_N 出力 操作終了時点での P の値を出力せよ。 入力例 1 4 1 1 3 2 出力例 1 3 操作を説明すると次のようになり、操作終了時点での P の値は 3 になります。 i=1 での操作 マス 0 に駒を置く。この時点でマス 0 にコマが乗っている。 すべての駒を 1 大きいマスに進める。移動を終えた時点でマス 1 に駒が乗っている。 i=2 での操作 マス 0 に駒を置く。この時点でマス 0, 1 にコマが乗っている。 すべての駒を 1 大きいマスに進める。移動を終えた時点でマス 1, 2 に駒が乗っている。 i=3 での操作 マス 0 に駒を置く。この時点でマス 0, 1, 2 にコマが乗っている。 すべての駒を 3 大きいマスに進める。 この時、マス 1,2 にある駒は移動先のマスが存在しないため (それぞれ 1+3=4,2+3=5 なので) 、盤上から取り除いて P に 2 を加算する。 P の値は 2 になる。 移動を終えた時点でマス 3 に駒が乗っている。 i=4 での操作 マス 0 に駒を置く。この時点でマス 0, 3 にコマが乗っている。 すべての駒を 2 大きいマスに進める。 この時、マス 3 にある駒は移動先のマスが存在しないため ( 3+2=5 なので) 、盤上から取り除いて P に 1 を加算する。 P の値は 3 になる。 移動を終えた時点でマス 2 に駒が乗っている。 入力例 2 3 1 1 1 出力例 2 0 P の値が操作中に変化しない場合もあります。 入力例 3 10 2 2 4 1 1 1 4 2 2 1 出力例 3 8",200.0,
atcoder,abc,public_sponsored_abc,tokyo_marine,abc256,東京海上日動プログラミングコンテスト2022（AtCoder Beginner Contest 256）,2022,,1655553600.0,2022.0,abc256_c,C,Filling 3x3 array,C. Filling 3x3 array,541.0,8931,"['backtracking', 'brute force', 'constraint', 'enumeration', 'grid']",5,https://atcoder.jp/contests/abc256/tasks/abc256_c,https://atcoder-tagged-backend.onrender.com/problems/all,2.3.0-sponsor-abc-kenkoooo-diff,ja,2026-06-04T18:46:05.900291+00:00,38.741,676.0,"配点 : 300 点 問題文 6 個の整数 h_1, h_2, h_3, w_1, w_2, w_3 が与えられます。 縦横 3 \times 3 のマス目に、以下の条件をすべて満たすように各マスに 正の 整数を 1 つずつ書きこむことを考えます。 i=1,2,3 について、上から i 行目に書きこんだ数の和が h_i になる。 j=1,2,3 について、左から j 列目に書きこんだ数の和が w_j になる。 例えば (h_1, h_2, h_3) = (5, 13, 10), (w_1, w_2, w_3) = (6, 13, 9) のとき、以下の 3 通りの書きこみ方はすべて条件を満たしています。(条件を満たす書きこみ方は他にもあります) さて、条件を満たす書きこみ方は全部で何通り存在しますか？ 制約 3 \leq h_1, h_2, h_3, w_1, w_2, w_3 \leq 30 入力される値はすべて整数 入力 入力は以下の形式で標準入力から与えられる。 h_1 h_2 h_3 w_1 w_2 w_3 出力 条件を満たす書きこみ方が何通りあるかを出力せよ。 入力例 1 3 4 6 3 3 7 出力例 1 1 条件を満たす数の書きこみ方は次の 1 通りのみです。よって 1 を出力します。 入力例 2 3 4 5 6 7 8 出力例 2 0 条件を満たす書きこみ方が存在しないこともあります。 入力例 3 5 13 10 6 13 9 出力例 3 120 入力例 4 20 25 30 22 29 24 出力例 4 30613",300.0,
atcoder,abc,public_sponsored_abc,tokyo_marine,abc256,東京海上日動プログラミングコンテスト2022（AtCoder Beginner Contest 256）,2022,,1655553600.0,2022.0,abc256_d,D,Union of Interval,D. Union of Interval,546.0,8647,"['sorting', 'interval', 'plane sweep']",3,https://atcoder.jp/contests/abc256/tasks/abc256_d,https://atcoder-tagged-backend.onrender.com/problems/all,2.3.0-sponsor-abc-kenkoooo-diff,ja,2026-06-04T18:46:05.900291+00:00,38.84,630.0,"配点 : 400 点 問題文 実数 L,R に対して、 L 以上 R 未満からなる実数の集合を [L,R) と表します。このような形で表される集合を右半開区間といいます。 N 個の右半開区間 [L_i,R_i) が与えられます。これらの和集合を S とします。 S を最小の個数の右半開区間の和集合として表してください。 制約 1 \leq N \leq 2\times 10^5 1 \leq L_i \lt R_i \leq 2\times 10^5 入力に含まれる値は全て整数である 入力 入力は以下の形式で標準入力から与えられる。 N L_1 R_1 \vdots L_N R_N 出力 S が最小で k 個の右半開区間の和集合で表せるとする。そのような k 個の右半開区間 [X_i,Y_i) を X_i の昇順で以下のように k 行出力せよ。 X_1 Y_1 \vdots X_k Y_k 入力例 1 3 10 20 20 30 40 50 出力例 1 10 30 40 50 3 つの右半開区間 [10,20),[20,30),[40,50) の和集合は 2 つの右半開区間 [10,30),[40,50) の和集合と等しくなります。 入力例 2 3 10 40 30 60 20 50 出力例 2 10 60 3 つの右半開区間 [10,40),[30,60),[20,50) の和集合は 1 つの右半開区間 [10,60) と等しくなります。",400.0,
atcoder,abc,public_sponsored_abc,tokyo_marine,abc256,東京海上日動プログラミングコンテスト2022（AtCoder Beginner Contest 256）,2022,,1655553600.0,2022.0,abc256_e,E,Takahashi's Anguish,E. Takahashi's Anguish,1224.0,4730,"['functional graph', 'cycle', 'dsu', 'graph theory']",4,https://atcoder.jp/contests/abc256/tasks/abc256_e,https://atcoder-tagged-backend.onrender.com/problems/all,2.3.0-sponsor-abc-kenkoooo-diff,ja,2026-06-04T18:46:05.900291+00:00,52.22,649.0,"配点 : 500 点 問題文 1 から N の番号がついた N 人の人がいます。 高橋君は 1 から N までの整数を並び替えた列 P = (P_1, P_2, \dots, P_N) を 1 つ選んで、 人 P_1 , 人 P_2 , \dots , 人 P_N の順番に 1 人ずつキャンディを配ることにしました。 人 i は人 X_i のことが嫌いなので、高橋君が人 i より先に人 X_i にキャンディを配った場合、人 i に不満度 C_i がたまります。そうでない場合の人 i の不満度は 0 です。 高橋君が P を自由に選べるとき、全員の不満度の和の最小値はいくつになりますか？ 制約 2 \leq N \leq 2 \times 10^5 1 \leq X_i \leq N X_i \neq i 1 \leq C_i \leq 10^9 入力される値はすべて整数 入力 入力は以下の形式で標準入力から与えられる。 N X_1 X_2 \dots X_N C_1 C_2 \dots C_N 出力 答えを出力せよ。 入力例 1 3 2 3 2 1 10 100 出力例 1 10 P = (1, 3, 2) とすれば不満度が正になるのは人 2 だけで、この時全員の不満度の和は 10 になります。 これより不満度の和を小さくすることはできないので、答えは 10 です。 入力例 2 8 7 3 5 5 8 4 1 2 36 49 73 38 30 85 27 45 出力例 2 57",500.0,
atcoder,abc,public_sponsored_abc,tokyo_marine,abc256,東京海上日動プログラミングコンテスト2022（AtCoder Beginner Contest 256）,2022,,1655553600.0,2022.0,abc256_f,F,Cumulative Cumulative Cumulative Sum,F. Cumulative Cumulative Cumulative Sum,2067.0,2050,"['binary indexed tree', 'prefix sum', 'combinatorics', 'modular arithmetic', 'point update']",5,https://atcoder.jp/contests/abc256/tasks/abc256_f,https://atcoder-tagged-backend.onrender.com/problems/all,2.3.0-sponsor-abc-kenkoooo-diff,ja,2026-06-04T18:46:05.900291+00:00,68.857,793.0,"配点 : 500 点 問題文 N,Q および A=(A_1,\ldots,A_N) が与えられます。 以下のクエリを Q 個処理してください。クエリは次の 2 種類のいずれかです。 1 x v : A_x を v に更新する。 2 x : B_i=\sum_{j=1}^{i}A_j 、 C_i=\sum_{j=1}^{i}B_j 、 D_i=\sum_{j=1}^{i}C_j としたときの D_x を \bmod\ 998244353 で出力する。 制約 1 \leq N \leq 2\times10^5 1 \leq Q \leq 2\times10^5 0 \leq A_i \leq 10^9 1 \leq x \leq N 0 \leq v \leq 10^9 入力に含まれる値は全て整数である 入力 入力は以下の形式で標準入力から与えられる。ここで {\rm query}_i は i 番目に処理するクエリである。 N Q A_1 A_2 \ldots A_N {\rm query}_1 {\rm query}_2 \vdots {\rm query}_Q 各クエリは以下の 2 種類のいずれかの形式で与えられる。 1 x v 2 x 出力 クエリへの答えを改行区切りで出力せよ。 入力例 1 3 3 1 2 3 2 3 1 2 0 2 3 出力例 1 15 9 1 番目のクエリの時点で A=(1,2,3) であるため、 B=(1,3,6) 、 C=(1,4,10) 、 D=(1,5,15) となり、 D_3=15 です。 3 番目のクエリの時点で A=(1,0,3) であるため、 B=(1,1,4) 、 C=(1,2,6) 、 D=(1,3,9) となり、 D_3=9 です。 入力例 2 2 1 998244353 998244353 2 1 出力例 2 0",500.0,
atcoder,abc,public_sponsored_abc,tokyo_marine,abc256,東京海上日動プログラミングコンテスト2022（AtCoder Beginner Contest 256）,2022,,1655553600.0,2022.0,abc256_g,G,Black and White Stones,G. Black and White Stones,2250.0,1038,"['combinatorics', 'dp', 'matrix']",3,https://atcoder.jp/contests/abc256/tasks/abc256_g,https://atcoder-tagged-backend.onrender.com/problems/all,2.3.0-sponsor-abc-kenkoooo-diff,ja,2026-06-04T18:46:05.900291+00:00,72.469,381.0,配点 : 600 点 問題文 一辺の長さが整数 D の正 N 角形があります。 頂点から始めて、周上に距離 1 ごとに黒い石か白い石を置きます。これにより、 N 角形の各辺上に D+1 個、全体で ND 個の石が置かれます。 石の置き方のうち、各辺上にある白い石の個数が等しくなるようなものは何通りありますか？ 998244353 で割った余りを求めてください。 制約 3 \leq N \leq 10^{12} 1 \leq D \leq 10^4 入力に含まれる値は全て整数である 入力 入力は以下の形式で標準入力から与えられる。 N D 出力 答えを出力せよ。 入力例 1 3 2 出力例 1 10 下図の 10 通りがあります。 入力例 2 299792458 3141 出力例 2 138897974 998244353 で割った余りを求めてください。,600.0,
atcoder,abc,public_sponsored_abc,tokyo_marine,abc256,東京海上日動プログラミングコンテスト2022（AtCoder Beginner Contest 256）,2022,,1655553600.0,2022.0,abc256_h,Ex,I like Query Problem,Ex. I like Query Problem,2531.0,970,"['segment tree beats', 'lazy segment tree', 'range update', 'range sum query', 'amortized analysis']",5,https://atcoder.jp/contests/abc256/tasks/abc256_h,https://atcoder-tagged-backend.onrender.com/problems/all,2.3.0-sponsor-abc-kenkoooo-diff,ja,2026-06-04T18:46:05.900291+00:00,78.015,1103.0,"配点 : 600 点 問題文 N, Q および A = (a_1, a_2, \dots, a_N) が与えられます。 以下で説明されるクエリを Q 個処理してください。クエリは次の 3 種類のいずれかです。 1 L R x : i=L,L+1,\dots,R について a_i の値を \displaystyle \left\lfloor \frac{a_i}{x} \right\rfloor に更新する。 2 L R y : i=L,L+1,\dots,R について a_i の値を y に更新する。 3 L R : \displaystyle\sum_{i=L}^R a_i を出力する。 制約 1 \leq N \leq 5 \times 10^5 1 \leq Q \leq 10^5 1 \leq L \leq R \leq N 1 \leq a_i \leq 10^5 2 \leq x \leq 10^5 1 \leq y \leq 10^5 入力される値はすべて整数 入力 入力は以下の形式で標準入力から与えられる。ここで \text{query}_i は i 番目に処理するクエリである。 N Q a_1 a_2 \dots a_N \text{query}_1 \text{query}_2 \vdots \text{query}_Q 各クエリは以下の 3 種類のいずれかの形式で与えられる。 1 L R x 2 L R y 3 L R 出力 問題文の指示に従ってクエリへの答えを改行区切りで出力せよ。 入力例 1 3 5 2 5 6 3 1 3 1 2 3 2 3 1 2 2 1 2 3 3 1 3 出力例 1 13 4 9 はじめ、 A = (2, 5, 6) です。よって 1 番目のクエリの答えは a_1 + a_2 + a_3 = 2 + 5 + 6 = 13 になります。 2 番目のクエリを処理した直後は A = (2, 2, 3) です。よって 3 番目のクエリの答えは a_1 + a_2 = 2 + 2 = 4 になります。 4 番目のクエリを処理した直後は A = (3, 3, 3) です。よって 5 番目のクエリの答えは a_1 + a_2 + a_3 = 3 + 3 + 3 = 9 になります。 入力例 2 6 11 10 3 5 20 6 7 3 1 6 1 2 4 3 3 1 3 2 1 4 10 3 3 6 1 3 6 2 2 1 4 5 3 1 6 2 1 3 100 1 2 5 6 3 1 4 出力例 2 51 12 33 26 132",600.0,
atcoder,abc,public_sponsored_abc,line,abc263,LINE  Verda プログラミングコンテスト（AtCoder Beginner Contest 263）,2022,,1659787200.0,2022.0,abc263_a,A,Full House,A. Full House,-679.0,14656,"['counting', 'implementation']",2,https://atcoder.jp/contests/abc263/tasks/abc263_a,https://atcoder-tagged-backend.onrender.com/problems/all,2.3.0-sponsor-abc-kenkoooo-diff,ja,2026-06-04T18:46:05.900291+00:00,14.664,419.0,"配点 : 100 点 問題文 5 枚のカードがあり、それぞれのカードには整数 A,B,C,D,E が書かれています。 この 5 枚組は以下の条件を満たすとき、またそのときに限って、フルハウスであると呼ばれます。 同じ数が書かれたカード 3 枚と、別の同じ数が書かれたカード 2 枚からなる。 5 枚組がフルハウスであるか判定してください。 制約 1 \leq A,B,C,D,E\leq 13 A,B,C,D,E 全てが同じ値ではない 入力は全て整数 入力 入力は以下の形式で標準入力から与えられる。 A B C D E 出力 フルハウスである場合 Yes を、そうでないとき No を出力せよ。 入力例 1 1 2 1 2 1 出力例 1 Yes 1 が書かれたカード 3 枚と、 2 が書かれたカード 2 枚からなるため、これはフルハウスです。 入力例 2 12 12 11 1 2 出力例 2 No フルハウスの条件を満たしません。",100.0,
atcoder,abc,public_sponsored_abc,line,abc263,LINE  Verda プログラミングコンテスト（AtCoder Beginner Contest 263）,2022,,1659787200.0,2022.0,abc263_b,B,Ancestor,B. Ancestor,-32.0,10872,"['implementation', 'simulation', 'tree']",3,https://atcoder.jp/contests/abc263/tasks/abc263_b,https://atcoder-tagged-backend.onrender.com/problems/all,2.3.0-sponsor-abc-kenkoooo-diff,ja,2026-06-04T18:46:05.900291+00:00,27.432,387.0,"配点 : 200 点 問題文 N 人の人がいます。 N 人の人には人 1, 人 2,\dots, 人 N と番号がついています。 人 i(2 \le i \le N) の親は人 P_i です。ここで、 P_i < i が保証されます。 人 1 が人 N の何代前か求めてください。 制約 2 \le N \le 50 1 \le P_i < i(2 \le i \le N) 入力は全て整数。 入力 入力は以下の形式で標準入力から与えられる。 N P_2 P_3 \dots P_N 出力 答えを整数として出力せよ。 入力例 1 3 1 2 出力例 1 2 人 2 は人 3 の親であるため、人 3 の 1 代前です。 人 1 は人 2 の親であるため、人 3 の 2 代前です。 よって解は 2 です。 入力例 2 10 1 2 3 4 5 6 7 8 9 出力例 2 9",200.0,
atcoder,abc,public_sponsored_abc,line,abc263,LINE  Verda プログラミングコンテスト（AtCoder Beginner Contest 263）,2022,,1659787200.0,2022.0,abc263_c,C,Monotonically Increasing,C. Monotonically Increasing,282.0,9971,"['backtracking', 'combinatorics', 'lexicographical', 'recursion']",4,https://atcoder.jp/contests/abc263/tasks/abc263_c,https://atcoder-tagged-backend.onrender.com/problems/all,2.3.0-sponsor-abc-kenkoooo-diff,ja,2026-06-04T18:46:05.900291+00:00,33.629,633.0,"配点 : 300 点 問題文 長さ N かつ全ての要素が 1 以上 M 以下である整数列のうち、狭義単調増加であるものを全て辞書順に出力してください。 注記 ある 2 個の異なる長さの等しい整数列 A_1,A_2,\dots,A_N と B_1,B_2,\dots,B_N が以下を満たすとき、またその時に限り辞書順で A が B より早いと定義されます。 ある整数 i(1 \le i \le N) が存在し、 1 \le j < i である全ての整数 j に対し A_j=B_j が成り立ち、かつ A_i < B_i が成り立つ。 ある整数列 A_1,A_2,\dots,A_N は以下を満たすとき、またその時に限り狭義単調増加です。 全ての整数 i(1 \le i \le N-1) に対し A_i < A_{i+1} が成り立つ。 制約 1 \le N \le M \le 10 入力は全て整数。 入力 入力は以下の形式で標準入力から与えられる。 N M 出力 条件を満たす整数列を一行に一つずつ、辞書順に出力せよ（出力例を参考にせよ）。 入力例 1 2 3 出力例 1 1 2 1 3 2 3 条件を満たす数列は (1,2),(1,3),(2,3) の 3 個です。これらを辞書順で早い方から出力します。 入力例 2 3 5 出力例 2 1 2 3 1 2 4 1 2 5 1 3 4 1 3 5 1 4 5 2 3 4 2 3 5 2 4 5 3 4 5",300.0,
atcoder,abc,public_sponsored_abc,line,abc263,LINE  Verda プログラミングコンテスト（AtCoder Beginner Contest 263）,2022,,1659787200.0,2022.0,abc263_d,D,Left Right Operation,D. Left Right Operation,1016.0,6548,"['dp', 'prefix sum', 'greedy', 'enumeration']",4,https://atcoder.jp/contests/abc263/tasks/abc263_d,https://atcoder-tagged-backend.onrender.com/problems/all,2.3.0-sponsor-abc-kenkoooo-diff,ja,2026-06-04T18:46:05.900291+00:00,48.115,769.0,"配点 : 400 点 問題文 長さ N の整数列 A=(A_1,A_2,\ldots,A_N) が与えられます。 あなたは以下の連続する操作をちょうど一度だけ行います。 整数 x\ (0\leq x \leq N) を選ぶ。 x として 0 を選んだ場合何もしない。 x として 1 以上の整数を選んだ場合、 A_1,A_2,\ldots,A_x をそれぞれ L で置き換える。 整数 y\ (0\leq y \leq N) を選ぶ。 y として 0 を選んだ場合何もしない。 y として 1 以上の整数を選んだ場合、 A_{N},A_{N-1},\ldots,A_{N-y+1} をそれぞれ R で置き換える。 操作後の A の要素の総和として考えられる最小値を求めてください。 制約 1 \leq N \leq 2\times 10^5 -10^9 \leq L, R\leq 10^9 -10^9 \leq A_i\leq 10^9 入力は全て整数 入力 入力は以下の形式で標準入力から与えられる。 N L R A_1 A_2 \ldots A_N 出力 答えを出力せよ。 入力例 1 5 4 3 5 5 0 6 3 出力例 1 14 x=2,y=2 として操作をすると、数列 A = (4,4,0,3,3) となり、要素の総和は 14 になります。 これが達成可能な最小値です。 入力例 2 4 10 10 1 2 3 4 出力例 2 10 x=0,y=0 として操作をすると、数列 A = (1,2,3,4) となり、要素の総和は 10 になります。 これが達成可能な最小値です。 入力例 3 10 -5 -3 9 -6 10 -1 2 10 -1 7 -15 5 出力例 3 -58 L,R,A_i は負であることがあります。",400.0,
atcoder,abc,public_sponsored_abc,line,abc263,LINE  Verda プログラミングコンテスト（AtCoder Beginner Contest 263）,2022,,1659787200.0,2022.0,abc263_e,E,Sugoroku 3,E. Sugoroku 3,1659.0,3242,"['dp', 'expectation', 'probability', 'modular arithmetic', 'prefix sum']",5,https://atcoder.jp/contests/abc263/tasks/abc263_e,https://atcoder-tagged-backend.onrender.com/problems/all,2.3.0-sponsor-abc-kenkoooo-diff,ja,2026-06-04T18:46:05.900291+00:00,60.805,843.0,"配点 : 500 点 問題文 マス 1 からマス N の N 個のマスがあります。はじめ、あなたはマス 1 にいます。 また、マス 1 からマス N-1 にはそれぞれサイコロが置いてあります。マス i のサイコロは 0 以上 A_i 以下の整数を等確率にランダムで出します。(サイコロを振る操作は毎回独立です。) あなたは、マス N に到達するまで、現在いるマスに置かれているサイコロを振り、出た目の数だけ進むことを繰り返します。厳密に言うと、マス X にいるときにサイコロで Y が出た場合はマス X+Y に移動します。 サイコロを振る回数の期待値 \bmod\ 998244353 を求めてください。 注記 求める期待値は必ず有理数となることが証明できます。またこの問題の制約下では、その値を互いに素な 2 つの整数 P , Q を用いて \frac{P}{Q} と表したとき、 R \times Q \equiv P\pmod{998244353} かつ 0 \leq R \lt 998244353 を満たす整数 R がただ一つ存在することが証明できます。この R を求めてください。 制約 2 \le N \le 2 \times 10^5 1 \le A_i \le N-i(1 \le i \le N-1) 入力は全て整数。 入力 入力は以下の形式で標準入力から与えられる。 N A_1 A_2 \dots A_{N-1} 出力 答えを出力せよ。 入力例 1 3 1 1 出力例 1 4 求める期待値は 4 であるため、 4 を出力します。 マス N に到達するまでの流れとしては、以下のようなものが考えられます。 マス 1 で 1 を出し、マス 2 に移動する。 マス 2 で 0 を出し、移動しない。 マス 2 で 1 を出し、マス 3 に移動する。 このようになる確率は \frac{1}{8} です。 入力例 2 5 3 1 2 1 出力例 2 332748122",500.0,
atcoder,abc,public_sponsored_abc,line,abc263,LINE  Verda プログラミングコンテスト（AtCoder Beginner Contest 263）,2022,,1659787200.0,2022.0,abc263_f,F,Tournament,F. Tournament,2066.0,1621,"['dp', 'dp on trees']",2,https://atcoder.jp/contests/abc263/tasks/abc263_f,https://atcoder-tagged-backend.onrender.com/problems/all,2.3.0-sponsor-abc-kenkoooo-diff,ja,2026-06-04T18:46:05.900291+00:00,68.838,858.0,"配点 : 500 点 問題文 1 から 2^N の番号がついた 2^N 人でじゃんけん大会を行います。 大会は以下の形式で行われます。 参加者を人 1 、人 2 、 \ldots 、人 2^N の順に横一列に並べる。 現在の列の長さを 2M として、各 i\ (1\leq i \leq M) について左から 2i-1 番目の人と左から 2i 番目の人で試合を行い、負けた M 人を列から外す。これを N 回繰り返す。 ここで、人 i はちょうど j 回試合に勝つと C_{i,j} 円獲得できます。 1 回も勝たなかった場合は何も貰えません。全ての試合の勝敗を自由に決められるとき、人 1 、人 2 、 \ldots 、人 2^N が貰えるお金の合計の最大値を求めてください。 制約 1 \leq N \leq 16 1 \leq C_{i,j} \leq 10^9 入力は全て整数 入力 入力は以下の形式で標準入力から与えられる。 N C_{1,1} C_{1,2} \ldots C_{1,N} C_{2,1} C_{2,2} \ldots C_{2,N} \vdots C_{2^N,1} C_{2^N,2} \ldots C_{2^N,N} 出力 答えを出力せよ。 入力例 1 2 2 5 6 5 2 1 7 9 出力例 1 15 初めの列は (1,2,3,4) です。 人 1 と人 2 の試合で人 2 が勝ち、人 3 と人 4 の試合で人 4 が勝ったとすると、列は (2,4) になります。 次に人 2 と人 4 の試合で人 4 が勝ったとすると、列は (4) になり、これで大会が終了となります。 このとき、人 2 はちょうど 1 回勝ち、人 4 はちょうど 2 回勝ったので、貰えるお金の合計は 0+6+0+9=15 となります。 これが貰えるお金の合計の最大値です。 入力例 2 3 1 1 1 1 1 1 1 1 1 1 1 1 1 1 1 1 1 1 1 1 1 1 1 1 出力例 2 4",500.0,
atcoder,abc,public_sponsored_abc,line,abc263,LINE  Verda プログラミングコンテスト（AtCoder Beginner Contest 263）,2022,,1659787200.0,2022.0,abc263_g,G,Erasing Prime Pairs,G. Erasing Prime Pairs,2261.0,1018,"['max flow', 'bipartite matching', 'ternary search', 'number theory', 'graph theory']",5,https://atcoder.jp/contests/abc263/tasks/abc263_g,https://atcoder-tagged-backend.onrender.com/problems/all,2.3.0-sponsor-abc-kenkoooo-diff,ja,2026-06-04T18:46:05.900291+00:00,72.686,558.0,"配点 : 600 点 問題文 黒板に N 種類の整数が書かれています。 i 種類目の整数は A_i で、書かれている個数は B_i 個です。 あなたは次の操作を可能な限り繰り返すことができます。 黒板に書かれている 2 個の整数 x,y であって、 x+y が素数であるものを選ぶ。 選んだ 2 個の整数を黒板から消す。 操作を最大で何回行えるか求めてください。 制約 1 \leq N \leq 100 1 \leq A_i \leq 10^7 1 \leq B_i \leq 10^9 A_i は全て異なる 入力は全て整数 入力 入力は以下の形式で標準入力から与えられる。 N A_1 B_1 A_2 B_2 \vdots A_N B_N 出力 答えを出力せよ。 入力例 1 3 3 3 2 4 6 2 出力例 1 3 2 + 3 = 5 であり、 5 は素数なので、 2 と 3 を選んで消す操作が行えます。また、それ以外の操作は行えません。 2 は 4 個、 3 は 3 個あるので、操作を 3 回行うことができます。 入力例 2 1 1 4 出力例 2 2 1+ 1 = 2 であり、 2 は素数なので、 1 と 1 を選んで消す操作が行えます。 1 は 4 個あるので、操作を 2 回行うことができます。",600.0,
atcoder,abc,public_sponsored_abc,line,abc263,LINE  Verda プログラミングコンテスト（AtCoder Beginner Contest 263）,2022,,1659787200.0,2022.0,abc263_h,Ex,Intersection 2,Ex. Intersection 2,3041.0,224,"['binary search', 'computational geometry', 'circle intersection', 'segment intersection', 'binary indexed tree', 'sorting']",6,https://atcoder.jp/contests/abc263/tasks/abc263_h,https://atcoder-tagged-backend.onrender.com/problems/all,2.3.0-sponsor-abc-kenkoooo-diff,ja,2026-06-04T18:46:05.900291+00:00,88.08,975.0,"配点 : 600 点 問題文 2 次元平面上に N 本の直線があります。 i 本目の直線は A_i x + B_i y + C_i = 0 です。どの 2 本の直線も平行でないことが保証されます。 これらの直線の交点は、重複ありで \frac{N(N-1)}{2} 個ありますが、このうち原点から K 番目に近い点の原点との距離を出力してください。 制約 2 \le N \le 5 \times 10^4 1 \le K \le \frac{N(N-1)}{2} -1000 \le |A_i|,|B_i|,|C_i| \le 1000(1 \le i \le N) どの 2 本の直線も平行でない。 A_i \neq 0 または B_i \neq 0(1 \le i \le N) 入力は全て整数。 入力 入力は以下の形式で標準入力から与えられる。 N K A_1 B_1 C_1 A_2 B_2 C_2 \vdots A_N B_N C_N 出力 答えを表す数値を出力せよ。 なお、想定解答との絶対誤差または相対誤差が 10^{-4} 以下であれば正解として扱われる。 入力例 1 3 2 1 1 1 2 1 -3 1 -1 2 出力例 1 2.3570226040 i 本目の直線を直線 i ということとします。 直線 1 と直線 2 の交点は (4,-5) であり、原点との距離は \sqrt{41} \simeq 6.4031242374 です。 直線 1 と直線 3 の交点は (\frac{-3}{2},\frac{1}{2}) であり、原点との距離は \frac{\sqrt{10}}{2} \simeq 1.5811388300 です。 直線 2 と直線 3 の交点は (\frac{1}{3},\frac{7}{3}) であり、原点との距離は \frac{5\sqrt{2}}{3} \simeq 2.3570226040 です。 よって、 2 番目に原点に近い点は (\frac{1}{3},\frac{7}{3}) であり、出力する値は \frac{5\sqrt{2}}{3} です。 入力例 2 6 7 5 1 9 4 4 -3 8 -1 2 0 1 -8 4 0 -4 2 -3 0 出力例 2 4.0126752298",600.0,
atcoder,abc,public_sponsored_abc,freee,abc264,freee プログラミングコンテスト2022（AtCoder Beginner Contest 264）,2022,,1660392000.0,2022.0,abc264_a,A,"""atcoder"".substr()","A. ""atcoder"".substr()",-1180.0,14541,"['implementation', 'string']",2,https://atcoder.jp/contests/abc264/tasks/abc264_a,https://atcoder-tagged-backend.onrender.com/problems/all,2.3.0-sponsor-abc-kenkoooo-diff,ja,2026-06-04T18:46:05.900291+00:00,4.776,233.0,"配点 : 100 点 問題文 文字列 atcoder の L 文字目から R 文字目までを出力してください。 制約 L,R は整数 1 \le L \le R \le 7 入力 入力は以下の形式で標準入力から与えられる。 L R 出力 答えを出力せよ。 入力例 1 3 6 出力例 1 code atcoder の 3 文字目から 6 文字目までを出力すると code となります。 入力例 2 4 4 出力例 2 o 入力例 3 1 7 出力例 3 atcoder",100.0,
atcoder,abc,public_sponsored_abc,freee,abc264,freee プログラミングコンテスト2022（AtCoder Beginner Contest 264）,2022,,1660392000.0,2022.0,abc264_b,B,Nice Grid,B. Nice Grid,-391.0,11709,"['implementation', 'math', 'pattern']",3,https://atcoder.jp/contests/abc264/tasks/abc264_b,https://atcoder-tagged-backend.onrender.com/problems/all,2.3.0-sponsor-abc-kenkoooo-diff,ja,2026-06-04T18:46:05.900291+00:00,20.347,417.0,"配点 : 200 点 問題文 次の図に示す、各マスが黒または白に塗られた縦 15 行 \times 横 15 列のグリッドにおいて、 上から R 行目、左から C 列目のマスが何色かを出力して下さい。 制約 1 \leq R, C \leq 15 R, C は整数 入力 入力は以下の形式で標準入力から与えられる。 R C 出力 図のグリッドにおいて上から R 行目、左から C 列目のマスが黒色の場合は black と、白色の場合は white と出力せよ。 ジャッジは英小文字と英大文字を厳密に区別することに注意せよ。 入力例 1 3 5 出力例 1 black 図のグリッドにおいて上から 3 行目、左から 5 列目のマスは黒色です。 よって、 black と出力します。 入力例 2 4 5 出力例 2 white 図のグリッドにおいて上から 4 行目、左から 5 列目のマスは白色です。 よって、 white と出力します。",200.0,
atcoder,abc,public_sponsored_abc,freee,abc264,freee プログラミングコンテスト2022（AtCoder Beginner Contest 264）,2022,,1660392000.0,2022.0,abc264_c,C,Matrix Reducing,C. Matrix Reducing,758.0,7543,"['bit brute force', 'bitmask', 'matrix', 'brute force']",4,https://atcoder.jp/contests/abc264/tasks/abc264_c,https://atcoder-tagged-backend.onrender.com/problems/all,2.3.0-sponsor-abc-kenkoooo-diff,ja,2026-06-04T18:46:05.900291+00:00,43.023,1383.0,"配点 : 300 点 問題文 H_1 行 W_1 列の行列 A と、 H_2 行 W_2 列の行列 B が与えられます。 1 \leq i \leq H_1 かつ 1 \leq j \leq W_1 を満たす整数の組 (i, j) について、行列 A の i 行目 j 列目の要素は A_{i, j} です。 1 \leq i \leq H_2 かつ 1 \leq j \leq W_2 を満たす整数の組 (i, j) について、行列 B の i 行目 j 列目の要素は B_{i, j} です。 行列 A に対して、下記の 2 つの操作のうちどちらかを行うことを、好きなだけ（ 0 回でも良い）繰り返すことができます。 A の行を任意に 1 つ選んで削除する。 A の列を任意に 1 つ選んで削除する。 行列 A を行列 B に一致させることができるかどうかを判定して下さい。 制約 1 \leq H_2 \leq H_1 \leq 10 1 \leq W_2 \leq W_1 \leq 10 1 \leq A_{i, j} \leq 10^9 1 \leq B_{i, j} \leq 10^9 入力中の値はすべて整数 入力 入力は以下の形式で標準入力から与えられる。 H_1 W_1 A_{1, 1} A_{1, 2} \ldots A_{1, W_1} A_{2, 1} A_{2, 2} \ldots A_{2, W_1} \vdots A_{H_1, 1} A_{H_1, 2} \ldots A_{H_1, W_1} H_2 W_2 B_{1, 1} B_{1, 2} \ldots B_{1, W_2} B_{2, 1} B_{2, 2} \ldots B_{2, W_2} \vdots B_{H_2, 1} B_{H_2, 2} \ldots B_{H_2, W_2} 出力 行列 A を行列 B に一致させることができる場合は Yes を、 一致させることができない場合は No を出力せよ。 ジャッジは英小文字と英大文字を厳密に区別することに注意せよ。 入力例 1 4 5 1 2 3 4 5 6 7 8 9 10 11 12 13 14 15 16 17 18 19 20 2 3 6 8 9 16 18 19 出力例 1 Yes 初期状態の行列 A から 2 列目を削除すると、行列 A は 1 3 4 5 6 8 9 10 11 13 14 15 16 18 19 20 となります。そこからさらに 3 行目を削除すると、行列 A は 1 3 4 5 6 8 9 10 16 18 19 20 となります。そこからさらに 1 行目を削除すると、行列 A は 6 8 9 10 16 18 19 20 となります。そこからさらに 4 列目を削除すると、行列 A は 6 8 9 16 18 19 となります。これは行列 B と一致します。 操作の繰り返しによって行列 A を行列 B に一致させることができるので Yes を出力します。 入力例 2 3 3 1 1 1 1 1 1 1 1 1 1 1 2 出力例 2 No どのように操作を行っても、 行列 A を行列 B に一致させることはできません。 よって、 No を出力します。",300.0,
atcoder,abc,public_sponsored_abc,freee,abc264,freee プログラミングコンテスト2022（AtCoder Beginner Contest 264）,2022,,1660392000.0,2022.0,abc264_d,D,"""redocta"".swap(i,i+1)","D. ""redocta"".swap(i,i+1)",414.0,9391,"['bfs', 'implementation', 'search', 'string']",4,https://atcoder.jp/contests/abc264/tasks/abc264_d,https://atcoder-tagged-backend.onrender.com/problems/all,2.3.0-sponsor-abc-kenkoooo-diff,ja,2026-06-04T18:46:05.900291+00:00,36.234,546.0,配点 : 400 点 問題文 atcoder の並べ替えである文字列 S が与えられます。 この文字列 S に対して以下の操作を 0 回以上行います。 S 中の隣接する 2 文字を選び、入れ替える。 S を atcoder にするために必要な最小の操作回数を求めてください。 制約 S は atcoder の並べ替えである文字列 入力 入力は以下の形式で標準入力から与えられる。 S 出力 答えを整数として出力せよ。 入力例 1 catredo 出力例 1 8 catredo \rightarrow [ac]tredo \rightarrow actre[od] \rightarrow actr[oe]d \rightarrow actro[de] \rightarrow act[or]de \rightarrow acto[dr]e \rightarrow a[tc]odre \rightarrow atcod[er] という流れで操作を行うと、 8 回で S を atcoder にすることができ、これが達成可能な最小の操作回数です。 入力例 2 atcoder 出力例 2 0 この場合、文字列 S は元から atcoder です。 入力例 3 redocta 出力例 3 21,400.0,
atcoder,abc,public_sponsored_abc,freee,abc264,freee プログラミングコンテスト2022（AtCoder Beginner Contest 264）,2022,,1660392000.0,2022.0,abc264_e,E,Blackout 2,E. Blackout 2,1229.0,4897,"['connected components', 'dsu', 'graph', 'implementation', 'offline processing', 'reversal']",6,https://atcoder.jp/contests/abc264/tasks/abc264_e,https://atcoder-tagged-backend.onrender.com/problems/all,2.3.0-sponsor-abc-kenkoooo-diff,ja,2026-06-04T18:46:05.900291+00:00,52.319,1250.0,"配点 : 500 点 問題文 ある国には N 個の都市と M 個の発電所があります。これらを総称して地点と呼びます。 地点には 1,2,\dots,N+M の番号がつけられており、そのうち都市は地点 1,2,\dots,N で発電所は地点 N+1,N+2,\dots,N+M です。 この国には電線が E 本あり、電線 i ( 1 \le i \le E ) は地点 U_i と地点 V_i を双方向に結びます。 また、ある都市に 電気が通っている とは、ある都市から電線をいくつか辿って少なくともひとつの発電所に辿り着くことができる状態を言います。 今、 Q 個のイベントが起こります。そのうち i ( 1 \le i \le Q ) 番目のイベントでは電線 X_i が切れ、その電線を辿ることができなくなります。一度切れた電線は、その後のイベントにおいても切れたままです。 全てのイベントについて、そのイベントが終わった直後に電気が通っている都市の数を求めてください。 制約 入力は全て整数 1 \le N,M N+M \le 2 \times 10^5 1 \le Q \le E \le 5 \times 10^5 1 \le U_i < V_i \le N+M i \neq j ならば、 U_i \neq U_j または V_i \neq V_j 1 \le X_i \le E X_i は相異なる 入力 入力は以下の形式で標準入力から与えられる。 N M E U_1 V_1 U_2 V_2 \vdots U_E V_E Q X_1 X_2 \vdots X_Q 出力 Q 行出力せよ。 そのうち i ( 1 \le i \le Q ) 行目には i 番目のイベントが終わった直後に電気が通っている都市の数を出力せよ。 入力例 1 5 5 10 2 3 4 10 5 10 6 9 2 9 4 8 1 7 3 6 8 10 1 8 6 3 5 8 10 2 7 出力例 1 4 4 2 2 2 1 はじめ、全ての都市に電気が通っています。 1 番目のイベントによって地点 5 と地点 10 を結ぶ電線 3 が切れます。 これにより、都市 5 に電気が通らなくなり、電気が通っている都市の数は 4 となります。 2 番目のイベントによって地点 2 と地点 9 を結ぶ電線 5 が切れます。 3 番目のイベントによって地点 3 と地点 6 を結ぶ電線 8 が切れます。 これにより、都市 2,3 に電気が通らなくなり、電気が通っている都市の数は 2 となります。 4 番目のイベントによって地点 1 と地点 8 を結ぶ電線 10 が切れます。 5 番目のイベントによって地点 4 と地点 10 を結ぶ電線 2 が切れます。 6 番目のイベントによって地点 1 と地点 7 を結ぶ電線 7 が切れます。 これにより、都市 1 に電気が通らなくなり、電気が通っている都市の数は 1 となります。",500.0,
atcoder,abc,public_sponsored_abc,freee,abc264,freee プログラミングコンテスト2022（AtCoder Beginner Contest 264）,2022,,1660392000.0,2022.0,abc264_f,F,Monochromatic Path,F. Monochromatic Path,1878.0,2105,"['dp', 'dp on grids', 'shortest path', 'bitmask']",4,https://atcoder.jp/contests/abc264/tasks/abc264_f,https://atcoder-tagged-backend.onrender.com/problems/all,2.3.0-sponsor-abc-kenkoooo-diff,ja,2026-06-04T18:46:05.900291+00:00,65.127,1827.0,"配点 : 500 点 問題文 各マスが白または黒で塗られた H 行 W 列のグリッドがあります。 1 \leq i \leq H かつ 1 \leq j \leq W を満たす整数の組 (i, j) について、 グリッドの上から i 行目、左から j 行目のマス（以下、単にマス (i, j) と呼ぶ）の色は A_{i, j} で表されます。 A_{i, j} = 0 のときマス (i, j) は白色、 A_{i, j} = 1 のときマス (i, j) は黒色です。 「下記の 2 つの操作のどちらかを行うこと」を好きなだけ（ 0 回でも良い）繰り返すことができます。 1 \leq i \leq H を満たす整数を選び、 R_i 円払った後、グリッドの上から i 行目にあるそれぞれのマスの色を反転させる（白色のマスは黒色に、黒色のマスは白色に塗り替える）。 1 \leq j \leq W を満たす整数を選び、 C_j 円払った後、グリッドの左から j 列目にあるそれぞれのマスの色を反転させる。 下記の条件を満たすようにするためにかかる合計費用の最小値を出力して下さい。 マス (1, 1) から「現在いるマスの右隣もしくは下隣のマスに移動する」 ことを繰り返してマス (H, W) まで移動する経路であって、通るマス（マス (1, 1) とマス (H, W) も含む）の色がすべて同じであるようなものが存在する。 本問題の制約下において、有限回の操作によって上記の条件を満たすようにすることが可能であることが証明できます。 制約 2 \leq H, W \leq 2000 1 \leq R_i \leq 10^9 1 \leq C_j \leq 10^9 A_{i, j} \in \lbrace 0, 1\rbrace 入力はすべて整数 入力 入力は以下の形式で標準入力から与えられる。 H W R_1 R_2 \ldots R_H C_1 C_2 \ldots C_W A_{1, 1}A_{1, 2}\ldots A_{1, W} A_{2, 1}A_{2, 2}\ldots A_{2, W} \vdots A_{H, 1}A_{H, 2}\ldots A_{H, W} 出力 答えを出力せよ。 入力例 1 3 4 4 3 5 2 6 7 4 0100 1011 1010 出力例 1 9 白色のマスを 0 、黒色のマスを 1 で表します。 初期状態のグリッドに対し、 R_2 = 3 円払って上から 2 行目にあるそれぞれのマスを反転させると、 0100 0100 1010 となります。さらに、 C_2 = 6 円払って左から 2 列目にあるそれぞれのマスを反転させると、 0000 0000 1110 となり、マス (1, 1) からマス (3, 4) への移動経路であって通るマスの色がすべて同じであるようなものが存在する状態になります（例えば (1, 1) \rightarrow (2, 1) \rightarrow (2, 2) \rightarrow (2, 3) \rightarrow (2, 4) \rightarrow (3, 4) という経路）。 かかった合計費用は 3+6 = 9 円であり、このときが考えられる中で最小です。 入力例 2 15 20 29 27 79 27 30 4 93 89 44 88 70 75 96 3 78 39 97 12 53 62 32 38 84 49 93 53 26 13 25 2 76 32 42 34 18 01011100110000001111 10101111100010011000 11011000011010001010 00010100011111010100 11111001101010001011 01111001100101011100 10010000001110101110 01001011100100101000 11001000100101011000 01110000111011100101 00111110111110011111 10101111111011101101 11000011000111111001 00011101011110001101 01010000000001000000 出力例 2 125",500.0,
atcoder,abc,public_sponsored_abc,freee,abc264,freee プログラミングコンテスト2022（AtCoder Beginner Contest 264）,2022,,1660392000.0,2022.0,abc264_g,G,String Fair,G. String Fair,2348.0,816,"['graph theory', 'shortest path', 'bellman ford', 'negative cycle', 'dp', 'string']",6,https://atcoder.jp/contests/abc264/tasks/abc264_g,https://atcoder-tagged-backend.onrender.com/problems/all,2.3.0-sponsor-abc-kenkoooo-diff,ja,2026-06-04T18:46:05.900291+00:00,74.403,1860.0,"配点 : 600 点 問題文 文字列品評会では、英小文字のみからなる空でない文字列 S に対して、その「美しさ」を決定します。 文字列 S の美しさは、 N 個の審査項目の点数の和として定められます。 i = 1, 2, \ldots, N について、 i 番目の審査項目の点数は 「文字列 T_i （入力で与えられる 長さ 3 以下 の文字列）が S に連続な部分文字列として含まれる回数」に P_i を掛けて得られる値です。 英小文字のみからなる 空でない 文字列 S の美しさとしてあり得る最大値を出力して下さい。 ただし、美しさとしていくらでも大きい値が考えられる場合は、代わりに Infinity と出力して下さい。 ここで、文字列 U = U_1U_2\ldots U_{|U|} に文字列 V が連続な部分列として含まれる回数とは、 1 \leq i \leq |U|-|V|+1 を満たす整数 i であって U_iU_{i+1}\ldots U_{i+|V|-1} = V を満たすものの個数です。 制約 1 \leq N \leq 18278 N は整数 T_i は英小文字のみからなる長さ 1 以上 3 以下の文字列 i \neq j \Rightarrow T_i \neq T_j -10^9 \leq P_i \leq 10^9 P_i は整数 入力 入力は以下の形式で標準入力から与えられる。 N T_1 P_1 T_2 P_2 \vdots T_N P_N 出力 英小文字のみからなる 空でない 文字列 S の美しさとしてあり得る最大値を出力せよ。 ただし、美しさとしていくらでも大きい値が考えられる場合は、代わりに Infinity と出力せよ。 入力例 1 3 a -5 ab 10 ba -20 出力例 1 Infinity 例えば、 S = abzabz について、 1 番目の審査項目の点数は、 a が S に連続な部分列として含まれる回数が 2 回であることから、 2 \times (-5) = -10 点 2 番目の審査項目の点数は、 ab が S に連続な部分列として含まれる回数が 2 回であることから、 2 \times 10 = 20 点 3 番目の審査項目の点数は、 ba が S に連続な部分列として含まれる回数が 0 回であることから、 0 \times (-20) = 0 点 であるので、 S の美しさは (-10) + 20 + 0 = 10 となります。 別の例として、 S = abzabzabz について、 1 番目の審査項目の点数は、 a が S に連続な部分列として含まれる回数が 3 回であることから、 3 \times (-5) = -15 点 2 番目の審査項目の点数は、 ab が S に連続な部分列として含まれる回数が 3 回であることから、 3 \times 10 = 30 点 3 番目の審査項目の点数は、 ba が S に連続な部分列として含まれる回数が 0 回であることから、 0 \times (-20) = 0 点 であるので、 S の美しさは (-15) + 30 + 0 = 15 となります。 一般に、正の整数 X について、 abz を X 回繰り返した文字列の美しさは 5X となります。 S の美しさとしていくらでも大きい値が考えられるため、 Infinity を出力します。 入力例 2 28 a -5 ab 10 ba -20 bb -20 bc -20 bd -20 be -20 bf -20 bg -20 bh -20 bi -20 bj -20 bk -20 bl -20 bm -20 bn -20 bo -20 bp -20 bq -20 br -20 bs -20 bt -20 bu -20 bv -20 bw -20 bx -20 by -20 bz -20 出力例 2 5 S = ab が考えられる美しさの最大値を達成します。 入力例 3 26 a -1 b -1 c -1 d -1 e -1 f -1 g -1 h -1 i -1 j -1 k -1 l -1 m -1 n -1 o -1 p -1 q -1 r -1 s -1 t -1 u -1 v -1 w -1 x -1 y -1 z -1 出力例 3 -1 S は空でない文字列でなければならないことに注意して下さい。",600.0,
atcoder,abc,public_sponsored_abc,freee,abc264,freee プログラミングコンテスト2022（AtCoder Beginner Contest 264）,2022,,1660392000.0,2022.0,abc264_h,Ex,Perfect Binary Tree,Ex. Perfect Binary Tree,2660.0,425,"['dp on trees', 'dp', 'incremental']",3,https://atcoder.jp/contests/abc264/tasks/abc264_h,https://atcoder-tagged-backend.onrender.com/problems/all,2.3.0-sponsor-abc-kenkoooo-diff,ja,2026-06-04T18:46:05.900291+00:00,80.56,1258.0,"配点 : 600 点 問題文 頂点に 1,2,\dots,N の番号が付いた、 N 頂点の根付き木があります。 根は頂点 1 であり、頂点 i \ge 2 について、その親は P_i(<i) です。 整数 k=1,2,\dots,N に対し次の問題を解いてください。 番号が 1 以上 k 以下の頂点を、頂点 1 を含むようにいくつか選ぶ方法は 2^{k-1} 通りあります。 そのうち、選ばれた頂点集合から誘導される部分グラフの形状が頂点 1 を根とする (頂点数がある正整数 d を用いて 2^d-1 と表せるような) 完全二分木になるような頂点の選び方はいくつですか? 答えは非常に大きくなる場合があるので、 998244353 で割った余りを求めてください。 誘導される部分グラフとは? あるグラフ G から、一部の頂点を選んだ集合を S とします。この頂点集合 S から誘導される部分グラフ H は以下のように構成されます。 H の頂点集合は S と一致させます。 その後、 H に以下のように辺を追加します。 i,j \in S, i を満たす全ての頂点対 (i,j) について、 G 中に i,j を結ぶ辺が存在すれば、 H にも i,j を結ぶ辺を追加する。 完全二分木とは? 完全二分木とは、以下の全ての条件を満たす根付き木です。 葉以外の全ての頂点が、ちょうど 2 つの子を持つ。 全ての葉が根から等距離にある。 ただし、頂点が 1 つで辺が 0 本のグラフも完全二分木であるものとします。 制約 入力は全て整数 1 \le N \le 3 \times 10^5 1 \le P_i < i 入力 入力は以下の形式で標準入力から与えられる。 N P_2 P_3 \dots P_N 出力 N 行出力せよ。 そのうち i ( 1 \le i \le N ) 行目には k=i についての答えを整数として出力せよ。 入力例 1 10 1 1 2 1 2 5 5 5 1 出力例 1 1 1 2 2 4 4 4 5 7 10 k \ge 1 であるとき \{1\} k \ge 3 であるとき \{1,2,3\} k \ge 5 であるとき \{1,2,5\},\{1,3,5\} k \ge 8 であるとき \{1,2,4,5,6,7,8\} k \ge 9 であるとき \{1,2,4,5,6,7,9\},\{1,2,4,5,6,8,9\} k = 10 であるとき \{1,2,10\},\{1,3,10\},\{1,5,10\} が数えるべき頂点の選び方となります。 入力例 2 1 出力例 2 1 N=1 である場合、入力の 2 行目は空行です。 入力例 3 10 1 2 3 4 5 6 7 8 9 出力例 3 1 1 1 1 1 1 1 1 1 1 入力例 4 13 1 1 1 2 2 2 3 3 3 4 4 4 出力例 4 1 1 2 4 4 4 4 4 7 13 13 19 31",600.0,
atcoder,abc,public_sponsored_abc,nec,abc267,NECプログラミングコンテスト2022 (AtCoder Beginner Contest 267),2022,,1662206400.0,2022.0,abc267_a,A,Saturday,A. Saturday,-984.0,14418,"['case work', 'implementation', 'string']",3,https://atcoder.jp/contests/abc267/tasks/abc267_a,https://atcoder-tagged-backend.onrender.com/problems/all,2.3.0-sponsor-abc-kenkoooo-diff,ja,2026-06-04T18:46:05.900291+00:00,8.644,389.0,"配点 : 100 点 問題文 ある日、学校へ行くのに疲れてしまった高橋くんは、土曜日まであと何日あるかを知りたくなりました。 その日は平日で、曜日を英語で表すと S だったことが分かっています。その日より後の直近の土曜日は何日後かを求めてください。 なお、月曜日、火曜日、水曜日、木曜日、金曜日はそれぞれ英語で Monday , Tuesday , Wednesday , Thursday , Friday です。 制約 S は Monday , Tuesday , Wednesday , Thursday , Friday のいずれかである 入力 入力は以下の形式で標準入力から与えられる。 S 出力 答えを整数として出力せよ。 入力例 1 Wednesday 出力例 1 3 この日は水曜日なので、 3 日後に土曜日になります。 入力例 2 Monday 出力例 2 5",100.0,
atcoder,abc,public_sponsored_abc,nec,abc267,NECプログラミングコンテスト2022 (AtCoder Beginner Contest 267),2022,,1662206400.0,2022.0,abc267_b,B,Split?,B. Split?,61.0,10235,"['tree', 'implementation', 'string']",3,https://atcoder.jp/contests/abc267/tasks/abc267_b,https://atcoder-tagged-backend.onrender.com/problems/all,2.3.0-sponsor-abc-kenkoooo-diff,ja,2026-06-04T18:46:05.900291+00:00,29.268,862.0,"配点 : 200 点 問題文 ボウリングのピンは 1 から 10 の番号が付けられており、上から見ると下図のように配置されます。 この図の二つの点線に挟まれた部分を 列 と呼ぶことにします。 例えば、ピン 1, 5 とピン 3, 9 はそれぞれ同じ列に存在します。 いくつかのピンが倒れた状態のうち、特殊なものは スプリット と呼ばれます。 ピンの配置がスプリットであるとは、以下の条件が全て成り立つことを言います。 ピン 1 が倒れている。 ある二つの異なる列であって、次の条件を満たすものが存在する。 それぞれの列には、立っているピンが 1 本以上存在する。 それらの列の間に、ピンが全て倒れている列が存在する。 具体例は入出力例を参考にしてください。 さて、あるピンの配置が長さ 10 の文字列 S として与えられます。 i = 1, \dots, 10 について、ピン i が倒れているとき S の i 文字目は 0 であり、ピン i が立っているとき S の i 文字目は 1 です。 S で表されるピンの配置がスプリットかどうか判定してください。 制約 S は 0 と 1 からなる長さ 10 の文字列 入力 入力は以下の形式で標準入力から与えられる。 S 出力 S で表されるピンの配置がスプリットなら Yes を、そうでないなら No を出力せよ。 入力例 1 0101110101 出力例 1 Yes 倒れているピンを灰色で、立っているピンを白色で示すと下図のようになります。 ピン 5 が立っている列とピン 6 が立っている列の間にはピン 3, 9 が置かれている列が存在しますが、ピン 3, 9 はいずれも倒れているので、この配置はスプリットです。 入力例 2 0100101001 出力例 2 Yes 入力例 3 0000100110 出力例 3 No この配置はスプリットではありません。 入力例 4 1101110101 出力例 4 No ピン 1 が倒れていないので、スプリットではありません。",200.0,
atcoder,abc,public_sponsored_abc,nec,abc267,NECプログラミングコンテスト2022 (AtCoder Beginner Contest 267),2022,,1662206400.0,2022.0,abc267_c,C,Index × A(Continuous ver.),C. Index × A(Continuous ver.),524.0,9575,"['sliding window', 'prefix sum', 'array']",3,https://atcoder.jp/contests/abc267/tasks/abc267_c,https://atcoder-tagged-backend.onrender.com/problems/all,2.3.0-sponsor-abc-kenkoooo-diff,ja,2026-06-04T18:46:05.900291+00:00,38.405,703.0,"配点 : 300 点 問題文 長さ N の整数列 A=(A_1,A_2,\dots,A_N) が与えられます。 長さ M の A の連続部分列 B=(B_1,B_2,\dots,B_M) に対する、 \displaystyle \sum_{i=1}^{M} i \times B_i の最大値を求めてください。 注記 数列の 連続部分列 とは、数列の先頭から 0 個以上、末尾から 0 個以上の要素を削除して得られる列のことをいいます。 例えば (2, 3) や (1, 2, 3) は (1, 2, 3, 4) の連続部分列ですが、 (1, 3) や (3,2,1) は (1, 2, 3, 4) の連続部分列ではありません。 制約 1 \le M \le N \le 2 \times 10^5 - 2 \times 10^5 \le A_i \le 2 \times 10^5 入力は全て整数。 入力 入力は以下の形式で標準入力から与えられる。 N M A_1 A_2 \dots A_N 出力 答えを出力せよ。 入力例 1 4 2 5 4 -1 8 出力例 1 15 B=(A_3,A_4) とした場合、 \displaystyle \sum_{i=1}^{M} i \times B_i = 1 \times (-1) + 2 \times 8 = 15 となります。 16 以上の値を達成することはできないため、解は 15 です。 B=(A_1,A_4) などを選ぶことができないことに注意してください。 入力例 2 10 4 -3 1 -4 1 -5 9 -2 6 -5 3 出力例 2 31",300.0,
atcoder,abc,public_sponsored_abc,nec,abc267,NECプログラミングコンテスト2022 (AtCoder Beginner Contest 267),2022,,1662206400.0,2022.0,abc267_d,D,Index × A(Not Continuous ver.),D. Index × A(Not Continuous ver.),864.0,7888,"['dp', 'subsequence']",2,https://atcoder.jp/contests/abc267/tasks/abc267_d,https://atcoder-tagged-backend.onrender.com/problems/all,2.3.0-sponsor-abc-kenkoooo-diff,ja,2026-06-04T18:46:05.900291+00:00,45.115,639.0,"配点 : 400 点 問題文 長さ N の整数列 A=(A_1,A_2,\dots,A_N) が与えられます。 長さ M の A の部分列(連続でなくてもよい) B=(B_1,B_2,\dots,B_M) に対する、 \displaystyle \sum_{i=1}^{M} i \times B_i の最大値を求めてください。 注記 数列の 部分列 とは、数列から 0 個以上の要素を取り除いた後、残りの要素を元の順序で連結して得られる数列のことをいいます。 例えば、 (10,30) は (10,20,30) の部分列ですが、 (20,10) は (10,20,30) の部分列ではありません。 制約 1 \le M \le N \le 2000 - 2 \times 10^5 \le A_i \le 2 \times 10^5 入力は全て整数。 入力 入力は以下の形式で標準入力から与えられる。 N M A_1 A_2 \dots A_N 出力 答えを出力せよ。 入力例 1 4 2 5 4 -1 8 出力例 1 21 B=(A_1,A_4) とした場合、 \displaystyle \sum_{i=1}^{M} i \times B_i = 1 \times 5 + 2 \times 8 = 21 となります。 22 以上の値を達成することはできないため、解は 21 です。 入力例 2 10 4 -3 1 -4 1 -5 9 -2 6 -5 3 出力例 2 54",400.0,
atcoder,abc,public_sponsored_abc,nec,abc267,NECプログラミングコンテスト2022 (AtCoder Beginner Contest 267),2022,,1662206400.0,2022.0,abc267_e,E,Erasing Vertices 2,E. Erasing Vertices 2,1313.0,4705,"['binary search', 'greedy']",2,https://atcoder.jp/contests/abc267/tasks/abc267_e,https://atcoder-tagged-backend.onrender.com/problems/all,2.3.0-sponsor-abc-kenkoooo-diff,ja,2026-06-04T18:46:05.900291+00:00,53.977,858.0,"配点 : 500 点 問題文 N 頂点 M 辺の単純無向グラフ（すなわち、自己辺も多重辺もない無向グラフ）が与えられます。 i 本目の辺は頂点 U_i と頂点 V_i を結んでいます。頂点 i には正整数 A_i が書かれています。 あなたは、以下の操作を N 回繰り返します。 まだ削除されていない頂点 x を選び、「頂点 x 」と「頂点 x を端点に持つ辺全て」を削除する。この操作のコストは、頂点 x と辺で直接結ばれていて、かつまだ削除されていない頂点に書かれている整数の総和である。 N 回の操作全体のコストを、 1 回ごとの操作におけるコストのうちの最大値として定めます。操作全体のコストとして取り得る値の最小値を求めてください。 制約 1 \le N \le 2 \times 10^5 0 \le M \le 2 \times 10^5 1 \le A_i \le 10^9 1 \le U_i,V_i \le N 与えられるグラフは単純。 入力は全て整数。 入力 入力は以下の形式で標準入力から与えられる。 N M A_1 A_2 \dots A_N U_1 V_1 U_2 V_2 \vdots U_M V_M 出力 答えを出力せよ。 入力例 1 4 3 3 1 4 2 1 2 1 3 4 1 出力例 1 3 以下のように操作を行うことにより、 N 回の操作のコストのうちの最大値を 3 にすることができます。 頂点 3 を選ぶ。コストは A_1=3 である。 頂点 1 を選ぶ。コストは A_2+A_4=3 である。 頂点 2 を選ぶ。コストは 0 である。 頂点 4 を選ぶ。コストは 0 である。 N 回の操作のコストのうちの最大値を 2 以下にすることはできないため、解は 3 です。 入力例 2 7 13 464 661 847 514 74 200 188 5 1 7 1 5 7 4 1 4 5 2 4 5 2 1 3 1 6 3 5 1 2 4 6 2 7 出力例 2 1199",500.0,
atcoder,abc,public_sponsored_abc,nec,abc267,NECプログラミングコンテスト2022 (AtCoder Beginner Contest 267),2022,,1662206400.0,2022.0,abc267_f,F,Exactly K Steps,F. Exactly K Steps,1939.0,2993,"['tree diameter', 'lca', 'dfs', 'tree']",4,https://atcoder.jp/contests/abc267/tasks/abc267_f,https://atcoder-tagged-backend.onrender.com/problems/all,2.3.0-sponsor-abc-kenkoooo-diff,ja,2026-06-04T18:46:05.900291+00:00,66.331,942.0,"配点 : 500 点 問題文 N 頂点の木が与えられます。頂点には 1, \dots, N の番号が付けられており、 i \, (1 \leq i \leq N - 1) 番目の辺は頂点 A_i, B_i を結びます。 この木における頂点 u, v の 距離 を、頂点 u から頂点 v までの最短パス上にある辺の本数と定義します。 Q 個のクエリが与えられます。 i \, (1 \leq i \leq Q) 番目のクエリでは、整数 U_i, K_i が与えられるので、頂点 U_i からの距離がちょうど K_i であるような頂点の番号を任意に一つ出力してください。そのような頂点が存在しない場合は、 -1 を出力してください。 制約 2 \leq N \leq 2 \times 10^5 1 \leq A_i \lt B_i \leq N \, (1 \leq i \leq N - 1) 与えられるグラフは木 1 \leq Q \leq 2 \times 10^5 1 \leq U_i, K_i \leq N \, (1 \leq i \leq Q) 入力は全て整数 入力 入力は以下の形式で標準入力から与えられる。 N A_1 B_1 \vdots A_{N-1} B_{N-1} Q U_1 K_1 \vdots U_Q K_Q 出力 Q 行出力せよ。 i \, (1 \leq i \leq Q) 行目には、頂点 U_i からの距離がちょうど K_i である頂点が存在するならその一例を、存在しないなら -1 を出力せよ。そのような頂点が複数存在する場合、どれを出力しても正解となる。 入力例 1 5 1 2 2 3 3 4 3 5 3 2 2 5 3 3 3 出力例 1 4 1 -1 頂点 2 からの距離がちょうど 2 であるのは頂点 4, 5 の二つです。 頂点 5 からの距離がちょうど 3 であるのは頂点 1 のみです。 頂点 3 からの距離がちょうど 3 である頂点は存在しません。 入力例 2 10 1 2 2 3 3 5 2 8 3 4 4 6 4 9 5 7 9 10 5 1 1 2 2 3 3 4 4 5 5 出力例 2 2 4 10 -1 -1",500.0,
atcoder,abc,public_sponsored_abc,nec,abc267,NECプログラミングコンテスト2022 (AtCoder Beginner Contest 267),2022,,1662206400.0,2022.0,abc267_g,G,Increasing K Times,G. Increasing K Times,2561.0,936,"['dp', 'combinatorics', 'permutation', 'math']",4,https://atcoder.jp/contests/abc267/tasks/abc267_g,https://atcoder-tagged-backend.onrender.com/problems/all,2.3.0-sponsor-abc-kenkoooo-diff,ja,2026-06-04T18:46:05.900291+00:00,78.607,508.0,"配点 : 600 点 問題文 長さ N の整数列 A = (A_1, \dots, A_N) が与えられます。 (1, 2, \dots, N) を並べ替えて得られる列 P = (P_1, \dots, P_N) であって、次の条件を満たすものの総数を 998244353 で割った余りを求めてください。 A_{P_i} \lt A_{P_{i + 1}} となるような 1 以上 N-1 以下の整数 i がちょうど K 個存在する。 制約 2 \leq N \leq 5000 0 \leq K \leq N - 1 1 \leq A_i \leq N \, (1 \leq i \leq N) 入力は全て整数 入力 入力は以下の形式で標準入力から与えられる。 N K A_1 \ldots A_N 出力 答えを出力せよ。 入力例 1 4 2 1 1 2 2 出力例 1 4 P = (1, 3, 2, 4), (1, 4, 2, 3), (2, 3, 1, 4), (2, 4, 1, 3) の 4 通りが条件を満たします。 入力例 2 10 3 3 1 4 1 5 9 2 6 5 3 出力例 2 697112",600.0,
atcoder,abc,public_sponsored_abc,nec,abc267,NECプログラミングコンテスト2022 (AtCoder Beginner Contest 267),2022,,1662206400.0,2022.0,abc267_h,Ex,Odd Sum,Ex. Odd Sum,2422.0,801,"['dp', 'generating function', 'polynomial', 'convolution', 'divide and conquer', 'combinatorics']",6,https://atcoder.jp/contests/abc267/tasks/abc267_h,https://atcoder-tagged-backend.onrender.com/problems/all,2.3.0-sponsor-abc-kenkoooo-diff,ja,2026-06-04T18:46:05.900291+00:00,75.863,517.0,"配点 : 600 点 問題文 長さ N の整数列 A=(A_1,A_2,\dots,A_N) が与えられます。 A から要素を奇数個選ぶ方法のうち、選んだ要素の総和が M になるものの個数を 998244353 で割ったあまりを求めてください。 ただし、 2 つの選び方が異なるとは、ある整数 i (1 \le i \le N) が存在して、一方の選び方では A_i を選び、もう一方では選んでいないことを言います。 制約 1 \le N \le 10^5 1 \le M \le 10^6 1 \le A_i \le 10 入力は全て整数。 入力 入力は以下の形式で標準入力から与えられる。 N M A_1 A_2 \dots A_N 出力 答えを出力せよ。 入力例 1 5 6 1 2 3 3 6 出力例 1 3 条件を満たす選び方は以下の 3 通りです。 A_1,A_2,A_3 を選ぶ。 A_1,A_2,A_4 を選ぶ。 A_5 を選ぶ。 A_3,A_4 を選んだ場合、総和は 6 ですが選んだ要素の個数が奇数個でないため条件を満たしません。 入力例 2 10 23 1 2 3 4 5 6 7 8 9 10 出力例 2 18",600.0,
atcoder,abc,public_sponsored_abc,unique_vision,abc268,ユニークビジョンプログラミングコンテスト2022 夏(AtCoder Beginner Contest 268),2022,,1662811200.0,2022.0,abc268_a,A,Five Integers,A. Five Integers,-876.0,13558,"['implementation', 'set', 'counting']",3,https://atcoder.jp/contests/abc268/tasks/abc268_a,https://atcoder-tagged-backend.onrender.com/problems/all,2.3.0-sponsor-abc-kenkoooo-diff,ja,2026-06-04T18:46:05.900291+00:00,10.776,286.0,"配点 : 100 点 問題文 与えられる 5 つの整数 A, B, C, D, E の中に何種類の整数があるかを出力してください。 制約 0 \leq A, B, C, D, E \leq 100 入力はすべて整数 入力 入力は以下の形式で標準入力から与えられる。 A B C D E 出力 答えを出力せよ。 入力例 1 31 9 24 31 24 出力例 1 3 与えられる 5 つの整数 31, 9, 24, 31, 24 の中には、 9, 24, 31 という 3 種類の整数があります。 よって、 3 を出力します。 入力例 2 0 0 0 0 0 出力例 2 1",100.0,
atcoder,abc,public_sponsored_abc,unique_vision,abc268,ユニークビジョンプログラミングコンテスト2022 夏(AtCoder Beginner Contest 268),2022,,1662811200.0,2022.0,abc268_b,B,Prefix?,B. Prefix?,-696.0,12711,"['implementation', 'simulation', 'string']",3,https://atcoder.jp/contests/abc268/tasks/abc268_b,https://atcoder-tagged-backend.onrender.com/problems/all,2.3.0-sponsor-abc-kenkoooo-diff,ja,2026-06-04T18:46:05.900291+00:00,14.328,611.0,"配点 : 200 点 問題文 英小文字のみからなる 2 つの文字列 S, T が与えられます。 S が T の接頭辞かどうかを判定してください。 接頭辞とは 長さ N の文字列 T_1T_2\ldots T_N の接頭辞とは、 0 \leq i \leq N を満たすある整数 i によって、 T の先頭 i 文字目までの文字列 T_1T_2\ldots T_i として表される文字列です。例えば、 T = abc のとき、 T の接頭辞は、空文字列、a 、ab 、abc の 4 つです。 制約 S と T はそれぞれ英小文字のみからなる長さが 1 以上 100 以下の文字列 入力 入力は以下の形式で標準入力から与えられる。 S T 出力 S が T の接頭辞である場合は Yes を、そうでない場合は No を出力せよ。 ジャッジは英小文字と英大文字を厳密に区別することに注意せよ。 入力例 1 atco atcoder 出力例 1 Yes atco は atcoder の接頭辞です。よって、 Yes を出力します。 入力例 2 code atcoder 出力例 2 No code は atcoder の接頭辞ではありません。よって、 No を出力します。 入力例 3 abc abc 出力例 3 Yes 文字列全体もその文字列の接頭辞であることに注意してください。 入力例 4 aaaa aa 出力例 4 No",200.0,
atcoder,abc,public_sponsored_abc,unique_vision,abc268,ユニークビジョンプログラミングコンテスト2022 夏(AtCoder Beginner Contest 268),2022,,1662811200.0,2022.0,abc268_c,C,Chinese Restaurant,C. Chinese Restaurant,676.0,8018,"['implementation', 'modular arithmetic', 'counting', 'optimization', 'simulation']",5,https://atcoder.jp/contests/abc268/tasks/abc268_c,https://atcoder-tagged-backend.onrender.com/problems/all,2.3.0-sponsor-abc-kenkoooo-diff,ja,2026-06-04T18:46:05.900291+00:00,41.405,929.0,配点 : 300 点 問題文 回転テーブルの周りに人 0 、人 1 、 \ldots 、人 N-1 がこの順番で反時計回りに等間隔で並んでいます。また、人 i の目の前には料理 p_i が置かれています。 あなたは次の操作を 0 回以上何度でも行うことが出来ます。 回転テーブルを反時計回りに 1 周の \frac{1}{N} だけ回す。これによって、(この操作の直前に)人 i の目の前にあった料理は人 (i+1) \bmod N の目の前に移動する。 操作を完了させた後において、人 i は料理 i が人 (i-1) \bmod N 、人 i 、人 (i+1) \bmod N のいずれかの目の前に置かれていると喜びます。 喜ぶ人数の最大値を求めてください。 a \bmod m とは 整数 a と正整数 m に対し、 a \bmod m は a-x が m の倍数となるような 0 以上 m 未満の整数 x を表します。(このような x は一意に定まることが証明できます) 制約 3 \leq N \leq 2 \times 10^5 0 \leq p_i \leq N-1 i \neq j ならば p_i \neq p_j 入力はすべて整数 入力 入力は以下の形式で標準入力から与えられる。 N p_0 \ldots p_{N-1} 出力 答えを出力せよ。 入力例 1 4 1 2 0 3 出力例 1 4 操作を 1 回行うと下の画像のようになります。 この時、 4 人が喜ぶことを以下のように確かめられます。 人 0 は料理 0 が人 3\ (=(0-1) \bmod 4) の目の前に置かれているので喜びます。 人 1 は料理 1 が人 1\ (=1) の目の前に置かれているので喜びます。 人 2 は料理 2 が人 2\ (=2) の目の前に置かれているので喜びます。 人 3 は料理 3 が人 0\ (=(3+1) \bmod 4) の目の前に置かれているので喜びます。 5 人以上が喜ぶことは無いため、答えは 4 です。 入力例 2 3 0 1 2 出力例 2 3 入力例 3 10 3 9 6 1 7 2 8 0 5 4 出力例 3 5,300.0,
atcoder,abc,public_sponsored_abc,unique_vision,abc268,ユニークビジョンプログラミングコンテスト2022 夏(AtCoder Beginner Contest 268),2022,,1662811200.0,2022.0,abc268_d,D,Unique Username,D. Unique Username,1309.0,4608,"['backtracking', 'implementation', 'set', 'string']",4,https://atcoder.jp/contests/abc268/tasks/abc268_d,https://atcoder-tagged-backend.onrender.com/problems/all,2.3.0-sponsor-abc-kenkoooo-diff,ja,2026-06-04T18:46:05.900291+00:00,53.898,1311.0,"配点 : 400 点 問題文 高橋君はあるサービスで使うユーザー名を決めるのに困っています。彼を助けるプログラムを書いてください。 以下の条件をすべて満たす文字列 X を 1 つ求めてください。 X は次の手順で得られる文字列である。 N 個の文字列 S_1,S_2,\ldots,S_N を好きな順番で並べたものを S_1', S_2', \ldots,S_N' とする。そして、 S_1' 、( 1 個以上の _ )、 S_2' 、( 1 個以上の _ )、 \ldots 、( 1 個以上の _ )、 S_N' をこの順番で連結したものを X とする。 X の文字数は 3 以上 16 以下である。 X は M 個の文字列 T_1,T_2,\ldots,T_M のいずれとも一致しない。 ただし、条件をすべて満たす文字列 X が存在しない場合は代わりに -1 と出力してください。 制約 1 \leq N \leq 8 0 \leq M \leq 10^5 N,M は整数 1 \leq |S_i| \leq 16 N-1+\sum{|S_i|} \leq 16 i \neq j ならば S_i \neq S_j S_i は英小文字のみからなる文字列 3 \leq |T_i| \leq 16 i \neq j ならば T_i \neq T_j T_i は英小文字と _ のみからなる文字列 入力 入力は以下の形式で標準入力から与えられる。 N M S_1 S_2 \vdots S_N T_1 T_2 \vdots T_M 出力 条件をすべて満たす文字列 X を 1 つ出力せよ。ただし、条件をすべて満たす文字列 X が存在しない場合は代わりに -1 を出力せよ。 答えが複数存在する場合、どれを出力しても良い。 入力例 1 1 1 chokudai chokudai 出力例 1 -1 条件のうち 1 番目と 2 番目を満たす文字列は X= chokudai しかありませんが、これは T_1 と一致します。 このため、条件をすべて満たす文字列 X が存在せず、 -1 が正しい出力となります。 入力例 2 2 2 choku dai chokudai choku_dai 出力例 2 dai_choku この他に、 choku__dai ( choku と dai の間の _ が 2 つ) 等も条件をすべて満たします。 入力例 3 2 2 chokudai atcoder chokudai_atcoder atcoder_chokudai 出力例 3 -1 chokudai__atcoder や atcoder__chokudai ( chokudai と atcoder の間の _ が 2 つ)は文字数が 17 なので 2 番目の条件を満たしません。 入力例 4 4 4 ab cd ef gh hoge fuga ____ _ab_cd_ef_gh_ 出力例 4 ab__ef___cd_gh 1 番目の条件で記述されている操作で得られないような文字列が T_i として与えられる場合があります。",400.0,
atcoder,abc,public_sponsored_abc,unique_vision,abc268,ユニークビジョンプログラミングコンテスト2022 夏(AtCoder Beginner Contest 268),2022,,1662811200.0,2022.0,abc268_e,E,Chinese Restaurant (Three-Star Version),E. Chinese Restaurant (Three-Star Version),1927.0,1799,"['prefix sum', 'difference array', 'circular array', 'optimization', 'range update']",5,https://atcoder.jp/contests/abc268/tasks/abc268_e,https://atcoder-tagged-backend.onrender.com/problems/all,2.3.0-sponsor-abc-kenkoooo-diff,ja,2026-06-04T18:46:05.900291+00:00,66.094,1010.0,配点 : 500 点 問題文 回転テーブルの周りに人 0 、人 1 、 \ldots 、人 N-1 がこの順番で反時計回りに等間隔で並んでいます。また、人 i の目の前には料理 p_i が置かれています。 あなたは次の操作を 0 回以上何度でも行うことが出来ます。 回転テーブルを反時計回りに 1 周の \frac{1}{N} だけ回す。これによって、(この操作の直前に)人 i の目の前にあった料理は人 (i+1) \bmod N の目の前に移動する。 操作を完了させた後において、人 i の不満度は料理 i が人 (i-k) \bmod N 、人 (i+k) \bmod N のいずれかの目の前に置かれているような最小の非負整数 k です。 N 人の不満度の総和の最小値を求めてください。 a \bmod m とは 整数 a と正整数 m に対し、 a \bmod m は a-x が m の倍数となるような 0 以上 m 未満の整数 x を表します。(このような x は一意に定まることが証明できます) 制約 3 \leq N \leq 2 \times 10^5 0 \leq p_i \leq N-1 i \neq j ならば p_i \neq p_j 入力はすべて整数 入力 入力は以下の形式で標準入力から与えられる。 N p_0 \ldots p_{N-1} 出力 答えを出力せよ。 入力例 1 4 1 2 0 3 出力例 1 2 操作を 1 回行うと下の画像のようになります。 この時、不満度の総和が 2 になることを以下のように確かめられます。 人 0 の不満度は、料理 0 が人 3\ (=(0-1) \bmod 4) の目の前に置かれているので 1 です。 人 1 の不満度は、料理 1 が人 1\ (=(1+0) \bmod 4) の目の前に置かれているので 0 です。 人 2 の不満度は、料理 2 が人 2\ (=(2+0) \bmod 4) の目の前に置かれているので 0 です。 人 3 の不満度は、料理 3 が人 0\ (=(3+1) \bmod 4) の目の前に置かれているので 1 です。 不満度の総和を 2 より小さくすることは出来ないため、答えは 2 です。 入力例 2 3 0 1 2 出力例 2 0 入力例 3 10 3 9 6 1 7 2 8 0 5 4 出力例 3 20,500.0,
atcoder,abc,public_sponsored_abc,unique_vision,abc268,ユニークビジョンプログラミングコンテスト2022 夏(AtCoder Beginner Contest 268),2022,,1662811200.0,2022.0,abc268_f,F,Best Concatenation,F. Best Concatenation,1807.0,2301,"['greedy', 'sorting']",2,https://atcoder.jp/contests/abc268/tasks/abc268_f,https://atcoder-tagged-backend.onrender.com/problems/all,2.3.0-sponsor-abc-kenkoooo-diff,ja,2026-06-04T18:46:05.900291+00:00,63.726,1466.0,"配点 : 500 点 問題文 1 から 9 の数字および X のみからなる N 個の文字列 S_1, S_2, \ldots, S_N が与えられます。 (1, 2, \ldots, N) を並べ替えた列 P = (P_1, P_2, \ldots, P_N) を一つ選び、 文字列 T = S_{P_1} + S_{P_2} + \cdots + S_{P_N} を作ります。ここで、 + は文字列の連結を表します。 そして、文字列 T = T_1T_2\ldots T_{|T|} の「スコア」を計算します（ |T| は文字列 T の長さを表します）。 T のスコアは、スコアが 0 の状態から始め、下記の 9 個の手順を行うことで計算されます。 1 \leq i \lt j \leq |T| および T_i = X かつ T_j = 1 を満たす整数の組 (i, j) の個数だけ、スコアを 1 点加算する 。 1 \leq i \lt j \leq |T| および T_i = X かつ T_j = 2 を満たす整数の組 (i, j) の個数だけ、スコアを 2 点加算する。 1 \leq i \lt j \leq |T| および T_i = X かつ T_j = 3 を満たす整数の組 (i, j) の個数だけ、スコアを 3 点加算する。 \cdots 1 \leq i \lt j \leq |T| および T_i = X かつ T_j = 9 を満たす整数の組 (i, j) の個数だけ、スコアを 9 点加算する。 P を任意に選ぶときの、 T のスコアとしてあり得る最大値を出力してください。 制約 2 \leq N \leq 2 \times 10^5 N は整数 S_i は 1 から 9 の数字および X のみからなる長さ 1 以上の文字列 S_1, S_2, \ldots, S_N の長さの総和は 2 \times 10^5 以下 入力 入力は以下の形式で標準入力から与えられる。 N S_1 S_2 \vdots S_N 出力 答えを出力せよ。 入力例 1 3 1X3 59 XXX 出力例 1 71 P = (3, 1, 2) とすると、 T = S_3 + S_1 + S_2 = XXX1X359 です。 このとき、 T のスコアは次の通り計算されます。 1 \leq i \lt j \leq |T| および T_i = X かつ T_j = 1 を満たす整数の組 (i, j) が 3 個あり、 1 \leq i \lt j \leq |T| および T_i = X かつ T_j = 3 を満たす整数の組 (i, j) が 4 個あり、 1 \leq i \lt j \leq |T| および T_i = X かつ T_j = 5 を満たす整数の組 (i, j) が 4 個あり、 1 \leq i \lt j \leq |T| および T_i = X かつ T_j = 9 を満たす整数の組 (i, j) が 4 個あります。 よって、 T のスコアは 1 \times 3 + 3 \times 4 + 5 \times 4 + 9 \times 4 = 71 であり、これが考えられる最大値です。 入力例 2 10 X63X395XX X2XX3X22X 13 3716XXX6 45X X6XX 9238 281X92 1XX4X4XX6 54X9X711X1 出力例 2 3010",500.0,
atcoder,abc,public_sponsored_abc,unique_vision,abc268,ユニークビジョンプログラミングコンテスト2022 夏(AtCoder Beginner Contest 268),2022,,1662811200.0,2022.0,abc268_g,G,Random Student ID,G. Random Student ID,2311.0,990,"['expectation', 'trie', 'string', 'prefix', 'modular arithmetic', 'bfs']",6,https://atcoder.jp/contests/abc268/tasks/abc268_g,https://atcoder-tagged-backend.onrender.com/problems/all,2.3.0-sponsor-abc-kenkoooo-diff,ja,2026-06-04T18:46:05.900291+00:00,73.673,1541.0,"配点 : 600 点 問題文 高橋小学校には N 人の新入生がおり、 i = 1, 2, \ldots, N について i 番目の新入生の名前は S_i （英小文字のみからなる文字列）です。 N 人の名前は相異なります。 N 人の新入生には、名前が 辞書順で小さい 者から順に 1, 2, 3, \ldots, N と学籍番号が付与されます。 ただしその際には、 a が最小で z が最大である通常の英小文字の順序の代わりに、下記で定まる順序を用います。 まず高橋校長が、長さ 26 の文字列 abcdefghijklmnopqrstuvwxyz を並べ替えて得られる 26! 個の文字列の中から 1 つを、等確率でランダムに文字列 P として選ぶ。 P で前にある英小文字ほど小さい英小文字とみなす。 N 人の新入生それぞれについて、与えられる学籍番号の期待値を \mathrm{mod}\, 998244353 で出力してください（注記参照）。 辞書順で小さいとは？ 文字列 S = S_1S_2\ldots S_{|S|} が文字列 T = T_1T_2\ldots T_{|T|} より 辞書順で小さい とは、下記の 1. と 2. のどちらかが成り立つことを言います。 ここで、 |S|, |T| はそれぞれ S, T の長さを表します。 |S| \lt |T| かつ S_1S_2\ldots S_{|S|} = T_1T_2\ldots T_{|S|} 。 ある整数 1 \leq i \leq \min\lbrace |S|, |T| \rbrace が存在して、下記の 2 つがともに成り立つ。 S_1S_2\ldots S_{i-1} = T_1T_2\ldots T_{i-1} S_i が T_i より小さい文字である。 注記 求める期待値は必ず有理数となることが証明できます。またこの問題の制約下では、その値を互いに素な 2 つの整数 P , Q を用いて \frac{P}{Q} と表したとき、 R \times Q \equiv P\pmod{998244353} かつ 0 \leq R \lt 998244353 を満たす整数 R がただ一つ存在することが証明できます。この R を求めてください。 制約 2 \leq N N は整数 S_i は英小文字のみからなる長さ 1 以上の文字列 与えられる文字列の長さの総和は 5 \times 10^5 以下 i \neq j \Rightarrow S_i \neq S_j 入力 入力は以下の形式で標準入力から与えられる。 N S_1 S_2 \vdots S_N 出力 N 行出力せよ。 i = 1, 2, \ldots, N について、 i 行目には i 番目の新入生に与えられる学籍番号の期待値を \mathrm{mod}\, 998244353 で出力せよ。 入力例 1 3 a aa ab 出力例 1 1 499122179 499122179 1 番目の新入生に与えられる学籍番号の期待値は 1 であり、 2, 3 番目の新入生に与えられる学籍番号の期待値は \frac{5}{2} です。 答えを \mathrm{mod}\, 998244353 で出力することに注意してください。 例えば、 2, 3 番目の新入生についての出力では、求める期待値が \frac{5}{2} であり、 2 \times 499122179 \equiv 5\pmod{998244353} が成り立つので、 499122179 を出力します。 入力例 2 3 a aa aaa 出力例 2 1 2 3",600.0,
atcoder,abc,public_sponsored_abc,unique_vision,abc268,ユニークビジョンプログラミングコンテスト2022 夏(AtCoder Beginner Contest 268),2022,,1662811200.0,2022.0,abc268_h,Ex,Taboo,Ex. Taboo,2560.0,691,"['string matching', 'suffix array', 'lcp', 'greedy', 'segment']",5,https://atcoder.jp/contests/abc268/tasks/abc268_h,https://atcoder-tagged-backend.onrender.com/problems/all,2.3.0-sponsor-abc-kenkoooo-diff,ja,2026-06-04T18:46:05.900291+00:00,78.587,629.0,"配点 : 600 点 問題文 文字列 S が与えられます。また、高橋君は次の操作を 0 回以上行うことが出来ます。 1 \leq i \leq |S| なる整数 i を選び、 S の i 文字目を * に変える。 高橋君の目的は、 S の 部分文字列として N 個の文字列 T_1,T_2,\ldots,T_N がいずれも現れないようにすることです。 これを達成するために必要な操作の回数の最小値を求めてください。 制約 1 \leq |S| \leq 5 \times 10^5 1 \leq N N は整数 1 \leq |T_i| \sum{|T_i|} \leq 5 \times 10^5 i \neq j ならば T_i \neq T_j S, T_i は英小文字のみからなる文字列 入力 入力は以下の形式で標準入力から与えられる。 S N T_1 T_2 \vdots T_N 出力 答えを出力せよ。 入力例 1 abcdefghijklmn 3 abcd ijk ghi 出力例 1 2 i として 1 と 9 を選んで操作をすると S は *bcdefgh*jklmn となり、 abcd 、 ijk 、 ghi がいずれも部分文字列として現れなくなります。 入力例 2 atcoderbeginnercontest 1 abc 出力例 2 0 操作をする必要がありません。 入力例 3 aaaaaaaaa 2 aa xyz 出力例 3 4",600.0,
atcoder,abc,public_sponsored_abc,toyota,abc270,トヨタ自動車プログラミングコンテスト2022(AtCoder Beginner Contest 270),2022,,1664020800.0,2022.0,abc270_a,A,1-2-4 Test,A. 1-2-4 Test,-473.0,13240,['bit manipulation'],1,https://atcoder.jp/contests/abc270/tasks/abc270_a,https://atcoder-tagged-backend.onrender.com/problems/all,2.3.0-sponsor-abc-kenkoooo-diff,ja,2026-06-04T18:46:05.900291+00:00,18.729,855.0,"配点 : 100 点 問題文 3 問の問題からなる試験があり、それぞれの問題の配点は 1 点、 2 点、 4 点でした。 高橋君、青木君、すぬけ君の 3 人がこの試験を受け、 高橋君は A 点、青木君は B 点を取りました。 すぬけ君は、高橋君と青木君のうち少なくとも一方が解けた問題は解け、 2 人とも解けなかった問題は解けませんでした。 すぬけ君の点数を求めてください。 ただし、この問題の制約下で、すぬけ君の点数は一意に定まる事が証明できます。 制約 0\leq A,B \leq 7 A,B は整数 入力 入力は以下の形式で標準入力から与えられる。 A B 出力 すぬけ君の点数を整数で出力せよ。 入力例 1 1 2 出力例 1 3 高橋君は 1 点を取った事から、 1 点の問題のみを正解し、それ以外の 2 問は解けなかったことがわかります。 同様に、青木君は 2 点を取った事から、 2 点の問題のみを正解し、それ以外の 2 問は解けなかったことがわかります。 よって、すぬけ君は 1 点の問題と 2 点の問題を正解し、高橋君と青木君がともに解けなかった 4 点の問題はすぬけ君も解けなかったことになるので、 3 点を取ったことがわかります。よって、 3 を出力します。 入力例 2 5 3 出力例 2 7 高橋君は 5 点を取った事から、 1 点の問題と 4 点の問題を正解し、 2 点の問題は解けなかったことがわかります。 同様に、青木君は 3 点を取った事から、 1 点の問題と 2 点の問題を正解し、 4 点の問題は解けなかったことがわかります。 よって、 3 問すべてについて、高橋君と青木君の少なくとも一方が正解しているため、すぬけ君はすベての問題に正解し、 7 点を取ったことがわかります。 よって、 7 を出力します。 入力例 3 0 0 出力例 3 0 高橋君と青木君は 2 人ともいずれの問題も解けていません。 よって、すぬけ君もいずれの問題も解けておらず、 0 を出力します。",100.0,
atcoder,abc,public_sponsored_abc,toyota,abc270,トヨタ自動車プログラミングコンテスト2022(AtCoder Beginner Contest 270),2022,,1664020800.0,2022.0,abc270_b,B,Hammer,B. Hammer,-131.0,11184,"['case work', 'coordinate geometry', 'implementation', 'conditional']",4,https://atcoder.jp/contests/abc270/tasks/abc270_b,https://atcoder-tagged-backend.onrender.com/problems/all,2.3.0-sponsor-abc-kenkoooo-diff,ja,2026-06-04T18:46:05.900291+00:00,25.479,495.0,"配点 : 200 点 問題文 数直線の原点に高橋君がいます。高橋君は座標 X にあるゴールに移動しようとしています。 座標 Y には壁があり、最初、高橋君は壁を超えて移動することができません。 座標 Z にあるハンマーを拾った後でなら、壁を破壊して通過できるようになります。 高橋君がゴールに到達することが可能か判定し、可能であれば移動距離の最小値を求めてください。 制約 -1000 \leq X,Y,Z \leq 1000 X,Y,Z は相異なり、いずれも 0 でない 入力に含まれる値は全て整数である 入力 入力は以下の形式で標準入力から与えられる。 X Y Z 出力 高橋君がゴールに到達することが可能であれば、移動距離の最小値を出力せよ。不可能であれば、かわりに -1 と出力せよ。 入力例 1 10 -10 1 出力例 1 10 高橋君はまっすぐゴールに向かうことができます。 入力例 2 20 10 -10 出力例 2 40 ゴールは壁の向こう側にあります。まずハンマーを拾い、壁を壊すことでゴールに到達することができます。 入力例 3 100 1 1000 出力例 3 -1",200.0,
atcoder,abc,public_sponsored_abc,toyota,abc270,トヨタ自動車プログラミングコンテスト2022(AtCoder Beginner Contest 270),2022,,1664020800.0,2022.0,abc270_c,C,Simple path,C. Simple path,625.0,8926,"['dfs', 'graph', 'path', 'tree']",4,https://atcoder.jp/contests/abc270/tasks/abc270_c,https://atcoder-tagged-backend.onrender.com/problems/all,2.3.0-sponsor-abc-kenkoooo-diff,ja,2026-06-04T18:46:05.900291+00:00,40.399,837.0,"配点 : 300 点 問題文 N 頂点の木 T があり、 i (1\leq i\leq N-1) 番目の辺は頂点 U_i と頂点 V_i を結んでいます。 T 上の相異なる 2 頂点 X,Y が与えられるので、 頂点 X から頂点 Y への単純パス上の頂点（端点含む）を順に列挙してください。 ただし、木上の任意の相異なる 2 頂点 a,b について、 a から b への単純パスがただ一つ存在することが証明できます。 単純パスとは？ グラフ G 上の頂点 X,Y に対して、頂点列 v_1,v_2, \ldots, v_k であって、 v_1=X , v_k=Y かつ、 1\leq i\leq k-1 に対して v_i と v_{i+1} が辺で結ばれているようなものを頂点 X から頂点 Y への パス と呼びます。 さらに、 v_1,v_2, \ldots, v_k がすべて異なるようなものを頂点 X から頂点 Y への 単純パス と呼びます。 制約 1\leq N\leq 2\times 10^5 1\leq X,Y\leq N X\neq Y 1\leq U_i,V_i\leq N 入力はすべて整数 与えられるグラフは木 入力 入力は以下の形式で標準入力から与えられる。 N X Y U_1 V_1 U_2 V_2 \vdots U_{N-1} V_{N-1} 出力 頂点 X から頂点 Y への単純パス上の頂点番号を順に空白区切りで出力せよ。 入力例 1 5 2 5 1 2 1 3 3 4 3 5 出力例 1 2 1 3 5 木 T は以下のような形であり、頂点 2 から頂点 5 への単純パスは 頂点 2 \to 頂点 1 \to 頂点 3 \to 頂点 5 となります。 よって、 2,1,3,5 をこの順に空白区切りで出力します。 入力例 2 6 1 2 3 1 2 5 1 2 4 1 2 6 出力例 2 1 2 木 T は以下のような形です。",300.0,
atcoder,abc,public_sponsored_abc,toyota,abc270,トヨタ自動車プログラミングコンテスト2022(AtCoder Beginner Contest 270),2022,,1664020800.0,2022.0,abc270_d,D,Stones,D. Stones,1300.0,5959,"['dp', 'game theory']",2,https://atcoder.jp/contests/abc270/tasks/abc270_d,https://atcoder-tagged-backend.onrender.com/problems/all,2.3.0-sponsor-abc-kenkoooo-diff,ja,2026-06-04T18:46:05.900291+00:00,53.72,929.0,"配点 : 400 点 問題文 数列 (A_1,\ldots,A_K) を使って、高橋君と青木君が石取りゲームをします。 最初、山には N 個の石があります。高橋君から順に、二人が交互に次の操作を行います。 現在山にある石の個数以下であるような A_i を 1 つ選ぶ。山から A_i 個の石を取り除く。 山から石がなくなったとき、ゲームは終了します。 二人がともに、ゲーム終了までに自分が取り除いた石の個数を最大化しようとするとき、高橋君は何個の石を取り除くことができますか？ 制約 1 \leq N \leq 10^4 1 \leq K \leq 100 1 = A_1 < A_2 < \ldots < A_K \leq N 入力に含まれる値は全て整数である 入力 入力は以下の形式で標準入力から与えられる。 N K A_1 A_2 \ldots A_K 出力 答えを出力せよ。 入力例 1 10 2 1 4 出力例 1 5 ゲームの進行の一例は以下の通りです。 高橋君が山から 4 個の石を取り除く。 青木君が山から 4 個の石を取り除く。 高橋君が山から 1 個の石を取り除く。 青木君が山から 1 個の石を取り除く。 この例では高橋君は 5 個の石を取り除くことができます。高橋君が 6 個以上の石を取り除くことはできないためこれが最大です。 高橋君は 5 個の石を取り除くことができるゲームの進行の例には、他にも次のようなものがあります。 高橋君が山から 1 個の石を取り除く。 青木君が山から 4 個の石を取り除く。 高橋君が山から 4 個の石を取り除く。 青木君が山から 1 個の石を取り除く。 入力例 2 11 4 1 2 3 6 出力例 2 8 ゲームの進行の一例は以下の通りです。 高橋君が山から 6 個の石を取り除く。 青木君が山から 3 個の石を取り除く。 高橋君が山から 2 個の石を取り除く。 この例では高橋君は 8 個の石を取り除くことができます。高橋君が 9 個以上の石を取り除くことはできないためこれが最大です。 入力例 3 10000 10 1 2 4 8 16 32 64 128 256 512 出力例 3 5136",400.0,
atcoder,abc,public_sponsored_abc,toyota,abc270,トヨタ自動車プログラミングコンテスト2022(AtCoder Beginner Contest 270),2022,,1664020800.0,2022.0,abc270_e,E,Apple Baskets on Circle,E. Apple Baskets on Circle,1211.0,5324,"['binary search', 'simulation', 'circular array']",3,https://atcoder.jp/contests/abc270/tasks/abc270_e,https://atcoder-tagged-backend.onrender.com/problems/all,2.3.0-sponsor-abc-kenkoooo-diff,ja,2026-06-04T18:46:05.900291+00:00,51.964,1078.0,"配点 : 500 点 問題文 1,2,\ldots,N の番号がついた N 個のかごが円状に置かれています。 1\leq i \leq N-1 についてかご i の右隣にはかご i+1 があり、かご N の右隣にはかご 1 があります。 かご i の中には A_i 個りんごが入っています。 高橋君は最初かご 1 の前におり、以下の行動を繰り返します。 目の前にあるかごの中にりんごがあれば 1 個かごから取り出して食べる。その後、りんごを食べたかどうかにかかわらず、右隣のかごの前に移動する。 高橋君がちょうど K 個のりんごを食べた時点で、各かごの中に残っているりんごの個数を求めてください。 制約 1 \leq N \leq 10^5 0 \leq A_i \leq 10^{12} 1 \leq K \leq 10^{12} りんごは全部で K 個以上ある。すなわち、 \sum_{i=1}^{N}A_i\geq K 入力に含まれる値は全て整数である 入力 入力は以下の形式で標準入力から与えられる。 N K A_1 A_2 \ldots A_N 出力 N 個の整数を空白区切りで出力せよ。 i 番目には、高橋君がちょうど K 個のりんごを食べた時点で、かご i の中に残っているりんごの個数を出力せよ。 入力例 1 3 3 1 3 0 出力例 1 0 1 0 高橋君は次のように行動します。 目の前にあるかご 1 の中にりんごがあるので 1 個かごから取り出して食べる。その後、かご 2 の前に移動する。この時点で各かごの中のりんごの個数は (0,3,0) である。 目の前にあるかご 2 の中にりんごがあるので 1 個かごから取り出して食べる。その後、かご 3 の前に移動する。この時点で各かごの中のりんごの個数は (0,2,0) である。 目の前にあるかご 3 の中にりんごはない。かご 1 の前に移動する。この時点で各かごの中のりんごの個数は (0,2,0) である。 目の前にあるかご 1 の中にりんごはない。かご 2 の前に移動する。この時点で各かごの中のりんごの個数は (0,2,0) である。 目の前にあるかご 2 の中にりんごがあるので 1 個かごから取り出して食べる。その後、かご 3 の前に移動する。この時点で各かごの中のりんごの個数は (0,1,0) である。 入力例 2 2 1000000000000 1000000000000 1000000000000 出力例 2 500000000000 500000000000",500.0,
atcoder,abc,public_sponsored_abc,toyota,abc270,トヨタ自動車プログラミングコンテスト2022(AtCoder Beginner Contest 270),2022,,1664020800.0,2022.0,abc270_f,F,Transportation,F. Transportation,1834.0,2683,"['minimum spanning tree', 'kruskal', 'dsu', 'connectivity', 'case work']",5,https://atcoder.jp/contests/abc270/tasks/abc270_f,https://atcoder-tagged-backend.onrender.com/problems/all,2.3.0-sponsor-abc-kenkoooo-diff,ja,2026-06-04T18:46:05.900291+00:00,64.259,1364.0,"配点 : 500 点 問題文 AtCoder 国には N 個の島があり、 最初、どの島にも空港・港はなく、どの島の間にも道路はありません。 王である高橋君はこれらの島の間に交通手段を用意することにしました。 具体的には、高橋君は次の操作のうち 1 つを選んで行うことを好きなだけ繰り返す事ができます。 1\leq i\leq N をみたす i を選び、コスト X_i を払って、島 i に空港を建設する。 1\leq i\leq N をみたす i を選び、コスト Y_i を払って、島 i に港を建設する。 1\leq i\leq M をみたす i を選び、コスト Z_i を払って、島 A_i と島 B_i の間を双方向に結ぶ道路を建設する。 高橋君の目標は、任意の相異なる 2 つの島 U , V について、 島 U からはじめて次の行動のうち 1 つを選んで行うことを好きなだけ繰り返す事で、 島 V に到達することができるようにする事です。 島 S,T の両方に空港がある時、島 S から島 T まで移動する。 島 S,T の両方に港がある時、島 S から島 T まで移動する。 島 S,T を結ぶ道路が存在する時、島 S から島 T まで移動する。 高橋君が目標を達成するのに必要な最小コストを求めてください。 制約 2 \leq N \leq 2\times 10^5 1 \leq M \leq 2\times 10^5 1\leq X_i\leq 10^9 1\leq Y_i\leq 10^9 1\leq A_i<B_i\leq N 1\leq Z_i\leq 10^9 i\neq j ならば (A_i,B_i)\neq (A_j,B_j) 入力は全て整数 入力 入力は以下の形式で標準入力から与えられる。 N M X_1 X_2 \ldots X_N Y_1 Y_2 \ldots Y_N A_1 B_1 Z_1 A_2 B_2 Z_2 \vdots A_M B_M Z_M 出力 高橋君が目標を達成するのに必要な最小コストを出力せよ。 入力例 1 4 2 1 20 4 7 20 2 20 3 1 3 5 1 4 6 出力例 1 16 高橋君は次のように交通手段を建設します。 コスト X_1=1 を払って、島 1 に空港を建設する。 コスト X_3=4 を払って、島 3 に空港を建設する。 コスト Y_2=2 を払って、島 2 に港を建設する。 コスト Y_4=3 を払って、島 4 に港を建設する。 コスト Z_2=6 を払って、島 1 と島 4 の間を結ぶ道路を建設する。 このとき、目標は達成されており、かかったコストは 16 となります。 コスト 15 以下で目標を達成する方法はないため、 16 を出力します。 入力例 2 3 1 1 1 1 10 10 10 1 2 100 出力例 2 3 空港・港・道路のうち、一度も建設されないものがあっても構いません。 入力例 3 7 8 35 29 36 88 58 15 25 99 7 49 61 67 4 57 2 3 3 2 5 36 2 6 89 1 6 24 5 7 55 1 3 71 3 4 94 5 6 21 出力例 3 160",500.0,
atcoder,abc,public_sponsored_abc,toyota,abc270,トヨタ自動車プログラミングコンテスト2022(AtCoder Beginner Contest 270),2022,,1664020800.0,2022.0,abc270_g,G,Sequence in mod P,G. Sequence in mod P,2220.0,1049,"['baby step giant step', 'discrete logarithm', 'modular arithmetic', 'recurrence']",4,https://atcoder.jp/contests/abc270/tasks/abc270_g,https://atcoder-tagged-backend.onrender.com/problems/all,2.3.0-sponsor-abc-kenkoooo-diff,ja,2026-06-04T18:46:05.900291+00:00,71.877,754.0,"配点 : 600 点 問題文 次の漸化式で定められる数列 X=(X_0,X_1,\ldots) があります。 X_i = \left\{ \begin{array}{ll} S & (i = 0)\\ (A X_{i-1}+B) \bmod P & (i \geq 1) \end{array} \right. X_i=G となる i が存在するか判定し、存在するならばそのような最小の i を求めてください。 ここで、 x \bmod y は、 x を y で割ったあまり(最小非負剰余)を表すものとします。 1 ファイルにつき T 個のテストケースが与えられます。 制約 1 \leq T \leq 100 2 \leq P \leq 10^9 P は素数 0\leq A,B,S,G < P 入力に含まれる値は全て整数である 入力 入力は以下の形式で標準入力から与えられる。 T \mathrm{case}_1 \mathrm{case}_2 \vdots \mathrm{case}_T 各テストケースは以下の形式で与えられる。 P A B S G 出力 T 行出力せよ。 t 行目には、 \mathrm{case}_t について、 X_i=G となる最小の i を出力せよ。そのような i が存在しないならかわりに -1 を出力せよ。 入力例 1 3 5 2 1 1 0 5 2 2 3 0 11 1 1 0 10 出力例 1 3 -1 10 1 番目のケースについて、 X=(1,3,2,0,\ldots) であることから、 X_i=0 となる最小の i は 3 です。 2 番目のケースについて、 X=(3,3,3,3,\ldots) であることから、 X_i=0 となる i は存在しません。",600.0,
atcoder,abc,public_sponsored_abc,toyota,abc270,トヨタ自動車プログラミングコンテスト2022(AtCoder Beginner Contest 270),2022,,1664020800.0,2022.0,abc270_h,Ex,add 1 ,Ex. add 1 ,3159.0,397,"['expectation', 'dp', 'recurrence', 'modular arithmetic', 'modular exponentiation', 'modular inverse']",6,https://atcoder.jp/contests/abc270/tasks/abc270_h,https://atcoder-tagged-backend.onrender.com/problems/all,2.3.0-sponsor-abc-kenkoooo-diff,ja,2026-06-04T18:46:05.900291+00:00,90.409,1324.0,"配点 : 600 点 問題文 A_1=0 かつ A_N>0 であるような、 N 個の非負整数の組 A=(A_1,A_2,\ldots,A_N) が与えられます。 高橋君は N 個のカウンターを持っており、最初、全てのカウンターの値は 0 です。 高橋君は、全ての 1\leq i\leq N について i 番目のカウンターの値が A_i 以上となるまで次の操作を繰り返します。 N 個のカウンターの中から 1 つを等確率に選び、その値を 0 にする。（選択は毎回独立に行う。） 選んだカウンター 以外 のカウンターの値を 1 増加させる。 高橋君の操作回数の期待値を \mathrm{mod} 998244353 で出力してください（注記参照）。 注記 求める期待値は必ず有限値かつ有理数となることが証明できます。また、この問題の制約下では、その値を互いに素な 2 つの整数 P , Q を用いて \frac{P}{Q} と表したとき、 R \times Q \equiv P\pmod{998244353} かつ 0 \leq R \lt 998244353 を満たす整数 R がただ一つ存在することが証明できます。この R を求めてください。 制約 2\leq N\leq 2\times 10^5 0=A_1\leq A_2\leq \cdots \leq A_N\leq 10^{18} A_N>0 入力は全て整数 入力 入力は以下の形式で標準入力から与えられる。 N A_1 A_2 \ldots A_N 出力 高橋君の操作回数の期待値を \mathrm{mod} 998244353 で出力せよ。 入力例 1 2 0 2 出力例 1 6 i 番目のカウンターの値を C_i で表します。 高橋君の操作が終了するまでの一連の流れの例は次の通りです。 1 番目のカウンターの値を 0 にした後、それ以外のカウンターの値を 1 増加させる。 (C_1,C_2)=(0,1) となる。 2 番目のカウンターの値を 0 にした後、それ以外のカウンターの値を 1 増加させる。 (C_1,C_2)=(1,0) となる。 1 番目のカウンターの値を 0 にした後、それ以外のカウンターの値を 1 増加させる。 (C_1,C_2)=(0,1) となる。 1 番目のカウンターの値を 0 にした後、それ以外のカウンターの値を 1 増加させる。 (C_1,C_2)=(0,2) となる。 この場合の操作回数は 4 となります。 1,2,3,4,5,\ldots 回で操作が終了する確率はそれぞれ 0,\frac{1}{4}, \frac{1}{8}, \frac{1}{8}, \frac{3}{32},\ldots であり、 期待値は 2\times\frac{1}{4}+3\times\frac{1}{8}+4\times\frac{1}{8}+5\times\frac{3}{32}+\dots=6 となります。 よって、 6 を出力します。 入力例 2 5 0 1 3 10 1000000000000000000 出力例 2 874839568",600.0,
atcoder,abc,public_sponsored_abc,kyocera,abc271,京セラプログラミングコンテスト2022(AtCoder Beginner Contest 271),2022,,1664625600.0,2022.0,abc271_a,A,484558,A. 484558,-662.0,12809,"['implementation', 'base conversion']",2,https://atcoder.jp/contests/abc271/tasks/abc271_a,https://atcoder-tagged-backend.onrender.com/problems/all,2.3.0-sponsor-abc-kenkoooo-diff,ja,2026-06-04T18:46:05.900291+00:00,14.999,569.0,"配点 : 100 点 問題文 0123456789 に加えて 10,11,12,13,14,15 に対応する数字として ABCDEF を使う 16 進表記では、 0 以上 255 以下の整数は 1 桁または 2 桁になります。 例えば、 0 や 12 は 16 進表記では 0 や C と 1 桁になり、 99 や 255 は 16 進表記では 63 や FF と 2 桁になります。 0 以上 255 以下の整数 N を、必要に応じて先頭に 0 を加えることで ちょうど 2 桁 の 16 進表記に変換してください。 注記 英大文字と英小文字は区別されます。特に、 16 進表記の数字として ABCDEF の代わりに abcdef を使うことは 出来ません 。 制約 0 \leq N \leq 255 N は整数 入力 入力は以下の形式で標準入力から与えられる。 N 出力 答えを出力せよ。 入力例 1 99 出力例 1 63 99 は 16 進表記で 63 です。 入力例 2 12 出力例 2 0C 12 は 16 進表記で C です。 要求されているのはちょうど 2 桁の 16 進表記に変換することなので、 C の先頭に 0 を加えた 0C が答えです。 入力例 3 0 出力例 3 00 入力例 4 255 出力例 4 FF",100.0,
atcoder,abc,public_sponsored_abc,kyocera,abc271,京セラプログラミングコンテスト2022(AtCoder Beginner Contest 271),2022,,1664625600.0,2022.0,abc271_b,B,Maintain Multiple Sequences,B. Maintain Multiple Sequences,-166.0,11247,"['array', 'implementation', 'query']",3,https://atcoder.jp/contests/abc271/tasks/abc271_b,https://atcoder-tagged-backend.onrender.com/problems/all,2.3.0-sponsor-abc-kenkoooo-diff,ja,2026-06-04T18:46:05.900291+00:00,24.788,885.0,"配点 : 200 点 問題文 整数からなる数列が N 個あります。 i \, (1 \leq i \leq N) 番目の数列は L_i 項からなり、 i 番目の数列の第 j \, (1 \leq j \leq L_i) 項 は a_{i, j} です。 Q 個のクエリが与えられます。 k \, (1 \leq k \leq Q) 番目のクエリでは、整数 s_k, t_k が与えられるので、 s_k 番目の数列の第 t_k 項を求めてください。 制約 1 \leq N, Q \leq 2 \times 10^5 L_i \geq 1 \, (1 \leq i \leq N) \sum_{i=1}^N L_i \leq 2 \times 10^5 1 \leq a_{i, j} \leq 10^9 \, (1 \leq i \leq N, 1 \leq j \leq L_i) 1 \leq s_k \leq N, 1 \leq t_k \leq L_{s_k} \, (1 \leq k \leq Q) 入力は全て整数 入力 入力は以下の形式で標準入力から与えられる。 N Q L_1 a_{1, 1} \ldots a_{1, L_1} \vdots L_N a_{N, 1} \ldots a_{N, L_N} s_1 t_1 \vdots s_Q t_Q 出力 Q 行出力せよ。 k \, (1 \leq k \leq Q) 行目には、 k 番目のクエリに対する答えを出力せよ。 入力例 1 2 2 3 1 4 7 2 5 9 1 3 2 1 出力例 1 7 5 1 番目の数列は (1, 4, 7) 、 2 番目の数列は (5, 9) です。 それぞれのクエリに対する答えは次のようになります。 1 番目の数列の第 3 項は 7 です。 2 番目の数列の第 1 項は 5 です。 入力例 2 3 4 4 128 741 239 901 2 1 1 3 314 159 26535 1 1 2 2 3 3 1 4 出力例 2 128 1 26535 901",200.0,
atcoder,abc,public_sponsored_abc,kyocera,abc271,京セラプログラミングコンテスト2022(AtCoder Beginner Contest 271),2022,,1664625600.0,2022.0,abc271_c,C,Manga,C. Manga,842.0,8158,"['greedy', 'two pointer', 'simulation', 'array']",4,https://atcoder.jp/contests/abc271/tasks/abc271_c,https://atcoder-tagged-backend.onrender.com/problems/all,2.3.0-sponsor-abc-kenkoooo-diff,ja,2026-06-04T18:46:05.900291+00:00,44.681,1077.0,配点 : 300 点 問題文 高橋君は全 10^9 巻の漫画『すぬけ君』を読むことにしました。 初め、高橋君は『すぬけ君』の単行本を N 冊持っています。 i 番目の単行本は a_i 巻です。 高橋君は『すぬけ君』を 読み始める前に限り 次の操作を 0 回以上何度でも繰り返せます。 現在持っている単行本が 1 冊以下の場合、何もしない。そうでない場合、現在持っている単行本から 2 冊を選んで売り、代わりに好きな巻を選んで 1 冊買う その後、高橋君は『すぬけ君』を 1 巻、 2 巻、 3 巻、 \ldots と順番に読みます。ただし、次に読むべき巻を持っていない状態になった場合、(他の巻を持っているかどうかに関わらず)その時点で『すぬけ君』を読むのをやめます。 高橋君が『すぬけ君』を最大で何巻まで読めるかを求めてください。ただし、 1 巻を読めない場合の答えは 0 とします。 制約 1 \leq N \leq 3 \times 10^5 1 \leq a_i \leq 10^9 入力はすべて整数 入力 入力は以下の形式で標準入力から与えられる。 N a_1 \ldots a_N 出力 答えを出力せよ。 入力例 1 6 1 2 4 6 7 271 出力例 1 4 『すぬけ君』を読み始める前に「 7 巻と 271 巻を選んで売り、代わりに 3 巻を選んで 1 冊買う」という内容で操作をすると、高橋君は 1 巻、 2 巻、 3 巻、 4 巻、 6 巻を 1 冊ずつ持っている状態になります。 この状態から『すぬけ君』を読み始めると、高橋君は 1 巻、 2 巻、 3 巻、 4 巻を読み、続いて 5 巻を読もうとしますが持っていないためこの時点で『すぬけ君』を読むのをやめます。 操作の方法を変えても 5 巻を読むことは出来ないため、 4 が答えです。 入力例 2 10 1 1 1 1 1 1 1 1 1 1 出力例 2 5 高橋君は同じ巻を 2 冊以上持っているかもしれません。 この入力に対しては以下のように 4 回操作をしてから『すぬけ君』を読み始めることで 5 巻まで読むことが出来、これが最大です。 1 巻を 2 冊選んで売り、代わりに 2 巻を選んで 1 冊買う 1 巻を 2 冊選んで売り、代わりに 3 巻を選んで 1 冊買う 1 巻を 2 冊選んで売り、代わりに 4 巻を選んで 1 冊買う 1 巻を 2 冊選んで売り、代わりに 5 巻を選んで 1 冊買う 入力例 3 1 5 出力例 3 0 高橋君は 1 巻を読めません。,300.0,
atcoder,abc,public_sponsored_abc,kyocera,abc271,京セラプログラミングコンテスト2022(AtCoder Beginner Contest 271),2022,,1664625600.0,2022.0,abc271_d,D,Flip and Adjust,D. Flip and Adjust,886.0,7616,"['dp', 'subset sum', 'reconstruction']",3,https://atcoder.jp/contests/abc271/tasks/abc271_d,https://atcoder-tagged-backend.onrender.com/problems/all,2.3.0-sponsor-abc-kenkoooo-diff,ja,2026-06-04T18:46:05.900291+00:00,45.55,927.0,"配点 : 400 点 問題文 両面に整数が書かれたカードが N 枚あり、 i \, (1 \leq i \leq N) 枚目のカードの表には a_i が、裏には b_i が書かれています。 あなたは、それぞれのカードについて、表を上に向けて置くか裏を上に向けて置くかを自由に決めることができます。 上に向けられた面に書かれた整数の総和がちょうど S となるようにカードを置くことができるか判定し、可能ならそのようなカードの置き方の一例を求めてください。 制約 1 \leq N \leq 100 1 \leq S \leq 10000 1 \leq a_i, b_i \leq 100 \, (1 \leq i \leq N) 入力は全て整数 入力 入力は以下の形式で標準入力から与えられる。 N S a_1 b_1 \vdots a_N b_N 出力 まず、上に向けられた面に書かれた整数の総和がちょうど S となるようにカードを置くことができるならば Yes を、できなければ No を出力し、改行せよ。 さらに、そのようにカードを置くことができるならば、カードの置き方を表す H および T のみからなる長さ N の文字列を出力せよ。 この文字列の i \, (1 \leq i \leq N) 文字目は、 i 枚目のカードを表を上に向けて置くなら H 、裏を上に向けて置くなら T でなければならない。 条件を満たすカードの置き方が複数考えられる場合、どれを出力しても正解となる。 入力例 1 3 11 1 4 2 3 5 7 出力例 1 Yes THH 例えば次のように置くことで、上に向けられた面に書かれた整数の総和がちょうど S (= 11) となります。 1 枚目は表、 2 枚目は裏、 3 枚目は裏を上に向けて置く。 1 枚目は裏、 2 枚目は表、 3 枚目は表を上に向けて置く。 よって、 HTT や THH といった出力が正解となります。 入力例 2 5 25 2 8 9 3 4 11 5 1 12 6 出力例 2 No 上に向けられた面に書かれた整数の総和がちょうど S (= 25) となるようにカードを置くことはできません。",400.0,
atcoder,abc,public_sponsored_abc,kyocera,abc271,京セラプログラミングコンテスト2022(AtCoder Beginner Contest 271),2022,,1664625600.0,2022.0,abc271_e,E,Subsequence Path,E. Subsequence Path,1402.0,4309,"['dp', 'graph theory', 'shortest path', 'subsequence']",4,https://atcoder.jp/contests/abc271/tasks/abc271_e,https://atcoder-tagged-backend.onrender.com/problems/all,2.3.0-sponsor-abc-kenkoooo-diff,ja,2026-06-04T18:46:05.900291+00:00,55.733,1056.0,"配点 : 500 点 問題文 1, \dots, N と番号づけられた N 個の都市と、 1, \dots, M と番号づけられた M 本の道があります。 全ての道は一方通行であり、道 i \, (1 \leq i \leq M) を通ると、都市 A_i から都市 B_i へ移動することができます。また、道 i の長さは C_i です。 1 以上 M 以下の整数からなる長さ K の数列 E = (E_1, \dots, E_K) が与えられます。都市 1 から都市 N までいくつかの道を使って移動する方法であって、以下の条件を満たすものを 良い経路 と呼びます。 通る道の番号を通った順番に並べた列は、 E の部分列である。 なお、部分列とは、数列から 0 個以上の要素を削除し、残った要素を元の順序で並べて得られる数列のことを指します。 全ての良い経路における、通る道の長さの合計の最小値を求めてください。 ただし、良い経路が存在しない場合は、そのことを報告してください。 制約 2 \leq N \leq 2 \times 10^5 1 \leq M, K \leq 2 \times 10^5 1 \leq A_i, B_i \leq N, A_i \neq B_i \, (1 \leq i \leq M) 1 \leq C_i \leq 10^9 \, (1 \leq i \leq M) 1 \leq E_i \leq M \, (1 \leq i \leq K) 入力は全て整数 入力 入力は以下の形式で標準入力から与えられる。 N M K A_1 B_1 C_1 \vdots A_M B_M C_M E_1 \ldots E_K 出力 全ての良い経路における、通る道の長さの合計の最小値を出力せよ。ただし、良い経路が存在しないならば、 -1 を出力せよ。 入力例 1 3 4 4 1 2 2 2 3 2 1 3 3 1 3 5 4 2 1 2 出力例 1 4 良い経路として考えられるのは次の二つです。 道 4 を使う。通る道の長さの合計は 5 である。 道 1, 2 をこの順で使う。通る道の長さの合計は 2 + 2 = 4 である。 よって、求める最小値は 4 です。 入力例 2 3 2 3 1 2 1 2 3 1 2 1 1 出力例 2 -1 良い経路は存在しません。 入力例 3 4 4 5 3 2 2 1 3 5 2 4 7 3 4 10 2 4 1 4 3 出力例 3 14",500.0,
atcoder,abc,public_sponsored_abc,kyocera,abc271,京セラプログラミングコンテスト2022(AtCoder Beginner Contest 271),2022,,1664625600.0,2022.0,abc271_f,F,XOR on Grid Path,F. XOR on Grid Path,1669.0,3454,"['meet in the middle', 'xor', 'grid path', 'counting', 'sorting']",5,https://atcoder.jp/contests/abc271/tasks/abc271_f,https://atcoder-tagged-backend.onrender.com/problems/all,2.3.0-sponsor-abc-kenkoooo-diff,ja,2026-06-04T18:46:05.900291+00:00,61.003,1331.0,"配点 : 500 点 問題文 N 行 N 列のマス目があり、上から i \, (1 \leq i \leq N) 行目、左から j \, (1 \leq j \leq N) 列目のマスを (i, j) と表します。 マス (i, j) には非負整数 a_{i, j} が書かれています。 マス (i, j) にいるとき、マス (i+1, j), (i, j+1) のいずれかに移動することができます。ただし、マス目の外に出るような移動はできません。 マス (1, 1) から移動を繰り返してマス (N, N) にたどり着く方法であって、通ったマス（マス (1, 1), (N, N) を含む）に書かれた整数の排他的論理和が 0 となるようなものの総数を求めてください。 排他的論理和とは 整数 a, b の排他的論理和 a \oplus b は、以下のように定義されます。 a \oplus b を二進表記した際の 2^k \, (k \geq 0) の位の数は、 a, b を二進表記した際の 2^k の位の数のうち一方のみが 1 であれば 1 、そうでなければ 0 である。 例えば、 3 \oplus 5 = 6 となります（二進表記すると 011 \oplus 101 = 110 ）。 一般に k 個の整数 p_1, \dots, p_k の排他的論理和は (\cdots ((p_1 \oplus p_2) \oplus p_3) \oplus \cdots \oplus p_k) と定義され、これは p_1, \dots, p_k の順番によらないことが証明できます。 制約 2 \leq N \leq 20 0 \leq a_{i, j} \lt 2^{30} \, (1 \leq i, j \leq N) 入力は全て整数 入力 入力は以下の形式で標準入力から与えられる。 N a_{1, 1} \ldots a_{1, N} \vdots a_{N, 1} \ldots a_{N, N} 出力 答えを出力せよ。 入力例 1 3 1 5 2 7 0 5 4 2 3 出力例 1 2 次の二通りの方法が条件を満たします。 (1, 1) \rightarrow (1, 2) \rightarrow (1, 3) \rightarrow (2, 3) \rightarrow (3, 3) (1, 1) \rightarrow (2, 1) \rightarrow (2, 2) \rightarrow (2, 3) \rightarrow (3, 3) 入力例 2 2 1 2 2 1 出力例 2 0 入力例 3 10 1 0 1 0 0 1 0 0 0 1 0 0 0 1 0 1 0 1 1 0 1 0 0 0 1 0 1 0 0 0 0 1 0 0 0 1 1 0 0 1 0 0 1 1 0 1 1 0 1 0 1 0 0 0 1 0 0 1 1 0 1 1 1 0 0 0 1 1 0 0 0 1 1 0 0 1 1 0 1 0 1 0 1 1 0 0 0 0 0 0 1 0 1 1 0 0 1 1 1 0 出力例 3 24307",500.0,
atcoder,abc,public_sponsored_abc,kyocera,abc271,京セラプログラミングコンテスト2022(AtCoder Beginner Contest 271),2022,,1664625600.0,2022.0,abc271_g,G,Access Counter,G. Access Counter,2323.0,780,"['matrix', 'probability', 'dp', 'modular arithmetic', 'geometric progression']",5,https://atcoder.jp/contests/abc271/tasks/abc271_g,https://atcoder-tagged-backend.onrender.com/problems/all,2.3.0-sponsor-abc-kenkoooo-diff,ja,2026-06-04T18:46:05.900291+00:00,73.91,999.0,"配点 : 600 点 問題文 高橋君は自身が運営しているWebサイトにアクセスカウンターを設置することにしました。 彼のWebサイトに対して発生するアクセスの様子は以下のように記述されます。 i=0,1,2,\ldots,23 に対し、毎日 i 時ちょうどにアクセスが発生する可能性がある。 c_i= T の場合、高橋君が X パーセントの確率でアクセスする。 c_i= A の場合、青木君が Y パーセントの確率でアクセスする。 高橋君や青木君がアクセスするかどうかは毎回独立に決まる。 これ以外のアクセスは発生しない。 また、高橋君はアクセスカウンターを設置してから N 回目のアクセスが自身によるものではない方が好ましいと考えています。 高橋君がアクセスカウンターを設置したのがある日の 0 時直前 の時、設置してから N 回目のアクセスが青木君によるものになる確率を \mod 998244353 で求めてください。 注記 求める確率は必ず有限値かつ有理数となることが証明できます。また、この問題の制約下では、その値を互いに素な 2 つの整数 P , Q を用いて \frac{P}{Q} と表したとき、 R \times Q \equiv P\pmod{998244353} かつ 0 \leq R \lt 998244353 を満たす整数 R がただ一つ存在することが証明できます。この R を求めてください。 制約 1 \leq N \leq 10^{18} 1 \leq X,Y \leq 99 c_i は T または A N,X,Y は整数 入力 入力は以下の形式で標準入力から与えられる。 N X Y c_0 c_1 \ldots c_{23} 出力 答えを出力せよ。 入力例 1 1 50 50 ATATATATATATATATATATATAT 出力例 1 665496236 高橋君がアクセスカウンターを設置してから 1 回目のアクセスが青木君によるものになる確率は \frac{2}{3} です。 入力例 2 271 95 1 TTTTTTTTTTTTTTTTTTTTTTTT 出力例 2 0 青木君によるアクセスが存在しません。 入力例 3 10000000000000000 62 20 ATAATTATATTTAAAATATTATAT 出力例 3 744124544",600.0,
atcoder,abc,public_sponsored_abc,kyocera,abc271,京セラプログラミングコンテスト2022(AtCoder Beginner Contest 271),2022,,1664625600.0,2022.0,abc271_h,Ex,General General,Ex. General General,2908.0,248,"['dp', 'digit dp', 'math', 'case work', 'symmetry', 'coordinate geometry', 'bit manipulation']",7,https://atcoder.jp/contests/abc271/tasks/abc271_h,https://atcoder-tagged-backend.onrender.com/problems/all,2.3.0-sponsor-abc-kenkoooo-diff,ja,2026-06-04T18:46:05.900291+00:00,85.455,926.0,"配点 : 600 点 問題文 T 個のテストケースについて以下の問題を解いてください。 xy 座標平面上の原点 (0,0) に駒が置かれています。あなたは次の操作を 0 回以上何度でも行うことが出来ます。 1 \leq i \leq 8 かつ s_i= 1 を満たす整数 i を選ぶ。現在駒が置かれている座標を (x,y) とした時、 i=1 ならば駒を (x+1,y) に移動させる。 i=2 ならば駒を (x+1,y+1) に移動させる。 i=3 ならば駒を (x,y+1) に移動させる。 i=4 ならば駒を (x-1,y+1) に移動させる。 i=5 ならば駒を (x-1,y) に移動させる。 i=6 ならば駒を (x-1,y-1) に移動させる。 i=7 ならば駒を (x,y-1) に移動させる。 i=8 ならば駒を (x+1,y-1) に移動させる。 あなたの目的は駒を (A,B) に移動させることです。 目的を達成するために必要な操作回数の最小値を求めてください。ただし、目的を達成することが不可能な場合は代わりに -1 を出力してください。 制約 1 \leq T \leq 10^4 -10^9 \leq A,B \leq 10^9 s_i は 0 または 1 T,A,B は整数 入力 入力は以下の形式で標準入力から与えられる。 T \mathrm{case}_1 \mathrm{case}_2 \vdots \mathrm{case}_T ただし、 \mathrm{case}_i は i 番目のテストケースを表す。 各テストケースは以下の形式で与えられる。 A B s_1 s_2 s_3 s_4 s_5 s_6 s_7 s_8 出力 全体で T 行出力せよ。 i 行目には i 番目のテストケースに対する答えを出力せよ。 入力例 1 7 5 3 10101010 5 3 01010101 5 3 11111111 5 3 00000000 0 0 11111111 0 1 10001111 -1000000000 1000000000 10010011 出力例 1 8 5 5 -1 0 -1 1000000000",600.0,
atcoder,abc,public_sponsored_abc,panasonic,abc273,パナソニックグループプログラミングコンテスト2022（AtCoder Beginner Contest 273）,2022,,1665835200.0,2022.0,abc273_a,A,A Recursive Function,A. A Recursive Function,-1038.0,14564,"['recursion', 'factorial', 'implementation']",3,https://atcoder.jp/contests/abc273/tasks/abc273_a,https://atcoder-tagged-backend.onrender.com/problems/all,2.3.0-sponsor-abc-kenkoooo-diff,ja,2026-06-04T18:46:05.900291+00:00,7.578,379.0,配点 : 100 点 問題文 非負整数 x に対し定義される関数 f(x) は以下の条件を満たします。 f(0) = 1 任意の正整数 k に対し f(k) = k \times f(k-1) このとき、 f(N) を求めてください。 制約 N は 0 \le N \le 10 を満たす整数 入力 入力は以下の形式で標準入力から与えられる。 N 出力 答えを整数として出力せよ。 入力例 1 2 出力例 1 2 f(2) = 2 \times f(1) = 2 \times 1 \times f(0) = 2 \times 1 \times 1 = 2 です。 入力例 2 3 出力例 2 6 f(3) = 3 \times f(2) = 3 \times 2 = 6 です。 入力例 3 0 出力例 3 1 入力例 4 10 出力例 4 3628800,100.0,
atcoder,abc,public_sponsored_abc,panasonic,abc273,パナソニックグループプログラミングコンテスト2022（AtCoder Beginner Contest 273）,2022,,1665835200.0,2022.0,abc273_b,B,Broken Rounding,B. Broken Rounding,77.0,9840,"['implementation', 'number theory', 'simulation']",3,https://atcoder.jp/contests/abc273/tasks/abc273_b,https://atcoder-tagged-backend.onrender.com/problems/all,2.3.0-sponsor-abc-kenkoooo-diff,ja,2026-06-04T18:46:05.900291+00:00,29.584,596.0,"配点 : 200 点 問題文 非負整数 X に対し、 i=0,1,\dots,K-1 の順に次の操作を行ったとき、操作を全て終えた時点での X を求めてください。 X の 10^i の位以下を四捨五入する。 厳密には、 X を「 |Y-X| が最小となる 10^{i+1} の倍数のうち最大のもの」である Y に置き換える。 具体例を挙げる。 273 の 10^1 の位以下を四捨五入すれば 300 となる。 999 の 10^2 の位以下を四捨五入すれば 1000 となる。 100 の 10^9 の位以下を四捨五入すれば 0 となる。 1015 の 10^0 の位以下を四捨五入すれば 1020 となる。 制約 X,K は整数 0 \le X < 10^{15} 1 \le K \le 15 入力 入力は以下の形式で標準入力から与えられる。 X K 出力 答えを整数として出力せよ。 入力例 1 2048 2 出力例 1 2100 操作の過程で、 X は 2048 \rightarrow 2050 \rightarrow 2100 と変化します。 入力例 2 1 15 出力例 2 0 入力例 3 999 3 出力例 3 1000 入力例 4 314159265358979 12 出力例 4 314000000000000 X は 32 bit 整数型に収まらない可能性があります。",200.0,
atcoder,abc,public_sponsored_abc,panasonic,abc273,パナソニックグループプログラミングコンテスト2022（AtCoder Beginner Contest 273）,2022,,1665835200.0,2022.0,abc273_c,C,(K+1)-th Largest Number,C. (K+1)-th Largest Number,369.0,8766,"['coordinate compression', 'counting', 'implementation', 'sorting']",4,https://atcoder.jp/contests/abc273/tasks/abc273_c,https://atcoder-tagged-backend.onrender.com/problems/all,2.3.0-sponsor-abc-kenkoooo-diff,ja,2026-06-04T18:46:05.900291+00:00,35.346,1025.0,"配点 : 300 点 問題文 長さ N の数列 A = (A_1, A_2, \ldots, A_N) が与えられます。 K = 0, 1, 2, \ldots, N-1 のそれぞれについて、下記の問題を解いてください。 1 以上 N 以下の整数 i であって、次の条件を満たすものの個数を求めよ。 A に含まれる整数のうち A_i より大きいものはちょうど K 種類である。 制約 1 \leq N \leq 2 \times 10^5 1 \leq A_i \leq 10^9 入力はすべて整数 入力 入力は以下の形式で標準入力から与えられる。 N A_1 A_2 \ldots A_N 出力 N 行出力せよ。 i = 1, 2, \ldots, N について、 i 行目には K = i-1 の場合の問題の答えを出力せよ。 入力例 1 6 2 7 1 8 2 8 出力例 1 2 1 2 1 0 0 例として、 K = 2 の場合の問題の答えを以下で求めます。 A_1 = 2 に関して、 A に含まれる整数のうち A_1 より大きいものは、 7, 8 の 2 種類です。 A_2 = 7 に関して、 A に含まれる整数のうち A_2 より大きいものは、 8 の 1 種類です。 A_3 = 1 に関して、 A に含まれる整数のうち A_3 より大きいものは、 2, 7, 8 の 3 種類です。 A_4 = 8 に関して、 A に含まれる整数のうち A_4 より大きいものは、 0 種類です（存在しません）。 A_5 = 2 に関して、 A に含まれる整数のうち A_5 より大きいものは、 7, 8 の 2 種類です。 A_6 = 8 に関して、 A に含まれる整数のうち A_6 より大きいものは、 0 種類です（存在しません）。 よって、 A に含まれる整数のうち A_i より大きいものがちょうど K = 2 種類であるような i は、 i = 1 と i = 5 の 2 つです。よって、 K = 2 の場合の答えは 2 です。 入力例 2 1 1 出力例 2 1 入力例 3 10 979861204 57882493 979861204 447672230 644706927 710511029 763027379 710511029 447672230 136397527 出力例 3 2 1 2 1 2 1 1 0 0 0",300.0,
atcoder,abc,public_sponsored_abc,panasonic,abc273,パナソニックグループプログラミングコンテスト2022（AtCoder Beginner Contest 273）,2022,,1665835200.0,2022.0,abc273_d,D,LRUD Instructions,D. LRUD Instructions,1119.0,5026,"['binary search', 'coordinate compression', 'simulation', 'data structure']",4,https://atcoder.jp/contests/abc273/tasks/abc273_d,https://atcoder-tagged-backend.onrender.com/problems/all,2.3.0-sponsor-abc-kenkoooo-diff,ja,2026-06-04T18:46:05.900291+00:00,50.148,1828.0,"配点 : 400 点 問題文 H 行 W 列のグリッドがあります。上から i 行目、左から j 列目にあるマスをマス (i, j) で表します。 N 個のマス (r_1, c_1), (r_2, c_2), \ldots, (r_N, c_N) は壁になっています。 はじめ、高橋君はマス (r_\mathrm{s}, c_\mathrm{s}) にいます。 高橋君に Q 個の指示が与えられます。 i = 1, 2, \ldots, Q について、 i 番目の指示は文字 d_i と正整数 l_i の組で表されます。 d_i は L 、 R 、 U 、 D のいずれかの文字であり、それぞれ左、右、上、下の方向を表します。 i 番目の指示に対して高橋君は下記の行動を l_i 回繰り返します。 現在いるマスに対して、 d_i が表す向きに壁のないマスが隣接しているなら、そのマスに移動する。 そのようなマスが存在しない場合は、何もしない。 i = 1, 2, \ldots, Q について、 i 番目までの指示を実行した直後に高橋君がいるマスを出力してください。 制約 2 \leq H, W \leq 10^9 1 \leq r_\mathrm{s} \leq H 1 \leq c_\mathrm{s} \leq W 0 \leq N \leq 2 \times 10^5 1 \leq r_i \leq H 1 \leq c_i \leq W i \neq j \Rightarrow (r_i, c_i) \neq (r_j, c_j) すべての i = 1, 2, \ldots, N について、 (r_\mathrm{s}, c_\mathrm{s}) \neq (r_i, c_i) 1 \leq Q \leq 2 \times 10^5 d_i は L 、 R 、 U 、 D のいずれかの文字 1 \leq l_i \leq 10^9 d_i 以外の入力値は整数 入力 入力は以下の形式で標準入力から与えられる。 H W r_\mathrm{s} c_\mathrm{s} N r_1 c_1 r_2 c_2 \vdots r_N c_N Q d_1 l_1 d_2 l_2 \vdots d_Q l_Q 出力 Q 行出力せよ。 下記の形式にしたがい、 i = 1, 2, \ldots, Q について、 i 番目までの指示を実行した直後に高橋君がいるマス (R_i, C_i) を i 行目に出力せよ。 R_1 C_1 R_2 C_2 \vdots R_Q C_Q 入力例 1 5 5 4 4 3 5 3 2 2 1 4 4 L 2 U 3 L 2 R 4 出力例 1 4 2 3 2 3 1 3 5 与えられるグリッドと高橋君の初期位置は下記の通りです。 ここで、 # は壁のマスを、 T は高橋君がいるマスを表し、 . がその他のマスを表します。 ...#. .#... ..... ...T. ..#.. 1 つ目の指示に対して高橋君は、左に 2 マス移動し、高橋君の位置は下記の通り、マス (4, 2) になります。 ...#. .#... ..... .T... ..#.. 2 つ目の指示に対して高橋君は、上に 1 マスに移動した後、次の移動先が壁であるために「何もしない」を 2 回行います。その結果、高橋君の位置は下記の通り、マス (3, 2) になります。 ...#. .#... .T... ..... ..#.. 3 つ目の指示に対して高橋君は、左に 1 マス移動した後、次の移動先となるマスが存在しないために「何もしない」を 1 回行います。その結果、高橋君の位置は下記の通り、マス (3, 1) になります。 ...#. .#... T.... ..... ..#.. 4 つ目の指示に対して高橋君は、右に 4 マス移動し、高橋君の位置は下記の通り、マス (3, 5) になります。 ...#. .#... ....T ..... ..#.. 入力例 2 6 6 6 3 7 3 1 4 3 2 6 3 4 5 5 1 1 3 2 10 D 3 U 3 L 2 D 2 U 3 D 3 U 3 R 3 L 3 D 1 出力例 2 6 3 5 3 5 1 6 1 4 1 6 1 4 1 4 2 4 1 5 1",400.0,
atcoder,abc,public_sponsored_abc,panasonic,abc273,パナソニックグループプログラミングコンテスト2022（AtCoder Beginner Contest 273）,2022,,1665835200.0,2022.0,abc273_e,E,Notebook,E. Notebook,1624.0,3321,"['persistent data structure', 'stack', 'implementation']",3,https://atcoder.jp/contests/abc273/tasks/abc273_e,https://atcoder-tagged-backend.onrender.com/problems/all,2.3.0-sponsor-abc-kenkoooo-diff,ja,2026-06-04T18:46:05.900291+00:00,60.114,1739.0,"配点 : 500 点 問題文 整数列 A とノートがあります。ノートには 10^9 枚のページがあります。 Q 個のクエリが与えられます。各クエリは下記の 4 種類のいずれかです。 ADD x : 整数 x を A の末尾に追加する。 DELETE : A の末尾の要素を削除する。ただし、 A が空である場合は何もしない。 SAVE y : ノートの y ページ目に書かれている数列を消し、代わりに現在の A を y ページ目に書き込む。 LOAD z : A をノートの z ページ目に書かれている数列で置き換える。 はじめ、 A は空列であり、ノートのすべてのページには空列の情報が書かれています。 その初期状態から、 Q 個のクエリを与えられる順に実行し、各クエリの実行直後における A の末尾の要素を出力してください。 なお、入出力の量が多くなる場合があるので、高速な方法で入出力を行うことを推奨します。 制約 1 \leq Q \leq 5 \times 10^5 1 \leq x, y, z \leq 10^9 Q, x, y, z は整数 与えられるクエリは問題文中の 4 種類のいずれか 入力 入力は以下の形式で標準入力から与えられる。 Q \mathrm{query}_1 \mathrm{query}_2 \vdots \mathrm{query}_Q 出力 下記の形式にしたがい、 i = 1, 2, \ldots, Q について、 i 番目までのクエリを実行した直後の A の末尾の要素 X_i を（ A が空の場合は X_i := -1 とする）出力せよ。 X_1 X_2 \ldots X_Q 入力例 1 11 ADD 3 SAVE 1 ADD 4 SAVE 2 LOAD 1 DELETE DELETE LOAD 2 SAVE 1 LOAD 3 LOAD 1 出力例 1 3 3 4 4 3 -1 -1 4 4 -1 4 はじめ、 A は空列、すなわち A = () であり、ノートのすべてのページには空列の情報が書かれています。 1 番目のクエリによって、 A の末尾に 3 が追加され、 A = (3) となります。 2 番目のクエリによって、ノートの 1 ページ目に書かれた数列が (3) になります。 A は変わらず A = (3) です。 3 番目のクエリによって、 A の末尾に 4 が追加され、 A = (3, 4) となります。 4 番目のクエリによって、ノートの 2 ページ目に書かれた数列が (3, 4) になります。 A は変わらず A = (3, 4) です。 5 番目のクエリによって、 A がノートの 1 ページ目に書かれた数列 (3) で置き換えられ、 A = (3) となります。 6 番目のクエリによって、 A の末尾の要素が削除され、 A = () となります。 7 番目のクエリでは、 A がすでに空であるので何もしません。 A は変わらず A = () です。 8 番目のクエリによって、 A がノートの 2 ページ目に書かれた数列 (3, 4) で置き換えられ、 A = (3, 4) となります。 9 番目のクエリによって、ノートの 1 ページ目に書かれた数列が (3, 4) になります。 A は変わらず A = (3, 4) です。 10 番目のクエリによって、 A がノートの 3 ページ目に書かれた数列 () で置き換えられ、 A = () となります。 11 番目のクエリによって、 A がノートの 1 ページ目に書かれた数列 (3, 4) で置き換えられ、 A = (3, 4) となります。 入力例 2 21 ADD 4 ADD 3 DELETE ADD 10 LOAD 7 SAVE 5 SAVE 5 ADD 4 ADD 4 ADD 5 SAVE 5 ADD 2 DELETE ADD 1 SAVE 5 ADD 7 ADD 8 DELETE ADD 4 DELETE LOAD 5 出力例 2 4 3 4 10 -1 -1 -1 4 4 5 5 2 5 1 1 7 8 7 4 7 1",500.0,
atcoder,abc,public_sponsored_abc,panasonic,abc273,パナソニックグループプログラミングコンテスト2022（AtCoder Beginner Contest 273）,2022,,1665835200.0,2022.0,abc273_f,F,Hammer 2,F. Hammer 2,2277.0,1114,"['dp', 'interval dp']",2,https://atcoder.jp/contests/abc273/tasks/abc273_f,https://atcoder-tagged-backend.onrender.com/problems/all,2.3.0-sponsor-abc-kenkoooo-diff,ja,2026-06-04T18:46:05.900291+00:00,73.002,1190.0,"配点 : 500 点 問題文 数直線の原点に高橋君がいます。高橋君は座標 X にあるゴールに移動しようとしています。 また、数直線上に N 枚の壁と N 本のハンマーがあります。 座標 Y_1,Y_2,\dots,Y_N にはそれぞれタイプ 1,2,\dots,N の壁があります。 最初、高橋君は壁を超えて移動することができません。 座標 Z_1,Z_2,\dots,Z_N にはそれぞれタイプ 1,2,\dots,N のハンマーがあります。 高橋君はハンマーのある座標に着くとそこにあるハンマーを手に入れます。 タイプ i のハンマーはタイプ i の壁を破壊するための専用のもので、タイプ i のハンマーを手に入れた後でなら、タイプ i の壁を破壊して通過できるようになります。 高橋君がゴールに到達することが可能か判定し、可能であれば移動距離の最小値を求めてください。 制約 入力は全て整数 1 \le N \le 1500 1 \le |X|,|Y_i|,|Z_i| \le 10^9 合計 2 \times N + 1 個の座標 X,Y_i,Z_i は相異なる 入力 入力は以下の形式で標準入力から与えられる。 N X Y_1 Y_2 \dots Y_N Z_1 Z_2 \dots Z_N 出力 高橋君がゴールに到達することが可能であれば移動距離の最小値を整数として出力せよ。 不可能であれば -1 と出力せよ。 入力例 1 3 10 -2 8 -5 5 -10 3 出力例 1 40 以下の手順により、移動距離 40 で高橋くんがゴールに到達でき、これが移動距離の最小です。 座標 0 から高橋君が行動を開始する。 座標 3 に行く。タイプ 3 のハンマーを手に入れる。 座標 5 に行く。タイプ 1 のハンマーを手に入れる。 座標 -2 に行く。タイプ 1 の壁を破壊する。 座標 -5 に行く。タイプ 3 の壁を破壊する。 座標 -10 に行く。タイプ 2 のハンマーを手に入れる。 座標 8 に行く。タイプ 2 の壁を破壊する。 座標 10 に行く。ここがゴールである。 入力例 2 5 -1 10 -20 30 -40 50 -10 20 -30 40 -50 出力例 2 1 ゴールに移動するために、ハンマーを手に入れる必要も壁を破壊する必要もない場合もあります。 入力例 3 1 100 30 60 出力例 3 -1 高橋君がタイプ 1 のハンマーを手に入れることは不可能であり、ゴールに辿り着くこともできません。 入力例 4 4 865942261 703164879 -531670946 -874856231 -700164975 -941120316 599462305 -649785130 665402307 出力例 4 4078987507",500.0,
atcoder,abc,public_sponsored_abc,panasonic,abc273,パナソニックグループプログラミングコンテスト2022（AtCoder Beginner Contest 273）,2022,,1665835200.0,2022.0,abc273_g,G,Row Column Sums 2,G. Row Column Sums 2,2521.0,637,"['dp', 'combinatorics', 'modular arithmetic', 'counting', 'matrix']",5,https://atcoder.jp/contests/abc273/tasks/abc273_g,https://atcoder-tagged-backend.onrender.com/problems/all,2.3.0-sponsor-abc-kenkoooo-diff,ja,2026-06-04T18:46:05.900291+00:00,77.817,654.0,"配点 : 600 点 問題文 非負整数を要素とする N 次正方行列であって、下記の 2 つの条件をともに満たすものの個数を 998244353 で割ったあまりを出力してください。 すべての i = 1, 2, \ldots, N について、 i 行目の要素の和は R_i である。 すべての i = 1, 2, \ldots, N について、 i 列目の要素の和は C_i である。 入力で与えられる R_i および C_i は 0 以上 2 以下の整数であることに注意してください（制約参照）。 制約 1 \leq N \leq 5000 0 \leq R_i \leq 2 0 \leq C_i \leq 2 入力はすべて整数 入力 入力は以下の形式で標準入力から与えられる。 N R_1 R_2 \ldots R_N C_1 C_2 \ldots C_N 出力 答えを出力せよ。 入力例 1 3 1 1 1 0 1 2 出力例 1 3 条件を満たす行列は下記の 3 つです。 0 1 0 0 0 1 0 0 1 0 0 1 0 1 0 0 0 1 0 0 1 0 0 1 0 1 0 入力例 2 3 1 1 1 2 2 2 出力例 2 0 入力例 3 18 2 0 1 2 0 1 1 2 1 1 2 0 1 2 2 1 0 0 1 1 0 1 1 1 1 1 1 1 1 1 2 1 1 0 2 2 出力例 3 968235177 998244353 で割ったあまりを出力することに注意してください。",600.0,
atcoder,abc,public_sponsored_abc,panasonic,abc273,パナソニックグループプログラミングコンテスト2022（AtCoder Beginner Contest 273）,2022,,1665835200.0,2022.0,abc273_h,Ex,"Inv(0,1)ving Insert(1,0)n","Ex. Inv(0,1)ving Insert(1,0)n",3598.0,97,"['stern brocot tree', 'number theory', 'divide and conquer', 'binary search', 'contribution counting', 'fractions', 'merge']",7,https://atcoder.jp/contests/abc273/tasks/abc273_h,https://atcoder-tagged-backend.onrender.com/problems/all,2.3.0-sponsor-abc-kenkoooo-diff,ja,2026-06-04T18:46:05.900291+00:00,99.072,1410.0,"配点 : 600 点 問題文 整数組からなる列 A があります。はじめ A = ( (0, 1), (1, 0) ) です。 あなたは A に対して次の操作を 0 回以上何度でも行うことができます。 隣り合う 2 つの整数組 (a, b), (c, d) を自由に選び、その間に (a + c, b + d) を挿入する。 整数組の列 T について、 f(T) を以下のように定義します。 f(T) = ( T の要素がすべて A に含まれる状態になるまでに必要な最小の操作回数 ) とする。 「 T の要素がすべて A に含まれる状態」とは、全ての T に含まれる要素 x について、 x が ( A に含まれる要素の集合 ) に含まれることを指す。 ただし、そのような操作が存在しない場合 f(T) = 0 とする。 N 個の整数組からなる列 S = ((a_1, b_1), (a_2, b_2), \dots, (a_N, b_N)) があります。また、 S の要素は相異なります。 S の連続部分列 S_{l,r}=((a_l,b_l),(a_{l+1},b_{l+1}),\dots,(a_r,b_r)) として考えられるものは \frac{N \times (N+1)}{2} 通りありますが、それらに対する f(S_{l,r}) の総和を 998244353 で割った余りを求めてください。 より正確には、 \displaystyle \sum^{N} _ {l=1} \sum^{N} _ {r=l} f(S_{l,r}) を 998244353 で割った余りを求めてください。 制約 1 \le N \le 10^5 0 \le a_i,b_i \le 10^9 i \neq j ならば、 a_i \neq a_j または b_i \neq b_j 入力 入力は以下の形式で標準入力から与えられる。 N a_1 b_1 a_2 b_2 \dots a_N b_N 出力 答えを整数として出力せよ。 入力例 1 7 1 2 3 7 3 5 0 0 1000000000 1 0 1 6 3 出力例 1 3511324 f(S_{1,1})=2 です。 ((0,1),(1,0)) \rightarrow ((0,1),(1,1),(1,0)) \rightarrow ((0,1),(1,2),(1,1),(1,0)) と操作をすればよいです。 f(S_{1,2})=5 です。 f(S_{1,3})=7 です。 f(S_{2,2})=5 です。 f(S_{2,3})=7 です。 f(S_{3,3})=4 です。 f(S_{5,5})=1000000000 = 10^9 です。 f(S_{5,6})=1000000000 = 10^9 です。 f(S_{6,6})=0 です。 (0,1) は元から A に含まれています。 上述されていない S_{l,r} について、 f(S_{l,r})=0 です。 A にどのように操作を行っても、 (0,0) や (6,3) が含まれる状態にはできないことが証明できます。 以上より、 f(S_{l,r}) の総和は 2000000030 = 2 \times 10^9 + 30 であり、それを 998244353 で割った余りは 3511324 です。",600.0,
atcoder,abc,public_sponsored_abc,keyence,abc274,キーエンスプログラミングコンテスト2022（AtCoder Beginner Contest 274）,2022,,1666440000.0,2022.0,abc274_a,A,Batting Average,A. Batting Average,-738.0,12994,"['implementation', 'math', 'string']",3,https://atcoder.jp/contests/abc274/tasks/abc274_a,https://atcoder-tagged-backend.onrender.com/problems/all,2.3.0-sponsor-abc-kenkoooo-diff,ja,2026-06-04T18:46:05.900291+00:00,13.499,987.0,"配点 : 100 点 問題文 高橋君は野球ゲームを作っています。 高橋君はバッターの打率を指定された桁数の分だけ表示するプログラムを作ることにしました。 整数 A, B があります。ここで A, B は 1 \leq A \leq 10, 0 \leq B \leq A を満たします。 このとき、文字列 S を次のように定義します。 \dfrac{B}{A} を小数点第 4 位で四捨五入した値を「整数部 1 桁」「 . 」「小数部 3 桁」の順に末尾ゼロを省略せずに表記した文字列。 例えば A=7, B = 4 の場合は、 \dfrac{B}{A} = \dfrac{4}{7} = 0.571428\dots で、これを小数点第 4 位で四捨五入した値は 0.571 です。よって S は 0.571 になります。 A, B が入力として与えられるので S を出力してください。 制約 1 \leq A \leq 10 0 \leq B \leq A A, B は整数 入力 入力は以下の形式で標準入力から与えられる。 A B 出力 S を問題文の指示に従った形式で出力せよ。 問題文の指示と異なる形式で出力した場合は誤答となることに注意せよ。 入力例 1 7 4 出力例 1 0.571 問題文本文でも説明した通り、 \dfrac{B}{A} = \dfrac{4}{7} = 0.571428\dots で、これを小数点第 4 位で四捨五入した値は 0.571 です。よって S は 0.571 になります。 入力例 2 7 3 出力例 2 0.429 \dfrac{B}{A} = \dfrac{3}{7} = 0.428571\dots で、これを小数点第 4 位で四捨五入した値は 0.429 です。(繰り上がりが発生するのに注意してください。) よって S は 0.429 となります。 入力例 3 2 1 出力例 3 0.500 \dfrac{B}{A} = \dfrac{1}{2} = 0.5 で、これを小数点第 4 位で四捨五入した値も同様に 0.5 です。 よって S は 0.500 となります。小数部を 3 桁並べる必要があるのに注意してください。 入力例 4 10 10 出力例 4 1.000 入力例 5 1 0 出力例 5 0.000",100.0,
atcoder,abc,public_sponsored_abc,keyence,abc274,キーエンスプログラミングコンテスト2022（AtCoder Beginner Contest 274）,2022,,1666440000.0,2022.0,abc274_b,B,Line Sensor,B. Line Sensor,-449.0,11680,"['graph', 'implementation']",2,https://atcoder.jp/contests/abc274/tasks/abc274_b,https://atcoder-tagged-backend.onrender.com/problems/all,2.3.0-sponsor-abc-kenkoooo-diff,ja,2026-06-04T18:46:05.900291+00:00,19.203,1321.0,"配点 : 200 点 問題文 縦 H マス、横 W マスのグリッドがあります。上から i 行目、左から j 列目のマスを (i,j) と表します。 各マスの状態は文字 C_{i,j} で表されます。 C_{i,j} が . ならば (i, j) には何も置かれておらず、 # ならば箱が 1 個置かれています。 1 \leq j \leq W を満たす整数 j に対して、整数 X_j を次のように定義します。 j 列目に置かれている箱の個数。言い換えると、 C_{i,j} が # であるような整数 i の個数。 X_1, X_2, \dots, X_W をすべて求めてください。 制約 1 \leq H \leq 1000 1 \leq W \leq 1000 H, W は整数 C_{i, j} は . または # 入力 入力は以下の形式で標準入力から与えられる。 H W C_{1,1}C_{1,2}\dots C_{1,W} C_{2,1}C_{2,2}\dots C_{2,W} \vdots C_{H,1}C_{H,2}\dots C_{H,W} 出力 X_1, X_2, \dots, X_W を以下の形式に従って出力せよ。 X_1 X_2 \dots X_W 入力例 1 3 4 #..# .#.# .#.# 出力例 1 1 2 0 3 1 列目の箱が置かれているマスは (1, 1) の 1 ヵ所です。よって X_1 = 1 です。 2 列目の箱が置かれているマスは (2, 2), (3, 2) の 2 ヵ所です。よって X_2 = 2 です。 3 列目の箱が置かれているマスは存在しません。よって X_3 = 0 です。 4 列目の箱が置かれているマスは (1, 4), (2, 4), (3, 4) の 3 ヵ所です。よって X_4 = 3 です。 よって (X_1, X_2, X_3, X_4) = (1, 2, 0, 3) が答えとなります。 入力例 2 3 7 ....... ....... ....... 出力例 2 0 0 0 0 0 0 0 箱が置かれているマスが存在しない場合もあります。 入力例 3 8 3 .#. ### .#. .#. .## ..# ##. .## 出力例 3 2 7 4 入力例 4 5 47 .#..#..#####..#...#..#####..#...#...###...##### .#.#...#.......#.#...#......##..#..#...#..#.... .##....#####....#....#####..#.#.#..#......##### .#.#...#........#....#......#..##..#...#..#.... .#..#..#####....#....#####..#...#...###...##### 出力例 4 0 5 1 2 2 0 0 5 3 3 3 3 0 0 1 1 3 1 1 0 0 5 3 3 3 3 0 0 5 1 1 1 5 0 0 3 2 2 2 2 0 0 5 3 3 3 3",200.0,
atcoder,abc,public_sponsored_abc,keyence,abc274,キーエンスプログラミングコンテスト2022（AtCoder Beginner Contest 274）,2022,,1666440000.0,2022.0,abc274_c,C,Ameba,C. Ameba,304.0,9727,"['bfs', 'graph', 'implementation', 'tree']",4,https://atcoder.jp/contests/abc274/tasks/abc274_c,https://atcoder-tagged-backend.onrender.com/problems/all,2.3.0-sponsor-abc-kenkoooo-diff,ja,2026-06-04T18:46:05.900291+00:00,34.064,738.0,"配点 : 300 点 問題文 あなたはアメーバの観察記録をつけました。 最初 1 匹のアメーバがおり、番号は 1 です。 観察記録は時系列順に N 個あり、 i 番目の観察記録は「番号 A_i のアメーバが分裂して消滅し、新たに 2 匹のアメーバが生まれ、それらにそれぞれ 2i,2i+1 と番号をつけた」というものです。 このとき、アメーバ A_i を アメーバ 2i,2i+1 の親と呼びます。 各 k=1,\ldots,2N+1 について、アメーバ k から何代親を遡るとアメーバ 1 になるか求めてください。 制約 1 \leq N \leq 2\times 10^5 観察記録は矛盾していない。すなわち 1\leq A_i \leq 2i-1 A_i は相異なる整数 入力 入力は以下の形式で標準入力から与えられる。 N A_1 A_2 \ldots A_N 出力 2N+1 行出力せよ。 k 行目にはアメーバ k から何代親を遡るとアメーバ 1 になるかを出力せよ。 入力例 1 2 1 2 出力例 1 0 1 1 2 2 アメーバ 1 からアメーバ 2,3 が生まれ、アメーバ 2 からアメーバ 4,5 が生まれました。 アメーバ 1 は 0 代遡るとアメーバ 1 になります。 アメーバ 2 は 1 代遡るとアメーバ 1 になります。 アメーバ 3 は 1 代遡るとアメーバ 1 になります。 アメーバ 4 は 1 代遡るとアメーバ 2 になり、 2 代遡るとアメーバ 1 になります。 アメーバ 5 は 1 代遡るとアメーバ 2 になり、 2 代遡るとアメーバ 1 になります。 入力例 2 4 1 3 5 2 出力例 2 0 1 1 2 2 3 3 2 2",300.0,
atcoder,abc,public_sponsored_abc,keyence,abc274,キーエンスプログラミングコンテスト2022（AtCoder Beginner Contest 274）,2022,,1666440000.0,2022.0,abc274_d,D,Robot Arms 2,D. Robot Arms 2,916.0,6321,"['dp', 'coordinate geometry', 'reachability', 'reduction']",4,https://atcoder.jp/contests/abc274/tasks/abc274_d,https://atcoder-tagged-backend.onrender.com/problems/all,2.3.0-sponsor-abc-kenkoooo-diff,ja,2026-06-04T18:46:05.900291+00:00,46.142,960.0,"配点 : 400 点 問題文 長さ N の正整数列 A = (A_1, A_2, \dots, A_N) および整数 x, y が与えられます。 次の条件をすべて満たすように、 xy 座標平面上に N+1 個の点 p_1, p_2, \dots, p_N, p_{N+1} を配置することができるか判定してください。(同じ座標に 2 個以上の点を配置してもよいです。) p_1 = (0, 0) p_2 = (A_1, 0) p_{N+1} = (x, y) 点 p_i と点 p_{i+1} の距離は A_i ( 1 \leq i \leq N ) 線分 p_i p_{i+1} と線分 p_{i+1} p_{i+2} のなす角は 90 度 ( 1 \leq i \leq N - 1 ) 制約 2 \leq N \leq 10^3 1 \leq A_i \leq 10 |x|, |y| \leq 10^4 入力される値はすべて整数 入力 入力は以下の形式で標準入力から与えられる。 N x y A_1 A_2 \dots A_N 出力 問題文の条件をすべて満たすように p_1, p_2, \dots, p_N, p_{N+1} を配置することができる場合は Yes を、そうでない場合は No を出力せよ。 入力例 1 3 -1 1 2 1 3 出力例 1 Yes xy 座標平面に p_1 = (0, 0), p_2 = (2, 0), p_3 = (2, 1), p_4 = (-1, 1) として点を配置したのが以下の図です。これは問題文の条件をすべて満たしています。 入力例 2 5 2 0 2 2 2 2 2 出力例 2 Yes p_1 = (0, 0), p_2 = (2, 0), p_3 = (2, 2), p_4 = (0, 2), p_5 = (0, 0), p_6 = (2, 0) とすれば問題文の条件をすべて満たすことができます。同じ座標に複数の点を置いてもよいのに注意してください。 入力例 3 4 5 5 1 2 3 4 出力例 3 No 入力例 4 3 2 7 2 7 4 出力例 4 No 入力例 5 10 8 -7 6 10 4 1 5 9 8 6 5 1 出力例 5 Yes",400.0,
atcoder,abc,public_sponsored_abc,keyence,abc274,キーエンスプログラミングコンテスト2022（AtCoder Beginner Contest 274）,2022,,1666440000.0,2022.0,abc274_e,E,Booster,E. Booster,1520.0,3456,"['bitmask dp', 'dp', 'traveling salesman', 'bitmask']",4,https://atcoder.jp/contests/abc274/tasks/abc274_e,https://atcoder-tagged-backend.onrender.com/problems/all,2.3.0-sponsor-abc-kenkoooo-diff,ja,2026-06-04T18:46:05.900291+00:00,58.062,1185.0,"配点 : 500 点 問題文 2 次元平面上に N 個の街と M 個の宝箱があります。街 i は座標 (X_i,Y_i) に、宝箱 i は座標 (P_i,Q_i) にあります。 高橋君は原点を出発し、 N 個の街全てを訪れたのち原点に戻る旅行をしようと考えています。 宝箱を訪れる必要はありませんが、宝箱の中にはそれぞれブースターが 1 つあり、ブースターを拾うごとに移動速度が 2 倍になります。 高橋君の最初の移動速度が単位時間あたり 1 であるとき、旅行にかかる時間の最小値を求めてください。 制約 1 \leq N \leq 12 0 \leq M \leq 5 -10^9 \leq X_i,Y_i,P_i,Q_i \leq 10^9 (0,0),(X_i,Y_i),(P_i,Q_i) は相異なる 入力は全て整数 入力 入力は以下の形式で標準入力から与えられる。 N M X_1 Y_1 \vdots X_N Y_N P_1 Q_1 \vdots P_M Q_M 出力 答えを出力せよ。なお、想定解答との絶対誤差または相対誤差が 10^{-6} 以下であれば正解として扱われる。 入力例 1 2 1 1 1 0 1 1 0 出力例 1 2.5000000000 以下のように移動するのが最適解の一つです。 原点から宝箱 1 までの距離 1 を速さ 1 で移動する。時間が 1 かかる 宝箱 1 から街 1 までの距離 1 を速さ 2 で移動する。時間が 0.5 かかる 街 1 から街 2 までの距離 1 を速さ 2 で移動する。時間が 0.5 かかる 街 2 から原点までの距離 1 を速さ 2 で移動する。時間が 0.5 かかる 入力例 2 2 1 1 1 0 1 100 0 出力例 2 3.4142135624 以下のように移動するのが最適解の一つです。 原点 から街 1 までの距離 1.41\ldots を速さ 1 で移動する。時間が 1.41\ldots かかる 街 1 から街 2 までの距離 1 を速さ 1 で移動する。時間が 1 かかる 街 2 から原点までの距離 1 を速さ 1 で移動する。時間が 1 かかる 入力例 3 1 2 4 4 1 0 0 1 出力例 3 4.3713203436 以下のように移動するのが最適解の一つです。 原点から宝箱 1 までの距離 1 を速さ 1 で移動する。時間が 1 かかる 宝箱 1 から宝箱 2 までの距離 1.41\ldots を速さ 2 で移動する。時間が 0.707\ldots かかる 宝箱 2 から街 1 までの距離 5 を速さ 4 で移動する。時間が 1.25 かかる 街 1 から原点までの距離 5.65\ldots を速さ 4 で移動する。時間が 1.41\ldots かかる",500.0,
atcoder,abc,public_sponsored_abc,keyence,abc274,キーエンスプログラミングコンテスト2022（AtCoder Beginner Contest 274）,2022,,1666440000.0,2022.0,abc274_f,F,Fishing,F. Fishing,2212.0,1249,"['brute force', 'plane sweep', 'simulation', 'geometry']",4,https://atcoder.jp/contests/abc274/tasks/abc274_f,https://atcoder-tagged-backend.onrender.com/problems/all,2.3.0-sponsor-abc-kenkoooo-diff,ja,2026-06-04T18:46:05.900291+00:00,71.719,709.0,"配点 : 500 点 問題文 数直線上を N 匹の魚が泳いでいます。 魚 i の重さは W_i であり、時刻 0 に座標 X_i にいて、正方向に速さ V_i で移動しています。 高橋君は 0 以上の実数 t を自由に選び、時刻 t に一度だけ以下の行動を行います。 行動：実数 x を自由に選ぶ。現在の座標が x 以上 x+A 以下である魚を全て捕まえる。 捕まえることができる魚の重さの合計の最大値を求めてください。 制約 1 \leq N \leq 2000 1 \leq A \leq 10^4 1 \leq W_i\leq 10^4 0 \leq X_i\leq 10^4 1 \leq V_i\leq 10^4 入力は全て整数 入力 入力は以下の形式で標準入力から与えられる。 N A W_1 X_1 V_1 W_2 X_2 V_2 \vdots W_N X_N V_N 出力 答えを出力せよ。 入力例 1 3 10 100 0 100 1 10 30 10 20 10 出力例 1 111 時刻 0.25 に魚 1,2,3 はそれぞれ座標 25, 17.5, 22.5 にいます。よって、この時刻に x=16 として行動すると全ての魚を捕まえることができます。 入力例 2 3 10 100 100 100 1 10 30 10 20 10 出力例 2 100 時刻 0 に x=100 として行動するのが最適解の一つです。 入力例 3 4 10 1000 100 10 100 99 1 10 0 100 1 1 1 出力例 3 1110 時刻 1 に x=100 として行動するのが最適解の一つです。",500.0,
atcoder,abc,public_sponsored_abc,keyence,abc274,キーエンスプログラミングコンテスト2022（AtCoder Beginner Contest 274）,2022,,1666440000.0,2022.0,abc274_g,G,Security Camera 3,G. Security Camera 3,2340.0,917,"['max flow', 'vertex cover', 'graph', 'grid', 'submodular']",5,https://atcoder.jp/contests/abc274/tasks/abc274_g,https://atcoder-tagged-backend.onrender.com/problems/all,2.3.0-sponsor-abc-kenkoooo-diff,ja,2026-06-04T18:46:05.900291+00:00,74.245,2372.0,"配点 : 600 点 問題文 縦 H 行、横 W 列のグリッドがあります。上から i 行目、左から j 列目のマスをマス (i,j) と表します。 マス (i,j) は S_{i,j}= # のとき障害物が置かれており、 S_{i,j}= . のとき何も置かれていません。 高橋君はグリッド内にいくつか監視カメラを設置しようとしています。 監視カメラは障害物のないマスに上下左右の 4 方向のいずれかの向きで置くことができます。 1 つのマスに複数台の監視カメラを設置することも可能です。 各監視カメラは、監視カメラの置かれたマス、及び、監視カメラの向いている向きにある直線上のマスを、障害物に遮られない範囲で監視することができます。 障害物の置かれていない全てのマスを監視するためには、最小でいくつの監視カメラを設置する必要がありますか？ 制約 1 \leq H,W \leq 300 S_{i,j} は . または # である 入力 入力は以下の形式で標準入力から与えられる。 H W S_{1,1}\ldots S_{1,W} \vdots S_{H,1}\ldots S_{H,W} 出力 答えを出力せよ。 入力例 1 3 3 ... .#. ... 出力例 1 4 例えば、マス (1,1) に右向きと下向き、マス (3,3) に上向きと左向きの合計 4 台の監視カメラを設置すると、障害物の置かれていない全てのマスを監視することができます。 入力例 2 3 5 ...## .#... ...#. 出力例 2 5 例えば、マス (1,1) に右向きと下向き、マス (3,3) に左向き、マス (2,5) に左向きと下向きの合計 5 台の監視カメラを設置すると、障害物の置かれていない全てのマスを監視することができます。 マス (2,5) に左向きに設置したカメラは、マス (2,2) の障害物に遮られるため、マス (2,1) を監視できないことに注意してください。 入力例 3 14 107 ........................................................................................................... ........................................................................................................... ..#########..###....###########..###.......###...###########..####.......###...###########...###########... ..########..###....###########....###.....###...###########...#####......###..###########...###########.... ..#######..###.....###.............###...###....###...........######.....###..###...........###............ ..######..###......###..............###.###.....###...........###.###....###..###...........###............ ..#####..###.......############......#####......############..###..###...###..###...........############... ..####....###......############.......###.......############..###...###..###..###...........############... ..###......###.....###................###.......###...........###....###.###..###...........###............ ..##........###....###................###.......###...........###.....######..###...........###............ ..#..........###...############.......###.......############..###......#####..############..############... ..............###...###########.......###........###########..###.......####...###########...###########... ........................................................................................................... ........................................................................................................... 出力例 3 91",600.0,
atcoder,abc,public_sponsored_abc,keyence,abc274,キーエンスプログラミングコンテスト2022（AtCoder Beginner Contest 274）,2022,,1666440000.0,2022.0,abc274_h,Ex,XOR Sum of Arrays,Ex. XOR Sum of Arrays,3191.0,248,"['xor', 'binary lifting', 'matrix', 'lexicographical', 'range query']",5,https://atcoder.jp/contests/abc274/tasks/abc274_h,https://atcoder-tagged-backend.onrender.com/problems/all,2.3.0-sponsor-abc-kenkoooo-diff,ja,2026-06-04T18:46:05.900291+00:00,91.04,2143.0,"配点 : 600 点 問題文 長さ M の非負整数列 B=(B_1,B_2,\dots,B_M), C=(C_1,C_2,\dots,C_M) に対して、 B と C の XOR 和 S(B,C) を長さ M の非負整数列 (B_1\oplus C_1, B_2\oplus C_2, ..., B_{M}\oplus C_{M}) として定義します。ここで \oplus はビットごとの排他的論理和を意味します。 例えば B = (1, 2, 3), C = (3, 5, 7) のとき S(B, C) = (1\oplus 3, 2\oplus 5, 3\oplus 7) = (2, 7, 4) です。 非負整数列 A = (A_1, A_2, \dots, A_N) が与えられます。 A の i 番目から j 番目までの要素からなる A の連続部分列を A(i, j) と表します。 以下に説明するクエリが Q 個与えられるので全て処理してください。 各クエリでは 1 以上 N 以下の整数 a, b, c, d, e, f が与えられます。これらの整数は a \leq b, c \leq d, e \leq f, b-a=d-c を満たします。このとき、 S(A(a, b), A(c, d)) が A(e, f) よりも辞書順で 真に 小さければ Yes を、そうでなければ No を出力してください。 ビットごとの排他的論理和とは？ 整数 A, B のビットごとの排他的論理和 A \oplus B は、以下のように定義されます。 A \oplus B を二進表記した際の 2^k ( k \geq 0 ) の位の数は、 A, B を二進表記した際の 2^k の位の数のうち一方のみが 1 であれば 1 、そうでなければ 0 である。 例えば、 3 \oplus 5 = 6 となります (二進表記すると: 011 \oplus 101 = 110 )。 数列の辞書順とは？ 数列 A = (A_1, \ldots, A_{|A|}) が B = (B_1, \ldots, B_{|B|}) より 辞書順で真に小さい とは、下記の 1. と 2. のどちらかが成り立つことを言います。 |A| かつ (A_{1},\ldots,A_{|A|}) = (B_1,\ldots,B_{|A|}) である。 ある整数 1\leq i\leq \min\{|A|,|B|\} が存在して、下記の 2 つがともに成り立つ。 (A_{1},\ldots,A_{i-1}) = (B_1,\ldots,B_{i-1}) A_i 制約 1 \leq N \leq 5 \times 10^5 0 \leq A_i \leq 10^{18} 1 \leq Q \leq 5 \times 10^4 1 \leq a \leq b \leq N 1 \leq c \leq d \leq N 1 \leq e \leq f \leq N b - a = d - c 入力される値はすべて整数 入力 入力は以下の形式で標準入力から与えられる。ここで \text{query}_i は i 番目のクエリを意味する。 N Q A_1 A_2 \dots A_N \text{query}_1 \text{query}_2 \vdots \text{query}_Q クエリは次の形式で与えられる。 a b c d e f 出力 Q 行出力せよ。 i 行目には i 番目のクエリへの答えを出力せよ。 入力例 1 4 5 1 2 3 1 1 3 2 4 1 4 1 2 2 3 3 4 1 1 2 2 3 4 1 2 2 3 3 3 1 4 1 4 1 1 出力例 1 No No Yes No Yes 1 番目のクエリについて、 A(1, 3) = (1, 2, 3), A(2, 4) = (2, 3, 1) なので S(A(1,3),A(2,4)) = (1 \oplus 2, 2 \oplus 3, 3 \oplus 1) = (3, 1, 2) です。これは A(1, 4) = (1, 2, 3, 1) よりも辞書順で大きいので答えは No になります。 2 番目のクエリについて、 S(A(1,2),A(2,3)) = (3, 1) , A(3,4) = (3, 1) であり両者は等しく、答えは No になります。 入力例 2 10 10 725560240 9175925348 9627229768 7408031479 623321125 4845892509 8712345300 1026746010 4844359340 2169008582 5 6 5 6 2 6 5 6 1 2 1 1 3 8 3 8 1 6 5 10 1 6 1 7 3 4 1 2 5 5 7 10 4 7 2 3 3 6 1 4 7 9 4 5 3 4 8 9 2 6 1 5 5 8 4 8 1 5 1 9 出力例 2 Yes Yes Yes Yes No No No No No No",600.0,
atcoder,abc,public_sponsored_abc,toyota,abc279,トヨタシステムズプログラミングコンテスト2022(AtCoder Beginner Contest 279),2022,,1669464000.0,2022.0,abc279_a,A,wwwvvvvvv,A. wwwvvvvvv,-1224.0,14989,"['string', 'counting', 'iteration']",3,https://atcoder.jp/contests/abc279/tasks/abc279_a,https://atcoder-tagged-backend.onrender.com/problems/all,2.3.0-sponsor-abc-kenkoooo-diff,ja,2026-06-04T18:46:05.900291+00:00,3.908,282.0,配点 : 100 点 問題文 v と w のみからなる文字列 S が与えられます。 S の中に、下に尖っている部分が何箇所あるかを出力してください（入出力例にある図もご参照ください）。 制約 S は v と w のみからなる文字列 S の長さは 1 以上 100 以下 入力 入力は以下の形式で標準入力から与えられる。 S 出力 答えを整数として出力せよ。 入力例 1 vvwvw 出力例 1 7 上の画像のように、 vvwvw という文字列には下に尖った部分が 7 箇所あります。 入力例 2 v 出力例 2 1 入力例 3 wwwvvvvvv 出力例 3 12,100.0,
atcoder,abc,public_sponsored_abc,toyota,abc279,トヨタシステムズプログラミングコンテスト2022(AtCoder Beginner Contest 279),2022,,1669464000.0,2022.0,abc279_b,B,LOOKUP,B. LOOKUP,-533.0,11923,"['implementation', 'string', 'string matching', 'substring']",4,https://atcoder.jp/contests/abc279/tasks/abc279_b,https://atcoder-tagged-backend.onrender.com/problems/all,2.3.0-sponsor-abc-kenkoooo-diff,ja,2026-06-04T18:46:05.900291+00:00,17.545,643.0,"配点 : 200 点 問題文 英小文字からなる文字列 S,T が与えられるので、 T が S の(連続する)部分文字列かどうか判定してください。 なお、文字列 X に以下の操作を 0 回以上施して文字列 Y が得られる時、またその時に限り Y は X の(連続する)部分文字列であると言います。 以下の 2 つの操作から 1 つを選択して、その操作を行う。 X の先頭の 1 文字を削除する。 X の末尾の 1 文字を削除する。 例えば tag は voltage の(連続する)部分文字列ですが、 ace は atcoder の(連続する)部分文字列ではありません。 制約 S,T は英小文字からなる 1 \le |S|,|T| \le 100 ( |X| は文字列 X の長さ ) 入力 入力は以下の形式で標準入力から与えられる。 S T 出力 T が S の(連続する)部分文字列なら Yes 、そうでないなら No と出力せよ。 入力例 1 voltage tag 出力例 1 Yes tag は voltage の(連続する)部分文字列です。 入力例 2 atcoder ace 出力例 2 No ace は atcoder の(連続する)部分文字列ではありません。 入力例 3 gorilla gorillagorillagorilla 出力例 3 No 入力例 4 toyotasystems toyotasystems 出力例 4 Yes S=T である場合もあります。",200.0,
atcoder,abc,public_sponsored_abc,toyota,abc279,トヨタシステムズプログラミングコンテスト2022(AtCoder Beginner Contest 279),2022,,1669464000.0,2022.0,abc279_c,C,RANDOM,C. RANDOM,246.0,9336,"['counting', 'implementation', 'string']",3,https://atcoder.jp/contests/abc279/tasks/abc279_c,https://atcoder-tagged-backend.onrender.com/problems/all,2.3.0-sponsor-abc-kenkoooo-diff,ja,2026-06-04T18:46:05.900291+00:00,32.919,919.0,"配点 : 300 点 問題文 # と . からなる H 行 W 列の図形 S,T が与えられます。 図形 S は H 個の文字列として与えられ、 S_i の j 文字目は S の i 行 j 列にある要素を表します。 T についても同様です。 S の列を並べ替えて T と等しくできるか判定してください。 但し、図形 X の列を並べ替えるとは、以下の操作を言います。 (1,2,\dots,W) の順列 P=(P_1,P_2,\dots,P_W) をひとつ選択する。 その後、全ての 1 \le i \le H を満たす整数 i について、以下の操作を同時に行う。 1 \le j \le W を満たす全ての整数 j について同時に、 X の i 行 j 列にある要素を i 行 P_j 列にある要素に置き換える。 制約 H,W は整数 1 \le H,W 1 \le H \times W \le 4 \times 10^5 S_i,T_i は # と . からなる長さ W の文字列 入力 入力は以下の形式で標準入力から与えられる。 H W S_1 S_2 \vdots S_H T_1 T_2 \vdots T_H 出力 S を T と等しくできるなら Yes 、 そうでないなら No と出力せよ。 入力例 1 3 4 ##.# ##.. #... .### ..## ...# 出力例 1 Yes 例えば S の 3,4,2,1 列目をこの順に左から並べ替えた場合、 S を T と等しくできます。 入力例 2 3 3 #.# .#. #.# ##. ##. .#. 出力例 2 No この入力では、 S を T と等しくすることができません。 入力例 3 2 1 # . # . 出力例 3 Yes S=T である場合もあります。 入力例 4 8 7 #..#..# .##.##. #..#..# .##.##. #..#..# .##.##. #..#..# .##.##. ....### ####... ....### ####... ....### ####... ....### ####... 出力例 4 Yes",300.0,
atcoder,abc,public_sponsored_abc,toyota,abc279,トヨタシステムズプログラミングコンテスト2022(AtCoder Beginner Contest 279),2022,,1669464000.0,2022.0,abc279_d,D,Freefall,D. Freefall,766.0,6941,"['ternary search', 'convexity', 'optimization', 'calculus']",4,https://atcoder.jp/contests/abc279/tasks/abc279_d,https://atcoder-tagged-backend.onrender.com/problems/all,2.3.0-sponsor-abc-kenkoooo-diff,ja,2026-06-04T18:46:05.900291+00:00,43.181,1034.0,配点 : 400 点 問題文 スーパーマンである高橋くんは、地上で困っている人を助けるため、あるビルの屋上から飛び降りようとしています。 高橋くんがいる星には重力の大きさを表す g という値が定まっており、 高橋くんが落下を開始してから地面に到達するまでにかかる時間は \frac{A}{\sqrt{g}} です。 現在の時刻は 0 であり、 g = 1 が成り立ちます。 高橋くんは、今から次の操作を好きな回数（ 0 回でもよい）行います。 超能力により g の値を 1 増やす。時間が B 経過する。 その後、高橋くんはビルから飛び降ります。落下を開始した後は g の値を変えることはできません。 また、操作によって経過する時間と落下にかかる時間以外は考えないものとします。 高橋くんが地面に到達できる最も早い時刻を求めてください。 制約 1 \leq A \leq 10^{18} 1 \leq B \leq 10^{18} 入力は全て整数 入力 入力は以下の形式で標準入力から与えられる。 A B 出力 高橋くんが地面に到達できる最も早い時刻を出力せよ。 出力は、真の値との絶対誤差または相対誤差が 10^{-6} 以下のとき正解と判定される。 入力例 1 10 1 出力例 1 7.7735026919 操作を 0 回行うとき、地面に到達する時刻は 1\times 0+\frac{10}{\sqrt{1}} = 10 です。 操作を 1 回行うとき、地面に到達する時刻は 1\times 1+\frac{10}{\sqrt{2}} \fallingdotseq 8.07 です。 操作を 2 回行うとき、地面に到達する時刻は 1\times 2+\frac{10}{\sqrt{3}} \fallingdotseq 7.77 です。 操作を 3 回行うとき、地面に到達する時刻は 1\times 3+\frac{10}{\sqrt{4}} = 8 です。 操作を 4 回以上行っても、地面への到達時刻は遅くなるのみです。 よって、操作を 2 回行ってから飛び降りるのが最適で、答えは 2+\frac{10}{\sqrt{3}} です。 入力例 2 5 10 出力例 2 5.0000000000 操作を 1 回も行わないのが最適です。 入力例 3 1000000000000000000 100 出力例 3 8772053214538.5976562500,400.0,
atcoder,abc,public_sponsored_abc,toyota,abc279,トヨタシステムズプログラミングコンテスト2022(AtCoder Beginner Contest 279),2022,,1669464000.0,2022.0,abc279_e,E,Cheating Amidakuji,E. Cheating Amidakuji,1390.0,3515,"['divide and conquer', 'permutation', 'segment tree', 'simulation', 'swap']",5,https://atcoder.jp/contests/abc279/tasks/abc279_e,https://atcoder-tagged-backend.onrender.com/problems/all,2.3.0-sponsor-abc-kenkoooo-diff,ja,2026-06-04T18:46:05.900291+00:00,55.496,1443.0,"配点 : 500 点 問題文 N 本の縦棒と、それらの間を結ぶ M 本の横棒からなるあみだくじがあります。 各横棒は縦棒と垂直に引かれていて、その高さは相異なります。 縦棒を左から順に 1,2,\dots,N 、横棒を上から順に 1,2,\dots,M としたとき、 横棒 i\ (1 \leq i \leq M) は縦棒 A_i と縦棒 A_i+1 の間を結んでいます。 縦棒 1 の上端からあみだくじを下に辿っていったとき、最終的に到達する縦棒の番号を**スコア**と定義します。 i=1,2,\dots,M について、以下の質問に答えてください。 - 横棒 i を消したときのスコアを S_i と定義する。 S_i を求めよ。 なお、実際には横棒は消さないため、各質問は独立であることに注意してください。 より厳密には、以下の通りです。 --> 1 以上 N-1 以下の整数からなる長さ M の数列 A=(A_1,A_2,\dots,A_M) が与えられます。 i=1,2,\dots,M について、以下の質問に答えてください。 数列 B=(B_1,B_2,\dots,B_N) がある。最初、各 j について B_j=j である。今から、 k=1,2,\dots,i-1,i+1,\dots,M の順に以下の操作を行う （すなわち、 i を除いた 1 以上 M 以下の整数 k について、昇順に以下の操作を行う）。 B_{A_k} と B_{A_k+1} の値を入れ替える。 全ての操作が終了した段階で、 B_j=1 を満たす j の値を S_i と定義する。 S_i を求めよ。 制約 2 \leq N \leq 2\times 10^5 1 \leq M \leq 2\times 10^5 1 \leq A_i \leq N-1\ (1\leq i \leq M) 入力は全て整数 入力 入力は以下の形式で標準入力から与えられる。 N M A_1 A_2 \dots A_M 出力 M 行出力せよ。 i\ (1\leq i \leq M) 行目には、 S_i の値を整数として出力せよ。 入力例 1 5 4 1 2 3 2 出力例 1 1 3 2 4 i = 2 のとき、操作によって B は以下のように変化します。 最初、 B = (1,2,3,4,5) k=1 として操作を行う。すなわち B_1 と B_2 の値を入れ替えて、 B = (2,1,3,4,5) k=3 として操作を行う。すなわち B_3 と B_4 の値を入れ替えて、 B = (2,1,4,3,5) k=4 として操作を行う。すなわち B_2 と B_3 の値を入れ替えて、 B = (2,4,1,3,5) 全ての操作が終了した段階で B_3=1 であるため、 S_2 = 3 です。 同様に、 i=1 のとき： k=2,3,4 の順に操作を行うと B=(1,4,3,2,5) になるので、 S_1=1 i=3 のとき： k=1,2,4 の順に操作を行うと B=(2,1,3,4,5) になるので、 S_3=2 i=4 のとき： k=1,2,3 の順に操作を行うと B=(2,3,4,1,5) になるので、 S_4=4 です。 入力例 2 3 3 2 2 2 出力例 2 1 1 1 入力例 3 10 10 1 1 1 9 4 4 2 1 3 3 出力例 3 2 2 2 3 3 3 1 3 4 4",500.0,
atcoder,abc,public_sponsored_abc,toyota,abc279,トヨタシステムズプログラミングコンテスト2022(AtCoder Beginner Contest 279),2022,,1669464000.0,2022.0,abc279_f,F,BOX,F. BOX,1777.0,2487,"['dsu', 'set', 'mapping']",3,https://atcoder.jp/contests/abc279/tasks/abc279_f,https://atcoder-tagged-backend.onrender.com/problems/all,2.3.0-sponsor-abc-kenkoooo-diff,ja,2026-06-04T18:46:05.900291+00:00,63.134,1194.0,"配点 : 500 点 問題文 N 個の箱 1,2,\dots,N と、 10^{100} 個のボール 1,2,\dots,10^{100} があります。 最初、箱 i にはボール i のみが入っています。 ここに以下の操作が合計 Q 回行われるので、処理してください。 操作にはタイプ 1,2,3 の 3 種類があります。 タイプ 1 : 箱 X に箱 Y の中身を全て入れる。 この操作では X \neq Y が保証される。 1 X Y タイプ 2 : 現在いずれかの箱に入っているボールの数の合計を k とすると、箱 X にボール k+1 を入れる。 2 X タイプ 3 : ボール X が入っている箱の番号を答える。 3 X 制約 入力は全て整数 2 \le N \le 3 \times 10^5 1 \le Q \le 3 \times 10^5 タイプ 1 の操作について、 1 \le X,Y \le N かつ X \neq Y タイプ 2 の操作について、 1 \le X \le N タイプ 3 の操作について、その時点でボール X がいずれかの箱に入っている タイプ 3 の操作が少なくとも 1 つ与えられる 入力 入力は以下の形式で標準入力から与えられる。 但し、 op_i は i 回目の操作を表す。 N Q op_1 op_2 \vdots op_Q 出力 各タイプ 3 の操作に対して、答えを 1 行に 1 つ、整数として出力せよ。 入力例 1 5 10 3 5 1 1 4 2 1 2 4 3 7 1 3 1 3 4 1 1 4 3 7 3 6 出力例 1 5 4 3 1 3 この入力は 10 個の操作を含みます。 1 回目の操作はタイプ 3 です。ボール 5 は箱 5 に入っています。 2 回目の操作はタイプ 1 です。箱 1 に箱 4 の中身を全て入れます。 箱 1 の中身はボール 1,4 、箱 4 の中身は空になります。 3 回目の操作はタイプ 2 です。箱 1 にボール 6 を入れます。 4 回目の操作はタイプ 2 です。箱 4 にボール 7 を入れます。 5 回目の操作はタイプ 3 です。ボール 7 は箱 4 に入っています。 6 回目の操作はタイプ 1 です。箱 3 に箱 1 の中身を全て入れます。 箱 3 の中身はボール 1,3,4,6 、箱 1 の中身は空になります。 7 回目の操作はタイプ 3 です。ボール 4 は箱 3 に入っています。 8 回目の操作はタイプ 1 です。箱 1 に箱 4 の中身を全て入れます。 箱 1 の中身はボール 7 、箱 4 の中身は空になります。 9 回目の操作はタイプ 3 です。ボール 7 は箱 1 に入っています。 10 回目の操作はタイプ 3 です。ボール 6 は箱 3 に入っています。",500.0,
atcoder,abc,public_sponsored_abc,toyota,abc279,トヨタシステムズプログラミングコンテスト2022(AtCoder Beginner Contest 279),2022,,1669464000.0,2022.0,abc279_g,G,At Most 2 Colors,G. At Most 2 Colors,2431.0,845,"['dp', 'prefix sum', 'combinatorics', 'modular arithmetic']",4,https://atcoder.jp/contests/abc279/tasks/abc279_g,https://atcoder-tagged-backend.onrender.com/problems/all,2.3.0-sponsor-abc-kenkoooo-diff,ja,2026-06-04T18:46:05.900291+00:00,76.041,656.0,"配点 : 600 点 問題文 1 \times N のマス目があり、マスには左から 1,2,\dots,N の番号が付いています。 高橋君は C 色の絵の具を用意し、各マスを C 色のいずれかで塗りました。 すると、どの連続する K マスを見ても高々 2 色しか現れませんでした。 厳密には、 1 \le i \le N-K+1 を満たす全ての整数 i について、マス i,i+1,\dots,i+K-1 には高々 2 色しか現れませんでした。 高橋君の色の塗り方として考えられるものは何通りですか？ この数は非常に大きくなる場合があるので、 998244353 で割った余りを求めてください。 制約 入力は全て整数 2 \le K \le N \le 10^6 1 \le C \le 10^9 入力 入力は以下の形式で標準入力から与えられる。 N K C 出力 答えを整数として出力せよ。 入力例 1 3 3 3 出力例 1 21 この入力では、マス目は 1 \times 3 です。 連続する 3 マスの中で高々 2 色しか現れないように塗る方法は、考えうる全ての塗り方 27 通りから全てのマスを異なる色で塗る 6 通りを引いた 21 通りです。 入力例 2 10 5 2 出力例 2 1024 C=2 なので、どのように塗っても連続する K マスには高々 2 色しか含まれません。 入力例 3 998 244 353 出力例 3 952364159 998244353 で割った余りを出力してください。",600.0,
atcoder,abc,public_sponsored_abc,toyota,abc279,トヨタシステムズプログラミングコンテスト2022(AtCoder Beginner Contest 279),2022,,1669464000.0,2022.0,abc279_h,Ex,Sum of Prod of Min,Ex. Sum of Prod of Min,3279.0,180,"['pentagonal number theorem', 'generating function', 'binomial coefficient', 'lucas theorem', 'combinatorics']",5,https://atcoder.jp/contests/abc279/tasks/abc279_h,https://atcoder-tagged-backend.onrender.com/problems/all,2.3.0-sponsor-abc-kenkoooo-diff,ja,2026-06-04T18:46:05.900291+00:00,92.777,853.0,"配点 : 600 点 問題文 正整数 N,M が与えられます。ただし、 N\leq M \leq 2N が保証されます。 \displaystyle \sum_{i=1}^{N} S_i = M を満たす全ての正整数列 S=(S_1,S_2,\dots,S_N) について以下の値を求め、 その総和を素数 200\ 003 で割った余りを出力してください (通常とは異なる \bmod の値に注意してください)。 \displaystyle \prod_{k=1}^{N} \min(k,S_k) 制約 1 \leq N \leq 10^{12} N \leq M \leq 2N 入力は全て整数 入力 入力は以下の形式で標準入力から与えられる。 N M 出力 答えを整数として出力せよ。 入力例 1 3 5 出力例 1 14 条件を満たす S は、 S=(1,1,3), S=(1,2,2), S=(1,3,1), S=(2,1,2), S=(2,2,1), S=(3,1,1) の 6 つです。 それぞれの S について \displaystyle \prod_{k=1}^{N} \min(k,S_k) の値を求めると、 S=(1,1,3) : 1\times 1 \times 3 = 3 S=(1,2,2) : 1\times 2 \times 2 = 4 S=(1,3,1) : 1\times 2 \times 1 = 2 S=(2,1,2) : 1\times 1 \times 2 = 2 S=(2,2,1) : 1\times 2 \times 1 = 2 S=(3,1,1) : 1\times 1 \times 1 = 1 となるため、その総和である 14 を出力します。 入力例 2 1126 2022 出力例 2 40166 総和を 200\ 003 で割った余りを出力してください。 入力例 3 1000000000000 1500000000000 出力例 3 180030",600.0,
atcoder,abc,public_sponsored_abc,denso,abc280,デンソークリエイトプログラミングコンテスト2022 Winter(AtCoder Beginner Contest 280),2022,,1670068800.0,2022.0,abc280_a,A,Pawn on a Grid,A. Pawn on a Grid,-1011.0,14280,"['string', 'counting', 'grid', 'implementation']",4,https://atcoder.jp/contests/abc280/tasks/abc280_a,https://atcoder-tagged-backend.onrender.com/problems/all,2.3.0-sponsor-abc-kenkoooo-diff,ja,2026-06-04T18:46:05.900291+00:00,8.111,662.0,"配点 : 100 点 問題文 上下左右に広がる H 行 W 列のマス目があり、各マスにはコマが置かれているか、何も置かれていないかのどちらかです。 マス目の状態は H 個の長さ W の文字列 S_1, S_2, \ldots, S_H によって表され、 S_i の j 文字目が # のとき上から i 行目かつ左から j 列目のマスにはコマが置かれていることを、 S_i の j 文字目が . のとき上から i 行目かつ左から j 列目のマスには何も置かれていないことを表しています。 マス目上のマスのうち、コマが置かれているようなものの個数を求めてください。 制約 1\leq H,W \leq 10 H,W は整数 S_i は # と . のみからなる長さ W の文字列 入力 入力は以下の形式で標準入力から与えられる。 H W S_1 S_2 \vdots S_H 出力 コマが置かれているマスの個数を整数で出力せよ。 入力例 1 3 5 #.... ..... .##.. 出力例 1 3 上から 1 行目かつ左から 1 列目のマス 上から 3 行目かつ左から 2 列目のマス 上から 3 行目かつ左から 3 列目のマス の計 3 つのマスにコマが置かれているため、 3 を出力します。 入力例 2 1 10 .......... 出力例 2 0 どのマスにもコマは置かれていないため、 0 を出力します。 入力例 3 6 5 #.#.# ....# ..##. ####. ..#.. ##### 出力例 3 16",100.0,
atcoder,abc,public_sponsored_abc,denso,abc280,デンソークリエイトプログラミングコンテスト2022 Winter(AtCoder Beginner Contest 280),2022,,1670068800.0,2022.0,abc280_b,B,Inverse Prefix Sum,B. Inverse Prefix Sum,-769.0,13468,"['array', 'implementation', 'prefix sum']",3,https://atcoder.jp/contests/abc280/tasks/abc280_b,https://atcoder-tagged-backend.onrender.com/problems/all,2.3.0-sponsor-abc-kenkoooo-diff,ja,2026-06-04T18:46:05.900291+00:00,12.887,662.0,"配点 : 200 点 問題文 整数 N と長さ N の数列 S=(S_1,\ldots,S_N) が与えられます。 長さ N の数列 A=(A_1,\ldots,A_N) であって、 k=1,\ldots,N の全てについて以下の条件を満たすものを求めてください。 A_1+A_2+\ldots+A_k = S_k なお、このような数列 A は必ず存在し、一意に定まります。 制約 1 \leq N \leq 10 -10^9\leq S_i \leq 10^9 入力は全て整数である 入力 入力は以下の形式で標準入力から与えられる。 N S_1 \ldots S_N 出力 全ての条件を満たす数列 A=(A_1,\ldots,A_N) の各要素を、順に空白区切りで出力せよ。 入力例 1 3 3 4 8 出力例 1 3 1 4 A_1=3=S_1 A_1+A_2=3+1=4=S_2 A_1+A_2+A_3=3+1+4=8=S_3 であり、たしかに全ての条件を満たしています。 入力例 2 10 314159265 358979323 846264338 -327950288 419716939 -937510582 97494459 230781640 628620899 -862803482 出力例 2 314159265 44820058 487285015 -1174214626 747667227 -1357227521 1035005041 133287181 397839259 -1491424381",200.0,
atcoder,abc,public_sponsored_abc,denso,abc280,デンソークリエイトプログラミングコンテスト2022 Winter(AtCoder Beginner Contest 280),2022,,1670068800.0,2022.0,abc280_c,C,Extra Character,C. Extra Character,-333.0,12461,"['implementation', 'string', 'two pointer']",3,https://atcoder.jp/contests/abc280/tasks/abc280_c,https://atcoder-tagged-backend.onrender.com/problems/all,2.3.0-sponsor-abc-kenkoooo-diff,ja,2026-06-04T18:46:05.900291+00:00,21.492,479.0,"配点 : 300 点 問題文 文字列 S,T が与えられます。 S は英小文字からなり、 T は S に英小文字を 1 つ挿入して作られたことがわかっています。 挿入された文字は T の先頭から何番目の文字であるか求めてください。 複数の候補が考えられる場合はいずれか 1 つを求めてください。 制約 1 \leq |S| \leq 5\times 10^5 S は英小文字からなる T は S に英小文字を 1 つ挿入して作られた文字列である 入力 入力は以下の形式で標準入力から与えられる。 S T 出力 答えを出力せよ。なお、答えが複数考えられる場合はどれを出力しても正解となる。 入力例 1 atcoder atcorder 出力例 1 5 T の先頭から 5 番目の文字 r が挿入された文字です。 入力例 2 million milllion 出力例 2 5 T の先頭から 3,4,5 番目の文字のいずれかが挿入された文字です。 よって、 3,4,5 のいずれかを出力すると正解となります。 入力例 3 vvwvw vvvwvw 出力例 3 3",300.0,
atcoder,abc,public_sponsored_abc,denso,abc280,デンソークリエイトプログラミングコンテスト2022 Winter(AtCoder Beginner Contest 280),2022,,1670068800.0,2022.0,abc280_d,D,Factorial and Multiple,D. Factorial and Multiple,880.0,7515,"['counting', 'factorial', 'number theory', 'prime factorization']",4,https://atcoder.jp/contests/abc280/tasks/abc280_d,https://atcoder-tagged-backend.onrender.com/problems/all,2.3.0-sponsor-abc-kenkoooo-diff,ja,2026-06-04T18:46:05.900291+00:00,45.431,464.0,配点 : 400 点 問題文 2 以上の整数 K が与えられます。 正の整数 N であって、 N! が K の倍数となるようなもののうち最小のものを求めてください。 ただし、 N! は N の階乗を表し、問題の制約下で、そのような N が必ず存在することが証明できます。 制約 2\leq K\leq 10^{12} K は整数 入力 入力は以下の形式で標準入力から与えられる。 K 出力 N! が K の倍数となるような最小の正整数 N を出力せよ。 入力例 1 30 出力例 1 5 1!=1 2!=2\times 1=2 3!=3\times 2\times 1=6 4!=4\times 3\times 2\times 1=24 5!=5\times 4\times 3\times 2\times 1=120 より、 N! が 30 の倍数となる最小の正整数 N は 5 です。よって、 5 を出力します。 入力例 2 123456789011 出力例 2 123456789011 入力例 3 280 出力例 3 7,400.0,
atcoder,abc,public_sponsored_abc,denso,abc280,デンソークリエイトプログラミングコンテスト2022 Winter(AtCoder Beginner Contest 280),2022,,1670068800.0,2022.0,abc280_e,E,Critical Hit,E. Critical Hit,1251.0,4738,"['dp', 'expectation', 'modular arithmetic', 'probability']",4,https://atcoder.jp/contests/abc280/tasks/abc280_e,https://atcoder-tagged-backend.onrender.com/problems/all,2.3.0-sponsor-abc-kenkoooo-diff,ja,2026-06-04T18:46:05.900291+00:00,52.753,1396.0,"配点 : 500 点 問題文 最初、体力が N であるモンスターが 1 体います。 高橋君はモンスターに対し、モンスターの体力が 1 以上残っている限り繰り返し攻撃を行います。 高橋君は 1 回の攻撃で、 \frac{P}{100} の確率でモンスターの体力を 2 減らし、 1-\frac{P}{100} の確率でモンスターの体力を 1 減らします。 モンスターの体力が 0 以下になるまでに行う攻撃回数の期待値を \text{mod } 998244353 で出力してください（注記参照）。 注記 求める期待値は必ず有限値かつ有理数となることが証明できます。また、この問題の制約下では、その値を互いに素な 2 つの整数 P , Q を用いて \frac{P}{Q} と表したとき、 R \times Q \equiv P\pmod{998244353} かつ 0 \leq R \lt 998244353 を満たす整数 R がただ一つ存在することが証明できます。この R を出力してください。 制約 1 \leq N \leq 2\times 10^5 0 \leq P \leq 100 入力は全て整数 入力 入力は以下の形式で標準入力から与えられる。 N P 出力 高橋君の攻撃回数の期待値を \text{mod } 998244353 で出力せよ。 入力例 1 3 10 出力例 1 229596204 高橋君は 1 回の攻撃で、 \frac{10}{100}=\frac{1}{10} の確率でモンスターの体力を 2 減らし、 1-\frac{10}{100}=\frac{9}{10} の確率でモンスターの体力を 1 減らします。 最初、モンスターの体力は 3 です。 1 回目の攻撃の後、 \frac{9}{10} の確率でモンスターの体力は 2 、 \frac{1}{10} の確率でモンスターの体力は 1 となります。 2 回目の攻撃の後、 \frac{81}{100} の確率でモンスターの体力は 1 、 \frac{18}{100} の確率でモンスターの体力は 0 、 \frac{1}{100} の確率でモンスターの体力は -1 となります。 \frac{18}{100}+\frac{1}{100}=\frac{19}{100} の確率で体力は 0 以下となり、高橋君は 2 回で攻撃をやめます。 2 回目の攻撃の後で体力が 1 残っている場合、 3 回目の攻撃の後でモンスターの体力は必ず 0 以下となり、高橋君は 3 回で攻撃をやめます。 よって、期待値は 2\times \frac{19}{100}+3\times\left(1-\frac{19}{100}\right)=\frac{281}{100} となります。 229596204 \times 100 \equiv 281\pmod{998244353} であるため、 229596204 を出力します。 入力例 2 5 100 出力例 2 3 高橋君は 1 回の攻撃で、つねにモンスターの体力を 2 減らします。 2 回目の攻撃が終わった時点では体力が 5-2\times 2=1 残っているため、 3 回目の攻撃を行う必要があります。 入力例 3 280 59 出力例 3 567484387",500.0,
atcoder,abc,public_sponsored_abc,denso,abc280,デンソークリエイトプログラミングコンテスト2022 Winter(AtCoder Beginner Contest 280),2022,,1670068800.0,2022.0,abc280_f,F,Pay or Receive,F. Pay or Receive,1819.0,2399,"['bellman ford', 'cycle', 'graph', 'longest path', 'shortest path']",5,https://atcoder.jp/contests/abc280/tasks/abc280_f,https://atcoder-tagged-backend.onrender.com/problems/all,2.3.0-sponsor-abc-kenkoooo-diff,ja,2026-06-04T18:46:05.900291+00:00,63.963,1205.0,"配点 : 500 点 問題文 1,\ldots,N の番号がついた N 個の街と、 1,\ldots,M の番号がついた M 本の道路があります。 道路 i は街 A_i と B_i を結んでいます。道路を通行すると、所持している ポイント が次の通り増減します。 道路 i を使って、街 A_i から街 B_i に移動するときにはポイントが C_i 増加し、街 B_i から街 A_i に移動するときにはポイントが C_i 減少する。 所持しているポイントは負にもなりえます。 次の Q 個の質問に答えてください。 所持しているポイントが 0 である状態で街 X_i から移動を始めたとき、街 Y_i にいる状態で所持しているポイントの最大値を出力せよ。 ただし、街 X_i から街 Y_i に到達できないときは nan 、街 Y_i にいる状態で所持しているポイントをいくらでも増やせるときは inf を代わりに出力せよ。 制約 2\leq N \leq 10^5 0\leq M \leq 10^5 1\leq Q \leq 10^5 1\leq A_i,B_i,X_i,Y_i \leq N 0\leq C_i \leq 10^9 入力は全て整数である 入力 入力は以下の形式で標準入力から与えられる。 N M Q A_1 B_1 C_1 \vdots A_M B_M C_M X_1 Y_1 \vdots X_Q Y_Q 出力 問題文の指示通りに Q 行出力せよ。 i 行目には i 番目の質問に対する答えを出力せよ。 入力例 1 5 5 3 1 2 1 1 2 2 3 4 1 4 5 1 3 5 2 5 3 1 2 3 1 出力例 1 -2 inf nan 1 番目の質問では、道路 5 を使って街 5 から街 3 に移動すると、ポイントを -2 所持している状態で街 3 にいることができます。 これ以上ポイントを大きくすることはできないので答えは -2 になります。 2 番目の質問では、「道路 2 を使って街 1 から街 2 に移動し、道路 1 を使って街 2 から街 1 に移動する」 という行動を好きなだけ繰り返したあと、道路 2 を使って街 1 から街 2 に移動することで、 街 2 にいる状態で所持しているポイントをいくらでも増やすことができます。 3 番目の質問では、街 3 から移動を始めて街 1 へ到達することはできません。 入力例 2 2 1 1 1 1 1 1 1 出力例 2 inf 始点と終点が同じ街である道路や、始点と終点が同じ街である質問が含まれることもあります。 入力例 3 9 7 5 3 1 4 1 5 9 2 6 5 3 5 8 9 7 9 3 2 3 8 4 6 2 6 4 3 3 8 3 2 7 9 出力例 3 inf nan nan inf -9",500.0,
atcoder,abc,public_sponsored_abc,denso,abc280,デンソークリエイトプログラミングコンテスト2022 Winter(AtCoder Beginner Contest 280),2022,,1670068800.0,2022.0,abc280_g,G,Do Use Hexagon Grid 2,G. Do Use Hexagon Grid 2,2842.0,273,"['coordinate geometry', 'chebyshev distance', 'combinatorics', 'counting', 'modular arithmetic']",5,https://atcoder.jp/contests/abc280/tasks/abc280_g,https://atcoder-tagged-backend.onrender.com/problems/all,2.3.0-sponsor-abc-kenkoooo-diff,ja,2026-06-04T18:46:05.900291+00:00,84.152,903.0,"配点 : 600 点 問題文 以下のような、無限に広い六角形のグリッドがあります。 六角形のマスは 2 つの整数 i,j を用いて (i,j) と表されます。 マス (i,j) は以下の 6 つのマスと辺で隣接しています。 (i-1,j-1) (i-1,j) (i,j-1) (i,j+1) (i+1,j) (i+1,j+1) 2 つのマス X,Y の距離を、辺で隣接しているマスをたどってマス X からマス Y まで移動するときの、移動回数の最小値と定めます。 例えばマス (0,0) とマス (1,1) の距離は 1 、マス (2,1) とマス (-1,-1) の距離は 3 です。 N 個のマス (X_1,Y_1),\ldots,(X_N,Y_N) が与えられます。 この N マスの中から 1 つ以上のマスを選ぶ方法のうち、選んだマスのうちどの 2 マスの距離も D 以下になるようなものは何通りありますか？ 998244353 で割ったあまりを求めてください。 制約 1 \leq N \leq 300 -10^9\leq X_i,Y_i \leq 10^9 1\leq D \leq 10^{10} (X_i,Y_i) は相異なる 入力は全て整数である 入力 入力は以下の形式で標準入力から与えられる。 N D X_1 Y_1 \vdots X_N Y_N 出力 答えを出力せよ。 入力例 1 3 1 0 0 0 1 1 0 出力例 1 5 選ぶマスの集合として考えられるのは \{(0,0)\},\{(0,1)\},\{(1,0)\},\{(0,0),(0,1)\},\{(0,0),(1,0)\} の 5 通りです。 入力例 2 9 1 0 0 0 1 0 2 1 0 1 1 1 2 2 0 2 1 2 2 出力例 2 33 入力例 3 5 10000000000 314159265 358979323 846264338 -327950288 -419716939 937510582 -97494459 -230781640 628620899 862803482 出力例 3 31",600.0,
atcoder,abc,public_sponsored_abc,denso,abc280,デンソークリエイトプログラミングコンテスト2022 Winter(AtCoder Beginner Contest 280),2022,,1670068800.0,2022.0,abc280_h,Ex,Substring Sort,Ex. Substring Sort,3307.0,128,"['suffix array', 'lcp', 'string', 'stack', 'lexicographical']",5,https://atcoder.jp/contests/abc280/tasks/abc280_h,https://atcoder-tagged-backend.onrender.com/problems/all,2.3.0-sponsor-abc-kenkoooo-diff,ja,2026-06-04T18:46:05.900291+00:00,93.329,2391.0,"配点 : 600 点 問題文 N 個の文字列 S_1,S_2,\ldots, S_N が与えられます。 M = \displaystyle\sum_{i=1}^N \frac{|S_i|(|S_i|+1)}{2} とおきます。 また、文字列 S と整数 L, R に対し、 S[L, R] で S の L 文字目から R 文字目までの文字からなる部分文字列を表します。 整数の三つ組からなる長さ M の列 ((K_1, L_1, R_1), (K_2, L_2, R_2), \ldots, (K_M, L_M, R_M)) は以下の条件をみたします： M 個の要素は相異なる。 すべての 1 \leq i \leq M に対して、 1 \leq K_i \leq N かつ 1 \leq L_i \leq R_i \leq |S_{K_i}| である。 すべての 1 \leq i \leq j \leq M に対して、辞書順で S_{K_i}[L_i, R_i] \leq S_{K_j}[L_j, R_j] である。 1 以上 M 以下の整数 Q 個 x_1,x_2,\ldots, x_Q が与えられます。各 1 \leq i \leq Q に対して、 (K_{x_i}, L_{x_i}, R_{x_i}) としてあり得るものを 1 つずつ求めてください。なお、条件をみたす三つ組の列が必ず 1 つ以上存在することが証明できます。条件をみたす三つ組が複数存在する場合、どれを出力しても構いません。また、異なる x_i の間で、条件をみたす三つ組の列が共通のものである必要もありません。 辞書順とは 2 つの文字列 S, T が以下の条件のいずれかをみたすとき、かつそのときに限り、辞書順で S \leq T であると言います。 |S| \leq |T| かつ S = T[1, |S|] である。 ある 1\leq k\leq \min(|S|, |T|) が存在し、 1\leq i\leq k-1 について、 S と T の i 文字目は等しく、 S の k 文字目は T の k 文字目よりアルファベット順で真に小さい。 制約 1 \leq N \leq 10^5 1 \leq \lvert S_i\rvert \leq 10^5 \displaystyle\sum_{i=1}^N \lvert S_i\rvert\leq 10^5 1 \leq Q \leq 2\times 10^5 1 \leq x_1<x_2<\cdots<x_Q \leq \displaystyle\sum_{i=1}^N \frac{|S_i|(|S_i|+1)}{2} N,Q,x_1,x_2,\ldots,x_Q は整数 S_i は英小文字のみからなる文字列 入力 入力は以下の形式で標準入力から与えられる。 N S_1 S_2 \vdots S_N Q x_1 x_2 \ldots x_Q 出力 Q 行出力せよ。 i 行目には、条件をみたす (K_{x_i}, L_{x_i}, R_{x_i}) としてあり得るものを空白区切りで出力せよ。 条件をみたす三つ組が複数存在する場合、どれを出力してもよい。 入力例 1 2 abab cab 2 5 14 出力例 1 1 3 4 2 1 1 M=16 であり、条件をみたす三つ組の列としては、 (1,1,1), (1,3,3), (2,2,2), (1,1,2), (1,3,4), (2,2,3), (1,1,3), (1,1,4), (1,2,2), (1,4,4), (2,3,3), (1,2,3), (1,2,4), (2,1,1), (2,1,2), (2,1,3) が考えられます。 この順で並べた時の (K_i,L_i, R_i) に対応する S_{K_i}[L_i, R_i] の列は、( a , a , a , ab , ab , ab , aba , abab , b , b , b , ba , bab , c , ca , cab )となります。 なお、 5 番目の要素 (1,3,4) を、 4 番目や 6 番目の要素と入れ替えた列も条件をみたすため、 (K_{x_1}, L_{x_1}, R_{x_1})=(1,1,2), (2,2,3) も正解となります。 入力例 2 3 a a ba 2 1 2 出力例 2 1 1 1 1 1 1 M=5 であり、条件をみたす三つ組の列としては、 (1,1,1), (2,1,1), (3,2,2), (3,1,1), (3,1,2) や (2,1,1), (3,2,2), (1,1,1), (3,1,1), (3,1,2) が考えられます。 出力する (K_{x_i}, L_{x_i}, R_{x_i}) について、 x_i 番目の要素が (K_{x_i}, L_{x_i}, R_{x_i}) であるような条件をみたす列は異なる i の間で共通のものである必要が ない 、 すなわち、「任意の 1\leq i\leq Q について x_i 番目の要素が (K_{x_i}, L_{x_i}, R_{x_i}) である」 ような列は 必ずしも存在する必要がない ことに注意してください。 入力例 3 10 gxgpuamkx szhkbpphykin ezplvfja mopodotkrj rimlvumuar nexcfyce eurgvjyos dhvuyfvt nrdyluacvra ggwnpnzij 6 74 268 310 380 455 489 出力例 3 3 1 2 4 4 5 4 3 7 9 6 6 6 6 6 2 2 12",600.0,
atcoder,abc,public_sponsored_abc,hhkb,abc282,HHKBプログラミングコンテスト2022 Winter(AtCoder Beginner Contest 282),2022,,1671278400.0,2022.0,abc282_a,A,Generalized ABC,A. Generalized ABC,-1239.0,14269,"['implementation', 'string']",2,https://atcoder.jp/contests/abc282/tasks/abc282_a,https://atcoder-tagged-backend.onrender.com/problems/all,2.3.0-sponsor-abc-kenkoooo-diff,ja,2026-06-04T18:46:05.900291+00:00,3.612,224.0,"配点 : 100 点 問題文 整数 K が与えられます。 英大文字を A から昇順に K 個繋げて得られる文字列を答えてください。 制約 K は 1 以上 26 以下の整数 入力 入力は以下の形式で標準入力から与えられる。 K 出力 答えを出力せよ。 入力例 1 3 出力例 1 ABC 英大文字は A から昇順に A , B , C , ... です。 A から昇順に 3 個繋げて得られる文字列は ABC です。 入力例 2 1 出力例 2 A",100.0,
atcoder,abc,public_sponsored_abc,hhkb,abc282,HHKBプログラミングコンテスト2022 Winter(AtCoder Beginner Contest 282),2022,,1671278400.0,2022.0,abc282_b,B,Let's Get a Perfect Score,B. Let's Get a Perfect Score,-284.0,11413,"['brute force', 'conditional', 'implementation', 'string']",4,https://atcoder.jp/contests/abc282/tasks/abc282_b,https://atcoder-tagged-backend.onrender.com/problems/all,2.3.0-sponsor-abc-kenkoooo-diff,ja,2026-06-04T18:46:05.900291+00:00,22.459,766.0,"配点 : 200 点 問題文 1 から N までの番号がついた N 人の参加者が、 1 から M までの番号がついた M 問からなるコンテストに参加します。 1 以上 N 以下の整数 i 、 1 以上 M 以下の整数 j について、 S_i の j 番目の文字が o のとき参加者 i は問題 j を解くことが可能で、 S_i の j 番目の文字が x のとき参加者 i は問題 j を解くことが不可能です。 このコンテストは、二人の参加者でペアを組んで参加します。二人が協力することで M 問全てを解くことが可能であるようなペアの個数を答えてください。 より厳密には、 1\leq x < y\leq N を満たす整数の組 (x,y) であって、 1 以上 M 以下の任意の整数 j について、参加者 x か参加者 y の少なくとも一方は問題 j を解くことが可能であるという条件を満たすものの個数を答えてください。 制約 N は 2 以上 30 以下の整数 M は 1 以上 30 以下の整数 S_i は o , x からなる長さ M の文字列 入力 入力は以下の形式で標準入力から与えられる。 N M S_1 S_2 \vdots S_N 出力 答えを出力せよ。 入力例 1 5 5 ooooo oooxx xxooo oxoxo xxxxx 出力例 1 5 参加者 1 と 2 のペア、参加者 1 と 3 のペア、参加者 1 と 4 のペア、参加者 1 と 5 のペア、参加者 2 と 3 のペアの 5 個のペアが条件を満たします。 例えば参加者 2 と 4 のペアは、問題 4 が解けないので条件を満たしません。 入力例 2 3 2 ox xo xx 出力例 2 1 入力例 3 2 4 xxxx oxox 出力例 3 0",200.0,
atcoder,abc,public_sponsored_abc,hhkb,abc282,HHKBプログラミングコンテスト2022 Winter(AtCoder Beginner Contest 282),2022,,1671278400.0,2022.0,abc282_c,C,String Delimiter,C. String Delimiter,-139.0,11538,"['implementation', 'simulation', 'string']",3,https://atcoder.jp/contests/abc282/tasks/abc282_c,https://atcoder-tagged-backend.onrender.com/problems/all,2.3.0-sponsor-abc-kenkoooo-diff,ja,2026-06-04T18:46:05.900291+00:00,25.321,590.0,"配点 : 300 点 問題文 英小文字、 , 、 "" からなる長さ N の文字列 S が与えられます。 S に含まれる "" の個数は偶数であることが保証されています。 S に含まれる "" の個数を 2K 個とすると、各 i=1,2,\ldots,K について 2i-1 番目の "" から 2i 番目の "" までの文字のことを 括られた文字 と呼びます。 あなたの仕事は、 S に含まれる , のうち、括られた文字 でないもの を . で置き換えて得られる文字列を答えることです。 制約 N は 1 以上 2\times 10^5 以下の整数 S は英小文字、 , 、 "" からなる長さ N の文字列 S に含まれる "" の個数は偶数 入力 入力は以下の形式で標準入力から与えられる。 N S 出力 答えを出力せよ。 入力例 1 8 ""a,b""c,d 出力例 1 ""a,b""c.d S のうち ""a,b"" が括られた文字であり、 c,d は括られた文字ではありません。 S に含まれる , のうち、括られた文字でないのは S の左から 7 番目の文字なので、 7 番目の文字を . で置き換えたものが答えとなります。 入力例 2 5 ,,,,, 出力例 2 ..... 入力例 3 20 a,""t,""c,""o,""d,""e,""r, 出力例 3 a.""t,""c.""o,""d.""e,""r.",300.0,
atcoder,abc,public_sponsored_abc,hhkb,abc282,HHKBプログラミングコンテスト2022 Winter(AtCoder Beginner Contest 282),2022,,1671278400.0,2022.0,abc282_d,D,Make Bipartite 2,D. Make Bipartite 2,1154.0,5634,"['bipartite graph', 'connected components', 'counting', 'graph theory', 'graph coloring']",5,https://atcoder.jp/contests/abc282/tasks/abc282_d,https://atcoder-tagged-backend.onrender.com/problems/all,2.3.0-sponsor-abc-kenkoooo-diff,ja,2026-06-04T18:46:05.900291+00:00,50.839,958.0,"配点 : 400 点 問題文 N 個の頂点と M 本の辺からなる単純な（すなわち、自己ループも多重辺も含まない）無向グラフ G が与えられます。 i = 1, 2, \ldots, M について、 i 番目の辺は頂点 u_i と頂点 v_i を結びます。 1 \leq u \lt v \leq N を満たす整数の組 (u, v) であって、下記の 2 つの条件をともに満たすものの個数を出力してください。 グラフ G において、頂点 u と頂点 v を結ぶ辺は存在しない。 グラフ G に、頂点 u と頂点 v を結ぶ辺を追加して得られるグラフは、二部グラフである。 二部グラフとは？ 無向グラフが 二部グラフ であるとは、下記の条件を満たすように各頂点を黒または白のどちらかの色で塗ることができることを言います。 同じ色に塗られた頂点どうしを結ぶ辺は存在しない。 制約 2 \leq N \leq 2 \times 10^5 0 \leq M \leq \min \lbrace 2 \times 10^5, N(N-1)/2 \rbrace 1 \leq u_i, v_i \leq N グラフ G は単純 入力はすべて整数 入力 入力は以下の形式で標準入力から与えられる。 N M u_1 v_1 u_2 v_2 \vdots u_M v_M 出力 答えを出力せよ。 入力例 1 5 4 4 2 3 1 5 2 3 2 出力例 1 2 問題文中の条件を満たす整数の組 (u, v) は、 (1, 4) と (1, 5) の 2 つです。よって、 2 を出力します。 他の組については、例えば、 (1, 3) はグラフ G において頂点 1 と頂点 3 を結ぶ辺が存在することから、 (4, 5) はグラフ G に頂点 4 と頂点 5 を結ぶ辺を追加して得られるグラフが二部グラフではないことから、 それぞれ問題文中の条件を満たしません。 入力例 2 4 3 3 1 3 2 1 2 出力例 2 0 与えられるグラフが二部グラフであったり連結であるとは限らないことに注意してください。 入力例 3 9 11 4 9 9 1 8 2 8 3 9 2 8 4 6 7 4 6 7 5 4 5 7 8 出力例 3 9",400.0,
atcoder,abc,public_sponsored_abc,hhkb,abc282,HHKBプログラミングコンテスト2022 Winter(AtCoder Beginner Contest 282),2022,,1671278400.0,2022.0,abc282_e,E,Choose Two and Eat One,E. Choose Two and Eat One,1604.0,4390,"['maximum spanning tree', 'graph theory', 'modular exponentiation', 'greedy']",4,https://atcoder.jp/contests/abc282/tasks/abc282_e,https://atcoder-tagged-backend.onrender.com/problems/all,2.3.0-sponsor-abc-kenkoooo-diff,ja,2026-06-04T18:46:05.900291+00:00,59.72,1086.0,"配点 : 500 点 問題文 箱の中に N 個のボールが入っており、各ボールには 1 以上 M-1 以下の整数が書かれています。 i = 1, 2, \ldots, N について、 i 番目のボールに書かれた整数は A_i です。 高橋君は、箱の中に 2 個以上のボールが残っている限り、下記の行動を繰り返します。 まず、箱の中から 2 つのボールを任意に選んで取り出す。 次に、取り出した 2 つのボールに書かれた整数をそれぞれ x, y とおき、 x^y + y^x を M で割ったあまりに等しい得点を獲得する。 その後、取り出した 2 つのボールのうち、任意に選んだ一方を食べ、もう一方を箱の中に戻す。 高橋君が獲得する合計得点としてあり得る最大値を出力してください。 制約 2 \leq N \leq 500 2 \leq M \leq 10^9 1 \leq A_i \leq M-1 入力はすべて整数 入力 入力は以下の形式で標準入力から与えられる。 N M A_1 A_2 \ldots A_N 出力 答えを出力せよ。 入力例 1 4 10 4 2 3 2 出力例 1 20 高橋君が下記の通りに行動する場合を考えます。以下、 X \bmod Y で 非負整数 X を正整数 Y で割ったあまりを表します。 箱の中から 1 番目のボールと 3 番目のボールを取り出し、 (4^3 + 3^4) \bmod 10 = 5 点を獲得します。その後、 1 番目のボールを食べ、 3 番目のボールを箱の中に戻します。その結果、箱の中には 2, 3, 4 番目のボールが残ります。 箱の中から 3 番目のボールと 4 番目のボールを取り出し、 (3^2 + 2^3) \bmod 10 = 7 点を獲得します。その後、 3 番目のボールを食べ、 4 番目のボールを箱の中に戻します。その結果、箱の中には 2, 4 番目のボールが残ります。 箱の中から 2 番目のボールと 4 番目のボールを取り出し、 (2^2 + 2^2) \bmod 10 = 8 点を獲得します。その後、 2 番目のボールを食べ、 4 番目のボールを箱の中に戻します。その結果、箱の中には 4 番目のボールのみが残ります。 このとき、高橋君が獲得する合計得点は 5 + 7 + 8 = 20 点であり、これがあり得る最大値です。 入力例 2 20 100 29 31 68 20 83 66 23 84 69 96 41 61 83 37 52 71 18 55 40 8 出力例 2 1733",500.0,
atcoder,abc,public_sponsored_abc,hhkb,abc282,HHKBプログラミングコンテスト2022 Winter(AtCoder Beginner Contest 282),2022,,1671278400.0,2022.0,abc282_f,F,Union of Two Sets,F. Union of Two Sets,1734.0,2327,"['sparse table', 'constructive', 'interval', 'powers of two']",4,https://atcoder.jp/contests/abc282/tasks/abc282_f,https://atcoder-tagged-backend.onrender.com/problems/all,2.3.0-sponsor-abc-kenkoooo-diff,ja,2026-06-04T18:46:05.900291+00:00,62.285,2153.0,"配点 : 500 点 問題文 この問題は インタラクティブな問題 （あなたが作成したプログラムとジャッジプログラムが標準入出力を介して対話を行う形式の問題）です。 あなたとジャッジは下記の手順を行います。 手順はフェイズ 1 とフェイズ 2 からなり、まずフェイズ 1 を行った直後、続けてフェイズ 2 を行います。 （フェイズ 1 ） ジャッジから整数 N が与えられる。 あなたは 1 以上 50000 以下の整数 M を出力する。 さらにあなたは、すべての i = 1, 2, \ldots, M について 1 \leq l_i \leq r_i \leq N を満たす、 M 個の整数の組 (l_1, r_1), (l_2, r_2), \ldots, (l_M, r_M) を出力する（ M 個の整数の組が相異なる必要はない）。 （フェイズ 2 ） ジャッジから整数 Q が与えられる。 その後、あなたとジャッジは下記の手順を Q 回繰り返す。 ジャッジからクエリとして 2 つの整数 L, R が与えられる。 それに対する応答として、あなたは 1 以上 M 以下の 2 つの整数 a, b を出力する（ a = b でもよい）。 このとき、 a と b は下記の条件を満たさなければならない。もし満たさなかった場合は不正解となる。 集合 \lbrace l_a, l_a+1, \ldots, r_a\rbrace と集合 \lbrace l_b, l_b+1, \ldots, r_b\rbrace の和集合が、集合 \lbrace L, L+1, \ldots, R\rbrace と一致する。 上記の手順を行った後、直ちにプログラムを終了することで正解となります。 制約 1 \leq N \leq 4000 1 \leq Q \leq 10^5 1 \leq L \leq R \leq N 入力はすべて整数 入出力 この問題はインタラクティブな問題（あなたが作成したプログラムとジャッジプログラムが標準入出力を介して対話を行う形式の問題）です。 （フェイズ 1 ） まず、 N が入力から与えられます。 次に、 1 以上 50000 以下の整数 M を出力してください。 その後、 M 回にわたって (l_1, r_1), (l_2, r_2), \ldots, (l_M, r_M) を出力してください。 具体的には、 i = 1, 2, \ldots, M について、 i 回目の出力では (l_i, r_i) を下記の形式で出力してください。 l_i r_i （フェイズ 2 ） まず、 Q が入力から与えられます。 各クエリでは、クエリを表す整数 L, R が下記の形式で与えられます。 L R 各クエリに対する応答では、 2 つの整数 a, b を下記の形式で出力してください。 a b 注意点 出力を行うたびに、末尾に改行を入れて標準出力を flush してください。そうしなかった場合、ジャッジ結果が TLE となる可能性があります。 対話の途中で不正な出力を行った、あるいはプログラムが途中で終了した場合のジャッジ結果は不定です。 特に、プログラムの実行中に実行時エラーが起こった場合に、ジャッジ結果が RE ではなく WA や TLE になる可能性があることに注意してください。 フェイズ 2 を終了したらただちにプログラムを終了してください。そうしない場合、ジャッジ結果は不定です。 フェイズ 2 で与えられる L, R は、あなたがフェイズ 1 で出力した (l_1, r_1), (l_2, r_2), \ldots, (l_M, r_M) に応じて決定されます。 入出力例 以下は、 N = 4, Q = 4 の場合の入出力例です。 入力 出力 説明 4 N が与えられます。 6 M を出力します。 3 3 (l_1, r_1) = (3, 3) を出力します。 4 4 (l_2, r_2) = (4, 4) を出力します。 1 1 (l_3, r_3) = (1, 1) を出力します。 2 4 (l_4, r_4) = (2, 4) を出力します。 1 3 (l_5, r_5) = (1, 3) を出力します。 2 2 (l_6, r_6) = (2, 2) を出力します。 4 Q が与えられます。 1 3 1 個目のクエリとして L = 1, R = 3 が与えられます。 1 5 1 個目のクエリに対する応答として a = 1, b = 5 を出力します。 3 4 2 個目のクエリとして L = 3, R = 4 が与えられます。 2 1 2 個目のクエリに対する応答として a = 2, b = 1 を出力します。 2 4 3 個目のクエリとして L = 2, R = 4 が与えられます。 4 4 3 個目のクエリに対する応答として a = 4, b = 4 を出力します。 1 1 4 個目のクエリとして L = 1, R = 1 が与えられます。 3 3 4 個目のクエリに対する応答として a = 3, b = 3 を出力します。",500.0,
atcoder,abc,public_sponsored_abc,hhkb,abc282,HHKBプログラミングコンテスト2022 Winter(AtCoder Beginner Contest 282),2022,,1671278400.0,2022.0,abc282_g,G,Similar Permutation,G. Similar Permutation,2412.0,935,"['dp', '2d prefix sum']",2,https://atcoder.jp/contests/abc282/tasks/abc282_g,https://atcoder-tagged-backend.onrender.com/problems/all,2.3.0-sponsor-abc-kenkoooo-diff,ja,2026-06-04T18:46:05.900291+00:00,75.666,591.0,"配点 : 600 点 問題文 (1,2,\ldots,N) の順列を、以下では単に順列と呼びます。 二つの順列 A=(A_1,A_2,\ldots,A_N),B=(B_1,B_2,\ldots,B_N) にたいして、 類似度 を以下の条件を満たす 1 以上 N-1 以下の整数 i の個数で定めます。 (A_{i+1}-A_i)(B_{i+1}-B_i)>0 二つの順列の組 (A,B) であって、類似度が K であるものの個数を素数 P で割ったあまりを答えてください。 制約 2\leq N \leq 100 0\leq K \leq N-1 10^8 \leq P \leq 10^9 P は素数 入力は全て整数である 入力 入力は以下の形式で標準入力から与えられる。 N K P 出力 答えを出力せよ。 入力例 1 3 1 282282277 出力例 1 16 例えば条件を満たす順列の組の一つとして、以下のものが考えられます。 A=(1,2,3) B=(1,3,2) この例では、 (A_2 - A_1)(B_2 -B_1) > 0, (A_3 - A_2)(B_3 -B_2) < 0 であることから、 A と B の類似度は 1 だとわかります。 入力例 2 50 25 998244353 出力例 2 131276976 個数を P で割ったあまりを答えてください。",600.0,
atcoder,abc,public_sponsored_abc,hhkb,abc282,HHKBプログラミングコンテスト2022 Winter(AtCoder Beginner Contest 282),2022,,1671278400.0,2022.0,abc282_h,Ex,Min + Sum,Ex. Min + Sum,2621.0,953,"['divide and conquer', 'binary search', 'prefix sum', 'range minimum query', 'two pointer']",5,https://atcoder.jp/contests/abc282/tasks/abc282_h,https://atcoder-tagged-backend.onrender.com/problems/all,2.3.0-sponsor-abc-kenkoooo-diff,ja,2026-06-04T18:46:05.900291+00:00,79.791,692.0,"配点 : 600 点 問題文 2 つの長さ N の整数列 A = (A_1, A_2, \ldots, A_N) および B = (B_1, B_2, \ldots, B_N) が与えられます。 1 \leq l \leq r \leq N を満たす整数の組 (l, r) であって下記の条件を満たすものの個数を出力してください。 \min\lbrace A_l, A_{l+1}, \ldots, A_r \rbrace + (B_l + B_{l+1} + \cdots + B_r) \leq S 制約 1 \leq N \leq 2 \times 10^5 0 \leq S \leq 3 \times 10^{14} 0 \leq A_i \leq 10^{14} 0 \leq B_i \leq 10^9 入力はすべて整数 入力 入力は以下の形式で標準入力から与えられる。 N S A_1 A_2 \ldots A_N B_1 B_2 \ldots B_N 出力 答えを出力せよ。 入力例 1 4 15 9 2 6 5 3 5 8 9 出力例 1 6 1 \leq l \leq r \leq N を満たす整数の組 (l, r) であって問題文中の条件を満たすものは、 (1, 1), (1, 2), (2, 2), (2, 3), (3, 3), (4, 4) の 6 個です。 入力例 2 15 100 39 9 36 94 40 26 12 26 28 66 73 85 62 5 20 0 0 7 7 0 5 5 0 7 9 9 4 2 5 2 出力例 2 119",600.0,
atcoder,abc,public_sponsored_abc,unique_vision,abc283,ユニークビジョンプログラミングコンテスト2022 冬(AtCoder Beginner Contest 283),2022,,1671883200.0,2022.0,abc283_a,A,Power,A. Power,-1172.0,16526,"['implementation', 'math', 'modular exponentiation']",3,https://atcoder.jp/contests/abc283/tasks/abc283_a,https://atcoder-tagged-backend.onrender.com/problems/all,2.3.0-sponsor-abc-kenkoooo-diff,ja,2026-06-04T18:46:05.900291+00:00,4.934,205.0,"配点 : 100 点 問題文 整数 A, B が与えられます。 A^B の値を出力してください。 制約 1 \leq A, B \leq 9 入力はすべて整数 入力 入力は以下の形式で標準入力から与えられる。 A B 出力 答えを出力せよ。 入力例 1 4 3 出力例 1 64 4^3 = 64 であるので、 64 を出力します。 入力例 2 5 5 出力例 2 3125 入力例 3 8 1 出力例 3 8",100.0,
atcoder,abc,public_sponsored_abc,unique_vision,abc283,ユニークビジョンプログラミングコンテスト2022 冬(AtCoder Beginner Contest 283),2022,,1671883200.0,2022.0,abc283_b,B,First Query Problem,B. First Query Problem,-578.0,12660,"['array', 'simulation', 'query']",3,https://atcoder.jp/contests/abc283/tasks/abc283_b,https://atcoder-tagged-backend.onrender.com/problems/all,2.3.0-sponsor-abc-kenkoooo-diff,ja,2026-06-04T18:46:05.900291+00:00,16.657,1388.0,"配点 : 200 点 問題文 整数 N と長さ N の数列 A=(A _ 1,A _ 2,\ldots,A _ N) が与えられます。 クエリが Q 個与えられるので、与えられた順番に処理してください。 クエリは次の 2 種類のいずれかです。 1 k x : A _ k の値を x に変更する。 2 k : A _ k の値を出力する。 制約 1 \leq N \leq 10 ^ 5 1 \leq Q \leq 10 ^ 5 0 \leq A _ i \leq 10 ^ 9\ (1\leq i\leq N) どのクエリについても、 1\leq k\leq N 1 番目の形式のクエリについて、 0\leq x\leq 10 ^ 9 2 番目の形式のクエリが 1 つ以上存在する 入力はすべて整数 入力 入力は以下の形式で標準入力から与えられる。 N A _ 1 A _ 2 \ldots A _ N Q \operatorname{query} _ 1 \operatorname{query} _ 2 \vdots \operatorname{query} _ Q ただし、 \operatorname{query} _ i は i 個目のクエリを表しており、次の形式のいずれかで与えられる。 1 k x 2 k 出力 2 番目の形式のクエリの回数を q 回として q 行出力せよ。 j\ (1\leq j\leq q) 行目には、 2 番目の形式のクエリのうち j 個目のものに対する答えを出力せよ。 入力例 1 3 1 3 5 7 2 2 2 3 1 3 0 2 3 1 2 8 2 2 2 1 出力例 1 3 5 0 8 1 はじめ、 A=(1,3,5) です。 1 つめのクエリにおいて、 A=(1,3,5) です。 A _ 2=3 なので、 3 を出力します。 2 つめのクエリにおいて、 A=(1,3,5) です。 A _ 3=5 なので、 5 を出力します。 3 つめのクエリでは、 A _ 3 の値を 0 に変更し、 A=(1,3,0) となります。 4 つめのクエリにおいて、 A=(1,3,0) です。 A _ 3=0 なので、 0 を出力します。 5 つめのクエリでは、 A _ 2 の値を 8 に変更し、 A=(1,8,0) となります。 6 つめのクエリにおいて、 A=(1,8,0) です。 A _ 2=8 なので、 8 を出力します。 7 つめのクエリにおいて、 A=(1,8,0) です。 A _ 1=1 なので、 1 を出力します。 入力例 2 5 22 2 16 7 30 10 1 4 0 1 5 0 2 2 2 3 2 4 2 5 1 4 100 1 5 100 2 3 2 4 出力例 2 2 16 0 0 16 100 入力例 3 7 478 369 466 343 541 42 165 20 2 1 1 7 729 1 6 61 1 6 838 1 3 319 1 4 317 2 4 1 1 673 1 3 176 1 5 250 1 1 468 2 6 1 7 478 1 5 595 2 6 1 6 599 1 6 505 2 3 2 5 2 1 出力例 3 478 317 838 838 176 595 468",200.0,
atcoder,abc,public_sponsored_abc,unique_vision,abc283,ユニークビジョンプログラミングコンテスト2022 冬(AtCoder Beginner Contest 283),2022,,1671883200.0,2022.0,abc283_c,C,Cash Register,C. Cash Register,-207.0,12556,"['greedy', 'implementation', 'string']",3,https://atcoder.jp/contests/abc283/tasks/abc283_c,https://atcoder-tagged-backend.onrender.com/problems/all,2.3.0-sponsor-abc-kenkoooo-diff,ja,2026-06-04T18:46:05.900291+00:00,23.979,768.0,"配点 : 300 点 問題文 高橋君は、レジ打ちの仕事をしています。 レジの機械には 00 , 0 , 1 , 2 , 3 , 4 , 5 , 6 , 7 , 8 , 9 の 11 個のボタンがあります。 レジの機械には、はじめ 0 が表示されています。 ボタン 00 を押すと、表示されている数が 100 倍されます。 それ以外のボタンを押すと、表示されている数が 10 倍されたあとに、押されたボタンに書かれている数が加算されます。 高橋君は、レジに整数 S を表示させたいです。 レジに S が表示されている状態にするためには、少なくとも何回ボタンを押す必要があるか求めてください。 制約 1\leq S\leq 10^{100000} S は整数 入力 入力は以下の形式で標準入力から与えられる。 S 出力 答えを 1 行で出力せよ。 入力例 1 40004 出力例 1 4 例えば、次のように操作することでボタンを 4 回押して 40004 を表示させることができます。 はじめ、レジには 0 が表示されています。 ボタン 4 を押す。レジに表示されている数は 4 となる。 ボタン 00 を押す。レジに表示されている数は 400 となる。 ボタン 0 を押す。レジに表示されている数は 4000 となる。 ボタン 4 を押す。レジに表示されている数は 40004 となる。 3 回までボタンを押すことでレジに 40004 を表示させることはできないので、出力すべき値は 4 です。 入力例 2 1355506027 出力例 2 10 入力例 3 10888869450418352160768000001 出力例 3 27 S は 64\operatorname{bit} 整数に収まらない場合があることに注意してください。",300.0,
atcoder,abc,public_sponsored_abc,unique_vision,abc283,ユニークビジョンプログラミングコンテスト2022 冬(AtCoder Beginner Contest 283),2022,,1671883200.0,2022.0,abc283_d,D,Scope,D. Scope,453.0,8955,"['implementation', 'set', 'stack', 'string']",4,https://atcoder.jp/contests/abc283/tasks/abc283_d,https://atcoder-tagged-backend.onrender.com/problems/all,2.3.0-sponsor-abc-kenkoooo-diff,ja,2026-06-04T18:46:05.900291+00:00,37.004,1452.0,"配点 : 400 点 問題文 英小文字、 ( 、 ) からなる文字列のうち、以下の手順によって空文字列になるものを 良い文字列 と呼びます: まず、英小文字をすべて削除する。 次に、連続する () が存在する限り、それを削除する。 例えば、 ((a)ba) は英小文字をすべて削除すると (()) となり、 2 文字目と 3 文字目に連続する () を削除すると () となり、最終的に空文字列にすることができるので良い文字列です。 良い文字列 S が与えられます。 S の i 文字目を S_i で表します。 各英小文字 a , b , \ldots , z に対して、その文字が書かれたボールが 1 つあります。 また、空の箱があります。 高橋君は i = 1,2, \ldots ,|S| に対してこの順に気を失わない限り操作を行います。 S_i が英小文字ならば、その英小文字が書かれたボールを箱に入れる。ただし、そのボールがすでに箱に入っている場合、高橋君は気を失う。 S_i が ( ならば、何もしない。 S_i が ) ならば、 i 未満の整数 j であって、 S の j 番目から i 番目までの文字からなる文字列が良い文字列となる最大の整数 j を取る。（このような整数 j は必ず存在することが証明できる。） j 番目から i 番目までの操作で箱に入れたボールをすべて、箱から取り出す。 高橋君が気を失わずに一連の操作を完了させられるか判定してください。 制約 1 \leq |S| \leq 3 \times 10^5 S は良い文字列 入力 入力は以下の形式で標準入力から与えられる。 S 出力 高橋君が気を失わずに一連の操作を完了させられる場合は Yes を、そうでない場合は No を出力せよ。 入力例 1 ((a)ba) 出力例 1 Yes i = 1 のとき、高橋君は何もしません。 i = 2 のとき、高橋君は何もしません。 i = 3 のとき、高橋君は a の書かれたボールを箱の中に入れます。 i = 4 のとき、 4 未満の整数 j であって、 S の j 番目から 4 番目までの文字からなる文字列が良い文字列となる最大の整数は 2 であるため、高橋君は a の書かれたボールを箱から取り出します。 i = 5 のとき、高橋君は b の書かれたボールを箱の中に入れます。 i = 6 のとき、高橋君は a の書かれたボールを箱の中に入れます。 i = 7 のとき、 7 未満の整数 j であって、 S の j 番目から 7 番目までの文字からなる文字列が良い文字列となる最大の整数は 1 であるため、高橋君は a の書かれたボールと b の書かれたボールを箱から取り出します。 したがってこの場合の答えは Yes となります。 入力例 2 (a(ba)) 出力例 2 No i = 1 のとき、高橋君は何もしません。 i = 2 のとき、高橋君は a の書かれたボールを箱の中に入れます。 i = 3 のとき、高橋君は何もしません。 i = 4 のとき、高橋君は b の書かれたボールを箱の中に入れます。 i = 5 のとき、 a の書かれたボールはすでに箱に入っているため、高橋君は気を失い、これ以降の操作は行われません。 したがってこの場合の答えは No となります。 入力例 3 (((()))) 出力例 3 Yes 入力例 4 abca 出力例 4 No",400.0,
atcoder,abc,public_sponsored_abc,unique_vision,abc283,ユニークビジョンプログラミングコンテスト2022 冬(AtCoder Beginner Contest 283),2022,,1671883200.0,2022.0,abc283_e,E,Don't Isolate Elements,E. Don't Isolate Elements,1802.0,2658,"['dp', 'grid', 'bitmask']",3,https://atcoder.jp/contests/abc283/tasks/abc283_e,https://atcoder-tagged-backend.onrender.com/problems/all,2.3.0-sponsor-abc-kenkoooo-diff,ja,2026-06-04T18:46:05.900291+00:00,63.627,981.0,"配点 : 500 点 問題文 各要素の値が 0 または 1 である H 行 W 列の行列 A が与えられます。 1 \leq i \leq H かつ 1 \leq j \leq W を満たす整数の組 (i,j) について、 A の i 行目 j 列目の要素を A_{i,j} で表します。 行列 A に対し、以下の操作を 0 回以上の好きな回数行うことができます。 1 \leq i \leq H を満たす整数 i を選び、 1 \leq j \leq W を満たす全ての整数 j に対して A_{i,j} の値を 1-A_{i,j} で置き換える。 また、 A_{i,j} は行列において上下左右に同じ値が存在しない、すなわち 4 つの整数組 (x,y) = (i-1,j),(i+1,j),(i,j-1),(i,j+1) のいずれかであって、 1 \leq x \leq H, 1 \leq y \leq W かつ A_{i,j} = A_{x,y} を満たすものが存在しないとき、またそのときに限り 孤立した要素 であると定義されます。 操作を繰り返し行列 A の任意の要素が孤立した要素でない状態にすることが可能か判定し、可能な場合は行う操作回数の最小値を求めてください。 制約 2 \leq H,W \leq 1000 A_{i,j} = 0 または A_{i,j} = 1 入力はすべて整数 入力 入力は以下の形式で標準入力から与えられる。 H W A_{1,1} A_{1,2} \ldots A_{1,W} A_{2,1} A_{2,2} \ldots A_{2,W} \vdots A_{H,1} A_{H,2} \ldots A_{H,W} 出力 操作を繰り返すことにより孤立した要素が存在しないようにできる場合は操作回数の最小値を、できない場合は -1 を出力せよ。 入力例 1 3 3 1 1 0 1 0 1 1 0 0 出力例 1 1 i = 1 を選択し操作を行うと、 A = ((0,0,1),(1,0,1),(1,0,0)) となり、孤立した要素は存在しなくなります。 入力例 2 4 4 1 0 0 0 0 1 1 1 0 0 1 0 1 1 0 1 出力例 2 2 入力例 3 2 3 0 1 0 0 1 1 出力例 3 -1",500.0,
atcoder,abc,public_sponsored_abc,unique_vision,abc283,ユニークビジョンプログラミングコンテスト2022 冬(AtCoder Beginner Contest 283),2022,,1671883200.0,2022.0,abc283_f,F,Permutation Distance,F. Permutation Distance,1771.0,2372,"['segment tree', 'range query', 'plane sweep', 'coordinate geometry', 'permutation']",5,https://atcoder.jp/contests/abc283/tasks/abc283_f,https://atcoder-tagged-backend.onrender.com/problems/all,2.3.0-sponsor-abc-kenkoooo-diff,ja,2026-06-04T18:46:05.900291+00:00,63.016,1111.0,"配点 : 500 点 問題文 (1,2,\ldots,N) の順列 P=(P _ 1,P _ 2,\ldots,P _ N) が与えられます。 すべての i\ (1\leq i\leq N) に対して、以下の値を求めてください。 D _ i=\displaystyle\min_{j\neq i}\left\lparen\left\lvert P _ i-P _ j\right\rvert+\left\lvert i-j\right\rvert\right\rparen 順列とは (1,2,\ldots,N) の順列とは、 (1,2,\ldots,N) を並べ替えて得られる数列のことをいいます。 つまり、長さ N の数列 A は i\ (1\leq i\leq N) がその中にちょうど 1 回だけ現れるとき、かつそのときに限り (1,2,\ldots,N) の順列です。 制約 2 \leq N \leq 2\times10^5 1 \leq P _ i \leq N\ (1\leq i\leq N) i\neq j\implies P _ i\neq P _ j 入力はすべて整数 入力 入力は以下の形式で標準入力から与えられる。 N P _ 1 P _ 2 \ldots P _ N 出力 D _ i\ (1\leq i\leq N) を i の昇順に空白区切りで出力せよ。 入力例 1 4 3 2 4 1 出力例 1 2 2 3 3 たとえば、 i=1 について j=2 のとき、 \left\lvert P _ i-P _ j\right\rvert=1,\left\lvert i-j\right\rvert=1 です。 j=3 のとき、 \left\lvert P _ i-P _ j\right\rvert=1,\left\lvert i-j\right\rvert=2 です。 j=4 のとき、 \left\lvert P _ i-P _ j\right\rvert=2,\left\lvert i-j\right\rvert=3 です。 よって、 j=2 のとき \left\lvert P _ i-P _ j\right\rvert+\left\lvert i-j\right\rvert=2 で最小となるので、 D _ 1=2 です。 入力例 2 7 1 2 3 4 5 6 7 出力例 2 2 2 2 2 2 2 2 入力例 3 16 12 10 7 14 8 3 11 13 2 5 6 16 4 1 15 9 出力例 3 3 3 3 5 3 4 3 3 4 2 2 4 4 4 4 7",500.0,
atcoder,abc,public_sponsored_abc,unique_vision,abc283,ユニークビジョンプログラミングコンテスト2022 冬(AtCoder Beginner Contest 283),2022,,1671883200.0,2022.0,abc283_g,G,Partial Xor Enumeration,G. Partial Xor Enumeration,2173.0,1121,"['xor basis', 'xor', 'linear algebra', 'enumeration']",4,https://atcoder.jp/contests/abc283/tasks/abc283_g,https://atcoder-tagged-backend.onrender.com/problems/all,2.3.0-sponsor-abc-kenkoooo-diff,ja,2026-06-04T18:46:05.900291+00:00,70.949,2093.0,"配点 : 600 点 問題文 長さ N の非負整数列 A=(A _ 1,A _ 2,\ldots,A _ N) が与えられます。 非負整数列 (a _ 1,a _ 2,\ldots,a _ n) の \operatorname{xor} を、すべての非負整数 j について次の条件を満たすような整数 X と定義します。 a _ 1,\ldots,a _ n のうち二進法で表したとき 2^j の位が 1 であるものが奇数個であるとき、かつそのときに限り 2^j の位が 1 である 非負整数の集合 \lbrace s _ 1,s _ 2,\ldots,s _ k\rbrace\ (s _ 1\lt s _ 2\lt\cdots\lt s _ k) を、 A の連続とは限らない（空でもよい）部分列の \operatorname{xor} として得られる整数の集合とします。 整数 L,R が与えられるので、 s _ L,s _ {L+1},\ldots,s _ R をこの順に出力してください。 制約 1\leq N\leq2\times10^5 0\leq A _ i\lt2^{60}\ (1\leq i\leq N) 1\leq L\leq R\leq k R-L\leq2\times10^5 入力はすべて整数 入力 入力は以下の形式で標準入力から与えられる。 N L R A _ 1 A _ 2 \ldots A _ N 出力 s _ i\ (L\leq i\leq R) を i の昇順に空白区切りで出力せよ。 入力例 1 4 1 8 2 21 17 21 出力例 1 0 2 4 6 17 19 21 23 A の連続とは限らない部分列としてありえる列は (),(2),(17),(21),(2,17),(2,21),(17,21),(21,17),(21,21),(2,17,21),(2,21,17),(2,21,21),(21,17,21),(2,21,17,21) の 14 種類です。 それぞれ、 \operatorname{xor} は次のようになります。 空列の \operatorname{xor} は 0 です。 (2) の \operatorname{xor} は 2 です。 (17) の \operatorname{xor} は 17 です。 (21) の \operatorname{xor} は 21 です。 (2,17) の \operatorname{xor} は 19 です。 (2,21) の \operatorname{xor} は 23 です。 (17,21) の \operatorname{xor} は 4 です。 (21,17) の \operatorname{xor} は 4 です。 (21,21) の \operatorname{xor} は 0 です。 (2,17,21) の \operatorname{xor} は 6 です。 (2,21,17) の \operatorname{xor} は 6 です。 (2,21,21) の \operatorname{xor} は 2 です。 (21,17,21) の \operatorname{xor} は 17 です。 (2,21,17,21) の \operatorname{xor} は 19 です。 よって、 A の部分列のビットごとの排他的論理和としてありえる値の集合は \lbrace0,2,4,6,17,19,21,23\rbrace です。 入力例 2 4 3 7 2 21 17 21 出力例 2 4 6 17 19 21 入力例 3 5 1 1 0 0 0 0 0 出力例 3 0 入力例 4 6 21 21 88 44 82 110 121 80 出力例 4 41 入力例 5 12 26 48 19629557415 14220078328 11340722069 30701452525 22333517481 720413777 11883028647 20926361028 24376768297 720413777 27999065315 13558621130 出力例 5 13558621130 14220078328 14586054825 15518998043 15970974282 16379590008 17091531049 17412316967 17836964726 18263536708 18965057557 19629557415 20282860278 20926361028 21302757781 21908867832 22333517481 22893781403 23595304394 23723463544 24376768297 24885524507 25261923402 入力や出力が 32\operatorname{bit} 整数に収まらない場合があることに注意してください。",600.0,
atcoder,abc,public_sponsored_abc,unique_vision,abc283,ユニークビジョンプログラミングコンテスト2022 冬(AtCoder Beginner Contest 283),2022,,1671883200.0,2022.0,abc283_h,Ex,Popcount Sum,Ex. Popcount Sum,2682.0,514,"['number theory', 'bit manipulation', 'floor sum', 'modular arithmetic']",4,https://atcoder.jp/contests/abc283/tasks/abc283_h,https://atcoder-tagged-backend.onrender.com/problems/all,2.3.0-sponsor-abc-kenkoooo-diff,ja,2026-06-04T18:46:05.900291+00:00,80.995,696.0,配点 : 600 点 問題文 1 以上 N 以下の整数であって、 M で割った余りが R になるものすべてに対する popcount の総和を求めてください。 ただし、正整数 X に対して X の popcount とは X を二進表記したときの 1 の個数、すなわち 2^k の位が 1 となる非負整数 k の個数のことです。 1 つの入力につき、 T 個のテストケースに答えてください。 制約 1 \leq T \leq 10^5 1 \leq M \leq N \leq 10^9 0 \leq R < M 入力はすべて整数 入力 入力は以下の形式で標準入力から与えられる。入力の 1 行目は以下の通りである。 T そして、 T 個のテストケースが続く。これらはそれぞれ以下の形式で与えられる。 N M R 出力 T 行出力せよ。 i 行目には i 番目のテストケースに対する答えを出力せよ。 入力例 1 2 12 5 1 6 1 0 出力例 1 6 9 1 つ目のテストケースでは、 1 の popcount が 1 、 6 の popcount が 2 、 11 の popcount が 3 であるため 1+2+3 の計算結果である 6 を出力します。 2 つ目のテストケースでは、 1 の popcount が 1 、 2 の popcount が 1 、 3 の popcount が 2 、 4 の popcount が 1 、 5 の popcount が 2 、 6 の popcount が 2 であるため 1+1+2+1+2+2 の計算結果である 9 を出力します。,600.0,
atcoder,abc,public_sponsored_abc,unique_vision,abc287,ユニークビジョンプログラミングコンテスト2023 新春 (AtCoder Beginner Contest 287),2023,,1674907200.0,2023.0,abc287_a,A,Majority,A. Majority,-1023.0,14311,"['counting', 'implementation', 'comparison']",3,https://atcoder.jp/contests/abc287/tasks/abc287_a,https://atcoder-tagged-backend.onrender.com/problems/all,2.3.0-sponsor-abc-kenkoooo-diff,ja,2026-06-04T18:46:05.900291+00:00,7.874,550.0,"配点 : 100 点 問題文 ある提案に対し、 N 人の人が賛成か反対かを表明しています。なお、 N は奇数です。 i \, (i = 1, 2, \dots, N) 番目の人の意見は文字列 S_i で表され、 S_i = For のとき賛成しており、 S_i = Against のとき反対しています。 過半数の人がこの提案に賛成しているかどうかを判定してください。 制約 N は 1 以上 99 以下の 奇数 全ての i = 1, 2, \dots, N に対し、 S_i = For または S_i = Against 入力 入力は以下の形式で標準入力から与えられる。 N S_1 S_2 \vdots S_N 出力 N 人のうち過半数が提案に賛成しているならば Yes 、そうでなければ No と出力せよ。 入力例 1 3 For Against For 出力例 1 Yes 提案に賛成している人数は 2 人であり、これは半数を超えているので Yes と出力します。 入力例 2 5 Against Against For Against For 出力例 2 No 提案に賛成している人数は 2 人であり、これは半数以下なので No と出力します。 入力例 3 1 For 出力例 3 Yes",100.0,
atcoder,abc,public_sponsored_abc,unique_vision,abc287,ユニークビジョンプログラミングコンテスト2023 新春 (AtCoder Beginner Contest 287),2023,,1674907200.0,2023.0,abc287_b,B,Postal Card,B. Postal Card,-471.0,12682,"['string', 'implementation', 'set', 'hashing']",4,https://atcoder.jp/contests/abc287/tasks/abc287_b,https://atcoder-tagged-backend.onrender.com/problems/all,2.3.0-sponsor-abc-kenkoooo-diff,ja,2026-06-04T18:46:05.900291+00:00,18.769,788.0,"配点 : 200 点 問題文 数字のみからなる長さ 6 の文字列が N 個与えられます。 i \, (i = 1, 2, \dots, N) 番目のものを S_i と表します。 さらに、数字のみからなる長さ 3 の文字列が M 個与えられます。 j \, (j = 1, 2, \dots, M) 番目のものを T_j と表します。 S_1, S_2, \dots, S_N のうち、末尾 3 文字が T_1, T_2, \dots, T_M のいずれかに一致するものの個数を求めてください。 制約 1 \leq N, M \leq 1000 N, M は整数 全ての i = 1, 2, \dots, N に対し、 S_i は数字のみからなる長さ 6 の文字列 全ての j = 1, 2, \dots, M に対し、 T_j は数字のみからなる長さ 3 の文字列 入力 入力は以下の形式で標準入力から与えられる。 N M S_1 S_2 \vdots S_N T_1 T_2 \vdots T_M 出力 答えを出力せよ。 入力例 1 3 3 142857 004159 071028 159 287 857 出力例 1 2 S_1 の末尾 3 文字は 857 であり、これは T_3 に一致します。 S_2 の末尾 3 文字は 159 であり、これは T_1 に一致します。 S_3 の末尾 3 文字は 028 であり、これは T_1, T_2, T_3 のいずれにも一致しません。 以上から、答えは 2 です。 入力例 2 5 4 235983 109467 823476 592801 000333 333 108 467 983 出力例 2 3 入力例 3 4 4 000000 123456 987111 000000 000 111 999 111 出力例 3 3",200.0,
atcoder,abc,public_sponsored_abc,unique_vision,abc287,ユニークビジョンプログラミングコンテスト2023 新春 (AtCoder Beginner Contest 287),2023,,1674907200.0,2023.0,abc287_c,C,Path Graph?,C. Path Graph?,466.0,9089,"['graph theory', 'degree', 'connectivity', 'bfs', 'dfs', 'dsu']",6,https://atcoder.jp/contests/abc287/tasks/abc287_c,https://atcoder-tagged-backend.onrender.com/problems/all,2.3.0-sponsor-abc-kenkoooo-diff,ja,2026-06-04T18:46:05.900291+00:00,37.261,927.0,"配点 : 300 点 問題文 N 頂点 M 辺の単純無向グラフが与えられます。頂点には 1, 2, \dots, N の番号が、辺には 1, 2, \dots, M の番号が付けられています。 辺 i \, (i = 1, 2, \dots, M) は頂点 u_i, v_i を結んでいます。 このグラフがパスグラフであるか判定してください。 単純無向グラフとは 単純無向グラフ とは、自己ループや多重辺を含まず、辺に向きの無いグラフのことをいいます。 パスグラフとは 頂点に 1, 2, \dots, N の番号が付けられた N 頂点のグラフが パスグラフ であるとは、 (1, 2, \dots, N) を並べ変えて得られる数列 (v_1, v_2, \dots, v_N) であって、以下の条件を満たすものが存在することをいいます。 全ての i = 1, 2, \dots, N-1 に対して、頂点 v_i, v_{i+1} を結ぶ辺が存在する 整数 i, j が 1 \leq i, j \leq N, |i - j| \geq 2 を満たすならば、頂点 v_i, v_j を結ぶ辺は存在しない 制約 2 \leq N \leq 2 \times 10^5 0 \leq M \leq 2 \times 10^5 1 \leq u_i, v_i \leq N \, (i = 1, 2, \dots, M) 入力される値は全て整数 入力で与えられるグラフは単純 入力 入力は以下の形式で標準入力から与えられる。 N M u_1 v_1 u_2 v_2 \vdots u_M v_M 出力 与えられたグラフがパスグラフなら Yes 、そうでないなら No と出力せよ。 入力例 1 4 3 1 3 4 2 3 2 出力例 1 Yes 与えらえたグラフは下図のようであり、これはパスグラフです。 入力例 2 2 0 出力例 2 No 与えらえたグラフは下図のようであり、これはパスグラフではありません。 入力例 3 5 5 1 2 2 3 3 4 4 5 5 1 出力例 3 No 与えらえたグラフは下図のようであり、これはパスグラフではありません。",300.0,
atcoder,abc,public_sponsored_abc,unique_vision,abc287,ユニークビジョンプログラミングコンテスト2023 新春 (AtCoder Beginner Contest 287),2023,,1674907200.0,2023.0,abc287_d,D,Match or Not,D. Match or Not,796.0,6745,"['string matching', 'prefix', 'suffix']",3,https://atcoder.jp/contests/abc287/tasks/abc287_d,https://atcoder-tagged-backend.onrender.com/problems/all,2.3.0-sponsor-abc-kenkoooo-diff,ja,2026-06-04T18:46:05.900291+00:00,43.773,821.0,"配点 : 400 点 問題文 英小文字と ? からなる文字列 S,T が与えられます。ここで、 |S| \gt |T| が成り立ちます(文字列 X に対し、 |X| で X の長さを表します)。 また、 |X|=|Y| を満たす文字列 X,Y は、次の条件を満たすとき及びそのときに限り マッチする といいます。 X,Y に含まれる ? をそれぞれ独立に好きな英小文字に置き換えることで X と Y を一致させることができる x=0,1,\ldots,|T| に対して次の問題を解いてください。 S の先頭の x 文字と末尾の |T|-x 文字を順番を保ったまま連結することで得られる長さ |T| の文字列を S' とする。 S' と T がマッチするならば Yes と、そうでなければ No と出力せよ。 制約 S,T は英小文字と ? からなる文字列 1 \leq |T| \lt |S| \leq 3 \times 10^5 入力 入力は以下の形式で標準入力から与えられる。 S T 出力 |T|+1 行出力せよ。 i 行目には x=i-1 に対する出力をせよ。 入力例 1 a?c b? 出力例 1 Yes No No x=0 の場合、 S' は ?c となります。ここで、 S' の 1 文字目の ? を b に、 T の 2 文字目の ? を c に置き換えることで S' と T を一致させることができるため、 S' と T はマッチします。このため、 1 行目の出力は Yes です。 x=1,2 の場合は S' はそれぞれ ac 、 a? であり、 T とマッチしません。このため、 2,3 行目の出力は No です。 入力例 2 atcoder ????? 出力例 2 Yes Yes Yes Yes Yes Yes 入力例 3 beginner contest 出力例 3 No No No No No No No No",400.0,
atcoder,abc,public_sponsored_abc,unique_vision,abc287,ユニークビジョンプログラミングコンテスト2023 新春 (AtCoder Beginner Contest 287),2023,,1674907200.0,2023.0,abc287_e,E,Karuta,E. Karuta,1093.0,5749,"['implementation', 'sorting', 'string', 'trie']",4,https://atcoder.jp/contests/abc287/tasks/abc287_e,https://atcoder-tagged-backend.onrender.com/problems/all,2.3.0-sponsor-abc-kenkoooo-diff,ja,2026-06-04T18:46:05.900291+00:00,49.635,801.0,"配点 : 500 点 問題文 英小文字からなる文字列が N 個与えられます。 i \, (i = 1, 2, \dots, N) 番目のものを S_i と表します。 二つの文字列 x, y に対し、以下の条件を全て満たす最大の整数 n を \mathrm{LCP}(x, y) と表します。 x, y の長さはいずれも n 以上 1 以上 n 以下の全ての整数 i に対し、 x の i 文字目と y の i 文字目が等しい 全ての i = 1, 2, \dots, N に対し、以下の値を求めてください。 \displaystyle \max_{i \neq j} \mathrm{LCP}(S_i, S_j) 制約 2 \leq N \leq 5 \times 10^5 N は整数 S_i は英小文字からなる長さ 1 以上の文字列 (i = 1, 2, \dots, N) S_i の長さの総和は 5 \times 10^5 以下 入力 入力は以下の形式で標準入力から与えられる。 N S_1 S_2 \vdots S_N 出力 N 行出力せよ。 i \, (i = 1, 2, \dots, N) 行目には、 \displaystyle \max_{i \neq j} \mathrm{LCP}(S_i, S_j) を出力せよ。 入力例 1 3 abc abb aac 出力例 1 2 2 1 \mathrm{LCP}(S_1, S_2) = 2, \mathrm{LCP}(S_1, S_3) = 1, \mathrm{LCP}(S_2, S_3) = 1 です。 入力例 2 11 abracadabra bracadabra racadabra acadabra cadabra adabra dabra abra bra ra a 出力例 2 4 3 2 1 0 1 0 4 3 2 1",500.0,
atcoder,abc,public_sponsored_abc,unique_vision,abc287,ユニークビジョンプログラミングコンテスト2023 新春 (AtCoder Beginner Contest 287),2023,,1674907200.0,2023.0,abc287_f,F,Components,F. Components,2034.0,1760,"['dp on trees', 'connected components', 'subgraph', 'combinatorics']",4,https://atcoder.jp/contests/abc287/tasks/abc287_f,https://atcoder-tagged-backend.onrender.com/problems/all,2.3.0-sponsor-abc-kenkoooo-diff,ja,2026-06-04T18:46:05.900291+00:00,68.206,728.0,"配点 : 500 点 問題文 N 頂点の木があります。頂点には 1 から N までの番号が付いており、 i 番目の辺は頂点 a_i と頂点 b_i を結んでいます。 x=1,2,\ldots,N に対して次の問題を解いてください。 木の頂点の部分集合 V であって空でないものは 2^N-1 通り存在するが、そのうち V による誘導部分グラフの連結成分数が x であるようなものは何通りあるかを 998244353 で割った余りを求めよ。 誘導部分グラフとは S をグラフ G の頂点の部分集合とします。このとき、 G の S による誘導部分グラフとは、頂点集合が S で、辺集合が「 G の辺であって両端が S に含まれるものすべて」であるようなグラフです。 制約 1 \leq N \leq 5000 1 \leq a_i \lt b_i \leq N 与えられるグラフは木 入力 入力は以下の形式で標準入力から与えられる。 N a_1 b_1 \vdots a_{N-1} b_{N-1} 出力 N 行出力せよ。 i 行目には x=i に対する出力をせよ。 入力例 1 4 1 2 2 3 3 4 出力例 1 10 5 0 0 以下の 5 通りでは誘導部分グラフの連結成分数が 2 、これら以外では 1 になります。 V = \{1,2,4\} V = \{1,3\} V = \{1,3,4\} V = \{1,4\} V = \{2,4\} 入力例 2 2 1 2 出力例 2 3 0 入力例 3 10 3 4 3 6 6 9 1 3 2 4 5 6 6 10 1 8 5 7 出力例 3 140 281 352 195 52 3 0 0 0 0",500.0,
atcoder,abc,public_sponsored_abc,unique_vision,abc287,ユニークビジョンプログラミングコンテスト2023 新春 (AtCoder Beginner Contest 287),2023,,1674907200.0,2023.0,abc287_g,G,Balance Update Query,G. Balance Update Query,2180.0,1209,"['coordinate compression', 'binary indexed tree', 'binary search', 'data structure']",4,https://atcoder.jp/contests/abc287/tasks/abc287_g,https://atcoder-tagged-backend.onrender.com/problems/all,2.3.0-sponsor-abc-kenkoooo-diff,ja,2026-06-04T18:46:05.900291+00:00,71.087,1055.0,"配点 : 600 点 問題文 高橋君は N 種類のカードを 10^{100} 枚ずつ持っています。はじめ、 i 種類目のカードの得点は a_i で、使用可能枚数は b_i です。 以下の形式のクエリが Q 個与えられるので、順に処理してください。 1 x y : x 種類目のカードの得点を y に設定 2 x y : x 種類目のカードの使用可能枚数を y に設定 3 x : 次の条件を満たすように x 枚のカードを選ぶことができるならば選ばれたカードの得点の総和の最大値を、そうでなければ -1 を出力 どの種類のカードもその使用可能枚数を超えて選ばれない 制約 1 \leq N,Q \leq 2 \times 10^5 0 \leq a_i \leq 10^9 0 \leq b_i \leq 10^4 1 種類目のクエリにおいて 1 \leq x \leq N, 0 \leq y \leq 10^9 2 種類目のクエリにおいて 1 \leq x \leq N, 0 \leq y \leq 10^4 3 種類目のクエリにおいて 1 \leq x \leq 10^9 3 種類目のクエリが 1 個以上含まれる 入力はすべて整数 入力 入力は以下の形式で標準入力から与えられる。ただし、 \mathrm{query}_i で i 番目のクエリを表す。 N a_1 b_1 \vdots a_N b_N Q \mathrm{query}_1 \vdots \mathrm{query}_Q 出力 3 種類目のクエリの個数を M とする。 M 行出力をせよ。 i 行目には i 番目の 3 種類目のクエリに対する出力をせよ。 入力例 1 3 1 1 2 2 3 3 7 3 4 1 1 10 3 4 2 1 0 2 3 0 3 4 3 2 出力例 1 11 19 -1 4 1 番目の 3 種類目のクエリでは、 2 種類目のカードを 1 枚、 3 種類目のカードを 3 枚選ぶことで得点の総和が 11 となり、これが最大です。 2 番目の 3 種類目のクエリでは、 1 種類目のカードを 1 枚、 3 種類目のカードを 3 枚選ぶことで得点の総和が 19 となり、これが最大です。 3 番目の 3 種類目のクエリでは、 4 枚のカードを選ぶことができないため出力は -1 となります。 4 番目の 3 種類目のクエリでは、 2 種類目のカードを 2 枚選ぶことで得点の総和が 4 となり、これが最大です。",600.0,
atcoder,abc,public_sponsored_abc,unique_vision,abc287,ユニークビジョンプログラミングコンテスト2023 新春 (AtCoder Beginner Contest 287),2023,,1674907200.0,2023.0,abc287_h,Ex,Directed Graph and Query,Ex. Directed Graph and Query,2639.0,718,"['floyd warshall', 'bitset', 'reachability', 'directed graph', 'query']",5,https://atcoder.jp/contests/abc287/tasks/abc287_h,https://atcoder-tagged-backend.onrender.com/problems/all,2.3.0-sponsor-abc-kenkoooo-diff,ja,2026-06-04T18:46:05.900291+00:00,80.146,832.0,"配点 : 600 点 問題文 N 頂点 M 辺の有向グラフがあります。頂点には 1 から N までの番号が付いており、 i 番目の有向辺は頂点 a_i から頂点 b_i へと結ばれています。 また、このグラフ上の経路について、コストを次のように定めます。 経路上の頂点(始点・終点を含む)の番号の最大値 x=1,2,\ldots,Q に対して次の問題を解いてください。 頂点 s_x から頂点 t_x への経路のコストの最小値を求めよ。ただし、そのような経路が一つも存在しない場合は代わりに -1 と出力せよ。 なお、入力の量が多くなる場合があるので、高速な方法で入出力を行うことを推奨します。 制約 2 \leq N \leq 2000 0 \leq M \leq N(N-1) 1 \leq a_i,b_i \leq N a_i \neq b_i i \neq j ならば (a_i,b_i) \neq (a_j,b_j) 1 \leq Q \leq 10^4 1 \leq s_i,t_i \leq N s_i \neq t_i 入力はすべて整数 入力 入力は以下の形式で標準入力から与えられる。 N M a_1 b_1 \vdots a_M b_M Q s_1 t_1 \vdots s_Q t_Q 出力 Q 行出力せよ。 i 行目には x=i に対する出力をせよ。 入力例 1 4 4 1 2 2 3 3 1 4 3 3 1 2 2 1 1 4 出力例 1 2 3 -1 x=1 に対しては、 1 番目の辺を通って頂点 1 から頂点 2 へ行く経路のコストが 2 であり、これが最小です。 x=2 に対しては、 2 番目の辺を通って頂点 2 から頂点 3 へ、そして 3 番目の辺を通って頂点 3 から頂点 1 へ行く経路のコストが 3 であり、これが最小です。 x=3 に対しては、頂点 1 から頂点 4 への経路が存在しないため -1 と出力します。",600.0,
atcoder,abc,public_sponsored_abc,toyota,abc288,Toyota Programming Contest 2023 Spring Qual A（AtCoder Beginner Contest 288）,2023,,1675512000.0,2023.0,abc288_a,A,Many A+B Problems,A. Many A+B Problems,-1292.0,14851,"['implementation', 'language features', 'math']",3,https://atcoder.jp/contests/abc288/tasks/abc288_a,https://atcoder-tagged-backend.onrender.com/problems/all,2.3.0-sponsor-abc-kenkoooo-diff,ja,2026-06-04T18:46:05.900291+00:00,2.566,542.0,"配点 : 100 点 問題文 N 個の整数の 2 つ組 (A_1, B_1), (A_2, B_2), \ldots, (A_N, B_N) が与えられます。 各 i = 1, 2, \ldots, N について、 A_i + B_i を出力してください。 制約 1 \leq N \leq 1000 -10^9 \leq A_i, B_i \leq 10^9 入力はすべて整数 入力 入力は以下の形式で標準入力から与えられる。 N A_1 B_1 A_2 B_2 \vdots A_N B_N 出力 N 行出力せよ。 i = 1, 2, \ldots, N について、 i 行目には A_i+B_i を出力せよ。 入力例 1 4 3 5 2 -6 -5 0 314159265 123456789 出力例 1 8 -4 -5 437616054 1 行目には、 A_1 + B_1 = 3 + 5 = 8 を、 2 行目には、 A_2 + B_2 = 2 + (-6) = -4 を、 3 行目には、 A_3 + B_3 = (-5) + 0 = -5 を、 4 行目には、 A_4 + B_4 = 314159265 + 123456789 = 437616054 を出力します。",100.0,
atcoder,abc,public_sponsored_abc,toyota,abc288,Toyota Programming Contest 2023 Spring Qual A（AtCoder Beginner Contest 288）,2023,,1675512000.0,2023.0,abc288_b,B,Qualification Contest,B. Qualification Contest,-483.0,12466,"['string', 'sorting', 'lexicographical', 'implementation']",4,https://atcoder.jp/contests/abc288/tasks/abc288_b,https://atcoder-tagged-backend.onrender.com/problems/all,2.3.0-sponsor-abc-kenkoooo-diff,ja,2026-06-04T18:46:05.900291+00:00,18.532,1081.0,"配点 : 200 点 問題文 N 人の人があるコンテストに参加し、 i 位の人のハンドルネームは S_i でした。 上位 K 人のハンドルネームを 辞書順 に出力してください。 辞書順とは？ 辞書順とは簡単に説明すると「単語が辞書に載っている順番」を意味します。より厳密な説明として、相異なる文字列 S と文字列 T の大小を判定するアルゴリズムを以下に説明します。 以下では「 S の i 文字目の文字」を S_i のように表します。また、 S が T より辞書順で小さい場合は S \lt T 、大きい場合は S \gt T と表します。 S と T のうち長さが短い方の文字列の長さを L とします。 i=1,2,\dots,L に対して S_i と T_i が一致するか調べます。 S_i \neq T_i である i が存在する場合、そのような i のうち最小のものを j とします。そして、 S_j と T_j を比較して、 S_j がアルファベット順で T_j より小さい場合は S \lt T 、大きい場合は S \gt T と決定して、アルゴリズムを終了します。 S_i \neq T_i である i が存在しない場合、 S と T の長さを比較して、 S が T より短い場合は S \lt T 、長い場合は S \gt T と決定して、アルゴリズムを終了します。 制約 1 \leq K \leq N \leq 100 K, N は整数 S_i は英小文字からなる長さ 10 以下の文字列 i \neq j ならば S_i \neq S_j 入力 入力は以下の形式で標準入力から与えられる。 N K S_1 S_2 \vdots S_N 出力 答えを改行区切りで出力せよ。 入力例 1 5 3 abc aaaaa xyz a def 出力例 1 aaaaa abc xyz このコンテストには 5 人が参加し、 1 位の人のハンドルネームは abc 、 2 位の人のハンドルネームは aaaaa 、 3 位の人のハンドルネームは xyz 、 4 位の人のハンドルネームは a 、 5 位の人のハンドルネームは def でした。 上位 3 人のハンドルネームは abc 、 aaaaa 、 xyz であるため、これを辞書順に並べ替えて aaaaa 、 abc 、 xyz の順に出力します。 入力例 2 4 4 z zyx zzz rbg 出力例 2 rbg z zyx zzz 入力例 3 3 1 abc arc agc 出力例 3 abc",200.0,
atcoder,abc,public_sponsored_abc,toyota,abc288,Toyota Programming Contest 2023 Spring Qual A（AtCoder Beginner Contest 288）,2023,,1675512000.0,2023.0,abc288_c,C,Don’t be cycle,C. Don’t be cycle,436.0,9256,"['connected components', 'counting', 'graph', 'implementation', 'dsu']",5,https://atcoder.jp/contests/abc288/tasks/abc288_c,https://atcoder-tagged-backend.onrender.com/problems/all,2.3.0-sponsor-abc-kenkoooo-diff,ja,2026-06-04T18:46:05.900291+00:00,36.669,769.0,"配点 : 300 点 問題文 N 頂点 M 辺の単純無向グラフが与えられます。頂点には 1 から N の番号がついており、 i 番目の辺は頂点 A_i と頂点 B_i を結んでいます。 このグラフから 0 本以上のいくつかの辺を削除してグラフが閉路を持たないようにするとき、削除する辺の本数の最小値を求めてください。 単純無向グラフとは 単純無向グラフ とは、自己ループや多重辺を含まず、辺に向きの無いグラフのことをいいます。 閉路とは 単純無向グラフが 閉路 を持つとは、 i \neq j ならば v_i \neq v_j を満たす長さ 3 以上の頂点列 (v_0, v_1, \ldots, v_{n-1}) であって、各 0 \leq i に対し v_i と v_{i+1 \bmod n} の間に辺が存在するものがあることをいいます。 制約 1 \leq N \leq 2 \times 10^5 0 \leq M \leq 2 \times 10^5 1 \leq A_i, B_i \leq N 与えられるグラフは単純 入力はすべて整数 入力 入力は以下の形式で標準入力から与えられる。 N M A_1 B_1 A_2 B_2 \vdots A_M B_M 出力 答えを出力せよ。 入力例 1 6 7 1 2 1 3 2 3 4 2 6 5 4 6 4 5 出力例 1 2 頂点 1 と頂点 2 を結ぶ辺・頂点 4 と頂点 5 を結ぶ辺の 2 本を削除するなどの方法でグラフが閉路を持たないようにすることができます。 1 本以下の辺の削除でグラフが閉路を持たないようにすることはできないので、 2 を出力します。 入力例 2 4 2 1 2 3 4 出力例 2 0 入力例 3 5 3 1 2 1 3 2 3 出力例 3 1",300.0,
atcoder,abc,public_sponsored_abc,toyota,abc288,Toyota Programming Contest 2023 Spring Qual A（AtCoder Beginner Contest 288）,2023,,1675512000.0,2023.0,abc288_d,D,Range Add Query,D. Range Add Query,1757.0,3049,"['difference array', 'prefix sum', 'modular arithmetic', 'range query']",4,https://atcoder.jp/contests/abc288/tasks/abc288_d,https://atcoder-tagged-backend.onrender.com/problems/all,2.3.0-sponsor-abc-kenkoooo-diff,ja,2026-06-04T18:46:05.900291+00:00,62.739,1473.0,"配点 : 400 点 問題文 長さ N の整数列 A = (A_1, A_2, \ldots, A_N) と正整数 K が与えられます。 各 i = 1, 2, \ldots, Q について、 A の連続部分列 (A_{l_i}, A_{l_i+1}, \ldots, A_{r_i}) が 良い数列 かどうかを判定してください。 ここで、長さ n の数列 X = (X_1, X_2, \ldots, X_n) は、下記の操作を好きな回数（ 0 回でも良い）だけ行うことによって、 X のすべての要素を 0 にすることができるとき、かつ、そのときに限り 良い数列 です。 1 \leq i \leq n-K+1 を満たす整数 i および、整数 c （負の数でも良い）を選び、 K 個の要素 X_{i}, X_{i+1}, \ldots, X_{i+K-1} のそれぞれに c を加算する。 なお、すべての i = 1, 2, \ldots, Q について、 r_i - l_i + 1 \geq K が保証されます。 制約 1 \leq N \leq 2 \times 10^5 1 \leq K \leq \min\lbrace 10, N \rbrace -10^9 \leq A_i \leq 10^9 1 \leq Q \leq 2 \times 10^5 1 \leq l_i, r_i \leq N r_i-l_i+1 \geq K 入力はすべて整数 入力 入力は以下の形式で標準入力から与えられる。 N K A_1 A_2 \ldots A_N Q l_1 r_1 l_2 r_2 \vdots l_Q r_Q 出力 Q 行出力せよ。 i = 1, 2, \ldots, Q について、 i 行目には数列 (A_{l_i}, A_{l_i+1}, \ldots, A_{r_i}) が良い数列である場合は Yes を、 そうでない場合は No を出力せよ。 入力例 1 7 3 3 -1 1 -2 2 0 5 2 1 6 2 7 出力例 1 Yes No 数列 X \coloneqq (A_1, A_2, A_3, A_4, A_5, A_6) = (3, -1, 1, -2, 2, 0) は良い数列です。 実際、下記の手順で操作を行うことで、すべての要素を 0 にすることができます。 まず、 i = 2, c = 4 として操作を行う。その結果、 X = (3, 3, 5, 2, 2, 0) となる。 次に、 i = 3, c = -2 として操作を行う。その結果、 X = (3, 3, 3, 0, 0, 0) となる。 最後に、 i = 1, c = -3 として操作を行う。その結果、 X = (0, 0, 0, 0, 0, 0) となる。 よって、 1 行目には Yes を出力します。 一方、数列 (A_2, A_3, A_4, A_5, A_6, A_7) = (-1, 1, -2, 2, 0, 5) は、 どのような手順で操作を行ってもすべての要素を 0 にすることはできないため、良い数列ではありません。 よって、 2 行目には No を出力します。 入力例 2 20 4 -19 -66 -99 16 18 33 32 28 26 11 12 0 -16 4 21 21 37 17 55 -19 5 13 16 4 11 3 12 13 18 4 10 出力例 2 No Yes No Yes No",400.0,
atcoder,abc,public_sponsored_abc,toyota,abc288,Toyota Programming Contest 2023 Spring Qual A（AtCoder Beginner Contest 288）,2023,,1675512000.0,2023.0,abc288_e,E,Wish List,E. Wish List,2000.0,2018,"['dp', 'implementation', 'optimization']",3,https://atcoder.jp/contests/abc288/tasks/abc288_e,https://atcoder-tagged-backend.onrender.com/problems/all,2.3.0-sponsor-abc-kenkoooo-diff,ja,2026-06-04T18:46:05.900291+00:00,67.535,1362.0,"配点 : 500 点 問題文 お店に N 個の商品が並んでおり、それらは商品 1 、商品 2 、 \ldots 、商品 N と番号づけられています。 i = 1, 2, \ldots, N について、商品 i の 定価 は A_i 円です。また、各商品の在庫は 1 つです。 高橋君は、商品 X_1 、商品 X_2 、 \ldots 、商品 X_M の M 個の商品が欲しいです。 高橋君は、欲しい商品をすべて手に入れるまで、下記の行動を繰り返します。 現在売れ残っている商品の個数を r とする。 1 \leq j \leq r を満たす整数 j を選び、現在売れ残っている商品のうち番号が j 番目に小さい商品を、その 定価 に C_j 円だけ加えた金額で購入する。 高橋君が欲しい商品をすべて手に入れるまでにかかる合計費用としてあり得る最小値を出力してください。 なお、高橋君は欲しい商品ではない商品を購入することもできます。 制約 1 \leq M \leq N \leq 5000 1 \leq A_i \leq 10^9 1 \leq C_i \leq 10^9 1 \leq X_1 \lt X_2 \lt \cdots \lt X_M \leq N 入力はすべて整数 入力 入力は以下の形式で標準入力から与えられる。 N M A_1 A_2 \ldots A_N C_1 C_2 \ldots C_N X_1 X_2 \ldots X_M 出力 答えを出力せよ。 入力例 1 5 2 3 1 4 1 5 9 2 6 5 3 3 5 出力例 1 17 高橋君は下記の手順で行動することで、欲しい商品をすべて手に入れるまでにかかる合計費用を最小にすることができます。 はじめ、商品 1, 2, 3, 4, 5 の 5 個の商品が売れ残っています。 高橋君は j = 5 を選び、売れ残っている商品のうち番号が 5 番目に小さい商品 5 を、 A_5 + C_5 = 5 + 3 = 8 円で購入します。 その後、商品 1, 2, 3, 4 の 4 個の商品が売れ残っています。 高橋君は j = 2 を選び、売れ残っている商品のうち番号が 2 番目に小さい商品 2 を、 A_2 + C_2 = 1 + 2 = 3 円で購入します。 その後、商品 1, 3, 4 の 3 個の商品が売れ残っています。 高橋君は j = 2 を選び、売れ残っている商品のうち番号が 2 番目に小さい商品 3 を、 A_3 + C_2 = 4 + 2 = 6 円で購入します。 以上の手順によって、高橋君は欲しい商品である商品 3, 5 のすべて（および、欲しい商品ではない商品 2 ）を手に入れることができ、 それまでにかかる合計費用は 8 + 3 + 6 = 17 円です。これが合計費用としてあり得る最小値です。 入力例 2 20 8 29 27 79 27 30 4 93 89 44 88 70 75 96 3 78 39 97 12 53 62 32 38 84 49 93 53 26 13 25 2 76 32 42 34 18 77 14 67 88 12 1 3 4 5 8 14 16 20 出力例 2 533",500.0,
atcoder,abc,public_sponsored_abc,toyota,abc288,Toyota Programming Contest 2023 Spring Qual A（AtCoder Beginner Contest 288）,2023,,1675512000.0,2023.0,abc288_f,F,Integer Division,F. Integer Division,2024.0,1853,"['dp', 'implementation', 'modular arithmetic', 'string']",4,https://atcoder.jp/contests/abc288/tasks/abc288_f,https://atcoder-tagged-backend.onrender.com/problems/all,2.3.0-sponsor-abc-kenkoooo-diff,ja,2026-06-04T18:46:05.900291+00:00,68.009,827.0,"配点 : 500 点 問題文 10 進表記で N 桁の正整数 X が与えられます。 X の各桁は 0 ではありません。 \lbrace 1,2, \ldots, N-1 \rbrace の部分集合 S に対し、 f(S) を以下のように定義します。 X を 10 進表記したものを長さ N の文字列とみなし、 i \in S のとき、またそのときに限り文字列の i 文字目と i + 1 文字目に区切りを入れることで |S| + 1 個の文字列に分解する。 このようにして得られた |S|+1 個の文字列を 10 進表記された整数とみなし、 f(S) をこれら |S|+1 個の整数の積で定める。 S としてあり得るものは空集合を含めて 2^{N-1} 通りありますが、これら全てに対する f(S) の総和を 998244353 で割った余りを求めてください。 制約 2 \leq N \leq 2 \times 10^5 X は 10 進表記で N 桁で、各桁は 0 でない 入力はすべて整数 入力 入力は以下の形式で標準入力から与えられる。 N X 出力 答えを出力せよ。 入力例 1 3 234 出力例 1 418 S = \emptyset とすると、 f(S) = 234 です。 S = \lbrace 1 \rbrace とすると、 f(S) = 2 \times 34 = 68 です。 S = \lbrace 2 \rbrace とすると、 f(S) = 23 \times 4 = 92 です。 S = \lbrace 1, 2 \rbrace とすると、 f(S) = 2 \times 3 \times 4 = 24 です。 234 + 68 + 92 + 24 = 418 であるため、 418 を出力します。 入力例 2 4 5915 出力例 2 17800 入力例 3 9 998244353 出力例 3 258280134",500.0,
atcoder,abc,public_sponsored_abc,toyota,abc288,Toyota Programming Contest 2023 Spring Qual A（AtCoder Beginner Contest 288）,2023,,1675512000.0,2023.0,abc288_g,G,3^N Minesweeper,G. 3^N Minesweeper,2606.0,704,"['zeta transform', 'prefix sum', 'base representation', 'inclusion exclusion']",4,https://atcoder.jp/contests/abc288/tasks/abc288_g,https://atcoder-tagged-backend.onrender.com/problems/all,2.3.0-sponsor-abc-kenkoooo-diff,ja,2026-06-04T18:46:05.900291+00:00,79.495,807.0,"配点 : 600 点 問題文 位置 0, 1, 2, \ldots, 3^N-1 にそれぞれ 0 個あるいは 1 個の爆弾があります。 また、位置 x と位置 y は i=0,1, \ldots, N-1 すべてに対し以下の条件を満たすとき、またそのときに限り 近い位置 であるとします。 x, y を 3 進表記したときの 3^i の位の数字をそれぞれ x', y' として、 |x' - y'| \leq 1 が成立する。 位置 i と近い位置にある爆弾の個数が A_i 個であるとわかっているとき、爆弾の配置としてありえるものを 1 つ出力してください。 制約 1 \leq N \leq 12 A_0, A_1, \ldots, A_{3^N-1} に対応する爆弾の配置が存在する 入力はすべて整数 入力 入力は以下の形式で標準入力から与えられる。 N A_0 A_1 \ldots A_{3^N-1} 出力 位置 i に爆弾がないとき B_i = 0 、位置 i に爆弾があるとき B_i = 1 として B_0, B_1, \ldots, B_{3^N-1} を空白区切りで出力せよ。 入力例 1 1 0 1 1 出力例 1 0 0 1 0 と近い位置は 0 と 1 で、位置 0 と位置 1 に爆弾は合計で 0 個あります。 1 と近い位置は 0 と 1 と 2 で、位置 0 と位置 1 と位置 2 に爆弾は合計で 1 個あります。 2 と近い位置は 1 と 2 で、位置 1 と位置 2 に爆弾は合計で 1 個あります。 2 にのみ爆弾があるような配置は上の条件を全て満たすため、正答となります。 入力例 2 2 2 3 2 4 5 3 3 4 2 出力例 2 0 1 0 1 0 1 1 1 0 入力例 3 2 0 0 0 0 0 0 0 0 0 出力例 3 0 0 0 0 0 0 0 0 0",600.0,
atcoder,abc,public_sponsored_abc,toyota,abc288,Toyota Programming Contest 2023 Spring Qual A（AtCoder Beginner Contest 288）,2023,,1675512000.0,2023.0,abc288_h,Ex,A Nameless Counting Problem,Ex. A Nameless Counting Problem,3282.0,258,"['digit dp', 'dp', 'combinatorics', 'xor', 'counting', 'binomial coefficient', 'partition']",7,https://atcoder.jp/contests/abc288/tasks/abc288_h,https://atcoder-tagged-backend.onrender.com/problems/all,2.3.0-sponsor-abc-kenkoooo-diff,ja,2026-06-04T18:46:05.900291+00:00,92.836,731.0,"配点 : 600 点 問題文 下記の 2 つの条件をともに満たす長さ N の整数列 A = (A_1, A_2, \ldots, A_N) の個数を 998244353 で割ったあまりを出力してください。 0 \leq A_1 \leq A_2 \leq \cdots \leq A_N \leq M A_1 \oplus A_2 \oplus \cdots \oplus A_N = X ここで、 \oplus はビットごとの排他的論理和を表します。 ビットごとの排他的論理和とは？ 非負整数 A, B のビットごとの排他的論理和 A \oplus B は、以下のように定義されます。 A \oplus B を二進表記した際の 2^k ( k \geq 0 ) の位の数は、 A, B を二進表記した際の 2^k の位の数のうち一方のみが 1 であれば 1 、そうでなければ 0 である。 例えば、 3 \oplus 5 = 6 となります (二進表記すると: 011 \oplus 101 = 110 )。 制約 1 \leq N \leq 200 0 \leq M \lt 2^{30} 0 \leq X \lt 2^{30} 入力はすべて整数 入力 入力は以下の形式で標準入力から与えられる。 N M X 出力 答えを出力せよ。 入力例 1 3 3 2 出力例 1 5 問題文中の 2 つの条件をともに満たす長さ N の整数列 A は、 (0, 0, 2), (0, 1, 3), (1, 1, 2), (2, 2, 2), (2, 3, 3) の 5 個です。 入力例 2 200 900606388 317329110 出力例 2 788002104",600.0,
atcoder,abc,public_sponsored_abc,sky,abc289,Ｓｋｙ株式会社プログラミングコンテスト2023（AtCoder Beginner Contest 289）,2023,,1676116800.0,2023.0,abc289_a,A,flip,A. flip,-952.0,14733,"['string', 'implementation']",2,https://atcoder.jp/contests/abc289/tasks/abc289_a,https://atcoder-tagged-backend.onrender.com/problems/all,2.3.0-sponsor-abc-kenkoooo-diff,ja,2026-06-04T18:46:05.900291+00:00,9.276,330.0,配点 : 100 点 問題文 0 と 1 の 2 種類の文字からなる文字列 s が与えられます。 s に含まれる 0 を 1 に、 1 を 0 に置き換えた文字列を出力してください。 制約 s の長さは 1 以上 10 以下 s は 0 と 1 の 2 種類の文字からなる 入力 入力は以下の形式で標準入力から与えられる。 s 出力 答えを 1 行で出力せよ。 入力例 1 01 出力例 1 10 s の 1 文字目は 1 なので、 1 文字目に出力すべき文字は 0 です。 s の 2 文字目は 0 なので、 2 文字目に出力すべき文字は 1 です。 入力例 2 1011 出力例 2 0100 入力例 3 100100001 出力例 3 011011110,100.0,
atcoder,abc,public_sponsored_abc,sky,abc289,Ｓｋｙ株式会社プログラミングコンテスト2023（AtCoder Beginner Contest 289）,2023,,1676116800.0,2023.0,abc289_b,B,V,B. V,169.0,10232,"['connected components', 'graph', 'implementation', 'simulation']",4,https://atcoder.jp/contests/abc289/tasks/abc289_b,https://atcoder-tagged-backend.onrender.com/problems/all,2.3.0-sponsor-abc-kenkoooo-diff,ja,2026-06-04T18:46:05.900291+00:00,31.399,1361.0,"配点 : 200 点 問題文 高橋君は漢文の勉強をしていて、漢字を読む順番が分からず困っています。高橋君を助けましょう！ 1 から N までの N 個の整数が小さい方から順に 1 列に並んでいます。 整数の間に M 個の「レ」が挟まっています。 i 個目の「レ」は、整数 a_i と整数 a_i + 1 の間にあります。 あなたは次の手順に従って、 N 個の整数を 1 回ずつ全て読みます。 まず、頂点に 1 から N までの番号がついた N 頂点 M 辺の無向グラフ G を考える。 i 本目の辺は頂点 a_i と頂点 a_i + 1 を結んでいる。 そして、読まれていない整数が無くなるまで次の操作を繰り返す。 読まれていない整数のうち最小のものを x とする。頂点 x が含まれる連結成分 C を選び、 C に含まれる頂点の番号を大きい方から順に全て読む。 例えば、整数と「レ」が という順番で並んでいる場合を考えます。(この場合 N = 5, M = 3, a = (1, 3, 4) です。) このとき、整数が読まれる順番は以下の手順によって 2, 1, 5, 4, 3 に決定します。 最初、読まれていない整数のうち最小のものは 1 であり、グラフ G の頂点 1 を含む連結成分に含まれる頂点は \lbrace 1, 2 \rbrace である。よって 2, 1 がこの順で読まれる。 次に、読まれていない整数のうち最小のものは 3 であり、グラフ G の頂点 3 を含む連結成分に含まれる頂点は \lbrace 3, 4, 5 \rbrace である。よって 5, 4, 3 がこの順で読まれる。 すべての整数が読まれたので手順を終了する。 N, M, (a_1, a_2, \dots, a_M) が入力として与えられるので、 N 個の整数を読む順番を出力してください。 連結成分とは あるグラフの 部分グラフ とは、元のグラフのいくつかの頂点といくつかの辺を選んでできるグラフのことをいいます。 グラフが 連結 であるとは、グラフに含まれるすべての頂点同士が辺を経由して互いに行き来できることをいいます。 連結成分 とは、連結な部分グラフのうち、そのグラフを含んだより大きい連結な部分グラフが存在しないものをいいます。 制約 1 \leq N \leq 100 0 \leq M \leq N - 1 1 \leq a_1 \lt a_2 \lt \dots \lt a_M \leq N-1 入力される値は全て整数 入力 入力は以下の形式で標準入力から与えられる。 N M a_1 a_2 \dots a_M 出力 答えを以下の形式で出力せよ。ここで p_i は、 i 番目に読まれる整数を意味する。 p_1 p_2 \dots p_N 入力例 1 5 3 1 3 4 出力例 1 2 1 5 4 3 問題文の例にある通り、整数と「レ」が という順で並んでいる場合は 2, 1, 5, 4, 3 の順で読みます。 入力例 2 5 0 出力例 2 1 2 3 4 5 「レ」が存在しない場合もあります。 入力例 3 10 6 1 2 3 7 8 9 出力例 3 4 3 2 1 5 6 10 9 8 7",200.0,
atcoder,abc,public_sponsored_abc,sky,abc289,Ｓｋｙ株式会社プログラミングコンテスト2023（AtCoder Beginner Contest 289）,2023,,1676116800.0,2023.0,abc289_c,C,Coverage,C. Coverage,396.0,9579,"['bitmask', 'brute force', 'implementation', 'set', 'set cover']",5,https://atcoder.jp/contests/abc289/tasks/abc289_c,https://atcoder-tagged-backend.onrender.com/problems/all,2.3.0-sponsor-abc-kenkoooo-diff,ja,2026-06-04T18:46:05.900291+00:00,35.879,891.0,"配点 : 300 点 問題文 1 以上 N 以下の整数からなる集合が M 個あり、順に S_1, S_2, \dots, S_M と呼びます。 S_i は C_i 個の整数 a_{i, 1}, a_{i, 2}, \dots, a_{i, C_i} からなります。 M 個の集合から 1 個以上の集合を選ぶ方法は 2^M-1 通りあります。 このうち、次の条件を満たす選び方は何通りありますか？ 1 \leq x \leq N を満たす全ての整数 x に対して、選んだ集合の中に x を含む集合が少なくとも 1 個存在する。 制約 1 \leq N \leq 10 1 \leq M \leq 10 1 \leq C_i \leq N 1 \leq a_{i,1} \lt a_{i,2} \lt \dots \lt a_{i,C_i} \leq N 入力される値は全て整数 入力 入力は以下の形式で標準入力から与えられる。 N M C_1 a_{1,1} a_{1,2} \dots a_{1,C_1} C_2 a_{2,1} a_{2,2} \dots a_{2,C_2} \vdots C_M a_{M,1} a_{M,2} \dots a_{M,C_M} 出力 問題文の条件を満たす集合の選び方の数を出力せよ。 入力例 1 3 3 2 1 2 2 1 3 1 2 出力例 1 3 入力で与えられている集合はそれぞれ S_1 = \lbrace 1, 2 \rbrace, S_2 = \lbrace 1, 3 \rbrace, S_3 = \lbrace 2 \rbrace です。 問題文の条件を満たす集合の選び方は次の 3 通りです。 S_1, S_2 を選ぶ。 S_1, S_2, S_3 を選ぶ。 S_2, S_3 を選ぶ。 入力例 2 4 2 2 1 2 2 1 3 出力例 2 0 問題文の条件を満たす選び方が存在しない場合もあります。 入力例 3 6 6 3 2 3 6 3 2 4 6 2 3 6 3 1 5 6 3 1 3 6 2 1 4 出力例 3 18",300.0,
atcoder,abc,public_sponsored_abc,sky,abc289,Ｓｋｙ株式会社プログラミングコンテスト2023（AtCoder Beginner Contest 289）,2023,,1676116800.0,2023.0,abc289_d,D,Step Up Robot,D. Step Up Robot,551.0,8816,"['dp', 'reachability']",2,https://atcoder.jp/contests/abc289/tasks/abc289_d,https://atcoder-tagged-backend.onrender.com/problems/all,2.3.0-sponsor-abc-kenkoooo-diff,ja,2026-06-04T18:46:05.900291+00:00,38.938,1046.0,"配点 : 400 点 問題文 無限に続く階段があります。 一番下は 0 段目で、 1 段のぼるごとに 1 段目、 2 段目と続きます。 0 段目に階段登りロボットがいます。 階段登りロボットは、一回の動作で A _ 1,A _ 2,\ldots,A _ N 段ぶん階段をのぼることができます。 つまり、階段登りロボットが i 段目にいるとき、一回動作をした後は i+A _ 1 段目、 i+A _ 2 段目、⋯、 i+A _ N 段目のいずれかにいることができます。 それ以外の段数を一回の動作でのぼることはできません。 階段登りロボットは階段を下ることもできません。 階段の B _ 1,B _ 2,\ldots,B _ M 段目にはモチが設置されています。 モチが設置されている段へのぼるとロボットは動けなくなり、他の段に移動することができなくなります。 階段登りロボットは階段のちょうど X 段目にのぼりたいです。 階段登りロボットが階段のちょうど X 段目にのぼることが可能か判定してください。 制約 1\leq N\leq10 1\leq A _ 1\lt A _ 2\lt\cdots\lt A _ N\leq10^5 1\leq M\leq10^5 1\leq B _ 1\lt B _ 2\lt\cdots\lt B _ M\lt X\leq10^5 入力はすべて整数 入力 入力は以下の形式で標準入力から与えられる。 N A _ 1 A _ 2 \ldots A _ N M B _ 1 B _ 2 \ldots B _ M X 出力 階段登りロボットが階段のちょうど X 段目にのぼることができるとき Yes を、そうでないとき No を 1 行に出力せよ。 入力例 1 3 3 4 5 4 4 5 6 8 15 出力例 1 Yes 例えば、次のようにして 15 段目に到達することができます。 階段を 3 段のぼる。ロボットは 3 段目に移動する。 階段を 4 段のぼる。ロボットは 7 段目に移動する。 階段を 5 段のぼる。ロボットは 12 段目に移動する。 階段を 3 段のぼる。ロボットは 15 段目に移動する。 入力例 2 4 2 3 4 5 4 3 4 5 6 8 出力例 2 No どのように移動しても階段登りロボットが階段のちょうど 8 段目にいることはできません。 入力例 3 4 2 5 7 8 5 2 9 10 11 19 20 出力例 3 Yes",400.0,
atcoder,abc,public_sponsored_abc,sky,abc289,Ｓｋｙ株式会社プログラミングコンテスト2023（AtCoder Beginner Contest 289）,2023,,1676116800.0,2023.0,abc289_e,E,Swap Places,E. Swap Places,1318.0,4586,"['bfs', 'shortest path', 'graph', 'search']",4,https://atcoder.jp/contests/abc289/tasks/abc289_e,https://atcoder-tagged-backend.onrender.com/problems/all,2.3.0-sponsor-abc-kenkoooo-diff,ja,2026-06-04T18:46:05.900291+00:00,54.075,1414.0,"配点 : 500 点 問題文 頂点に 1 から N までの、辺に 1 から M までの番号がついた N 頂点 M 辺の単純無向グラフがあります。 辺 i は頂点 u_i と頂点 v_i を結んでいます。 また、全ての頂点は赤か青のいずれか一方で塗られています。頂点 i の色は C_i で表されて、 C_i が 0 ならば頂点 i は赤く、 1 ならば頂点 i は青く塗られています。 今、高橋君が頂点 1 に、青木君が頂点 N にいます。 2 人は次の行動を 0 回以上好きな回数繰り返します。 2 人が同時に、今いる頂点に隣接している頂点のいずれか 1 個に移動する。 ただし、高橋君の移動先の頂点の色と、青木君の移動先の頂点の色は異なる必要がある。 上記の行動を繰り返すことで、高橋君が頂点 N に、青木君が頂点 1 にいる状態にできますか？ 可能である場合は必要な行動回数の最小値を答えてください。不可能である場合は -1 を出力してください。 入力のはじめに T が与えられるので、 T 個のテストケースについて問題を解いてください。 制約 1 \leq T \leq 1000 2 \leq N \leq 2000 1 \leq M \leq \min(\frac{N(N-1)}{2}, 2000) C_i \in \lbrace 0, 1 \rbrace 1 \leq u_i, v_i \leq N 入力で与えられるグラフは単純 入力される値は全て整数 全てのテストケースに対する N の総和は 2000 を超えない。 全てのテストケースに対する M の総和は 2000 を超えない。 入力 入力は以下の形式で標準入力から与えられる。ここで \text{test}_i は i 番目のテストケースを意味する。 T \text{test}_1 \text{test}_2 \vdots \text{test}_T 各テストケースは以下の形式で与えられる。 N M C_1 C_2 \dots C_N u_1 v_1 u_2 v_2 \vdots u_M v_M 出力 T 行出力せよ。 i 行目には i 番目のテストケースに対する答えを出力せよ。 各テストケースでは、高橋君が頂点 N に、青木君が頂点 1 にいる状態にできる場合は必要な行動回数の最小値を、できない場合は -1 を出力せよ。 入力例 1 3 4 4 0 1 0 1 1 2 2 3 1 3 2 4 3 3 0 1 0 1 2 2 3 1 3 6 6 0 0 1 1 0 1 1 2 2 6 3 6 4 6 4 5 2 4 出力例 1 3 -1 3 1 番目のテストケースでは、高橋君と青木君は以下のように行動することで、 3 回の行動で目的の状態を達成することができて、これが最小です。 高橋君が頂点 3 に、青木君が頂点 2 に移動する。 高橋君が頂点 2 に、青木君が頂点 3 に移動する。 高橋君が頂点 4 に、青木君が頂点 1 に移動する。 ここで、 1 回目の移動で高橋君と青木君がともに頂点 2 に移動することはできないのに注意してください。(なぜならば、高橋君の移動先の頂点の色と青木君の移動先の頂点の色は異なる必要があるからです。) 2 番目のテストケースでは、2 人はどのように行動しても目的の状態を達成することはできません。",500.0,
atcoder,abc,public_sponsored_abc,sky,abc289,Ｓｋｙ株式会社プログラミングコンテスト2023（AtCoder Beginner Contest 289）,2023,,1676116800.0,2023.0,abc289_f,F,Teleporter Takahashi,F. Teleporter Takahashi,2100.0,1223,"['parity', 'constructive', 'geometry', 'case work', 'coordinate geometry']",5,https://atcoder.jp/contests/abc289/tasks/abc289_f,https://atcoder-tagged-backend.onrender.com/problems/all,2.3.0-sponsor-abc-kenkoooo-diff,ja,2026-06-04T18:46:05.900291+00:00,69.509,1277.0,"配点 : 500 点 問題文 xy 平面上に高橋くんがいます。 はじめ、高橋くんは点 (s _ x,s _ y) にいます。 高橋くんは、点 (t _ x,t _ y) に移動したいです。 xy 平面上に、長方形 R\coloneqq\lbrace(x,y)\mid a-0.5\leq x\leq b+0.5,c-0.5\leq y\leq d+0.5\rbrace があります。 次の操作を考えます。 長方形 R に含まれる格子点 (x,y) をひとつ選ぶ。 点 (x,y) を中心に高橋くんはいまいる位置と対称な位置に瞬間移動する。 上の操作を 0 回以上 10^6 回以下繰り返して、高橋くんが点 (t _ x,t _ y) にいるようにできるか判定してください。 できる場合、高橋くんが点 (t _ x,t _ y) に移動することができるような操作の列を 1 つ構成してください。 制約 0\leq s _ x,s _ y,t _ x,t _ y\leq2\times10^5 0\leq a\leq b\leq2\times10^5 0\leq c\leq d\leq2\times10^5 入力はすべて整数 入力 入力は以下の形式で標準入力から与えられる。 s _ x s _ y t _ x t _ y a b c d 出力 1 行目には、操作を 0 回以上 10^6 回以下繰り返して高橋くんが点 (t _ x,t _ y) に到達できるなら Yes 、そうでなければ No と出力せよ。 1 行目で Yes と出力したとき、かつそのときに限り、あなたが構成した操作列の長さを d としてさらに d 行出力せよ（ d は 0\leq d\leq10^6 を満たさなければならない）。 1+i 行目 (1\leq i\leq d) には、 i 回目の操作で選んだ点 (x, y)\in R の座標をこの順に空白区切りで出力せよ。 入力例 1 1 2 7 8 7 9 0 3 出力例 1 Yes 7 0 9 3 7 1 8 1 例えば、次のようにして (1,2) から (7,8) へ移動することができます。 点 (7,0) を選ぶ。高橋くんは (13,-2) に移動する。 点 (9,3) を選ぶ。高橋くんは (5,8) に移動する。 点 (7,1) を選ぶ。高橋くんは (9,-6) に移動する。 点 (8,1) を選ぶ。高橋くんは (7,8) に移動する。 条件を満たす操作の列であれば何を出力しても正答となるので、例えば Yes 7 3 9 0 7 2 9 1 8 1 と出力しても正答となります。 入力例 2 0 0 8 4 5 5 0 0 出力例 2 No どのように操作しても点 (8,4) に移動することはできません。 入力例 3 1 4 1 4 100 200 300 400 出力例 3 Yes 高橋くんがはじめから目的地にいる場合もあります。 入力例 4 22 2 16 7 14 30 11 14 出力例 4 No",500.0,
atcoder,abc,public_sponsored_abc,sky,abc289,Ｓｋｙ株式会社プログラミングコンテスト2023（AtCoder Beginner Contest 289）,2023,,1676116800.0,2023.0,abc289_g,G,Shopping in AtCoder store,G. Shopping in AtCoder store,2109.0,1195,"['convex hull trick', 'sorting', 'function', 'range maximum query']",4,https://atcoder.jp/contests/abc289/tasks/abc289_g,https://atcoder-tagged-backend.onrender.com/problems/all,2.3.0-sponsor-abc-kenkoooo-diff,ja,2026-06-04T18:46:05.900291+00:00,69.686,1383.0,"配点 : 600 点 問題文 高橋くんは AtCoder 商店を経営しています。 AtCoder 商店には N 人の客が訪れ、 M 個の商品が売られています。 i 番目 (1\leq i\leq N) の客は購買意欲 B _ i を持っています。 j 番目 (1\leq j\leq M) の商品の商品価値は C _ j です。 高橋くんはそれぞれの商品に値段をつけます。 i 番目の客は、 j 番目の商品の値段 P _ j が次の条件を満たすような商品のみを、すべて 1 個ずつ購入します。 B _ i+C _ j\geq P _ j j=1,2,\ldots,M について、高橋くんが売り上げが最大になるような値段をつけたときの j 番目の商品の売り上げを求めてください。 ただし、 j 番目の商品の売り上げとは、 P _ j に j 番目の商品を買う人数をかけたものです。 制約 1\leq N\leq2\times10^5 1\leq M\leq2\times10^5 0\leq B _ i\leq10^9\quad(1\leq i\leq N) 0\leq C _ i\leq10^9\quad(1\leq i\leq M) 入力はすべて整数 入力 入力は以下の形式で標準入力から与えられる。 N M B _ 1 B _ 2 \ldots B _ N C _ 1 C _ 2 \ldots C _ M 出力 j=1,2,\ldots,M について、 j 番目の商品の売り上げを空白区切りで 1 行に出力せよ。 入力例 1 5 4 100 200 300 400 500 120 370 470 80 出力例 1 1280 2350 2850 1140 たとえば、 1 番目の商品の値段を 320 にすると、 2,3,4,5 番目の客が購入します。 1 番目の商品の売り上げは 1280 になります。 1 番目の商品の売り上げを 1280 より大きくすることはできないので、 1 番目に出力すべき値は 1280 です。 入力例 2 4 4 0 2 10 2 13 13 0 4 出力例 2 52 52 10 18 購買意欲が同じ 2 人や、商品価値が同じ 2 品があることもあります。 入力例 3 12 15 16 592 222 983 729 338 747 61 451 815 838 281 406 319 305 519 317 590 507 946 365 5 673 478 340 176 2 出力例 3 6280 5466 5382 7410 5454 8120 7290 11680 5870 3670 8950 7000 5620 4608 3655 入力例 4 5 5 1000000000 1000000000 1000000000 1000000000 1000000000 1000000000 1000000000 1000000000 1000000000 1000000000 出力例 4 10000000000 10000000000 10000000000 10000000000 10000000000 売り上げが 32\operatorname{bit} 整数におさまらない場合があることに注意してください。",600.0,
atcoder,abc,public_sponsored_abc,sky,abc289,Ｓｋｙ株式会社プログラミングコンテスト2023（AtCoder Beginner Contest 289）,2023,,1676116800.0,2023.0,abc289_h,Ex,Trio,Ex. Trio,3246.0,162,"['generating function', 'formal power series', 'convolution', 'fft', 'combinatorics', 'probability', 'random walk', 'dp']",8,https://atcoder.jp/contests/abc289/tasks/abc289_h,https://atcoder-tagged-backend.onrender.com/problems/all,2.3.0-sponsor-abc-kenkoooo-diff,ja,2026-06-04T18:46:05.900291+00:00,92.126,1033.0,"配点 : 600 点 問題文 数直線上に人 1 , 人 2 , 人 3 がいます。時刻 0 の時点で、人 1 は地点 A に、人 2 は地点 B に、人 3 は地点 C にいます。 ここで A, B, C はすべて整数で、 A \equiv B \equiv C \pmod{2} が成り立ちます。 3 人は時刻 0 からランダムウォークを行います。詳しく説明すると、時刻 t ( t は非負整数 ) の時点で地点 x にいる人は、時刻 t+1 に地点 x-1 と地点 x+1 のいずれか一方に等確率で移動します。(すべての移動する方向の選択は、ランダムかつ独立です。) このとき、時刻 0 以降で、時刻 T に初めて 3 人が同じ地点にいる状態になる確率を \text{mod } 998244353 で計算してください。 有理数 \text{mod }998244353 とは 求める確率は必ず有理数となることが証明できます。 またこの問題の制約下では、その値を互いに素な 2 つの整数 P , Q を用いて \frac{P}{Q} と表したとき、 R \times Q \equiv P\pmod{998244353} かつ 0 \leq R \lt 998244353 を満たす整数 R がただ一つ存在することが証明できます。この R を求めてください。 制約 0 \leq A, B, C, T \leq 10^5 A \equiv B \equiv C \pmod{2} A, B, C, T は整数 入力 入力は以下の形式で標準入力から与えられる。 A B C T 出力 時刻 T に初めて 3 人が同じ地点にいる状態になる確率を \text{mod } 998244353 で計算して、答えを出力せよ。 入力例 1 1 1 3 1 出力例 1 873463809 時刻 1 に初めて 3 人が同じ地点にいる状態になる確率は \frac{1}{8} です。 873463809 \times 8 \equiv 1 \pmod{998244353} なので 873463809 を出力します。 入力例 2 0 0 0 0 出力例 2 1 時刻 0 の時点ですでに 3 人が同じ地点にいる場合もあります。 入力例 3 0 2 8 9 出力例 3 744570476 入力例 4 47717 21993 74147 76720 出力例 4 844927176",600.0,
atcoder,abc,public_sponsored_abc,toyota,abc290,Toyota Programming Contest 2023 Spring Qual B（AtCoder Beginner Contest 290）,2023,,1676808000.0,2023.0,abc290_a,A,Contest Result,A. Contest Result,-1118.0,13418,"['implementation', 'array', 'sum']",3,https://atcoder.jp/contests/abc290/tasks/abc290_a,https://atcoder-tagged-backend.onrender.com/problems/all,2.3.0-sponsor-abc-kenkoooo-diff,ja,2026-06-04T18:46:05.900291+00:00,6.0,533.0,"配点 : 100 点 問題文 N 問の問題からなるコンテストが開催され、 i\ (1\leq i\leq N) 問目の配点は A_i 点でした。 すぬけくんはこのコンテストに参加し、 B_1,B_2,\ldots,B_M 問目の M 問を解きました。 すぬけくんの総得点を求めてください。 ただし、総得点とは解いた問題の配点の総和を意味するものとします。 制約 1\leq M \leq N \leq 100 1\leq A_i \leq 100 1\leq B_1 < B_2 < \ldots < B_M \leq N 入力は全て整数 入力 入力は以下の形式で標準入力から与えられる。 N M A_1 A_2 \dots A_N B_1 B_2 \dots B_M 出力 答えを整数として出力せよ。 入力例 1 3 2 10 20 30 1 3 出力例 1 40 すぬけくんは 1 問目と 3 問目を解きました。 配点はそれぞれ 10 点と 30 点なので、総得点は 10+30=40 点です。 入力例 2 4 1 1 1 1 100 4 出力例 2 100 入力例 3 8 4 22 75 26 45 72 81 47 29 4 6 7 8 出力例 3 202",100.0,
atcoder,abc,public_sponsored_abc,toyota,abc290,Toyota Programming Contest 2023 Spring Qual B（AtCoder Beginner Contest 290）,2023,,1676808000.0,2023.0,abc290_b,B,Qual B,B. Qual B,-764.0,11407,"['implementation', 'greedy', 'string']",3,https://atcoder.jp/contests/abc290/tasks/abc290_b,https://atcoder-tagged-backend.onrender.com/problems/all,2.3.0-sponsor-abc-kenkoooo-diff,ja,2026-06-04T18:46:05.900291+00:00,12.986,845.0,"配点 : 200 点 問題文 あるプログラミングコンテストの予選に N 人が参加し、参加者全員が異なる順位を得ました。 長さ N の文字列 S が与えられ、この文字列は決勝への参加希望の有無を表現します。具体的には下記の通りです。 S の i 文字目が o なら、予選 i 位の参加者が決勝への参加を希望した。 S の i 文字目が x なら、予選 i 位の参加者が決勝への参加を希望しなかった。 決勝への参加を希望した参加者のうち順位の小さい方から K 人が予選を通過します。 以下の条件を満たす長さ N の文字列 T を出力してください。 予選 i 位の参加者が予選を通過する場合、 T の i 文字目は o 予選 i 位の参加者が予選を通過しない場合、 T の i 文字目は x 制約 N,K は整数 1 \le K \le N \le 100 S は o と x からなる長さ N の文字列 S には少なくとも K 個の o が含まれる 入力 入力は以下の形式で標準入力から与えられる。 N K S 出力 答えを出力せよ。 入力例 1 10 3 oxxoxooxox 出力例 1 oxxoxoxxxx この入力の場合、予選の参加者は N=10 人であり、予選を通過する人数は K=3 人です。 予選 1 位の参加者は決勝への参加を希望しているため、予選を通過します。この時点で、通過者は 1 人です。 予選 2,3 位の参加者は決勝への参加を希望していないため、予選を通過しません。 予選 4 位の参加者は決勝への参加を希望しているため、予選を通過します。この時点で、通過者は 2 人です。 予選 5 位の参加者は決勝への参加を希望していないため、予選を通過しません。 予選 6 位の参加者は決勝への参加を希望しているため、予選を通過します。この時点で、通過者は 3 人です。 ここで、予選を通過した人数が 3 人となりました。なので、予選 7 位以下の参加者は予選を通過しません。",200.0,
atcoder,abc,public_sponsored_abc,toyota,abc290,Toyota Programming Contest 2023 Spring Qual B（AtCoder Beginner Contest 290）,2023,,1676808000.0,2023.0,abc290_c,C,Max MEX,C. Max MEX,170.0,9821,"['greedy', 'constructive', 'mex', 'set']",4,https://atcoder.jp/contests/abc290/tasks/abc290_c,https://atcoder-tagged-backend.onrender.com/problems/all,2.3.0-sponsor-abc-kenkoooo-diff,ja,2026-06-04T18:46:05.900291+00:00,31.419,603.0,"配点 : 300 点 問題文 長さ N の非負整数列 A が与えられます。 A から K 要素を選んで順序を保ったまま抜き出した列を B としたとき、 MEX(B) としてありえる最大値を求めてください。 但し、数列 X に対して MEX(X) は以下の条件を満たす唯一の非負整数 m として定義されます。 0 \le i < m を満たす全ての整数 i が X に含まれる。 m が X に含まれない。 制約 入力は全て整数 1 \le K \le N \le 3 \times 10^5 0 \le A_i \le 10^9 入力 入力は以下の形式で標準入力から与えられる。 N K A_1 A_2 \dots A_N 出力 答えを出力せよ。 入力例 1 7 3 2 0 2 3 2 1 9 出力例 1 3 この入力では A=(2,0,2,3,2,1,9) であり、ここから K=3 要素を選んで抜き出して数列 B を得ます。例えば、 1,2,3 要素目を抜き出した時、 MEX(B)=MEX(2,0,2)=1 3,4,6 要素目を抜き出した時、 MEX(B)=MEX(2,3,1)=0 2,6,7 要素目を抜き出した時、 MEX(B)=MEX(0,1,9)=2 2,3,6 要素目を抜き出した時、 MEX(B)=MEX(0,2,1)=3 のようになります。 達成可能な MEX の最大値は 3 です。",300.0,
atcoder,abc,public_sponsored_abc,toyota,abc290,Toyota Programming Contest 2023 Spring Qual B（AtCoder Beginner Contest 290）,2023,,1676808000.0,2023.0,abc290_d,D,Marking,D. Marking,1036.0,5277,"['number theory', 'gcd', 'modular arithmetic', 'math']",4,https://atcoder.jp/contests/abc290/tasks/abc290_d,https://atcoder-tagged-backend.onrender.com/problems/all,2.3.0-sponsor-abc-kenkoooo-diff,ja,2026-06-04T18:46:05.900291+00:00,48.51,929.0,"配点 : 400 点 問題文 0 から N-1 までの番号がつけられた N 個のマスが並んでいます。 今から、すぬけくんが以下の手順に従って全てのマスに印をつけていきます。 マス 0 に印をつける。 次の i - iii の手順を N−1 回繰り返す。 最後に印をつけたマスの番号を A としたとき、変数 x を (A+D) \bmod N で初期化する。 マス x に印が付いている限り、 x を (x+1) \bmod N に更新することを繰り返す。 マス x に印をつける。 すぬけくんが K 番目に印をつけるマスの番号を求めてください。 T 個のテストケースが与えられるので、それぞれについて答えを求めてください。 制約 1\leq T \leq 10^5 1\leq K\leq N \leq 10^9 1\leq D \leq 10^9 入力は全て整数 入力 入力は以下の形式で標準入力から与えられる。ここで、 \mathrm{test}_i は i 番目のテストケースを意味する。 T \mathrm{test}_1 \mathrm{test}_2 \vdots \mathrm{test}_T 各テストケースは以下の形式で与えられる。 N D K 出力 T 行出力せよ。 i\ (1\leq i \leq T) 行目には、 i 番目のテストケースに対する答えを出力せよ。 入力例 1 9 4 2 1 4 2 2 4 2 3 4 2 4 5 8 1 5 8 2 5 8 3 5 8 4 5 8 5 出力例 1 0 2 1 3 0 3 1 4 2 N=4,D=2 のとき、すぬけくんは以下のように印をつけていきます。 マス 0 に印をつける。 (1回目) x=(0+2)\bmod 4=2 と初期化する。マス 2 は印がついていないので、印をつける。 (2回目) x=(2+2)\bmod 4=0 と初期化する。マス 0 は印がついているので、 x=(0+1)\bmod 4=1 と更新する。マス 1 は印がついていないので、印をつける。 (3回目) x=(1+2)\bmod 4=3 と初期化する。マス 3 は印がついていないので、印をつける。",400.0,
atcoder,abc,public_sponsored_abc,toyota,abc290,Toyota Programming Contest 2023 Spring Qual B（AtCoder Beginner Contest 290）,2023,,1676808000.0,2023.0,abc290_e,E,Make it Palindrome,E. Make it Palindrome,1485.0,3243,"['combinatorics', 'contribution counting', 'two pointer', 'palindrome', 'counting']",5,https://atcoder.jp/contests/abc290/tasks/abc290_e,https://atcoder-tagged-backend.onrender.com/problems/all,2.3.0-sponsor-abc-kenkoooo-diff,ja,2026-06-04T18:46:05.900291+00:00,57.371,545.0,"配点 : 500 点 問題文 数列 X に対し、 f(X) = ( X を回文にするために変更する必要のある要素の個数の最小値 ) とします。 与えられた長さ N の数列 A の全ての 連続 部分列 X に対する f(X) の総和を求めてください。 但し、長さ m の数列 X が回文であるとは、全ての 1 \le i \le m を満たす整数 i について、 X の i 項目と m+1-i 項目が等しいことを指します。 制約 入力は全て整数 1 \le N \le 2 \times 10^5 1 \le A_i \le N 入力 入力は以下の形式で標準入力から与えられる。 N A_1 A_2 \dots A_N 出力 答えを整数として出力せよ。 入力例 1 5 5 2 1 2 2 出力例 1 9 f(5) = 0 f(2) = 0 f(1) = 0 f(2) = 0 f(2) = 0 f(5,2) = 1 f(2,1) = 1 f(1,2) = 1 f(2,2) = 0 f(5,2,1) = 1 f(2,1,2) = 0 f(1,2,2) = 1 f(5,2,1,2) = 2 f(2,1,2,2) = 1 f(5,2,1,2,2) = 1 以上より、求める答えは 9 です。",500.0,
atcoder,abc,public_sponsored_abc,toyota,abc290,Toyota Programming Contest 2023 Spring Qual B（AtCoder Beginner Contest 290）,2023,,1676808000.0,2023.0,abc290_f,F,Maximum Diameter,F. Maximum Diameter,2300.0,1160,"['combinatorics', 'binomial coefficient', 'stars and bars', 'tree', 'modular arithmetic']",5,https://atcoder.jp/contests/abc290/tasks/abc290_f,https://atcoder-tagged-backend.onrender.com/problems/all,2.3.0-sponsor-abc-kenkoooo-diff,ja,2026-06-04T18:46:05.900291+00:00,73.456,987.0,"配点 : 500 点 問題文 長さ N の正整数列 X=(X_1,X_2\ldots,X_N) に対して、 f(X) を以下のように定めます。 N 頂点の木であって、 i\ (1 \leq i \leq N) 番目の頂点の次数が X_i であるようなものを良い木と呼ぶ。 良い木が存在するならば、 f(X) は良い木の直径の最大値。良い木が存在しないならば、 f(X)=0 。 ただし、木の 2 頂点の間の距離は一方から他方へ移動するときに用いる辺の本数の最小値であり、 木の直径は任意の 2 頂点の間の距離の最大値として定められます。 長さ N の正整数列 X としてあり得るもの全てに対する f(X) の総和を 998244353 で割った余りを求めてください。 なお、 f(X) の総和は有限値になることが証明できます。 T 個のテストケースが与えられるので、それぞれについて答えを求めてください。 制約 1\leq T \leq 2\times 10^5 2 \leq N \leq 10^6 入力は全て整数 入力 入力は以下の形式で標準入力から与えられる。ここで、 \mathrm{test}_i は i 番目のテストケースを意味する。 T \mathrm{test}_1 \mathrm{test}_2 \vdots \mathrm{test}_T 各テストケースは以下の形式で与えられる。 N 出力 T 行出力せよ。 i\ (1\leq i \leq T) 行目には、 i 番目のテストケースに対する答えを出力せよ。 入力例 1 10 2 3 5 8 13 21 34 55 89 144 出力例 1 1 6 110 8052 9758476 421903645 377386885 881422708 120024839 351256142 N=3 の場合について、 例えば、 X=(1,1,1) のとき、次数が 1,1,1 となる 3 頂点の木は存在しないため、 f(X)=0 です。 X=(2,1,1) のとき、良い木は以下の図のものに限られます。この木の直径は 2 であるため、 f(X)=2 です。 X=(2,1,1),(1,2,1),(1,1,2) のとき f(X)=2 であり、それ以外の X のとき f(X)=0 であるため、答えは 6 です。",500.0,
atcoder,abc,public_sponsored_abc,toyota,abc290,Toyota Programming Contest 2023 Spring Qual B（AtCoder Beginner Contest 290）,2023,,1676808000.0,2023.0,abc290_g,G,Edge Elimination,G. Edge Elimination,2407.0,614,"['greedy', 'tree', 'math', 'enumeration']",4,https://atcoder.jp/contests/abc290/tasks/abc290_g,https://atcoder-tagged-backend.onrender.com/problems/all,2.3.0-sponsor-abc-kenkoooo-diff,ja,2026-06-04T18:46:05.900291+00:00,75.567,648.0,配点 : 600 点 問題文 T 個のテストケースについて、以下の問題を解いてください。 深さ D の完全 K 分木 ( 1+K+K^2+\dots+K^D 頂点 ) があります。 あなたの目標はこの木の辺を何本か切って、連結成分のうちいずれかを X 頂点にすることです。 目標を達成するために切るべき辺の数の最小値を求めてください。 制約 入力は全て整数 1 \le T \le 100 1 \le D 2 \le K \displaystyle 1 \le X \le \sum_{i=0}^{D} K^i \le 10^{18} 入力 入力は以下の形式で標準入力から与えられる。 T case_1 \vdots case_T 但し、 case_i は i 個目のテストケースである。 各テストケースは以下の形式である。 D K X 出力 全体で T 行出力せよ。 そのうち i 行目には i 個目のテストケースに対する答えを整数として出力せよ。 入力例 1 11 2 2 1 2 2 2 2 2 3 2 2 4 2 2 5 2 2 6 2 2 7 1 999999999999999999 1 1 999999999999999999 2 1 999999999999999999 999999999999999999 1 999999999999999999 1000000000000000000 出力例 1 1 2 1 1 2 1 0 1 999999999999999998 1 0,600.0,
atcoder,abc,public_sponsored_abc,toyota,abc290,Toyota Programming Contest 2023 Spring Qual B（AtCoder Beginner Contest 290）,2023,,1676808000.0,2023.0,abc290_h,Ex,Bow Meow Optimization,Ex. Bow Meow Optimization,3569.0,299,"['dp', 'combinatorics', 'sorting', 'constructive']",4,https://atcoder.jp/contests/abc290/tasks/abc290_h,https://atcoder-tagged-backend.onrender.com/problems/all,2.3.0-sponsor-abc-kenkoooo-diff,ja,2026-06-04T18:46:05.900291+00:00,98.5,744.0,"配点 : 600 点 問題文 1 から N までの番号がついた N 匹の犬と、 1 から M までの番号がついた M 匹の猫がいます。 今から、これらの N+M 匹を左右一列に好きな順序で並べます。 並べ方に応じて、それぞれの犬と猫には以下のように 不満度 が生じます。 犬 i の不満度は、その犬より左にいる猫の匹数を x 、右にいる猫の匹数を y とすると、 A_i\times|x-y| である。 猫 i の不満度は、その猫より左にいる犬の匹数を x 、右にいる犬の匹数を y とすると、 B_i\times|x-y| である。 不満度の総和の最小値を求めてください。 制約 1\leq N,M \leq 300 1\leq A_i,B_i \leq 10^9 入力は全て整数 入力 入力は以下の形式で標準入力から与えられる。 N M A_1 A_2 \ldots A_N B_1 B_2 \ldots B_M 出力 答えを整数として出力せよ。 入力例 1 2 2 1 3 2 4 出力例 1 6 左から順に犬 1 、猫 2 、犬 2 、猫 1 と並べたとき、 犬 1 の不満度は 1\times|0-2|=2 犬 2 の不満度は 3\times|1-1|=0 猫 1 の不満度は 2\times|2-0|=4 猫 2 の不満度は 4\times|1-1|=0 となるため、不満度の総和は 6 です。並べ方を変えても不満度の総和が 6 未満となることはないため、 6 が答えです。 入力例 2 1 2 100 100 290 出力例 2 390 入力例 3 5 7 522 575 426 445 772 81 447 629 497 202 775 325 出力例 3 13354",600.0,
atcoder,abc,public_sponsored_abc,toyota,abc298,トヨタ自動車プログラミングコンテスト2023#1(AtCoder Beginner Contest 298),2023,,1681560000.0,2023.0,abc298_a,A,Job Interview,A. Job Interview,,13082,"['string', 'implementation', 'conditional', 'boolean']",4,https://atcoder.jp/contests/abc298/tasks/abc298_a,https://atcoder-tagged-backend.onrender.com/problems/all,2.3.0-sponsor-abc-kenkoooo-diff,ja,2026-06-04T18:46:05.900291+00:00,,674.0,"配点 : 100 点 問題文 高橋君はある会社の採用面接を受けました。 面接官の人数 N と、各面接官の高橋君への評価を表す長さ N の文字列 S が与えられます。 i=1,2,\ldots,N に対し S の i 文字目が i 番目の面接官の評価に対応し、 o は「良」、 - は「可」、 x は 「不可」を表します。 高橋君は以下の 2 つの条件を両方満たすならば合格、そうでなければ不合格です。 「良」と評価した面接官が少なくとも 1 人いる 「不可」と評価した面接官がいない 高橋君が合格かどうかを判定してください。 制約 1 \leq N \leq 100 S は o , - , x のみからなる長さが N の文字列 入力 入力は以下の形式で標準入力から与えられる。 N S 出力 高橋君が合格ならば Yes と、そうでなければ No と出力せよ。 入力例 1 4 oo-- 出力例 1 Yes 1, 2 番目の面接官が「良」と評価していて、さらに「不可」と評価した面接官がいないため合格です。 入力例 2 3 --- 出力例 2 No 「良」と評価した面接官が 1 人もいないため不合格です。 入力例 3 1 o 出力例 3 Yes 入力例 4 100 ooooooooooooooooooooooooooooooooooooooooooooooooooooooooooooooooooooooooooooooooooooooooooooooooooox 出力例 4 No 100 番目の面接官が「不可」と評価しているため不合格です。",100.0,
atcoder,abc,public_sponsored_abc,toyota,abc298,トヨタ自動車プログラミングコンテスト2023#1(AtCoder Beginner Contest 298),2023,,1681560000.0,2023.0,abc298_b,B,Coloring Matrix,B. Coloring Matrix,,9388,"['matrix', 'rotation', 'simulation', 'implementation']",4,https://atcoder.jp/contests/abc298/tasks/abc298_b,https://atcoder-tagged-backend.onrender.com/problems/all,2.3.0-sponsor-abc-kenkoooo-diff,ja,2026-06-04T18:46:05.900291+00:00,,1057.0,"配点 : 200 点 問題文 各要素が 0 あるいは 1 である N 行 N 列の行列 A, B が与えられます。 A の i 行目 j 列目の要素を A_{i,j} 、 B の i 行目 j 列目の要素を B_{i,j} で表します。 A を適切に回転することで、 A_{i,j} = 1 であるすべての整数の組 (i, j) について B_{i,j} = 1 が成り立っているようにできるか判定してください。 ただし、 A を回転するとは、以下の操作を好きな回数（ 0 回でもよい）繰り返すことをいいます。 1 \leq i, j \leq N を満たすすべての整数の組 (i, j) について同時に A_{i,j} を A_{N + 1 - j,i} で置き換える 制約 1 \leq N \leq 100 A, B の各要素は 0 か 1 のいずれか 入力はすべて整数 入力 入力は以下の形式で標準入力から与えられる。 N A_{1,1} A_{1,2} \ldots A_{1,N} \vdots A_{N,1} A_{N,2} \ldots A_{N,N} B_{1,1} B_{1,2} \ldots B_{1,N} \vdots B_{N,1} B_{N,2} \ldots B_{N,N} 出力 A を適切に回転することで、 A_{i,j} = 1 であるすべての整数の組 (i, j) について B_{i,j} = 1 が成り立っているようにできる場合 Yes を、そうでない場合 No を出力せよ。 入力例 1 3 0 1 1 1 0 0 0 1 0 1 1 0 0 0 1 1 1 1 出力例 1 Yes はじめ、 A は 0 1 1 1 0 0 0 1 0 です。 1 回操作を行うと、 A は 0 1 0 1 0 1 0 0 1 となります。 もう 1 度操作を行うと、 A は 0 1 0 0 0 1 1 1 0 となります。 このとき、 A_{i,j} = 1 であるすべての整数の組 (i, j) について B_{i,j} = 1 が成り立っているので、 Yes を出力します。 入力例 2 2 0 0 0 0 1 1 1 1 出力例 2 Yes 入力例 3 5 0 0 1 1 0 1 0 0 1 0 0 0 1 0 1 0 1 0 1 0 0 1 0 0 1 1 1 0 0 1 0 1 1 1 0 0 0 1 1 1 1 0 1 0 1 1 1 0 1 0 出力例 3 No",200.0,
atcoder,abc,public_sponsored_abc,toyota,abc298,トヨタ自動車プログラミングコンテスト2023#1(AtCoder Beginner Contest 298),2023,,1681560000.0,2023.0,abc298_c,C,Cards Query Problem,C. Cards Query Problem,448.0,8676,"['simulation', 'sorting', 'data structure', 'implementation', 'deduplication']",5,https://atcoder.jp/contests/abc298/tasks/abc298_c,https://atcoder-tagged-backend.onrender.com/problems/all,2.3.0-sponsor-abc-kenkoooo-diff,ja,2026-06-04T18:46:05.900291+00:00,36.905,1394.0,"配点 : 300 点 問題文 1 から N までの番号がついた N 個の空の箱と、何も書かれていない無数のカードがあります。 Q 個のクエリが与えられるので、順番に処理してください。クエリは次の 3 種類のいずれかです。 1 i j \colon カードを 1 枚選んで数 i を書き込み、そのカードを箱 j に入れる 2 i \colon 箱 i に入っているカードに書かれた数を 昇順で すべて答える 3 i \colon 数 i が書かれたカードが入っている箱の番号を 昇順で すべて答える ただし、以下の点に注意してください。 2 番目の形式のクエリにおいては、箱 i の中に同じ数が書かれたカードが複数枚あるときは、入っている枚数と同じ回数だけその数を出力する 3 番目の形式のクエリにおいては、数 i が書かれたカードが同じ箱に複数枚入っている場合でも、その箱の番号は 1 度だけ出力する 制約 1 \leq N, Q \leq 2 \times 10^5 1 番目の形式のクエリについて、 1 \leq i \leq 2 \times 10^5 1 \leq j \leq N 2 番目の形式のクエリについて、 1 \leq i \leq N このクエリが与えられる時点で箱 i にカードが入っている 3 番目の形式のクエリについて、 1 \leq i \leq 2 \times 10^5 このクエリが与えられる時点で数 i が書かれたカードが入っている箱が存在する 出力するべき数は合計で 2 \times 10^5 個以下 入力はすべて整数 入力 入力は以下の形式で標準入力から与えられる。 N Q \mathrm{query}_1 \mathrm{query}_2 \vdots \mathrm{query}_Q ただし、 \mathrm{query}_q は q 個目のクエリを表しており、次のいずれかの形式で与えられる。 1 i j 2 i 3 i 出力 2 番目の形式のクエリと 3 番目の形式のクエリに対し、順番に答えを出力せよ。 各クエリでは出力するべき要素を 昇順に 空白区切りで出力し、クエリごとに改行せよ。 入力例 1 5 8 1 1 1 1 2 4 1 1 4 2 4 1 1 4 2 4 3 1 3 2 出力例 1 1 2 1 1 2 1 4 4 クエリを順に処理していきます。 カードに 1 を書き込み、箱 1 に入れます。 カードに 2 を書き込み、箱 4 に入れます。 カードに 1 を書き込み、箱 4 に入れます。 箱 4 に入っているカードに書かれた数は 1, 2 です。 1, 2 の順に出力してください。 カードに 1 を書き込み、箱 4 に入れます。 箱 4 に入っているカードに書かれた数は 1, 1, 2 です。 1 を 2 度出力することに注意してください。 数 1 が書かれたカードが入っている箱は箱 1, 4 です。 箱 4 には数 1 が書かれたカードが 2 枚入っていますが、 4 は 1 回しか出力しないことに注意してください。 数 2 が書かれたカードが入っている箱は箱 4 です。 入力例 2 1 5 1 1 1 1 2 1 1 200000 1 2 1 3 200000 出力例 2 1 2 200000 1",300.0,
atcoder,abc,public_sponsored_abc,toyota,abc298,トヨタ自動車プログラミングコンテスト2023#1(AtCoder Beginner Contest 298),2023,,1681560000.0,2023.0,abc298_d,D,Writing a Numeral,D. Writing a Numeral,882.0,6697,"['modular arithmetic', 'deque', 'simulation', 'modular exponentiation', 'incremental']",5,https://atcoder.jp/contests/abc298/tasks/abc298_d,https://atcoder-tagged-backend.onrender.com/problems/all,2.3.0-sponsor-abc-kenkoooo-diff,ja,2026-06-04T18:46:05.900291+00:00,45.471,806.0,"配点 : 400 点 問題文 文字列 S があり、初め S= 1 です。 以下の形式のクエリが Q 個与えられるので順に処理してください。 1 x : S の末尾に数字 x を追加する 2 : S の先頭の数字を削除する 3 : S を十進数表記の数とみなした値を 998244353 で割った余りを出力する 制約 1 \leq Q \leq 6 \times 10^5 1 番目の形式のクエリについて、 x \in \{1,2,3,4,5,6,7,8,9\} 2 番目の形式のクエリは S が 2 文字以上の時にのみ与えられる 3 番目の形式のクエリが 1 個以上存在する 入力 入力は以下の形式で標準入力から与えられる。 Q \mathrm{query}_1 \vdots \mathrm{query}_Q ただし \mathrm{query}_i は i 番目のクエリを表し、以下のいずれかの形式である。 1 x 2 3 出力 3 番目の形式のクエリの個数を q として、 q 行出力せよ。 i (1 \leq i \leq q) 行目には i 番目の 3 番目の形式のクエリに対する出力をせよ。 入力例 1 3 3 1 2 3 出力例 1 1 12 1 番目のクエリにおいて、 S は 1 なので ( 1 を 998244353 で割った余りに等しい) 1 を出力します。 2 番目のクエリにおいて、 S は 12 になります。 3 番目のクエリにおいて、 S は 12 なので ( 12 を 998244353 で割った余りに等しい) 12 を出力します。 入力例 2 3 1 5 2 3 出力例 2 5 入力例 3 11 1 9 1 9 1 8 1 2 1 4 1 4 1 3 1 5 1 3 2 3 出力例 3 0 出力されるべき値は 998244353 で割った余りであることに注意してください。",400.0,
atcoder,abc,public_sponsored_abc,toyota,abc298,トヨタ自動車プログラミングコンテスト2023#1(AtCoder Beginner Contest 298),2023,,1681560000.0,2023.0,abc298_e,E,Unfair Sugoroku,E. Unfair Sugoroku,1300.0,4052,"['dp', 'probability', 'modular arithmetic', 'game theory', 'expectation']",5,https://atcoder.jp/contests/abc298/tasks/abc298_e,https://atcoder-tagged-backend.onrender.com/problems/all,2.3.0-sponsor-abc-kenkoooo-diff,ja,2026-06-04T18:46:05.900291+00:00,53.72,969.0,"配点 : 500 点 問題文 高橋君と青木君がすごろくをします。 高橋君ははじめ地点 A 、青木君ははじめ地点 B にいて、交互にサイコロを振ります。 高橋君が振るサイコロは 1, 2, \ldots, P の出目が一様ランダムに出るサイコロで、青木君が振るサイコロは 1, 2, \ldots, Q の出目が一様ランダムに出るサイコロです。 地点 x にいるときに自分の振ったサイコロの出目が i であるとき、地点 \min(x + i, N) に進みます。 地点 N に先に着いた人をすごろくの勝者とします。 高橋君が先にサイコロを振るとき、高橋君が勝つ確率を \text{mod }998244353 で求めてください。 確率 \text{mod }998244353 とは この問題で求める確率は必ず有理数になることが証明できます。また、この問題の制約下では、求める確率を既約分数 \frac{y}{x} で表したときに x が 998244353 で割り切れないことが保証されます。 このとき xz \equiv y \pmod {998244353} を満たすような 0 以上 998244352 以下の整数 z が一意に定まります。この z を答えてください。 制約 2 \leq N \leq 100 1 \leq A, B < N 1 \leq P, Q \leq 10 入力はすべて整数 入力 入力は以下の形式で標準入力から与えられる。 N A B P Q 出力 答えを出力せよ。 入力例 1 4 2 3 3 2 出力例 1 665496236 高橋君が最初の手番で 2 あるいは 3 の出目を出すと、高橋君は地点 4 に進んで高橋君が勝利します。 高橋君が最初の手番で 1 の出目を出すと、高橋君は地点 3 に進み、青木君は次の手番で必ず地点 4 に進んで青木君が勝利します。 よって、高橋君が勝つ確率は \frac{2}{3} です。 入力例 2 6 4 2 1 1 出力例 2 1 サイコロの出目は常に 1 です。 このとき高橋君が地点 5 に進み、次いで青木君が地点 3 に進み、次いで高橋君が地点 6 に進むので、高橋君は必ず勝ちます。 入力例 3 100 1 1 10 10 出力例 3 264077814",500.0,
atcoder,abc,public_sponsored_abc,toyota,abc298,トヨタ自動車プログラミングコンテスト2023#1(AtCoder Beginner Contest 298),2023,,1681560000.0,2023.0,abc298_f,F,Rook Score,F. Rook Score,1535.0,2919,"['coordinate compression', 'greedy', 'sorting', 'prefix sum', 'implementation']",5,https://atcoder.jp/contests/abc298/tasks/abc298_f,https://atcoder-tagged-backend.onrender.com/problems/all,2.3.0-sponsor-abc-kenkoooo-diff,ja,2026-06-04T18:46:05.900291+00:00,58.358,1022.0,"配点 : 500 点 問題文 縦 10^9 マス、横 10^9 マスのマス目があります。上から i 番目、左から j 番目のマスを (i,j) と表記します。 i=1,2,\ldots,N に対し (r_i,c_i) には正整数 x_i が、他の 10^{18}-N 個のマスには 0 が書かれています。 あなたはあるマス (R,C) を選び、 (R,C) と行または列が同じ 2 \times 10^9 - 1 個のマスに書かれた整数の総和 S を求めました。 S として考えられる最大値を求めてください。 制約 1 \leq N \leq 2 \times 10^5 1 \leq r_i,c_i,x_i \leq 10^9 i \neq j ならば (r_i,c_i) \neq (r_j,c_j) 入力はすべて整数 入力 入力は以下の形式で標準入力から与えられる。 N r_1 c_1 x_1 \vdots r_N c_N x_N 出力 答えを出力せよ。 入力例 1 4 1 1 2 1 2 9 2 1 8 3 2 3 出力例 1 20 (R,C) として (2,2) を選ぶと S が 20 となります。これが最大値です。 入力例 2 1 1 1000000000 1 出力例 2 1 入力例 3 15 158260522 877914575 602436426 24979445 861648772 623690081 433933447 476190629 262703497 211047202 971407775 628894325 731963982 822804784 450968417 430302156 982631932 161735902 880895728 923078537 707723857 189330739 910286918 802329211 404539679 303238506 317063340 492686568 773361868 125660016 650287940 839296263 462224593 492601449 384836991 191890310 576823355 782177068 404011431 818008580 954291757 160449218 155374934 840594328 164163676 出力例 3 1510053068",500.0,
atcoder,abc,public_sponsored_abc,toyota,abc298,トヨタ自動車プログラミングコンテスト2023#1(AtCoder Beginner Contest 298),2023,,1681560000.0,2023.0,abc298_g,G,Strawberry War,G. Strawberry War,2405.0,603,"['dp', 'dp on grids', 'rectangle', 'enumeration', 'optimization']",5,https://atcoder.jp/contests/abc298/tasks/abc298_g,https://atcoder-tagged-backend.onrender.com/problems/all,2.3.0-sponsor-abc-kenkoooo-diff,ja,2026-06-04T18:46:05.900291+00:00,75.528,867.0,"配点 : 600 点 問題文 長方形のケーキがあります。このケーキは H 行 W 列に並ぶ区画に分かれていて、上から i 行目、左から j 列目の区画にはイチゴが s_{i,j} 個載っています。 あなたは T 回の切断を行ってケーキを T+1 切れに分割することにしました。各回の切断は、次のいずれかの方法で行います。 現存するケーキであって、区画の行の数が 2 以上であるものを選ぶ。さらに、そのケーキから隣接する 2 行を選び、その境界でケーキを切断してより小さなケーキ 2 切れに分割する。 現存するケーキであって、区画の列の数が 2 以上であるものを選ぶ。さらに、そのケーキから隣接する 2 列を選び、その境界でケーキを切断してより小さなケーキ 2 切れに分割する。 あなたの目標は、分割後のケーキに載ったイチゴの数をできるだけ均等にすることです。 分割後の T+1 切れのケーキに載ったイチゴの個数を x_1,x_2,\ldots,x_{T+1} として、そのうち最大のものを M 、最小のものを m とするとき、 M－m がとりうる最小値を求めてください。 制約 1 \leq H,W \leq 6 1 \leq T \leq HW-1 0 \leq s_{i,j} \leq 10^{16} 入力はすべて整数 入力 入力は以下の形式で標準入力から与えられる。 H W T s_{1,1} \ldots s_{1,W} \vdots s_{H,1} \ldots s_{H,W} 出力 答えを出力せよ。 入力例 1 2 3 4 2 3 4 4 1 3 出力例 1 2 下のように切り分けると左上のケーキに 2 個、左下のケーキに 4 個、中央のケーキに 4 個、右上のケーキに 4 個、右下のケーキに 3 個のイチゴが載った状態になり、イチゴの個数の最大値と最小値の差は 4-2=2 となります。差をこれよりも小さくすることは出来ないため、 2 が答えとなります。 入力例 2 2 2 3 0 0 0 0 出力例 2 0",600.0,
atcoder,abc,public_sponsored_abc,toyota,abc298,トヨタ自動車プログラミングコンテスト2023#1(AtCoder Beginner Contest 298),2023,,1681560000.0,2023.0,abc298_h,Ex,Sum of Min of Length,Ex. Sum of Min of Length,2792.0,338,"['tree', 'lca', 'tree distance', 'subtree', 'binary lifting', 'precomputation', 'query']",7,https://atcoder.jp/contests/abc298/tasks/abc298_h,https://atcoder-tagged-backend.onrender.com/problems/all,2.3.0-sponsor-abc-kenkoooo-diff,ja,2026-06-04T18:46:05.900291+00:00,83.166,1027.0,"配点 : 600 点 問題文 N 頂点の木が与えられます。頂点には 1 から N までの番号がついており、 i 番目の辺は頂点 A_i と頂点 B_i を結んでいます。 また、この木における頂点 x と頂点 y の距離を d(x,y) で表します。ただし、頂点 x と頂点 y の距離とは、頂点 x から頂点 y までの最短パス上の辺の本数のことをいいます。 Q 個のクエリが与えられるので、順番に答えてください。 i 番目のクエリは以下で説明されます。 整数 L_i, R_i が与えられます。 \displaystyle\sum_{j = 1}^{N} \min(d(j, L_i), d(j, R_i)) の値を求めてください。 制約 1 \leq N, Q \leq 2 \times 10^5 1 \leq A_i, B_i, L_i, R_i \leq N 与えられるグラフは木 入力はすべて整数 入力 入力は以下の形式で標準入力から与えられる。 N A_1 B_1 \vdots A_{N-1} B_{N-1} Q L_1 R_1 \vdots L_Q R_Q 出力 Q 行出力せよ。 i 行目には i 番目のクエリに対する答えを出力せよ。 入力例 1 5 3 4 4 5 2 5 1 5 3 4 1 1 2 5 3 出力例 1 4 6 3 1 番目のクエリについて説明します。 d(1, 4) = 2 、 d(1, 1) = 0 より \min(d(1, 4), d(1, 1)) = 0 です。 d(2, 4) = 2 、 d(2, 1) = 2 より \min(d(2, 4), d(2, 1)) = 2 です。 d(3, 4) = 1 、 d(3, 1) = 3 より \min(d(3, 4), d(3, 1)) = 1 です。 d(4, 4) = 0 、 d(4, 1) = 2 より \min(d(4, 4), d(4, 1)) = 0 です。 d(5, 4) = 1 、 d(5, 1) = 1 より \min(d(5, 4), d(5, 1)) = 1 です。 0 + 2 + 1 + 0 + 1 = 4 であるため、 4 を出力します。 入力例 2 8 4 2 4 1 5 6 6 1 7 6 8 1 3 7 7 8 4 4 4 7 2 4 4 5 3 4 4 6 1 出力例 2 14 16 10 16 14 16 8",600.0,
atcoder,abc,public_sponsored_abc,tokyo_marine,abc299,東京海上日動プログラミングコンテスト2023（AtCoder Beginner Contest 299）,2023,,1682164800.0,2023.0,abc299_a,A,Treasure Chest,A. Treasure Chest,,12849,"['string', 'implementation', 'search']",3,https://atcoder.jp/contests/abc299/tasks/abc299_a,https://atcoder-tagged-backend.onrender.com/problems/all,2.3.0-sponsor-abc-kenkoooo-diff,ja,2026-06-04T18:46:05.900291+00:00,,616.0,配点 : 100 点 問題文 3 種類の文字 . | * からなる、長さ N の文字列 S が与えられます。 S には | がちょうど 2 つ、 * がちょうど 1 つ含まれます。 2 つの | で囲まれた部分の中に * が含まれるか判定してください。 含まれている場合 in と、含まれていない場合 out と出力してください。 より厳密には、 * より前にある文字のいずれかが | であり、かつ、 * より後ろにある文字のいずれかが | であるか判定してください。 制約 3\leq N\leq 100 N は整数 S は . | * からなる長さ N の文字列 S に | はちょうど 2 個含まれる S に * はちょうど 1 個含まれる 入力 入力は以下の形式で標準入力から与えられる。 N S 出力 2 つの | に囲まれた部分の中に * が含まれている場合 in と、含まれていない場合 out と 1 行に出力せよ。 入力例 1 10 .|..*...|. 出力例 1 in 2 つの | に囲まれた部分は |..*...| です。 この中に * が含まれているため、 in と出力してください。 入力例 2 10 .|..|.*... 出力例 2 out 2 つの | に囲まれた部分は |..| です。 この中に * は含まれていないため、 out と出力してください。 入力例 3 3 |*| 出力例 3 in,100.0,
atcoder,abc,public_sponsored_abc,tokyo_marine,abc299,東京海上日動プログラミングコンテスト2023（AtCoder Beginner Contest 299）,2023,,1682164800.0,2023.0,abc299_b,B,Trick Taking,B. Trick Taking,,10483,"['simulation', 'implementation', 'conditional', 'array', 'search']",5,https://atcoder.jp/contests/abc299/tasks/abc299_b,https://atcoder-tagged-backend.onrender.com/problems/all,2.3.0-sponsor-abc-kenkoooo-diff,ja,2026-06-04T18:46:05.900291+00:00,,997.0,"配点 : 200 点 問題文 プレイヤー 1 、プレイヤー 2 、 \ldots 、プレイヤー N と 番号 がつけられた N 人のプレイヤーがカードゲームで対戦します。 各プレイヤーはカードを 1 枚場に出します。 各カードは 色 と 値 の 2 つの属性を持ち、どちらの属性も正整数で表されます。 i = 1, 2, \ldots, N について、プレイヤー i が場に出したカードの色は C_i であり、値は R_i です。 R_1, R_2, \ldots, R_N はすべて異なります。 N 人のプレイヤーの中から 1 人の 勝者 を下記の方法で決めます。 色が T であるカードが 1 枚以上場に出された場合、色が T であるカードのうち値が最大のものを出したプレイヤーが勝者である。 色が T であるカードが場に 1 枚も出されなかった場合、プレイヤー 1 が出したカードと同じ色のカードのうち値が最大のものを出したプレイヤーが勝者である。（プレイヤー 1 自身も勝者となり得ることに注意してください。） 勝者となるプレイヤーの番号を出力してください。 制約 2 \leq N \leq 2 \times 10^5 1 \leq T \leq 10^9 1 \leq C_i \leq 10^9 1 \leq R_i \leq 10^9 i \neq j \implies R_i \neq R_j 入力はすべて整数 入力 入力は以下の形式で標準入力から与えられる。 N T C_1 C_2 \ldots C_N R_1 R_2 \ldots R_N 出力 答えを出力せよ。 入力例 1 4 2 1 2 1 2 6 3 4 5 出力例 1 4 色が 2 であるカードが 1 枚以上場に出されています。 よって、色が 2 であるカードのうち値が最大の 5 のカードを出した、プレイヤー 4 が勝者です。 入力例 2 4 2 1 3 1 4 6 3 4 5 出力例 2 1 色が 2 であるカードが 1 枚も場に出されていません。 よって、プレイヤー 1 が出したカードの色と同じ色（すなわち色 1 ）のカードのうち値が最大の 6 のカードを出した、プレイヤー 1 が勝者です。 入力例 3 2 1000000000 1000000000 1 1 1000000000 出力例 3 1",200.0,
atcoder,abc,public_sponsored_abc,tokyo_marine,abc299,東京海上日動プログラミングコンテスト2023（AtCoder Beginner Contest 299）,2023,,1682164800.0,2023.0,abc299_c,C,Dango,C. Dango,104.0,10192,"['implementation', 'pattern', 'plane sweep', 'string']",4,https://atcoder.jp/contests/abc299/tasks/abc299_c,https://atcoder-tagged-backend.onrender.com/problems/all,2.3.0-sponsor-abc-kenkoooo-diff,ja,2026-06-04T18:46:05.900291+00:00,30.116,828.0,配点 : 300 点 問題文 正の整数 L に対して、 レベル L のダンゴ文字列とは、以下の条件を満たす文字列です。 o と - からなる長さ L+1 の文字列である。 先頭の文字と末尾の文字のうちちょうど一方が - であり、そのほかの L 文字はすべて o である。 例えば、 ooo- はレベル 3 のダンゴ文字列ですが、 -ooo- や oo や o-oo- などはダンゴ文字列ではありません（より正確には、どのような正の整数 L に対してもレベル L のダンゴ文字列ではありません）。 2 種類の文字 o - からなる、長さ N の文字列 S が与えられます。 次の条件を満たすような正整数 X のうち、最大のものを求めてください。 S の連続する部分文字列であって、レベル X のダンゴ文字列であるものが存在する。 ただし、そのような整数が存在しない場合、 -1 と出力してください。 制約 1\leq N\leq 2\times10^5 S は o - からなる長さ N の文字列 入力 入力は以下の形式で標準入力から与えられる。 N S 出力 S にレベル X のダンゴ文字列が含まれるような最大の X の値を 1 行で出力せよ。 そのような値が存在しない場合、 -1 を出力せよ。 入力例 1 10 o-oooo---o 出力例 1 4 たとえば、 S の 3 文字目から 7 文字目までに対応する部分文字列 oooo- は、レベル 4 のダンゴ文字列です。 S の部分文字列であってレベル 5 以上のダンゴ文字列であるようなものは存在しないため、 4 と出力してください。 入力例 2 1 - 出力例 2 -1 S の連続する部分文字列は空文字列と - の 2 種類だけです。 これらはダンゴ文字列ではないため、 -1 と出力してください。 入力例 3 30 -o-o-oooo-oo-o-ooooooo--oooo-o 出力例 3 7,300.0,
atcoder,abc,public_sponsored_abc,tokyo_marine,abc299,東京海上日動プログラミングコンテスト2023（AtCoder Beginner Contest 299）,2023,,1682164800.0,2023.0,abc299_d,D,Find by Query,D. Find by Query,684.0,7227,"['binary search', 'interactive']",2,https://atcoder.jp/contests/abc299/tasks/abc299_d,https://atcoder-tagged-backend.onrender.com/problems/all,2.3.0-sponsor-abc-kenkoooo-diff,ja,2026-06-04T18:46:05.900291+00:00,41.563,1361.0,"配点 : 400 点 問題文 この問題は インタラクティブな問題 （あなたが作成したプログラムとジャッジプログラムが標準入出力を介して対話を行う形式の問題）です。 ジャッジが 0 と 1 のみからなる長さ N の文字列 S = S_1S_2\ldots S_N を持っています。 文字列 S は、 S_1 = 0 および S_N = 1 を満たします。 あなたには S の長さ N が与えられますが、 S 自体は与えられません。 その代わり、あなたはジャッジに対して以下の質問を 20 回まで行うことができます。 1 \leq i \leq N を満たす整数 i を選び、 S_i の値を尋ねる。 1 \leq p \leq N-1 かつ S_p \neq S_{p+1} を満たす整数 p を 1 個出力してください。 なお、本問題の条件下でそのような整数 p が必ず存在することが示せます。 制約 2 \leq N \leq 2 \times 10^5 入出力 最初に、文字列 S の長さ N を標準入力から受け取ってください。 N 次に、あなたはジャッジに対して問題文中の質問を 20 回まで繰り返すことができます。 質問は、以下の形式で標準出力に出力してください。 ここで、 i は 1 \leq i \leq N を満たす整数でなければなりません。 ? i これに対する応答として、 S_i の値が次の形式で標準入力から与えられます。 S_i ここで、 S_i は 0 または 1 です。 問題文中の条件を満たす整数 p を見つけたら、解答を以下の形式で出力してください。 その後、ただちにプログラムを終了してください。 ! p 答えが複数ある場合、どれを出力しても正解とみなされます。 注意点 出力を行うたびに、末尾に改行を入れて標準出力を flush してください。そうしなかった場合、ジャッジ結果が TLE となる可能性があります。 対話の途中で不正な出力を行った、あるいはプログラムが途中で終了した場合のジャッジ結果は不定です。 解答を出力したらただちにプログラムを終了してください。そうしない場合、ジャッジ結果は不定です。 文字列 S はあなたとジャッジの対話の開始時に固定され、あなたが行った質問などに応じて変更されることはありません。 入出力例 以下は、 N = 7, S = 0010011 の場合の入出力例です。 入力 出力 説明 7 N が与えられます。 ? 1 S_1 が何かをジャッジに質問します。 0 質問に対する答えとして S_1 = 0 がジャッジから返されます。 ? 6 S_6 が何かをジャッジに質問します。 1 質問に対する答えとして S_6 = 1 がジャッジから返されます。 ? 5 S_5 が何かをジャッジに質問します。 0 質問に対する答えとして S_5 = 0 がジャッジから返されます。 ! 5 問題文中の条件を満たす整数 p として、 p = 5 を解答します。 解答した p = 5 について、 1 \leq p \leq N-1 かつ S_p \neq S_{p+1} が成り立ちます。 よって、この後ただちにプログラムを終了することで、正解と判定されます。",400.0,
atcoder,abc,public_sponsored_abc,tokyo_marine,abc299,東京海上日動プログラミングコンテスト2023（AtCoder Beginner Contest 299）,2023,,1682164800.0,2023.0,abc299_e,E,Nearest Black Vertex,E. Nearest Black Vertex,1216.0,4511,"['graph theory', 'bfs', 'shortest path', 'constructive', 'graph coloring']",5,https://atcoder.jp/contests/abc299/tasks/abc299_e,https://atcoder-tagged-backend.onrender.com/problems/all,2.3.0-sponsor-abc-kenkoooo-diff,ja,2026-06-04T18:46:05.900291+00:00,52.062,1308.0,"配点 : 500 点 問題文 N 個の頂点と M 本の辺からなる、単純（自己ループおよび多重辺を含まない）かつ連結な無向グラフが与えられます。 i = 1, 2, \ldots, M について、 i 番目の辺は頂点 u_i と頂点 v_i を結ぶ無向辺です。 各頂点を白または黒で塗る方法であって、下記の 2 つの条件をともに満たすものが存在するかを判定し、存在する場合はその一例を示してください。 1 個以上の頂点が黒で塗られている。 すべての i = 1, 2, \ldots, K について、下記の条件が成り立つ。 頂点 p_i と「黒で塗られた頂点のうち頂点 p_i からの距離が最小であるもの」の距離がちょうど d_i である。 ここで、頂点 u と頂点 v の距離は、 u と v を結ぶパスの辺の本数としてあり得る最小値として定義されます。 制約 1 \leq N \leq 2000 N-1 \leq M \leq \min\lbrace N(N-1)/2, 2000 \rbrace 1 \leq u_i, v_i \leq N 0 \leq K \leq N 1 \leq p_1 \lt p_2 \lt \cdots \lt p_K \leq N 0 \leq d_i \leq N 与えられるグラフは単純かつ連結 入力はすべて整数 入力 入力は以下の形式で標準入力から与えられる。 N M u_1 v_1 u_2 v_2 \vdots u_M v_M K p_1 d_1 p_2 d_2 \vdots p_K d_K 出力 問題文中の条件を満たすように各頂点を白または黒で塗る方法が存在しない場合は、 No を出力せよ。 存在する場合は、下記の形式の通り、 1 行目に Yes と出力し、 2 行目に各頂点を塗る方法を表す文字列 S を出力せよ。 ここで、 S は長さ N の文字列であり、 i = 1, 2, \ldots, N について S の i 文字目は、頂点 i を黒で塗るとき 1 、白で塗るとき 0 である。 Yes S 答えが複数ある場合、どれを出力しても正解とみなされる。 入力例 1 5 5 1 2 2 3 3 1 3 4 4 5 2 1 0 5 2 出力例 1 Yes 10100 例えば、頂点 1, 3 を黒に、頂点 2, 4, 5 を白に塗るという方法が、問題文中の条件を満たします。 実際、 i = 1, 2, 3, 4, 5 について、頂点 i と「黒で塗られた頂点のうち頂点 i からの距離が最小であるもの」の距離を A_i で表すと、 (A_1, A_2, A_3, A_4, A_5) = (0, 1, 0, 1, 2) であり、特に、 A_1 = 0, A_5 = 2 が成り立ちます。 入力例 2 5 5 1 2 2 3 3 1 3 4 4 5 5 1 1 2 1 3 1 4 1 5 1 出力例 2 No 問題文中の条件を満たすように各頂点を白または黒で塗る方法が存在しないため、 No を出力します。 入力例 3 1 0 0 出力例 3 Yes 1",500.0,
atcoder,abc,public_sponsored_abc,tokyo_marine,abc299,東京海上日動プログラミングコンテスト2023（AtCoder Beginner Contest 299）,2023,,1682164800.0,2023.0,abc299_f,F,Square Subsequence,F. Square Subsequence,2349.0,1061,"['dp', 'string', 'subsequence', 'counting']",4,https://atcoder.jp/contests/abc299/tasks/abc299_f,https://atcoder-tagged-backend.onrender.com/problems/all,2.3.0-sponsor-abc-kenkoooo-diff,ja,2026-06-04T18:46:05.900291+00:00,74.423,527.0,配点 : 500 点 問題文 英小文字のみからなる文字列 S が与えられます。 下記の条件を満たす空でない文字列 T の個数を 998244353 で割ったあまりを出力してください。 T を 2 つ連結して得られる文字列 TT が、 S に（連続とは限らない）部分列として含まれる。 制約 S は英小文字のみからなる長さ 1 以上 100 以下の文字列 入力 入力は以下の形式で標準入力から与えられる。 S 出力 答えを出力せよ。 入力例 1 ababbaba 出力例 1 8 問題文中の条件を満たす文字列 T は、 a 、 aa 、 ab 、 aba 、 b 、 ba 、 bab 、 bb の 8 個です。 入力例 2 zzz 出力例 2 1 問題文中の条件を満たす文字列 T は、 z のみです。 S = S_1S_2S_3 = zzz から、文字列 zz を部分列として得る方法は、 S_1S_2 = zz 、 S_1S_3 = zz 、 S_2S_3 = zz の 3 通りありますが、文字列 z は答えに 1 回だけ寄与することに注意してください。 入力例 3 ppppqqppqqqpqpqppqpqqqqpppqppq 出力例 3 580,500.0,
atcoder,abc,public_sponsored_abc,tokyo_marine,abc299,東京海上日動プログラミングコンテスト2023（AtCoder Beginner Contest 299）,2023,,1682164800.0,2023.0,abc299_g,G,Minimum Permutation,G. Minimum Permutation,2066.0,1728,"['greedy', 'segment tree', 'range minimum query']",3,https://atcoder.jp/contests/abc299/tasks/abc299_g,https://atcoder-tagged-backend.onrender.com/problems/all,2.3.0-sponsor-abc-kenkoooo-diff,ja,2026-06-04T18:46:05.900291+00:00,68.838,611.0,"配点 : 600 点 問題文 1 以上 M 以下の整数からなる長さ N の数列 A があります。ここで、 1 以上 M 以下のどの整数も A に 1 回以上登場します。 A の長さ M の（連続とは限らない）部分列であって 1, \ldots, M が 1 回ずつ登場するもののうち、辞書順最小のものを答えてください。 制約 1 \leq M \leq N \leq 2 \times 10^5 1 \leq A_i \leq M 1 以上 M 以下のどの整数も A に 1 回以上登場する。 入力中の値はすべて整数である。 入力 入力は以下の形式で標準入力から与えられる。 N M A_1 A_2 \ldots A_N 出力 求めるべき部分列を B_1, \ldots, B_M として、以下の形式で出力せよ。 B_1 B_2 \ldots B_M 入力例 1 4 3 2 3 1 3 出力例 1 2 1 3 A の長さ 3 の部分列であって 1, 2, 3 が 1 回ずつ登場するものは (2, 3, 1) と (2, 1, 3) であり、このうち辞書順で小さいのは (2, 1, 3) です。 入力例 2 4 4 2 3 1 4 出力例 2 2 3 1 4 入力例 3 20 10 6 3 8 5 8 10 9 3 6 1 8 3 3 7 4 7 2 7 8 5 出力例 3 3 5 8 10 9 6 1 4 2 7",600.0,
atcoder,abc,public_sponsored_abc,tokyo_marine,abc299,東京海上日動プログラミングコンテスト2023（AtCoder Beginner Contest 299）,2023,,1682164800.0,2023.0,abc299_h,Ex,Dice Sum Infinity,Ex. Dice Sum Infinity,2984.0,182,"['expectation', 'recurrence', 'formula', 'modular arithmetic', 'matrix', 'dp']",6,https://atcoder.jp/contests/abc299/tasks/abc299_h,https://atcoder-tagged-backend.onrender.com/problems/all,2.3.0-sponsor-abc-kenkoooo-diff,ja,2026-06-04T18:46:05.900291+00:00,86.955,658.0,"配点 : 600 点 問題文 高橋くんは、偏りがない 6 面サイコロ 1 個と、 10^9 未満の正の整数 R を 1 個持っています。 サイコロを 1 度振ると 1,2,3,4,5,6 のいずれかの整数の目が出ます。 どの整数の目が出るかは同様に確からしく、サイコロを複数回振ったとき、何回目に出た目の値も互いに独立です。 高橋くんは、次の操作を行います。 はじめ、 C=0 です。 サイコロを振り、 C の値を 1 増やす。 これまでに出た目の合計を X とし、 X-R が 10^9 の倍数になったら、操作をやめる。 1. に戻る。 操作が終了したときの C の期待値を {}\bmod 998244353 で求めてください。 注意 この問題の制約のもとで、 C の期待値は既約分数 p/q として表せ、かつ xq \equiv p\pmod{998244353} を満たす整数 x\ (0\leq x\lt998244353) がただひとつ存在することが示せます。 このような x を出力してください。 制約 0\lt R\lt10^9 R は整数 入力 入力は以下の形式で標準入力から与えられる。 R 出力 答えを 1 行で出力せよ。 入力例 1 1 出力例 1 291034221 操作が終了したときの C の期待値はおよそ 833333333.619047619 で、 {}\bmod 998244353 では 291034221 です。 入力例 2 720357616 出力例 2 153778832",600.0,
atcoder,abc,public_sponsored_abc,unique_vision,abc300,ユニークビジョンプログラミングコンテスト2023 春 (AtCoder Beginner Contest 300),2023,,1682769600.0,2023.0,abc300_a,A,N-choice question,A. N-choice question,-1147.0,16836,"['implementation', 'search', 'array', 'math']",4,https://atcoder.jp/contests/abc300/tasks/abc300_a,https://atcoder-tagged-backend.onrender.com/problems/all,2.3.0-sponsor-abc-kenkoooo-diff,ja,2026-06-04T18:46:05.900291+00:00,5.427,542.0,"配点 : 100 点 問題文 整数 A,B が与えられるので、 A+B の値を答えてください。 但し、この問題は N 択問題であり、 i 番の選択肢は C_i です。 正解となる 選択肢の番号 を出力してください。 制約 入力は全て整数 1 \le N \le 300 1 \le A,B \le 1000 1 \le C_i \le 2000 C_i は相異なる。すなわち、同じ選択肢が複数存在することはない。 A+B=C_i なる i が丁度 1 つ存在する。すなわち、正解となる選択肢が必ずただ 1 つ存在する。 入力 入力は以下の形式で標準入力から与えられる。 N A B C_1 C_2 \dots C_N 出力 答えを整数として出力せよ。 入力例 1 3 125 175 200 300 400 出力例 1 2 125+175 = 300 です。 1 番の選択肢は 200 、 2 番の選択肢は 300 、 3 番の選択肢は 400 です。 よって正解となる選択肢の番号は 2 番であり、これを出力します。 入力例 2 1 1 1 2 出力例 2 1 1 択問題である場合もあります。 入力例 3 5 123 456 135 246 357 468 579 出力例 3 5",100.0,
atcoder,abc,public_sponsored_abc,unique_vision,abc300,ユニークビジョンプログラミングコンテスト2023 春 (AtCoder Beginner Contest 300),2023,,1682769600.0,2023.0,abc300_b,B,Same Map in the RPG World,B. Same Map in the RPG World,350.0,10281,"['brute force', 'grid', 'cycle', 'simulation', 'modular arithmetic']",5,https://atcoder.jp/contests/abc300/tasks/abc300_b,https://atcoder-tagged-backend.onrender.com/problems/all,2.3.0-sponsor-abc-kenkoooo-diff,ja,2026-06-04T18:46:05.900291+00:00,34.971,2181.0,"配点 : 200 点 問題文 高橋君は RPG を作っています。高橋君は 2 枚の RPG 世界のマップが一致しているかを判定するプログラムを書くことにしました。 縦 H マス横 W マスの 2 つのグリッド A, B があります。グリッドの各マスには # と . のいずれかの文字が書かれています。 A と B の上から i 行目、左から j 列目に書かれている文字をそれぞれ A_{i, j}, B_{i, j} と呼びます。 次の 2 種類の操作をそれぞれ 縦方向のシフト , 横方向のシフト と呼びます。 j=1, 2, \dots, W について次の操作を同時に行う。 A_{1,j}, A_{2,j}, \dots, A_{H-1, j}, A_{H,j} を A_{2,j}, A_{3,j}, \dots, A_{H,j}, A_{1,j} に同時に置き換える。 i = 1, 2, \dots, H について次の操作を同時に行う。 A_{i,1}, A_{i,2}, \dots, A_{i,W-1}, A_{i,W} を A_{i, 2}, A_{i, 3}, \dots, A_{i,W}, A_{i,1} に同時に置き換える。 次の条件を満たす非負整数の組 (s, t) は存在しますか？存在する場合は Yes を、存在しない場合は No を出力してください。 縦方向のシフトを s 回行い、次に横方向のシフトを t 回行った時、操作後の A が B と一致する。 ここで、 A と B が一致するとは、 1 \leq i \leq H, 1 \leq j \leq W を満たす整数の組 (i, j) すべてに対して A_{i, j} = B_{i, j} が成り立つことを言います。 制約 2 \leq H, W \leq 30 A_{i,j},B_{i,j} は # または . H, W は整数 入力 入力は以下の形式で標準入力から与えられる。 H W A_{1,1}A_{1,2}\dots A_{1,W} A_{2,1}A_{2,2}\dots A_{2,W} \vdots A_{H,1}A_{H,2}\dots A_{H,W} B_{1,1}B_{1,2}\dots B_{1,W} B_{2,1}B_{2,2}\dots B_{2,W} \vdots B_{H,1}B_{H,2}\dots B_{H,W} 出力 条件を満たす整数の組 (s, t) が存在する場合は Yes を、存在しない場合は No を出力せよ。 入力例 1 4 3 ..# ... .#. ... #.. ... .#. ... 出力例 1 Yes (s, t) = (2, 1) とすると A と B を一致させることができます。 (s, t) = (2, 1) の時の操作の手順を説明します。はじめ、 A は次の通りです。 ..# ... .#. ... まず、縦方向のシフトを行います。 A は次のようになります。 ... .#. ... ..# 次に、再び縦方向のシフトを行います。 A は次のようになります。 .#. ... ..# ... 最後に、横方向のシフトを行います。 A は次のようになり、これは B と一致しています。 #.. ... .#. ... 入力例 2 3 2 ## ## #. .. #. #. 出力例 2 No どのように (s, t) を選んでも A と B を一致させることはできません。 入力例 3 4 5 ##### .#... .##.. ..##. ...## #...# ##### ...#. 出力例 3 Yes 入力例 4 10 30 ..........##########.......... ..........####....###.....##.. .....##....##......##...#####. ....####...##..#####...##...## ...##..##..##......##..##....# #.##....##....##...##..##..... ..##....##.##..#####...##...## ..###..###..............##.##. .#..####..#..............###.. #..........##................. ................#..........##. ######....................#### ....###.....##............#### .....##...#####......##....##. .#####...##...##....####...##. .....##..##....#...##..##..##. ##...##..##.....#.##....##.... .#####...##...##..##....##.##. ..........##.##...###..###.... ...........###...#..####..#... 出力例 4 Yes",200.0,
atcoder,abc,public_sponsored_abc,unique_vision,abc300,ユニークビジョンプログラミングコンテスト2023 春 (AtCoder Beginner Contest 300),2023,,1682769600.0,2023.0,abc300_c,C,Cross,C. Cross,534.0,8423,"['grid', 'simulation', 'implementation', 'pattern']",4,https://atcoder.jp/contests/abc300/tasks/abc300_c,https://atcoder-tagged-backend.onrender.com/problems/all,2.3.0-sponsor-abc-kenkoooo-diff,ja,2026-06-04T18:46:05.900291+00:00,38.603,1792.0,"配点 : 300 点 問題文 縦 H マス横 W マスのグリッドがあります。グリッドの上から i 行目、左から j 列目のマスを (i, j) と呼びます。 グリッドの各マスには # と . のいずれかの文字が書かれています。 (i, j) に書かれている文字を C[i][j] とします。また、整数 i, j が 1 \leq i \leq H と 1 \leq j \leq W の少なくとも一方を満たさない場合、 C[i][j] を . と定義します。 正整数 a, b, n が以下の条件を全て満たす時、 (a,b) および (a+d,b+d),(a+d,b-d),(a-d,b+d),(a-d,b-d) (1 \leq d \leq n) の 4n + 1 マスを (a,b) を中心とするサイズ n のバツ印 と呼びます。 C[a][b] は # である。 1 \leq d \leq n を満たす整数 d について、 C[a+d][b+d],C[a+d][b-d],C[a-d][b+d],C[a-d][b-d] はいずれも # である。 C[a+n+1][b+n+1],C[a+n+1][b-n-1],C[a-n-1][b+n+1],C[a-n-1][b-n-1] のうち少なくとも 1 つは . である。 例えば次の図で示された例では、 (2, 2) を中心とするサイズ 1 のバツ印と (3, 7) を中心とするサイズ 2 のバツ印がグリッド上にあります。 グリッドにはいくつかのバツ印があります。バツ印を構成するマス以外に # は書かれていません。 また、異なるバツ印を構成するマス同士は頂点を共有しません。以下の 2 つのグリッドは異なるバツ印を構成するマス同士が頂点を共有している例で、 このようなグリッドの状態は入力として与えられません。 例えば左のグリッドでは (3, 3) と (4, 4) が頂点を共有しているのが条件に反しています。 N = \min(H, W) とします。また、サイズ n のバツ印の個数を S_n とします。 S_1, S_2, \dots, S_N を計算してください。 制約 3 \leq H, W \leq 100 C[i][j] は # または . 異なるバツ印を構成するマス同士は頂点を共有しない H, W は整数 入力 入力は以下の形式で標準入力から与えられる。 H W C[1][1]C[1][2]\dots C[1][W] C[2][1]C[2][2]\dots C[2][W] \vdots C[H][1]C[H][2]\dots C[H][W] 出力 S_1, S_2, \dots, S_N を空白区切りで出力せよ。 入力例 1 5 9 #.#.#...# .#...#.#. #.#...#.. .....#.#. ....#...# 出力例 1 1 1 0 0 0 問題文に書かれた説明の通り、 (2, 2) を中心とするサイズ 1 のバツ印と (3, 7) を中心とするサイズ 2 のバツ印が書かれています。 入力例 2 3 3 ... ... ... 出力例 2 0 0 0 バツ印が 1 個も書かれていない場合もあります。 入力例 3 3 16 #.#.....#.#..#.# .#.......#....#. #.#.....#.#..#.# 出力例 3 3 0 0 入力例 4 15 20 #.#..#.............# .#....#....#.#....#. #.#....#....#....#.. ........#..#.#..#... #.....#..#.....#.... .#...#....#...#..#.# ..#.#......#.#....#. ...#........#....#.# ..#.#......#.#...... .#...#....#...#..... #.....#..#.....#.... ........#.......#... #.#....#....#.#..#.. .#....#......#....#. #.#..#......#.#....# 出力例 4 5 0 1 0 0 0 1 0 0 0 0 0 0 0 0",300.0,
atcoder,abc,public_sponsored_abc,unique_vision,abc300,ユニークビジョンプログラミングコンテスト2023 春 (AtCoder Beginner Contest 300),2023,,1682769600.0,2023.0,abc300_d,D,AABCC,D. AABCC,908.0,6925,"['prime sieve', 'two pointer', 'enumeration']",3,https://atcoder.jp/contests/abc300/tasks/abc300_d,https://atcoder-tagged-backend.onrender.com/problems/all,2.3.0-sponsor-abc-kenkoooo-diff,ja,2026-06-04T18:46:05.900291+00:00,45.984,342.0,"配点 : 400 点 問題文 N 以下の正整数のうち、 a<b<c なる 素数 a,b,c を用いて a^2 \times b \times c^2 と表せるものはいくつありますか? 制約 N は 300 \le N \le 10^{12} を満たす整数 入力 入力は以下の形式で標準入力から与えられる。 N 出力 答えを整数として出力せよ。 入力例 1 1000 出力例 1 3 1000 以下で条件を満たす整数は以下の 3 つです。 300 = 2^2 \times 3 \times 5^2 588 = 2^2 \times 3 \times 7^2 980 = 2^2 \times 5 \times 7^2 入力例 2 1000000000000 出力例 2 2817785",400.0,
atcoder,abc,public_sponsored_abc,unique_vision,abc300,ユニークビジョンプログラミングコンテスト2023 春 (AtCoder Beginner Contest 300),2023,,1682769600.0,2023.0,abc300_e,E,Dice Product 3,E. Dice Product 3,1354.0,4764,"['dp', 'probability', 'modular arithmetic', 'memoization', 'number theory']",5,https://atcoder.jp/contests/abc300/tasks/abc300_e,https://atcoder-tagged-backend.onrender.com/problems/all,2.3.0-sponsor-abc-kenkoooo-diff,ja,2026-06-04T18:46:05.900291+00:00,54.786,1011.0,"配点 : 500 点 問題文 あなたは 1 以上 6 以下の整数が等確率で出るサイコロと整数 1 を持っています。 あなたは持っている整数が N 未満である間、次の操作を繰り返します。 サイコロを振り、出た目を x とする。持っている整数に x を掛ける。 全ての操作を終了した時に、持っている整数が N に一致する確率を \text{mod }998244353 で求めてください。 確率 \text{mod }998244353 とは？ 求める確率は必ず有理数となることが証明できます。 またこの問題の制約下では、その値を互いに素な 2 つの整数 P , Q を用いて \frac{P}{Q} と表したとき、 R \times Q \equiv P\pmod{998244353} かつ 0 \leq R \lt 998244353 を満たす整数 R がただ一つ存在することが証明できます。この R を求めてください。 制約 2 \leq N \leq 10^{18} N は整数 入力 入力は以下の形式で標準入力から与えられる。 N 出力 全ての操作を終了した時に、持っている整数が N に一致する確率を \text{mod }998244353 で出力せよ。 入力例 1 6 出力例 1 239578645 操作が終了するまでの手順としてあり得る一例を挙げると次のようになります。 はじめ, 持っている整数は 1 である。 サイコロを振り, 2 が出る。持っている整数は 1 \times 2 = 2 になる。 サイコロを振り, 4 が出る。持っている整数は 2 \times 4 = 8 になる。 持っている整数が 6 以上になったので操作を終了する。 操作がこのように進んだ場合、操作後に持っている整数は 8 であり N = 6 に一致しません。 操作後に持っている整数が 6 である確率は \frac{7}{25} です。 239578645 \times 25 \equiv 7 \pmod{998244353} より、 239578645 を出力してください。 入力例 2 7 出力例 2 0 どのような目が出ても、操作後に持っている整数が 7 になることはありません。 入力例 3 300 出力例 3 183676961 入力例 4 979552051200000000 出力例 4 812376310",500.0,
atcoder,abc,public_sponsored_abc,unique_vision,abc300,ユニークビジョンプログラミングコンテスト2023 春 (AtCoder Beginner Contest 300),2023,,1682769600.0,2023.0,abc300_f,F,More Holidays,F. More Holidays,1846.0,2322,"['binary search', 'prefix sum', 'sliding window', 'string', 'two pointer']",5,https://atcoder.jp/contests/abc300/tasks/abc300_f,https://atcoder-tagged-backend.onrender.com/problems/all,2.3.0-sponsor-abc-kenkoooo-diff,ja,2026-06-04T18:46:05.900291+00:00,64.496,866.0,"配点 : 500 点 問題文 o と x からなる長さ N の文字列 S と、整数 M,K が与えられます。 S には少なくとも 1 つの x が含まれることが保証されます。 S を M 個連結して得られる長さ NM の文字列を T とします。 T に含まれる x のうち丁度 K 個を選んで o に変えることを考えます。 あなたの目標は、変更後の T に o のみからなるできるだけ長い連続部分文字列が含まれるようにすることです。 o のみからなる連続部分文字列の長さとして達成可能な最大値を求めてください。 制約 N,M,K は整数 1 \le N \le 3 \times 10^5 1 \le M \le 10^9 x を文字列 T に含まれる x の総数としたとき、 1 \le K \le x S は o と x からなる長さ N の文字列 S には少なくとも 1 つの x が含まれる 入力 入力は以下の形式で標準入力から与えられる。 N M K S 出力 答えを整数として出力せよ。 入力例 1 10 1 2 ooxxooooox 出力例 1 9 S= ooxxooooox 、 T= ooxxooooox です。 3 文字目と 4 文字目の x を o に変更することにより、変更後の T= ooooooooox となります。 このとき o のみからなる長さ 9 の連続部分文字列が得られ、これが達成可能な最大値です。 入力例 2 5 3 4 oxxox 出力例 2 8 S= oxxox 、 T= oxxoxoxxoxoxxox です。 5,7,8,10 文字目の x を o に変更することにより、変更後の T= oxxooooooooxxox となります。 このとき o のみからなる長さ 8 の連続部分文字列が得られ、これが達成可能な最大値です。 入力例 3 30 1000000000 9982443530 oxoxooxoxoxooxoxooxxxoxxxooxox 出力例 3 19964887064",500.0,
atcoder,abc,public_sponsored_abc,unique_vision,abc300,ユニークビジョンプログラミングコンテスト2023 春 (AtCoder Beginner Contest 300),2023,,1682769600.0,2023.0,abc300_g,G,P-smooth number,G. P-smooth number,2343.0,1379,"['meet in the middle', 'prime factorization', 'math', 'two pointer', 'enumeration']",5,https://atcoder.jp/contests/abc300/tasks/abc300_g,https://atcoder-tagged-backend.onrender.com/problems/all,2.3.0-sponsor-abc-kenkoooo-diff,ja,2026-06-04T18:46:05.900291+00:00,74.304,417.0,"配点 : 600 点 問題文 k 以下の素数のみを素因数に持つ正整数を k -smooth number と呼びます。 整数 N および 100 以下の素数 P が与えられるので、 N 以下の P -smooth number の個数を求めてください。 制約 N は 1 \le N \le 10^{16} を満たす整数 P は 2 \le P \le 100 を満たす素数 入力 入力は以下の形式で標準入力から与えられる。 N P 出力 答えを整数として出力せよ。 入力例 1 36 3 出力例 1 14 36 以下の 3 -smooth number は 1,2,3,4,6,8,9,12,16,18,24,27,32,36 の 14 個です。 1 は任意の素数 k に対して k -smooth number であることに注意してください。 入力例 2 10000000000000000 97 出力例 2 2345134674",600.0,
atcoder,abc,public_sponsored_abc,unique_vision,abc300,ユニークビジョンプログラミングコンテスト2023 春 (AtCoder Beginner Contest 300),2023,,1682769600.0,2023.0,abc300_h,Ex,Fibonacci: Revisited,Ex. Fibonacci: Revisited,3209.0,188,"['recurrence', 'generating function', 'digit dp', 'fft', 'bostan mori', 'polynomial', 'bit manipulation']",7,https://atcoder.jp/contests/abc300/tasks/abc300_h,https://atcoder-tagged-backend.onrender.com/problems/all,2.3.0-sponsor-abc-kenkoooo-diff,ja,2026-06-04T18:46:05.900291+00:00,91.395,841.0,"配点 : 600 点 問題文 数列 a_0, a_1, a_2, \dots の一般項 a_n を次のように定義します。 a_n = \begin{cases} 1 & (0 \leq n \lt K) \\ \displaystyle{\sum_{i=1}^K} a_{n-i} & (K \leq n) \\ \end{cases} 整数 N が与えられます。 m\text{ AND }N = m を満たす全ての非負整数 m に対する a_m の総和を 998244353 で割った余りを求めてください。( \text{AND} はビット単位 AND) ビット単位 AND とは？ 整数 A,B のビット単位 AND、 A\text{ AND }B は以下のように定義されます。 ・ A\text{ AND }B を二進表記した際の 2^k (k \geq 0) の位の数は、 A,B を二進表記した際の 2^k の位の数のうち両方が 1 であれば 1 、そうでなければ 0 である。 制約 1 \leq K \leq 5 \times 10^4 0 \leq N \leq 10^{18} N, K は整数 入力 入力は以下の形式で標準入力から与えられる。 K N 出力 答えを出力せよ。 入力例 1 2 6 出力例 1 21 数列の各項を a_0 から順に並べると 1, 1, 2, 3, 5, 8, 13, 21, \dots になります。 6 \text{ AND } m = m であるような非負整数は 0, 2, 4, 6 の 4 個なので、答えは 1 + 2 + 5 + 13 = 21 になります。 入力例 2 2 8 出力例 2 35 入力例 3 1 123456789 出力例 3 65536 入力例 4 300 20230429 出力例 4 125461938 入力例 5 42923 999999999558876113 出力例 5 300300300",600.0,
atcoder,abc,public_sponsored_abc,panasonic,abc301,パナソニックグループプログラミングコンテスト2023（AtCoder Beginner Contest 301）,2023,,1683979200.0,2023.0,abc301_a,A,Overall Winner,A. Overall Winner,-821.0,14447,"['string', 'counting', 'simulation', 'implementation']",4,https://atcoder.jp/contests/abc301/tasks/abc301_a,https://atcoder-tagged-backend.onrender.com/problems/all,2.3.0-sponsor-abc-kenkoooo-diff,ja,2026-06-04T18:46:05.900291+00:00,11.861,584.0,配点 : 100 点 問題文 高橋くんと青木くんが N 回の試合を行いました。 これらの試合の結果を表す長さ N の文字列 S が与えられます。 i 回目の試合の勝者は、 S の i 文字目が T ならば高橋くん、 A ならば青木くんです。 高橋くんと青木くんのうち、勝った試合の数が多い方を総合勝者とします。 ただし、勝った試合の数が同じである場合は、先にその勝ち数に達した者を総合勝者とします。 高橋くんと青木くんのどちらが総合勝者であるか求めてください。 制約 1\leq N \leq 100 N は整数 S は T および A からなる長さ N の文字列 入力 入力は以下の形式で標準入力から与えられる。 N S 出力 総合勝者が高橋くんならば T を、青木くんならば A を出力せよ。 入力例 1 5 TTAAT 出力例 1 T 高橋くんは 3 回の試合に勝ち、青木くんは 2 回の試合に勝ちました。 よって、勝った試合の数が多い高橋くんが総合勝者です。 入力例 2 6 ATTATA 出力例 2 T 高橋くんと青木くんのどちらも 3 回の試合に勝ちました。 また、高橋くんは 5 回目の試合で 3 勝目に達し、青木くんは 6 回目の試合で 3 勝目に達しました。 よって、先に 3 勝目に達した高橋くんが総合勝者です。 入力例 3 1 A 出力例 3 A,100.0,
atcoder,abc,public_sponsored_abc,panasonic,abc301,パナソニックグループプログラミングコンテスト2023（AtCoder Beginner Contest 301）,2023,,1683979200.0,2023.0,abc301_b,B, Fill the Gaps,B.  Fill the Gaps,-314.0,13005,"['simulation', 'array', 'implementation']",3,https://atcoder.jp/contests/abc301/tasks/abc301_b,https://atcoder-tagged-backend.onrender.com/problems/all,2.3.0-sponsor-abc-kenkoooo-diff,ja,2026-06-04T18:46:05.900291+00:00,21.867,780.0,"配点 : 200 点 問題文 正整数からなる長さ N の数列 A=(A_1,\ldots,A_N) があります。どの隣接する 2 項の値も相異なります。 この数列に対し、次の操作によりいくつか数を挿入します。 数列 A のどの隣接する 2 項の差の絶対値も 1 であるとき、操作を終了する。 数列 A の先頭から見て、隣接する 2 項の差の絶対値が 1 でない最初の箇所を A_i,A_{i+1} とする。 A_i < A_{i+1} ならば、 A_i と A_{i+1} の間に、 A_i+1,A_i+2,\ldots,A_{i+1}-1 を挿入する。 A_i > A_{i+1} ならば、 A_i と A_{i+1} の間に、 A_i-1,A_i-2,\ldots,A_{i+1}+1 を挿入する。 手順 1 に戻る。 操作が終了したときの数列を出力してください。 制約 2 \leq N \leq 100 1 \leq A_i \leq 100 A_i \neq A_{i+1} 入力は全て整数 入力 入力は以下の形式で標準入力から与えられる。 N A_1 A_2 \ldots A_N 出力 操作が終了したときの数列の各要素を空白区切りで出力せよ。 入力例 1 4 2 5 1 2 出力例 1 2 3 4 5 4 3 2 1 2 最初、数列は (2,5,1,2) です。操作は以下のように行われます。 1 項目の 2 と 2 項目の 5 の間に 3,4 を挿入する。数列は (2,3,4,5,1,2) となる。 4 項目の 5 と 5 項目の 1 の間に 4,3,2 を挿入する。数列は (2,3,4,5,4,3,2,1,2) となる。 入力例 2 6 3 4 5 6 5 4 出力例 2 3 4 5 6 5 4 一度も挿入が行われないこともあります。",200.0,
atcoder,abc,public_sponsored_abc,panasonic,abc301,パナソニックグループプログラミングコンテスト2023（AtCoder Beginner Contest 301）,2023,,1683979200.0,2023.0,abc301_c,C,AtCoder Cards,C. AtCoder Cards,379.0,9394,"['counting', 'greedy', 'implementation', 'string']",4,https://atcoder.jp/contests/abc301/tasks/abc301_c,https://atcoder-tagged-backend.onrender.com/problems/all,2.3.0-sponsor-abc-kenkoooo-diff,ja,2026-06-04T18:46:05.900291+00:00,35.544,737.0,"配点 : 300 点 問題文 AtCoder社ではカードを使った 1 人ゲームが流行っています。 ゲームで使う各カードには、英小文字 1 文字または @ の文字が書かれており、いずれのカードも十分多く存在します。 ゲームは以下の手順で行います。 カードを同じ枚数ずつ 2 列に並べる。 @ のカードを、それぞれ a , t , c , o , d , e , r のいずれかのカードと置き換える。 2 つの列が一致していれば勝ち。そうでなければ負け。 このゲームに勝ちたいあなたは、次のようなイカサマをすることにしました。 手順 1 以降の好きなタイミングで、列内のカードを自由に並び替えてよい。 手順 1 で並べられた 2 つの列を表す 2 つの文字列 S,T が与えられるので、イカサマをしてもよいときゲームに勝てるか判定してください。 制約 S,T は英小文字と @ からなる S,T の長さは等しく 1 以上 2\times 10^5 以下 入力 入力は以下の形式で標準入力から与えられる。 S T 出力 イカサマをしてもよいとき、ゲームに勝てるなら Yes 、勝てないなら No と出力せよ。 入力例 1 ch@ku@ai choku@@i 出力例 1 Yes @ をうまく置き換えることによって、両方とも chokudai と一致させることが可能です。 入力例 2 ch@kud@i akidu@ho 出力例 2 Yes イカサマをし、 @ をうまく置き換えることによって、両方とも chokudai と一致させることが可能です。 入力例 3 aoki @ok@ 出力例 3 No イカサマをしても勝つことはできません。 入力例 4 aa bb 出力例 4 No",300.0,
atcoder,abc,public_sponsored_abc,panasonic,abc301,パナソニックグループプログラミングコンテスト2023（AtCoder Beginner Contest 301）,2023,,1683979200.0,2023.0,abc301_d,D,Bitmask,D. Bitmask,885.0,7378,"['bit manipulation', 'greedy', 'base representation']",3,https://atcoder.jp/contests/abc301/tasks/abc301_d,https://atcoder-tagged-backend.onrender.com/problems/all,2.3.0-sponsor-abc-kenkoooo-diff,ja,2026-06-04T18:46:05.900291+00:00,45.53,626.0,"配点 : 400 点 問題文 0 , 1 , ? からなる文字列 S および整数 N が与えられます。 S に含まれる ? をそれぞれ 0 または 1 に置き換えて 2 進整数とみなしたときに得られる値の集合を T とします。 たとえば、 S= ?0? のとき、 T=\lbrace 000_{(2)},001_{(2)},100_{(2)},101_{(2)}\rbrace=\lbrace 0,1,4,5\rbrace です。 T に含まれる N 以下の値のうち最大のものを ( 10 進整数として) 出力してください。 N 以下の値が T に含まれない場合は、代わりに -1 を出力してください。 制約 S は 0 , 1 , ? からなる文字列 S の長さは 1 以上 60 以下 1\leq N \leq 10^{18} N は整数 入力 入力は以下の形式で標準入力から与えられる。 S N 出力 答えを出力せよ。 入力例 1 ?0? 2 出力例 1 1 問題文中で例示したとおり、 T=\lbrace 0,1,4,5\rbrace です。 T に含まれる N 以下の値は 0 と 1 なので、そのうちの最大である 1 を出力します。 入力例 2 101 4 出力例 2 -1 T=\lbrace 5\rbrace であるため、 N 以下の値は T に含まれません。 入力例 3 ?0? 1000000000000000000 出力例 3 5",400.0,
atcoder,abc,public_sponsored_abc,panasonic,abc301,パナソニックグループプログラミングコンテスト2023（AtCoder Beginner Contest 301）,2023,,1683979200.0,2023.0,abc301_e,E,Pac-Takahashi ,E. Pac-Takahashi ,1673.0,3034,"['bfs', 'bitmask dp', 'dp', 'shortest path', 'traveling salesman', 'grid']",6,https://atcoder.jp/contests/abc301/tasks/abc301_e,https://atcoder-tagged-backend.onrender.com/problems/all,2.3.0-sponsor-abc-kenkoooo-diff,ja,2026-06-04T18:46:05.900291+00:00,61.082,1466.0,"配点 : 475 点 問題文 H 行 W 列のグリッドがあります。 上から i 行目、左から j 列目のマス目を (i,j) と表します。 グリッドの各マスはスタートマス、ゴールマス、空マス、壁マス、お菓子マスのいずれかです。 (i,j) が何のマスであるかは文字 A_{i,j} によって表され、 A_{i,j}= S のときスタートマス、 A_{i,j}= G のときゴールマス、 A_{i,j}= . のとき空マス、 A_{i,j}= # のとき壁マス、 A_{i,j}= o のときお菓子マスです。 ここで、スタートマスとゴールマスはちょうど 1 つずつあり、お菓子マスは 18 個以下 であることが保証されます。 高橋くんは現在スタートマスにいます。 高橋くんは、上下左右に隣接するマスであって壁マスでないマスに移動することを繰り返し行えます。 高橋くんは今から T 回以下の移動によってゴールマスに到達したいです。 そのようなことは可能かどうか判定してください。 可能な場合は、最終的にゴールマスにいるという条件のもとで、移動の途中に訪れるお菓子マスの数の最大値を求めてください。 ただし、 1 つのお菓子マスに複数回訪れた場合でも、カウントするのは 1 回のみです。 制約 1\leq H,W \leq 300 1 \leq T \leq 2\times 10^6 H,W,T は整数 A_{i,j} は S , G , . , # , o のいずれか A_{i,j}= S を満たす (i,j) の組がちょうど 1 つ存在する A_{i,j}= G を満たす (i,j) の組がちょうど 1 つ存在する A_{i,j}= o を満たす (i,j) の組は 18 個以下 入力 入力は以下の形式で標準入力から与えられる。 H W T A_{1,1}A_{1,2}\dots A_{1,W} \vdots A_{H,1}A_{H,2}\dots A_{H,W} 出力 T 回以下の移動によってゴールマスに到達することが不可能ならば -1 を出力せよ。 可能ならば、最終的にゴールマスにいるという条件のもとで、移動の途中に訪れるお菓子マスの数の最大値を出力せよ。 入力例 1 3 3 5 S.G o#o .#. 出力例 1 1 (1,1) \rightarrow (1,2) \rightarrow (1,3) \rightarrow (2,3) \rightarrow (1,3) と 4 回移動すると、 1 個のお菓子マスを訪れた上で最終的にゴールマスにいることができます。 5 回以下の移動で 2 個のお菓子マスを訪れた上で最終的にゴールマスにいることはできないので、 1 が答えです。 なお、 (1,1) \rightarrow (2,1) \rightarrow (1,1) \rightarrow (1,2) \rightarrow (1,3) \rightarrow (2,3) と移動すると 5 回の移動で 2 個のお菓子マスを訪れることができますが、最終的にゴールマスにいないため無効であることに注意してください。 入力例 2 3 3 1 S.G .#o o#. 出力例 2 -1 1 回以下の移動でゴールマスに到達することはできません。 入力例 3 5 10 2000000 S.o..ooo.. ..o..o.o.. ..o..ooo.. ..o..o.o.. ..o..ooo.G 出力例 3 18",475.0,
atcoder,abc,public_sponsored_abc,panasonic,abc301,パナソニックグループプログラミングコンテスト2023（AtCoder Beginner Contest 301）,2023,,1683979200.0,2023.0,abc301_f,F,Anti-DDoS,F. Anti-DDoS,2548.0,745,"['dp', 'string dp', 'subsequence', 'combinatorics', 'bitmask', 'modular arithmetic']",6,https://atcoder.jp/contests/abc301/tasks/abc301_f,https://atcoder-tagged-backend.onrender.com/problems/all,2.3.0-sponsor-abc-kenkoooo-diff,ja,2026-06-04T18:46:05.900291+00:00,78.35,731.0,"配点 : 500 点 問題文 英大文字・英小文字からなる長さ 4 の文字列で、以下の 2 条件をともに満たすものを DDoS 型文字列と呼ぶことにします。 1,2,4 文字目が英大文字で、 3 文字目が英小文字である 1,2 文字目が等しい 例えば DDoS , AAaA は DDoS 型文字列であり、 ddos , IPoE は DDoS 型文字列ではありません。 英大文字・英小文字および ? からなる文字列 S が与えられます。 S に含まれる ? を独立に英大文字・英小文字に置き換えてできる文字列は、 S に含まれる ? の個数を q として 52^q 通りあります。 このうち DDoS 型文字列を部分列に含まないものの個数を 998244353 で割ったあまりを求めてください。 注記 文字列の 部分列 とは、文字列から 0 個以上の文字を取り除いた後、残りの文字を元の順序で連結して得られる文字列のことをいいます。 例えば、 AC は ABC の部分列であり、 RE は ECR の部分列ではありません。 制約 S は英大文字・英小文字および ? からなる S の長さは 4 以上 3\times 10^5 以下 入力 入力は以下の形式で標準入力から与えられる。 S 出力 答えを出力せよ。 入力例 1 DD??S 出力例 1 676 ? の少なくとも一方が英小文字のとき、 DDoS 型文字列を部分列に含みます。 入力例 2 ???????????????????????????????????????? 出力例 2 858572093 998244353 で割ったあまりを求めてください。 入力例 3 ?D??S 出力例 3 136604",500.0,
atcoder,abc,public_sponsored_abc,panasonic,abc301,パナソニックグループプログラミングコンテスト2023（AtCoder Beginner Contest 301）,2023,,1683979200.0,2023.0,abc301_g,G,Worst Picture,G. Worst Picture,3262.0,119,"['computational geometry', '3d geometry', 'line intersection', 'brute force', 'fractions', 'map']",6,https://atcoder.jp/contests/abc301/tasks/abc301_g,https://atcoder-tagged-backend.onrender.com/problems/all,2.3.0-sponsor-abc-kenkoooo-diff,ja,2026-06-04T18:46:05.900291+00:00,92.441,624.0,"配点 : 600 点 問題文 3 次元空間に N 人の人がいます。 i 番目の人は座標 (X_i,Y_i,Z_i) にいます。 人のいる座標は相異なり、全ての i で X_i>0 です。 あなたは x<0 であるような点 p=(x,y,z) を選び、そこから x 軸正の方向を向いて写真を撮ります。 点 p と人のいる場所 A,B が、 p,A,B の順に一直線に並ぶとき、 B にいる人は写真に写りません。 これ以外に人が写真に写らなくなることはありません。 p を適切に選んだ時の、写真に写る人数の最小値を求めてください。 制約 1 \leq N \leq 50 0 < X_i \leq 1000 -1000 \leq Y_i,Z_i \leq 1000 (X_i,Y_i,Z_i) は相異なる 入力は全て整数 入力 入力は以下の形式で標準入力から与えられる。 N X_1 Y_1 Z_1 \vdots X_N Y_N Z_N 出力 答えを出力せよ。 入力例 1 3 1 1 1 2 2 2 100 99 98 出力例 1 2 例えば、点 (-0.5,-0.5,-0.5) から写真を撮ると、 2 番目の人は写真に写りません。 入力例 2 8 1 1 1 1 1 -1 1 -1 1 1 -1 -1 3 2 2 3 2 -2 3 -2 2 3 -2 -2 出力例 2 4 点 (-1,0,0) から写真を撮ると、写る人数は 4 人になります。",600.0,
atcoder,abc,public_sponsored_abc,panasonic,abc301,パナソニックグループプログラミングコンテスト2023（AtCoder Beginner Contest 301）,2023,,1683979200.0,2023.0,abc301_h,Ex,Difference of Distance,Ex. Difference of Distance,2898.0,232,"['path', 'dsu', 'bridge', 'tarjan', 'dfs', 'offline processing']",6,https://atcoder.jp/contests/abc301/tasks/abc301_h,https://atcoder-tagged-backend.onrender.com/problems/all,2.3.0-sponsor-abc-kenkoooo-diff,ja,2026-06-04T18:46:05.900291+00:00,85.258,1431.0,"配点 : 625 点 問題文 頂点には 1 から N の番号が、辺には 1 から M の番号がついた N 頂点 M 辺の連結無向グラフがあります。 辺 i は頂点 U_i と頂点 V_i を結んでおり、重みとして整数 W_i が定められています。 ここで、 1\leq s,t \leq N,\ s\neq t に対して d(s,t) を以下で定義します。 頂点 s と頂点 t を結ぶすべてのパスに対する「パス上の辺の重みの最大値」の最小値 今から与えられる Q 個のクエリにそれぞれ答えてください。 j 番目のクエリは以下の通りです。 A_j,S_j,T_j が与えられる。辺 A_j の重みを 1 増やすと d(S_j,T_j) がいくつ変化するか求めよ。 なお、各クエリにおいて実際には辺の重みは変更しないことに注意してください。 制約 2\leq N \leq 2\times 10^5 N-1\leq M \leq 2\times 10^5 1 \leq U_i,V_i \leq N U_i \neq V_i 1 \leq W_i \leq M 与えられるグラフは連結 1\leq Q \leq 2\times 10^5 1 \leq A_j \leq M 1 \leq S_j,T_j \leq N S_j\neq T_j 入力は全て整数 入力 入力は以下の形式で標準入力から与えられる。 N M U_1 V_1 W_1 \vdots U_M V_M W_M Q A_1 S_1 T_1 \vdots A_Q S_Q T_Q 出力 Q 行出力せよ。 j\ (1\leq j \leq Q) 行目には、 j 番目のクエリに対する答えを出力せよ。 入力例 1 6 6 1 2 1 3 1 5 4 1 5 3 4 3 5 6 4 2 6 5 7 1 4 6 2 4 6 3 4 6 4 4 6 5 4 6 6 4 6 5 6 5 出力例 1 0 0 0 0 0 1 1 上の図においては、辺の番号を黒字で、辺の重みを青字で表記しています。 1 番目から 6 番目のクエリについて説明します。 まず与えられたグラフにおける d(4,6) について考えます。 4 \rightarrow 1 \rightarrow 2 \rightarrow 6 というパス上の辺の重みの最大値は 5 ですが、 これは頂点 4 と頂点 6 を結ぶパスの中での最小値であるため、 d(4,6)=5 です。 次に、辺 x\ (1 \leq x \leq 6) の重みを 1 増やすと d(4,6) がいくつ変化するか考えます。 x=6 のとき d(4,6)=6 となるため変化量は 1 ですが、 x \neq 6 のときは d(4,6)=5 となるため変化量は 0 です。 たとえば x=3 のとき、 4 \rightarrow 1 \rightarrow 2 \rightarrow 6 というパス上の辺の重みの最大値は 6 になりますが、 4 \rightarrow 3 \rightarrow 1 \rightarrow 2 \rightarrow 6 というパス上の辺の重みの最大値が 5 であるため d(4,6) は変わらず 5 のままです。 入力例 2 2 2 1 2 1 1 2 1 1 1 1 2 出力例 2 0 与えられるグラフは多重辺を含むこともあります。",625.0,
atcoder,abc,public_sponsored_abc,toyota,abc302,トヨタ自動車プログラミングコンテスト2023#2(AtCoder Beginner Contest 302),2023,,1684584000.0,2023.0,abc302_a,A,Attack,A. Attack,-723.0,15819,['math'],1,https://atcoder.jp/contests/abc302/tasks/abc302_a,https://atcoder-tagged-backend.onrender.com/problems/all,2.3.0-sponsor-abc-kenkoooo-diff,ja,2026-06-04T18:46:05.900291+00:00,13.795,370.0,"配点 : 100 点 問題文 体力が A の敵がいます。あなたは、 1 回攻撃をすることで敵の体力を B 減らすことが出来ます。 敵の体力を 0 以下にするためには、最小で何回攻撃をする必要があるでしょうか？ 制約 1 \le A,B \le 10^{18} A, B は整数である。 入力 入力は以下の形式で標準入力から与えられる。 A B 出力 答えを出力せよ。 入力例 1 7 3 出力例 1 3 3 回攻撃すると敵の体力が -2 となります。 2 回攻撃しただけでは敵の体力は 1 であるため、 3 回攻撃する必要があります。 入力例 2 123456789123456789 987654321 出力例 2 124999999 入力例 3 999999999999999998 2 出力例 3 499999999999999999",100.0,
atcoder,abc,public_sponsored_abc,toyota,abc302,トヨタ自動車プログラミングコンテスト2023#2(AtCoder Beginner Contest 302),2023,,1684584000.0,2023.0,abc302_b,B,Find snuke,B. Find snuke,349.0,9364,"['grid', 'brute force', 'string matching', '2d array', 'direction', 'implementation']",6,https://atcoder.jp/contests/abc302/tasks/abc302_b,https://atcoder-tagged-backend.onrender.com/problems/all,2.3.0-sponsor-abc-kenkoooo-diff,ja,2026-06-04T18:46:05.900291+00:00,34.952,1609.0,"配点 : 250 点 問題文 縦 H マス \times 横 W マスのマス目があり、各マスに 1 つずつ英小文字が書き込まれています。 上から i 行目かつ左から j 列目のマスを (i,j) で表します。 マス目に書き込まれている英小文字は H 個の長さ W の文字列 S_1,S_2,\ldots, S_H によって与えられ、 S_i の j 文字目が、 (i, j) に書き込まれた英小文字を表します。 マス目の中に、 s , n , u , k , e が この順に(縦・横・ななめのいずれかの方向に) 連続して並んでいる 場所がただ 1 つ存在します。 そのような場所を見つけ、そのマスの位置を出力の形式に従って出力してください。 ただし、 s , n , u , k , e が この順に(縦・横・ななめのいずれかの方向に) 連続して並んでいる 場所とは、 5 つのマスの組 (A_1,A_2,A_3,A_4,A_5) であって、次をすべてみたすものをさします。 A_1,A_2,A_3,A_4,A_5 に書き込まれた英小文字はそれぞれ s , n , u , k , e である。 1\leq i\leq 4 について、 A_i と A_{i+1} は頂点または辺を共有している。 A_1,A_2,A_3,A_4,A_5 の中心はこの順に一直線上に等間隔で並んでいる。 制約 5\leq H\leq 100 5\leq W\leq 100 H,W は整数 S_i は英小文字のみからなる長さ W の文字列 与えられるマス目の中に条件をみたす場所がただ 1 つ存在する 入力 入力は以下の形式で標準入力から与えられる。 H W S_1 S_2 \vdots S_H 出力 次の形式にしたがって、 5 行出力せよ。 条件をみたす場所のうち s , n , u , k , e が書かれたマスがそれぞれ (R_1,C_1), (R_2,C_2)\ldots,(R_5,C_5) であるとき、 i 行目には R_i と C_i をこの順に空白区切りで出力せよ。 すなわち、以下のように出力せよ。 R_1 C_1 R_2 C_2 \vdots R_5 C_5 以下の入力例も参考にせよ。 入力例 1 6 6 vgxgpu amkxks zhkbpp hykink esnuke zplvfj 出力例 1 5 2 5 3 5 4 5 5 5 6 この時、 (A_1,A_2,A_3,A_4,A_5)=((5,2),(5,3),(5,4),(5,5),(5,6)) とすると、 それぞれのマスに書き込まれた英小文字は s , n , u , k , e であり、 1\leq i\leq 4 について、 A_i と A_{i+1} は辺を共有しており、 各マスの中心は一直線上に存在するため、条件をみたしています。 入力例 2 5 5 ezzzz zkzzz ezuzs zzznz zzzzs 出力例 2 5 5 4 4 3 3 2 2 1 1 (A_1,A_2,A_3,A_4,A_5)=((5,5),(4,4),(3,3),(2,2),(1,1)) が条件をみたしています。 例えば、 (A_1,A_2,A_3,A_4,A_5)=((3,5),(4,4),(3,3),(2,2),(3,1)) は、 1,2 つめの条件をみたしていますが、 マスの中心が一直線上に存在しないため、 3 つめの条件をみたしていません。 入力例 3 10 10 kseeusenuk usesenesnn kskekeeses nesnusnkkn snenuuenke kukknkeuss neunnennue sknuessuku nksneekknk neeeuknenk 出力例 3 9 3 8 3 7 3 6 3 5 3",250.0,
atcoder,abc,public_sponsored_abc,toyota,abc302,トヨタ自動車プログラミングコンテスト2023#2(AtCoder Beginner Contest 302),2023,,1684584000.0,2023.0,abc302_c,C,Almost Equal,C. Almost Equal,469.0,9373,"['permutation', 'brute force', 'string']",3,https://atcoder.jp/contests/abc302/tasks/abc302_c,https://atcoder-tagged-backend.onrender.com/problems/all,2.3.0-sponsor-abc-kenkoooo-diff,ja,2026-06-04T18:46:05.900291+00:00,37.32,609.0,"配点 : 250 点 問題文 英小文字からなる長さ M の文字列 N 個 S_1,S_2,\dots,S_N が与えられます。ここで、 S_i は互いに異なります。 これらを並び替えた文字列の列 T_1,T_2,\dots,T_N であって、以下の条件を満たすものが存在するか判定してください。 1 \le i \le N-1 を満たす全ての整数 i に対して、 T_i を 1 文字だけ別の英小文字に変えて T_{i+1} にすることが出来る。 制約 2 \le N \le 8 1 \le M \le 5 S_i は英小文字からなる長さ M の文字列である。 (1 \le i \le N) S_i は互いに異なる。 入力 入力は以下の形式で標準入力から与えられる。 N M S_1 S_2 \vdots S_N 出力 問題文の条件を満たす列が存在するならば Yes を、そうでないならば No を出力せよ。 入力例 1 4 4 bbed abcd abed fbed 出力例 1 Yes abcd , abed , bbed , fbed の順に並び替えると条件を満たします。 入力例 2 2 5 abcde abced 出力例 2 No どのように並び替えても条件を満たすことは出来ません。 入力例 3 8 4 fast face cast race fact rice nice case 出力例 3 Yes",250.0,
atcoder,abc,public_sponsored_abc,toyota,abc302,トヨタ自動車プログラミングコンテスト2023#2(AtCoder Beginner Contest 302),2023,,1684584000.0,2023.0,abc302_d,D,Impartial Gift,D. Impartial Gift,682.0,7939,"['sorting', 'two pointer', 'greedy', 'implementation']",4,https://atcoder.jp/contests/abc302/tasks/abc302_d,https://atcoder-tagged-backend.onrender.com/problems/all,2.3.0-sponsor-abc-kenkoooo-diff,ja,2026-06-04T18:46:05.900291+00:00,41.524,948.0,"配点 : 400 点 問題文 高橋君は青木君とすぬけ君に 1 つずつ 贈り物を送ることにしました。 青木君への贈り物の候補は N 個あり、 それぞれの価値は A_1, A_2, \ldots,A_N です。 すぬけ君への贈り物の候補は M 個あり、 それぞれの価値は B_1, B_2, \ldots,B_M です。 高橋君は 2 人への贈り物の価値の差が D 以下になるようにしたいと考えています。 条件をみたすように贈り物を選ぶことが可能か判定し、可能な場合はそのような選び方における贈り物の価値の和の最大値を求めてください。 制約 1\leq N,M\leq 2\times 10^5 1\leq A_i,B_i\leq 10^{18} 0\leq D \leq 10^{18} 入力はすべて整数 入力 入力は以下の形式で標準入力から与えられる。 N M D A_1 A_2 \ldots A_N B_1 B_2 \ldots B_M 出力 高橋君が条件をみたすように贈り物を選ぶことができる場合、 条件をみたし、かつ価値の和が最大になるように贈り物を選んだ時の価値の和を出力せよ。 高橋君が条件をみたすように選ぶことができない場合、 -1 を出力せよ。 入力例 1 2 3 2 3 10 2 5 15 出力例 1 8 高橋君は贈り物の価値の差を 2 以下にする必要があります。 青木君に価値 3 , すぬけ君に価値 5 の贈り物を渡すと条件をみたし、価値の和としてはこのときが最大となります。 よって、 3+5=8 を出力します。 入力例 2 3 3 0 1 3 3 6 2 7 出力例 2 -1 条件をみたすように贈り物を選ぶことは不可能です。 また、同一人物に対して、同じ価値の贈り物が複数存在することもあります。 入力例 3 1 1 1000000000000000000 1000000000000000000 1000000000000000000 出力例 3 2000000000000000000 答えが 32 bit整数型の範囲に収まらないことがあることに注意してください。 入力例 4 8 6 1 2 5 6 5 2 1 7 9 7 2 5 5 2 4 出力例 4 14",400.0,
atcoder,abc,public_sponsored_abc,toyota,abc302,トヨタ自動車プログラミングコンテスト2023#2(AtCoder Beginner Contest 302),2023,,1684584000.0,2023.0,abc302_e,E,Isolation,E. Isolation,988.0,6052,"['data structure', 'degree', 'graph', 'implementation', 'simulation']",5,https://atcoder.jp/contests/abc302/tasks/abc302_e,https://atcoder-tagged-backend.onrender.com/problems/all,2.3.0-sponsor-abc-kenkoooo-diff,ja,2026-06-04T18:46:05.900291+00:00,47.563,1106.0,"配点 : 425 点 問題文 最初 N 頂点 0 辺の無向グラフがあり、各頂点には 1 から N まで番号がついています。 Q 個のクエリが与えられるので、順に処理し、各クエリの後における「他のどの頂点とも辺で結ばれていない頂点」の数を出力してください。 i 個目のクエリは \mathrm{query}_i であり、各クエリは次の 2 種類いずれかです。 1 u v : 頂点 u と頂点 v を辺で結ぶ。このクエリが与えられる直前の時点で、頂点 u と頂点 v は辺で結ばれていない事が保証される。 2 v : 頂点 v と他の頂点を結ぶ辺をすべて削除する。（頂点 v 自体は削除しない。） 制約 2 \leq N\leq 3\times 10^5 1 \leq Q\leq 3\times 10^5 1 番目の種類のクエリにおいて、 1\leq u,v\leq N , u\neq v 2 番目の種類のクエリにおいて、 1\leq v\leq N 1 番目の種類のクエリの直前の時点で、そのクエリの u,v について頂点 u と頂点 v は辺で結ばれていない。 入力はすべて整数 入力 入力は以下の形式で標準入力から与えられる。 N Q \mathrm{query}_1 \mathrm{query}_2 \vdots \mathrm{query}_Q 出力 Q 行出力せよ。 i 行目 (1\leq i\leq Q) には、 i 個目のクエリを処理した後の「他のどの頂点とも辺で結ばれていない頂点」の数を出力せよ。 入力例 1 3 7 1 1 2 1 1 3 1 2 3 2 1 1 1 2 2 2 1 1 2 出力例 1 1 0 0 1 0 3 1 1 個目のクエリの後で、頂点 1 と頂点 2 は互いに結ばれており、頂点 3 のみが他のどの頂点とも辺で結ばれていません。 よって、 1 行目には 1 を出力します。 また、 3 個目のクエリの後でどの相異なる 2 頂点の間も辺で結ばれていますが、 4 個目のクエリによって、 頂点 1 と他の頂点を結ぶ辺、すなわち 頂点 1 と頂点 2 を結ぶ辺および頂点 1 と頂点 3 を結ぶ辺が削除されます。 この結果として、頂点 2 と頂点 3 は互いに結ばれているが、頂点 1 は他のどの頂点とも辺で結ばれていない状態となります。 よって、 3 行目には 0 を、 4 行目には 1 を出力します。 入力例 2 2 1 2 1 出力例 2 2 2 番目の種類のクエリを行う直前の時点で、すでにその頂点と他の頂点を結ぶ辺が 1 本も存在しないこともあります。",425.0,
atcoder,abc,public_sponsored_abc,toyota,abc302,トヨタ自動車プログラミングコンテスト2023#2(AtCoder Beginner Contest 302),2023,,1684584000.0,2023.0,abc302_f,F,Merge Set,F. Merge Set,1430.0,3953,"['graph theory', 'bfs', 'virtual tree', 'shortest path', 'bipartite graph']",5,https://atcoder.jp/contests/abc302/tasks/abc302_f,https://atcoder-tagged-backend.onrender.com/problems/all,2.3.0-sponsor-abc-kenkoooo-diff,ja,2026-06-04T18:46:05.900291+00:00,56.286,1202.0,"配点 : 500 点 問題文 黒板に 1 以上 M 以下の整数からなる集合 N 個 S_1,S_2,\dots,S_N が書かれています。ここで、 S_i = \lbrace S_{i,1},S_{i,2},\dots,S_{i,A_i} \rbrace です。 あなたは、以下の操作を好きな回数（ 0 回でもよい）行うことが出来ます。 1 個以上の共通した要素を持つ 2 個の集合 X,Y を選ぶ。 X,Y の 2 個を黒板から消し、新たに X\cup Y を黒板に書く。 ここで、 X\cup Y とは X か Y の少なくともどちらかに含まれている要素のみからなる集合を意味します。 1 と M が両方含まれる集合を作ることが出来るか判定してください。出来るならば、必要な操作回数の最小値を求めてください。 制約 1 \le N \le 2 \times 10^5 2 \le M \le 2 \times 10^5 1 \le \sum_{i=1}^{N} A_i \le 5 \times 10^5 1 \le S_{i,j} \le M(1 \le i \le N,1 \le j \le A_i) S_{i,j} \neq S_{i,k}(1 \le j < k \le A_i) 入力は全て整数である。 入力 入力は以下の形式で標準入力から与えられる。 N M A_1 S_{1,1} S_{1,2} \dots S_{1,A_1} A_2 S_{2,1} S_{2,2} \dots S_{2,A_2} \vdots A_N S_{N,1} S_{N,2} \dots S_{N,A_N} 出力 1 と M が両方含まれる集合を作ることが出来るならば必要な操作回数の最小値を、出来ないならば -1 を出力せよ。 入力例 1 3 5 2 1 2 2 2 3 3 3 4 5 出力例 1 2 まず、 \lbrace 1,2 \rbrace と \lbrace 2,3 \rbrace を選んで消し、 \lbrace 1,2,3 \rbrace を追加します。 そして、 \lbrace 1,2,3 \rbrace と \lbrace 3,4,5 \rbrace を選んで消し、 \lbrace 1,2,3,4,5 \rbrace を追加します。 すると 2 回の操作で 1 と M を両方含む集合を作ることが出来ます。 1 回の操作では目標を達成できないため、答えは 2 です。 入力例 2 1 2 2 1 2 出力例 2 0 始めから S_1 が 1,M を共に含むため、必要な操作回数の最小値は 0 回です。 入力例 3 3 5 2 1 3 2 2 4 3 2 4 5 出力例 3 -1 入力例 4 4 8 3 1 3 5 2 1 2 3 2 4 7 4 4 6 7 8 出力例 4 2",500.0,
atcoder,abc,public_sponsored_abc,toyota,abc302,トヨタ自動車プログラミングコンテスト2023#2(AtCoder Beginner Contest 302),2023,,1684584000.0,2023.0,abc302_g,G,Sort from 1 to 4,G. Sort from 1 to 4,1891.0,1755,"['combinatorics', 'graph theory', 'permutation', 'cycle', 'greedy', 'math']",6,https://atcoder.jp/contests/abc302/tasks/abc302_g,https://atcoder-tagged-backend.onrender.com/problems/all,2.3.0-sponsor-abc-kenkoooo-diff,ja,2026-06-04T18:46:05.900291+00:00,65.384,756.0,"配点 : 625 点 問題文 全ての要素が 1 以上 4 以下の整数である、長さ N の数列 A=(A_1,A_2,\ldots,A_N) が与えられます。 高橋君は次の操作を何回でも ( 0 回でも良い) 繰り返し行う事ができます。 1\leq i<j\leq N をみたす整数の組 (i,j) を選び、 A_i と A_j を交換する。 数列 A を広義単調増加にするために必要な操作回数の最小値を求めてください。 ただし、数列 A が広義単調増加であるとは、 1\leq i\leq N-1 をみたすすべての整数について A_i\leq A_{i+1} が成り立つことをさします。 制約 2 \leq N \leq 2\times 10^5 1\leq A_i \leq 4 入力はすべて整数 入力 入力は以下の形式で標準入力から与えられる。 N A_1 A_2 \ldots A_N 出力 数列 A を広義単調増加にするために必要な操作回数の最小値を一行に出力せよ。 入力例 1 6 3 4 1 1 2 4 出力例 1 3 次のようにして 3 回の操作で A を広義単調増加にすることができます。 (i,j)=(2,3) を選び、 A_2 と A_3 を交換する。 A=(3,1,4,1,2,4) となる。 (i,j)=(1,4) を選び、 A_1 と A_4 を交換する。 A=(1,1,4,3,2,4) となる。 (i,j)=(3,5) を選び、 A_3 と A_5 を交換する。 A=(1,1,2,3,4,4) となる。 2 回以下の操作で A を広義単調増加にすることはできないため、このとき操作回数が最小となります。 よって、 3 を出力します。 入力例 2 4 2 3 4 1 出力例 2 3",625.0,
atcoder,abc,public_sponsored_abc,toyota,abc302,トヨタ自動車プログラミングコンテスト2023#2(AtCoder Beginner Contest 302),2023,,1684584000.0,2023.0,abc302_h,Ex,Ball Collector,Ex. Ball Collector,2407.0,1014,"['tree', 'dsu', 'dsu with rollback', 'dfs', 'connected components']",5,https://atcoder.jp/contests/abc302/tasks/abc302_h,https://atcoder-tagged-backend.onrender.com/problems/all,2.3.0-sponsor-abc-kenkoooo-diff,ja,2026-06-04T18:46:05.900291+00:00,75.567,764.0,"配点 : 625 点 問題文 N 頂点の木があります。 i(1 \le i \le N-1) 本目の辺は、頂点 U_i と V_i を結ぶ無向辺です。頂点 i(1 \le i \le N) には、 A_i が書かれたボールと B_i が書かれたボールが 1 個ずつあります。 v = 2,3,\dots,N に対して、以下の問題を解いてください。(各問題は独立です。) 頂点 1 から頂点 v まで最短経路で移動します。このとき、通った各頂点(頂点 1,v も含む)において、ボールを 1 個ずつ選んで取ります。最終的に持っているボールに書かれている整数の種類数の最大値を求めてください。 制約 2 \le N \le 2 \times 10^5 1 \le A_i,B_i \le N 与えられるグラフは木である。 入力は全て整数である。 入力 入力は以下の形式で標準入力から与えられる。 N A_1 B_1 A_2 B_2 \vdots A_N B_N U_1 V_1 U_2 V_2 \vdots U_{N-1} V_{N-1} 出力 v=2,3,\dots,N に対して、答えを空白区切りで出力せよ。 入力例 1 4 1 2 2 3 3 1 1 2 1 2 2 3 3 4 出力例 1 2 3 3 例えば、 v=4 のときは通る頂点は 1,2,3,4 であり、それぞれ A_1,B_2,B_3,B_4(=1,3,1,2) が書かれているボールを選ぶと種類数が 3 となり、これが最大となります。 入力例 2 10 2 5 2 2 8 8 4 3 6 10 8 1 9 10 1 7 9 3 5 10 9 3 1 9 3 6 4 1 3 8 10 9 5 4 7 2 9 7 出力例 2 4 3 2 3 4 3 4 2 3",625.0,
atcoder,abc,public_sponsored_abc,tokyo_marine,abc304,東京海上日動プログラミングコンテスト2023（AtCoder Beginner Contest 304）,2023,,1685793600.0,2023.0,abc304_a,A,First Player,A. First Player,,12348,"['implementation', 'array', 'modular arithmetic', 'search']",4,https://atcoder.jp/contests/abc304/tasks/abc304_a,https://atcoder-tagged-backend.onrender.com/problems/all,2.3.0-sponsor-abc-kenkoooo-diff,ja,2026-06-04T18:46:05.900291+00:00,,777.0,"配点 : 100 点 問題文 人 1 、人 2 、 \ldots 、人 N と番号付けられた N 人が、この順番で時計回りに円卓に座っています。 特に、時計回りで人 N の次の位置には人 1 が座っています。 i = 1, 2, \ldots, N について、人 i の名前は S_i 、年齢は A_i です。 ここで、異なる 2 人が同じ名前や同じ年齢であることはありません。 年齢が最も小さい人を起点として、座っている位置の時計回りの順番で、 N 人全員の名前を出力してください。 制約 2 \leq N \leq 100 N は整数 S_i は英小文字のみからなる長さ 1 以上 10 以下の文字列 i \neq j \implies S_i \neq S_j 0 \leq A_i \leq 10^9 A_i は整数 i \neq j \implies A_i \neq A_j 入力 入力は以下の形式で標準入力から与えられる。 N S_1 A_1 S_2 A_2 \vdots S_N A_N 出力 N 行出力せよ。 i = 1, 2, \ldots, N について、 i 行目には、年齢が最も小さい人を起点として時計回りで i 番目の位置に座っている人の名前を出力せよ。 入力例 1 5 alice 31 bob 41 carol 5 dave 92 ellen 65 出力例 1 carol dave ellen alice bob 年齢が最も小さい人は人 3 です。よって、人 3 を起点として座っている位置の時計回りの順番、すなわち、人 3 、人 4 、人 5 、人 1 、人 2 の順に名前を出力します。 入力例 2 2 takahashi 1000000000 aoki 999999999 出力例 2 aoki takahashi",100.0,
atcoder,abc,public_sponsored_abc,tokyo_marine,abc304,東京海上日動プログラミングコンテスト2023（AtCoder Beginner Contest 304）,2023,,1685793600.0,2023.0,abc304_b,B,Subscribers,B. Subscribers,,12026,"['implementation', 'string', 'math']",3,https://atcoder.jp/contests/abc304/tasks/abc304_b,https://atcoder-tagged-backend.onrender.com/problems/all,2.3.0-sponsor-abc-kenkoooo-diff,ja,2026-06-04T18:46:05.900291+00:00,,586.0,配点 : 200 点 問題文 整数 N が与えられます。 以下の指示に従って N の近似値を出力してください。 N が 10^3-1 以下ならば、 N をそのまま出力する。 N が 10^3 以上 10^4-1 以下ならば、 N の一の位を切り捨てて出力する。 N が 10^4 以上 10^5-1 以下ならば、 N の十の位以下を切り捨てて出力する。 N が 10^5 以上 10^6-1 以下ならば、 N の百の位以下を切り捨てて出力する。 N が 10^6 以上 10^7-1 以下ならば、 N の千の位以下を切り捨てて出力する。 N が 10^7 以上 10^8-1 以下ならば、 N の一万の位以下を切り捨てて出力する。 N が 10^8 以上 10^9-1 以下ならば、 N の十万の位以下を切り捨てて出力する。 制約 N は 0 以上 10^9-1 以下の整数 入力 入力は以下の形式で標準入力から与えられる。 N 出力 答えを出力せよ。 入力例 1 20230603 出力例 1 20200000 20230603 は 10^7 以上 10^8-1 以下です。 したがって、一万以下の位を切り捨てて 20200000 を出力します。 入力例 2 0 出力例 2 0 入力例 3 304 出力例 3 304 入力例 4 500600 出力例 4 500000,200.0,
atcoder,abc,public_sponsored_abc,tokyo_marine,abc304,東京海上日動プログラミングコンテスト2023（AtCoder Beginner Contest 304）,2023,,1685793600.0,2023.0,abc304_c,C,Virus,C. Virus,365.0,9501,"['bfs', 'connected components', 'dfs', 'graph', 'implementation']",5,https://atcoder.jp/contests/abc304/tasks/abc304_c,https://atcoder-tagged-backend.onrender.com/problems/all,2.3.0-sponsor-abc-kenkoooo-diff,ja,2026-06-04T18:46:05.900291+00:00,35.267,914.0,"配点 : 300 点 問題文 1, 2, \ldots, N の番号がついた N 人の人が二次元平面上におり、人 i は座標 (X_i,Y_i) で表される地点にいます。 人 1 がウイルスに感染しました。ウイルスに感染した人から距離が D 以内にいる人にウイルスはうつります。 ただし、距離はユークリッド距離、すなわち 2 点 (a_1, a_2) と (b_1, b_2) に対し、この 2 点間の距離が \sqrt {(a_1-b_1)^2 + (a_2-b_2)^2} であるものとして定められています。 十分に時間が経過した、すなわち人 i がウイルスに感染しているならば 人 i との距離が D 以内にいるすべての人がウイルスに感染している状態になったときに、各 i について人 i がウイルスに感染しているか判定してください。 制約 1 \leq N, D \leq 2000 -1000 \leq X_i, Y_i \leq 1000 i \neq j のとき (X_i, Y_i) \neq (X_j, Y_j) 入力はすべて整数 入力 入力は以下の形式で標準入力から与えられる。 N D X_1 Y_1 X_2 Y_2 \vdots X_N Y_N 出力 N 行出力せよ。 i 行目には、人 i がウイルスに感染しているならば Yes を、そうでないならば No を出力せよ。 入力例 1 4 5 2 -1 3 1 8 8 0 5 出力例 1 Yes Yes No Yes 人 1 と人 2 の距離は \sqrt 5 であるため、人 2 はウイルスに感染します。 また、人 2 と人 4 の距離は 5 であるため、人 4 はウイルスに感染します。 人 3 は距離 5 以内に人がいないので、ウイルスに感染することはありません。 入力例 2 3 1 0 0 -1000 -1000 1000 1000 出力例 2 Yes No No 入力例 3 9 4 3 2 6 -1 1 6 6 5 -2 -3 5 3 2 -3 2 1 2 6 出力例 3 Yes No No Yes Yes Yes Yes Yes No",300.0,
atcoder,abc,public_sponsored_abc,tokyo_marine,abc304,東京海上日動プログラミングコンテスト2023（AtCoder Beginner Contest 304）,2023,,1685793600.0,2023.0,abc304_d,D,A Piece of Cake,D. A Piece of Cake,1015.0,5900,"['binary search', 'map', 'coordinate compression', 'counting']",4,https://atcoder.jp/contests/abc304/tasks/abc304_d,https://atcoder-tagged-backend.onrender.com/problems/all,2.3.0-sponsor-abc-kenkoooo-diff,ja,2026-06-04T18:46:05.900291+00:00,48.096,1441.0,"配点 : 400 点 問題文 xy -平面上にいくつかのイチゴが載った長方形のケーキがあります。 ケーキは、長方形領域 \lbrace (x, y) : 0 \leq x \leq W, 0 \leq y \leq H \rbrace をちょうど占めます。 ケーキには N 個のイチゴが載っており、 i = 1, 2, \ldots, N について、 i 番目のイチゴの座標は (p_i, q_i) です。 2 個以上のイチゴが同一の座標にあることはありません。 高橋君は、このケーキを包丁で下記の通りにいくつかのピースに切り分けます。 まず、ケーキを通る y 軸に並行な A 本の異なる直線、直線 x = a_1 、直線 x = a_2 、 \ldots 、直線 x = a_A のそれぞれにそってケーキを切る。 次に、ケーキを通る x 軸に並行な B 本の異なる直線、直線 y = b_1 、直線 y = b_2 、 \ldots 、直線 y = b_B のそれぞれにそってケーキを切る。 その結果、ケーキは (A+1)(B+1) 個の長方形のピースに分割されます。 高橋君はそれらのうちのいずれか 1 個だけを選んで食べます。 高橋君が選んだピースに載っているイチゴの個数としてあり得る最小値と最大値をそれぞれ出力してください。 ここで、最終的にピースの縁となる位置にはイチゴが存在しないことが保証されます。 より形式的な説明は下記の制約を参照してください。 制約 3 \leq W, H \leq 10^9 1 \leq N \leq 2 \times 10^5 0 \lt p_i \lt W 0 \lt q_i \lt H i \neq j \implies (p_i, q_i) \neq (p_j, q_j) 1 \leq A, B \leq 2 \times 10^5 0 \lt a_1 \lt a_2 \lt \cdots \lt a_A \lt W 0 \lt b_1 \lt b_2 \lt \cdots \lt b_B \lt H p_i \not \in \lbrace a_1, a_2, \ldots, a_A \rbrace q_i \not \in \lbrace b_1, b_2, \ldots, b_B \rbrace 入力はすべて整数 入力 入力は以下の形式で標準入力から与えられる。 W H N p_1 q_1 p_2 q_2 \vdots p_N q_N A a_1 a_2 \ldots a_A B b_1 b_2 \ldots b_B 出力 高橋君が選んだピースに載っているイチゴの個数としてあり得る最小値 m と最大値 M をそれぞれ、下記の形式の通り空白区切りで出力せよ。 m M 入力例 1 7 6 5 6 1 3 1 4 2 1 5 6 2 2 2 5 2 3 4 出力例 1 0 2 全 9 個のピースの内訳は、イチゴが 0 個載ったものが 6 個、イチゴが 1 個載ったものが 1 個、イチゴが 2 個載ったものが 2 個です。 よって、それらのうちのいずれか 1 個だけを選んで食べるとき、選んだピースに載っているイチゴの個数としてあり得る最小値は 0 、最大値は 2 です。 入力例 2 4 4 4 1 1 3 1 3 3 1 3 1 2 1 2 出力例 2 1 1 どのピースにもイチゴが 1 個載っています。",400.0,
atcoder,abc,public_sponsored_abc,tokyo_marine,abc304,東京海上日動プログラミングコンテスト2023（AtCoder Beginner Contest 304）,2023,,1685793600.0,2023.0,abc304_e,E,Good Graph,E. Good Graph,971.0,5759,"['connected components', 'dsu', 'graph theory', 'implementation']",4,https://atcoder.jp/contests/abc304/tasks/abc304_e,https://atcoder-tagged-backend.onrender.com/problems/all,2.3.0-sponsor-abc-kenkoooo-diff,ja,2026-06-04T18:46:05.900291+00:00,47.227,1450.0,"配点 : 475 点 問題文 N 頂点 M 辺の無向グラフ G が与えられます。 i = 1, 2, \ldots, M について、 i 番目の辺は頂点 u_i と頂点 v_i を結ぶ無向辺です。 N 頂点のグラフは、すべての i = 1, 2, \ldots, K について下記の条件が成り立つとき、 良いグラフ と呼ばれます。 G 上で頂点 x_i と頂点 y_i を結ぶパスが存在しない。 与えられるグラフ G は良いグラフです。 Q 個の独立な質問が与えられるので、それらすべてに答えてください。 i = 1, 2, \ldots, Q について、 i 番目の質問は 入力で与えられたグラフ G に頂点 p_i と頂点 q_i を結ぶ無向辺を 1 本追加して得られるグラフ G^{(i)} は良いグラフですか？ という質問です。 制約 2 \leq N \leq 2 \times 10^5 0 \leq M \leq 2 \times 10^5 1 \leq u_i, v_i \leq N 1 \leq K \leq 2 \times 10^5 1 \leq x_i, y_i \leq N x_i \neq y_i i \neq j \implies \lbrace x_i, y_i \rbrace \neq \lbrace x_j, y_j \rbrace すべての i = 1, 2, \ldots, K について次が成り立つ：頂点 x_i と頂点 y_i を結ぶパスは存在しない。 1 \leq Q \leq 2 \times 10^5 1 \leq p_i, q_i \leq N p_i \neq q_i 入力はすべて整数 入力 入力は以下の形式で標準入力から与えられる。 N M u_1 v_1 u_2 v_2 \vdots u_M v_M K x_1 y_1 x_2 y_2 \vdots x_K y_K Q p_1 q_1 p_2 q_2 \vdots p_Q q_Q 出力 Q 行出力せよ。 i = 1, 2, \ldots, Q について、 i 行目には i 番目の質問に対する答えを出力せよ。 具体的には、グラフ G^{(i)} が良いグラフである場合は Yes を、良いグラフでない場合は No を出力せよ。 入力例 1 6 6 1 2 2 3 2 3 3 1 5 4 5 5 3 1 5 2 6 4 3 4 2 5 2 6 5 6 5 4 出力例 1 No No Yes Yes 1 番目の質問に関して、グラフ G^{(1)} は良いグラフではありません。なぜなら、頂点 x_1 = 1 と頂点 y_1 = 5 を結ぶパス 1 \rightarrow 2 \rightarrow 5 を持つからです。よって、 No と出力します。 2 番目の質問に関して、グラフ G^{(2)} は良いグラフではありません。なぜなら、頂点 x_2 = 2 と頂点 y_2 = 6 を結ぶパス 2 \rightarrow 6 を持つからです。よって、 No と出力します。 3 番目の質問に関して、グラフ G^{(3)} は良いグラフです。よって、 Yes と出力します。 4 番目の質問に関して、グラフ G^{(4)} は良いグラフです。よって、 Yes と出力します。 この入力例のように、与えられるグラフ G が自己ループや多重辺を持つ場合があることに注意してください。",475.0,
atcoder,abc,public_sponsored_abc,tokyo_marine,abc304,東京海上日動プログラミングコンテスト2023（AtCoder Beginner Contest 304）,2023,,1685793600.0,2023.0,abc304_f,F,Shift Table,F. Shift Table,1619.0,2552,"['divisors', 'inclusion exclusion', 'mobius inversion', 'periodicity', 'modular arithmetic']",5,https://atcoder.jp/contests/abc304/tasks/abc304_f,https://atcoder-tagged-backend.onrender.com/problems/all,2.3.0-sponsor-abc-kenkoooo-diff,ja,2026-06-04T18:46:05.900291+00:00,60.016,830.0,"配点 : 525 点 問題文 高橋君と青木君は、これから N 日間アルバイトをします。 高橋君のシフト表は文字列 S により与えられ、 S の i 文字目が # のとき i 日目に出勤、 . のとき i 日目に欠勤します。 これをもとに、青木君は以下のようにシフト表を作りました。 まず、 N でない N の正の約数 M をとる。 次に、 1 日目から M 日目までの勤怠を決める。 最後に、 i = 1, 2, \ldots, N - M の順に M + i 日目の勤怠が i 日目の勤怠と一致するように M + i 日目の勤怠を決める。 ここで、 M の値が異なる場合でも最終的にできたシフトが同じものとなることがあることに注意してください。 N 日すべてについて高橋君と青木君の少なくとも一方が出勤することになったとき、青木君のシフト表として考えられるものの個数を 998244353 で割った余りを求めてください。 制約 N は 2 以上 10^5 以下の整数 S は 長さ N の # 、 . からなる文字列 入力 入力は以下の形式で標準入力から与えられる。 N S 出力 答えを出力せよ。 入力例 1 6 ##.#.# 出力例 1 3 高橋君は 1 \cdot 2 \cdot 4 \cdot 6 日目に出勤します。 青木君のシフト表を表す文字列を T とし、青木君は T の i 文字目が # のとき i 日目に出勤、 . のとき i 日目に欠勤するとします。 T としてあり得るものは ###### \cdot #.#.#. \cdot .##.## の 3 つです。 1 つめのシフト表は M を 1 または 2 または 3 、 2 つめのシフト表は M = 2 、 3 つめのシフト表は M = 3 とすることにより実現できます。 入力例 2 7 ...#### 出力例 2 1 入力例 3 12 ####.####.## 出力例 3 19",525.0,
atcoder,abc,public_sponsored_abc,tokyo_marine,abc304,東京海上日動プログラミングコンテスト2023（AtCoder Beginner Contest 304）,2023,,1685793600.0,2023.0,abc304_g,G,Max of Medians,G. Max of Medians,3177.0,250,"['binary search', 'bit manipulation', 'greedy', 'recursion', 'digit dp']",5,https://atcoder.jp/contests/abc304/tasks/abc304_g,https://atcoder-tagged-backend.onrender.com/problems/all,2.3.0-sponsor-abc-kenkoooo-diff,ja,2026-06-04T18:46:05.900291+00:00,90.764,1047.0,"配点 : 625 点 問題文 長さ 2N の数列 A = (A_1, A_2, \ldots, A_{2N}) が与えられます。 数列 A の要素を並べ替えることによって長さ N の数列 (A_1 \oplus A_2, A_3 \oplus A_4, \ldots, A_{2N-1} \oplus A_{2N}) の中央値として得ることのできる最大の値を求めてください。 ここで、 \oplus はビットごとの排他的論理和を表します。 ビットごとの排他的論理和とは？ 非負整数 A, B のビットごとの排他的論理和 A \oplus B は、以下のように定義されます。 A \oplus B を二進表記した際の 2^k ( k \geq 0 ) の位の数は、 A, B を二進表記した際の 2^k の位の数のうち一方のみが 1 であれば 1 、そうでなければ 0 である。 例えば、 3 \oplus 5 = 6 となります (二進表記すると: 011 \oplus 101 = 110 )。 また、長さ L の数列 B に対して B の中央値とは、 B を昇順にソートして得られる数列を B' として B' の \lfloor \frac{L}{2} \rfloor + 1 番目の値のことを指します。 制約 1 \leq N \leq 10^5 0 \leq A_i < 2^{30} 入力はすべて整数 入力 入力は以下の形式で標準入力から与えられる。 N A_1 A_2 \ldots A_{2N} 出力 答えを出力せよ。 入力例 1 4 4 0 0 11 2 7 9 5 出力例 1 14 A を (5, 0, 9, 7, 11, 4, 0, 2) と並べ替えると、 (A_1 \oplus A_2, A_3 \oplus A_4, A_5 \oplus A_6, A_7 \oplus A_8) = (5, 14, 15, 2) となり、この数列の中央値は 14 です。 (A_1 \oplus A_2, A_3 \oplus A_4, A_5 \oplus A_6, A_7 \oplus A_8) の中央値が 15 以上となるように A を並べ替えることは不可能であるため、 14 を出力します。 入力例 2 1 998244353 1000000007 出力例 2 1755654 入力例 3 5 1 2 4 8 16 32 64 128 256 512 出力例 3 192",625.0,
atcoder,abc,public_sponsored_abc,tokyo_marine,abc304,東京海上日動プログラミングコンテスト2023（AtCoder Beginner Contest 304）,2023,,1685793600.0,2023.0,abc304_h,Ex,Constrained Topological Sort,Ex. Constrained Topological Sort,2642.0,635,"['topological sort', 'greedy', 'priority queue', 'dag', 'constraint']",5,https://atcoder.jp/contests/abc304/tasks/abc304_h,https://atcoder-tagged-backend.onrender.com/problems/all,2.3.0-sponsor-abc-kenkoooo-diff,ja,2026-06-04T18:46:05.900291+00:00,80.205,1321.0,"配点 : 625 点 問題文 N 頂点 M 辺の有向グラフが与えられます。 i = 1, 2, \ldots, M について、 i 番目の辺は頂点 s_i から頂点 t_i への有向辺です。 (1, 2, \ldots, N) の順列 P = (P_1, P_2, \ldots, P_N) であって下記の 2 つの条件をともに満たすものが存在するかを判定し、存在する場合はその一例を示してください。 すべての i = 1, 2, \ldots, M について、 P_{s_i} \lt P_{t_i} すべての i = 1, 2, \ldots, N について、 L_i \leq P_i \leq R_i 制約 2 \leq N \leq 2 \times 10^5 0 \leq M \leq \min\lbrace 4 \times 10^5, N(N-1) \rbrace 1 \leq s_i, t_i \leq N s_i \neq t_i i \neq j \implies (s_i, t_i) \neq (s_j, t_j) 1 \leq L_i \leq R_i \leq N 入力はすべて整数 入力 入力は以下の形式で標準入力から与えられる。 N M s_1 t_1 s_2 t_2 \vdots s_M t_M L_1 R_1 L_2 R_2 \vdots L_N R_N 出力 条件を満たす P が存在しない場合は、 No と出力せよ。存在する場合は、下記の形式の通り、 1 行目に Yes と出力し、 2 行目に P の各要素を空白区切りで出力せよ。 条件を満たす P が複数存在する場合は、そのうちのどれを出力しても正解となる。 Yes P_1 P_2 \ldots P_N 入力例 1 5 4 1 5 2 1 2 5 4 3 1 5 1 3 3 4 1 3 4 5 出力例 1 Yes 3 1 4 2 5 P = (3, 1, 4, 2, 5) が条件を満たします。実際、 1 番目の辺 (s_1, t_1) = (1, 5) について、 P_1 = 3 \lt 5 = P_5 2 番目の辺 (s_2, t_2) = (2, 1) について、 P_2 = 1 \lt 3 = P_1 3 番目の辺 (s_3, t_3) = (2, 5) について、 P_2 = 1 \lt 5 = P_5 4 番目の辺 (s_4, t_4) = (4, 3) について、 P_4 = 2 \lt 4 = P_3 が成り立ちます。また、 L_1 = 1 \leq P_1 = 3 \leq R_1 = 5 L_2 = 1 \leq P_2 = 1 \leq R_2 = 3 L_3 = 3 \leq P_3 = 4 \leq R_3 = 4 L_4 = 1 \leq P_4 = 2 \leq R_4 = 3 L_5 = 4 \leq P_5 = 5 \leq R_5 = 5 も成り立ちます。 入力例 2 2 2 1 2 2 1 1 2 1 2 出力例 2 No 条件を満たす P が存在しないので、 No を出力します。",625.0,
atcoder,abc,public_sponsored_abc,kyocera,abc305,京セラプログラミングコンテスト2023(AtCoder Beginner Contest 305),2023,,1686398400.0,2023.0,abc305_a,A,Water Station,A. Water Station,-1093.0,15350,"['implementation', 'math']",2,https://atcoder.jp/contests/abc305/tasks/abc305_a,https://atcoder-tagged-backend.onrender.com/problems/all,2.3.0-sponsor-abc-kenkoooo-diff,ja,2026-06-04T18:46:05.900291+00:00,6.493,602.0,配点 : 100 点 問題文 全長 100\;\mathrm{km} のマラソンコースがあります。 マラソンコースにはスタートから 5\;\mathrm{km} おきに給水所が設置されており、スタート地点・ゴール地点とあわせて 21 箇所の給水所があります。 高橋くんは、このマラソンコースの N\;\mathrm{km} 地点にいます。 高橋くんに最も近い給水所は何 \mathrm{km} 地点の給水所か求めてください。 この問題の制約のもとで、最も近い給水所が 1 つに定まることが証明できます。 制約 0\leq N\leq100 N は整数 入力 入力は以下の形式で標準入力から与えられる。 N 出力 高橋くんがいる地点に最も近い給水所が何 \mathrm{km} 地点にあるかを 1 行で出力せよ。 入力例 1 53 出力例 1 55 高橋くんは、マラソンコースの 53\;\mathrm{km} 地点にいます。 55\;\mathrm{km} 地点の給水所までの距離は 2\;\mathrm{km} で、これより近い給水所はありません。 よって、 55 を出力してください。 入力例 2 21 出力例 2 20 高橋くんはマラソンコースを戻ることもできます。 入力例 3 100 出力例 3 100 給水所はスタートやゴールにもあります。 また、高橋くんはすでに給水所にいることもあります。,100.0,
atcoder,abc,public_sponsored_abc,kyocera,abc305,京セラプログラミングコンテスト2023(AtCoder Beginner Contest 305),2023,,1686398400.0,2023.0,abc305_b,B,ABCDEFG,B. ABCDEFG,-749.0,13109,"['prefix sum', 'implementation', 'math']",3,https://atcoder.jp/contests/abc305/tasks/abc305_b,https://atcoder-tagged-backend.onrender.com/problems/all,2.3.0-sponsor-abc-kenkoooo-diff,ja,2026-06-04T18:46:05.900291+00:00,13.282,521.0,"配点 : 200 点 問題文 直線上に 7 個の点 A, B, C, D, E, F, G がこの順に並んでいます。(下の図も参考にしてください) 隣り合う点の距離は次の通りです。 点 A と点 B の距離は 3 点 B と点 C の距離は 1 点 C と点 D の距離は 4 点 D と点 E の距離は 1 点 E と点 F の距離は 5 点 F と点 G の距離は 9 2 つの英大文字 p, q が与えられます。 p, q は A , B , C , D , E , F , G のいずれかで、 p \neq q が成り立ちます。 点 p と点 q の間の距離を答えてください。 制約 p, q は A , B , C , D , E , F , G のいずれか p \neq q 入力 入力は以下の形式で標準入力から与えられる。 p q 出力 点 p と点 q の間の距離を出力せよ。 入力例 1 A C 出力例 1 4 点 A と点 C の距離は 3 + 1 = 4 です。 入力例 2 G B 出力例 2 20 点 G と点 B の距離は 9 + 5 + 1 + 4 + 1 = 20 です。 入力例 3 C F 出力例 3 10",200.0,
atcoder,abc,public_sponsored_abc,kyocera,abc305,京セラプログラミングコンテスト2023(AtCoder Beginner Contest 305),2023,,1686398400.0,2023.0,abc305_c,C,Snuke the Cookie Picker,C. Snuke the Cookie Picker,30.0,10837,"['implementation', 'grid', '2d array', 'observation', 'boundary']",5,https://atcoder.jp/contests/abc305/tasks/abc305_c,https://atcoder-tagged-backend.onrender.com/problems/all,2.3.0-sponsor-abc-kenkoooo-diff,ja,2026-06-04T18:46:05.900291+00:00,28.656,1180.0,"配点 : 300 点 問題文 縦 H マス, 横 W マスのグリッドがあります。上から i 行目、左から j 列目のマスを (i, j) と呼びます。 はじめ、グリッド上には、ある 縦横 2 マス以上 の部分長方形の内部にあるマスにクッキーが 1 枚ずつ置かれていて、それ以外のマスにはクッキーが置かれていません。 形式的に説明すると、以下の条件を全て満たす 4 つの整数の組 (a,b,c,d) がただ 1 つ存在します。 1 \leq a \lt b \leq H 1 \leq c \lt d \leq W グリッド上のマスのうち、 a \leq i \leq b, c \leq j \leq d を満たす全てのマス (i, j) にはクッキーが 1 枚ずつ置かれていて、それ以外のマスにはクッキーが置かれていない。 ところが、すぬけ君がグリッド上のクッキーのどれか 1 枚を取って食べてしまいました。 すぬけ君がクッキーを取ったマスは、クッキーが置かれていない状態に変わります。 すぬけ君がクッキーを食べた後のグリッドの状態が入力として与えられます。 マス (i, j) の状態は文字 S_{i,j} として与えられて、 # はクッキーが置かれているマスを, . はクッキーが置かれていないマスを意味します。 すぬけ君が食べたクッキーが元々置かれていたマスを答えてください。(答えは一意に定まります。) 制約 2 \leq H, W \leq 500 S_{i,j} は # または . 入力 入力は以下の形式で標準入力から与えられる。 H W S_{1,1} S_{1,2} \dots S_{1,W} S_{2,1} S_{2,2} \dots S_{2,W} \vdots S_{H,1} S_{H,2} \dots S_{H,W} 出力 すぬけ君が食べたクッキーが元々置かれていたマスを (i, j) とする。 i, j をこの順に空白区切りで出力せよ。 入力例 1 5 6 ...... ..#.#. ..###. ..###. ...... 出力例 1 2 4 はじめ、クッキーは (2, 3) を左上、 (4, 5) を右下とする部分長方形の内部にあるマスに置かれていて、すぬけ君は (2, 4) にあるクッキーを食べたことがわかります。よって (2, 4) を出力します。 入力例 2 3 2 #. ## ## 出力例 2 1 2 はじめ、クッキーは (1, 1) を左上、 (3, 2) を右下とする部分長方形の内部にあるマスに置かれていて、すぬけ君は (1, 2) にあるクッキーを食べたことがわかります。 入力例 3 6 6 ..#### ..##.# ..#### ..#### ..#### ...... 出力例 3 2 5",300.0,
atcoder,abc,public_sponsored_abc,kyocera,abc305,京セラプログラミングコンテスト2023(AtCoder Beginner Contest 305),2023,,1686398400.0,2023.0,abc305_d,D,Sleep Log,D. Sleep Log,671.0,7517,"['binary search', 'implementation', 'prefix sum']",3,https://atcoder.jp/contests/abc305/tasks/abc305_d,https://atcoder-tagged-backend.onrender.com/problems/all,2.3.0-sponsor-abc-kenkoooo-diff,ja,2026-06-04T18:46:05.900291+00:00,41.306,1455.0,"配点 : 450 点 問題文 高橋くんは睡眠記録をつけています。 睡眠記録は奇数長の数列 A=(A _ 1(=0), A _ 2,\ldots,A _ N) で表され、奇数番目は起床時刻を、偶数番目は就寝時刻を表しています。 より厳密には、睡眠記録をつけている間に高橋くんは次のような睡眠をとりました。 すべての 1\leq i\leq\dfrac{N-1}2 を満たす整数 i について、睡眠記録をつけ始めてから A _ {2i} 分後ちょうどに寝て、 A _ {2i+1} 分後ちょうどに起きた。 それ以外の時間に寝ることも起きることもなかった。 次の Q 個の質問に答えてください。 i 番目の質問では、 0\leq l _ i\leq r _ i\leq A _ N を満たす整数の組 (l _ i,r _ i) が与えられます。 睡眠記録をつけ始めてから l _ i 分後ちょうどから r _ i 分後ちょうどまでの r _ i-l _ i 分のうち、高橋くんが寝ていたのは何分間ですか？ 制約 3\leq N\lt2\times10^5 N は奇数 0=A _ 1\lt A _ 2\lt\cdots\lt A _ N\leq10^9 1\leq Q\leq2\times10^5 0\leq l _ i\leq r _ i\leq A _ N\ (1\leq i\leq Q) 入力はすべて整数 入力 入力は以下の形式で標準入力から与えられる。 N A _ 1 A _ 2 \ldots A _ N Q l _ 1 r _ 1 l _ 2 r _ 2 \vdots l _ Q r _ Q 出力 答えを Q 行で出力せよ。 i 行目には i 番目の質問の答えを整数として出力せよ。 入力例 1 7 0 240 720 1320 1440 1800 2160 3 480 1920 720 1200 0 2160 出力例 1 480 0 960 高橋くんは、以下の図のように睡眠をとりました。 それぞれの質問の答えは以下のようになります。 睡眠記録をつけ始めてから 480 分後から 1920 分後の間、高橋くんは 480 分後から 720 分後、 1320 分後から 1440 分後、 1800 分後から 1920 分後の 3 つの睡眠をとりました。睡眠時間の合計は 240+120+120=480 分です。 睡眠記録をつけ始めてから 720 分後から 1200 分後の間、高橋くんは睡眠をとりませんでした。睡眠時間の合計は 0 分です。 睡眠記録をつけ始めてから 0 分後から 2160 分後の間、高橋くんは 240 分後から 720 分後、 1320 分後から 1440 分後、 1800 分後から 2160 分後の 3 つの睡眠をとりました。睡眠時間の合計は 480+120+360=960 分です。 よって、それぞれの行に 480,0,960 と出力してください。 入力例 2 21 0 20 62 192 284 310 323 324 352 374 409 452 486 512 523 594 677 814 838 946 1000 10 77 721 255 541 478 970 369 466 343 541 42 165 16 618 222 592 730 983 338 747 出力例 2 296 150 150 49 89 20 279 183 61 177",450.0,
atcoder,abc,public_sponsored_abc,kyocera,abc305,京セラプログラミングコンテスト2023(AtCoder Beginner Contest 305),2023,,1686398400.0,2023.0,abc305_e,E,Art Gallery on Graph,E. Art Gallery on Graph,1158.0,5678,"['graph', 'dijkstra', 'shortest path', 'priority queue', 'multi source']",5,https://atcoder.jp/contests/abc305/tasks/abc305_e,https://atcoder-tagged-backend.onrender.com/problems/all,2.3.0-sponsor-abc-kenkoooo-diff,ja,2026-06-04T18:46:05.900291+00:00,50.918,1314.0,"配点 : 475 点 問題文 頂点に 1 から N の、辺に 1 から M の番号がついた N 頂点 M 辺の単純無向グラフがあります。辺 i は頂点 a_i と頂点 b_i を結んでいます。 1 から K までの番号がついた K 人の警備員が頂点上にいます。警備員 i は頂点 p_i にいて、体力は h_i です。ここで全ての p_i は互いに異なります。 頂点 v が次の条件を満たす時、頂点 v を 警備されている頂点 と呼びます。 頂点 v と頂点 p_i の距離が h_i 以下であるような警備員 i が少なくとも 1 人存在する。 ここで、頂点 u と頂点 v の距離とは、頂点 u と頂点 v を結ぶパスに含まれる辺の本数の最小値のことをいいます。 グラフに含まれる頂点のうち、警備されている頂点を 小さい方から順に 全て列挙してください。 制約 1 \leq N \leq 2 \times 10^5 0 \leq M \leq \min \left(\frac{N(N-1)}{2}, 2 \times 10^5 \right) 1 \leq K \leq N 1 \leq a_i, b_i \leq N 入力で与えられるグラフは単純 1 \leq p_i \leq N p_i は互いに異なる 1 \leq h_i \leq N 入力で与えられる値は全て整数 入力 入力は以下の形式で標準入力から与えられる。 N M K a_1 b_1 a_2 b_2 \vdots a_M b_M p_1 h_1 p_2 h_2 \vdots p_K h_K 出力 答えを以下の形式で出力せよ。ここで、 警備されている頂点の個数を G 、 警備されている頂点の頂点番号を 昇順に 並べたものを v_1, v_2, \dots, v_G と定義する。 G v_1 v_2 \dots v_G 入力例 1 5 5 2 1 2 2 3 2 4 3 5 1 5 1 1 5 2 出力例 1 4 1 2 3 5 警備されている頂点は 1, 2, 3, 5 の 4 頂点です。 これらの頂点が警備されている頂点である理由は以下の通りです。 頂点 1 と頂点 p_1 = 1 の距離は 0 で、これは h_1 = 1 以下です。よって頂点 1 は警備されている頂点です。 頂点 2 と頂点 p_1 = 1 の距離は 1 で、これは h_1 = 1 以下です。よって頂点 2 は警備されている頂点です。 頂点 3 と頂点 p_2 = 5 の距離は 1 で、これは h_2 = 2 以下です。よって頂点 3 は警備されている頂点です。 頂点 5 と頂点 p_1 = 1 の距離は 1 で、これは h_1 = 1 以下です。よって頂点 5 は警備されている頂点です。 入力例 2 3 0 1 2 3 出力例 2 1 2 入力で与えられるグラフに辺がない場合もあります。 入力例 3 10 10 2 2 1 5 1 6 1 2 4 2 5 2 10 8 5 8 6 9 6 7 9 3 4 8 2 出力例 3 7 1 2 3 5 6 8 9",475.0,
atcoder,abc,public_sponsored_abc,kyocera,abc305,京セラプログラミングコンテスト2023(AtCoder Beginner Contest 305),2023,,1686398400.0,2023.0,abc305_f,F,Dungeon Explore,F. Dungeon Explore,1420.0,3438,"['interactive', 'dfs', 'graph', 'graph theory']",4,https://atcoder.jp/contests/abc305/tasks/abc305_f,https://atcoder-tagged-backend.onrender.com/problems/all,2.3.0-sponsor-abc-kenkoooo-diff,ja,2026-06-04T18:46:05.900291+00:00,56.088,1424.0,"配点 : 525 点 問題文 この問題は インタラクティブな問題 （あなたが作成したプログラムとジャッジプログラムが標準入出力を介して対話を行う形式の問題）です。 N 個の頂点と M 本の辺からなる連結かつ単純な無向グラフがあります。 頂点には 1 から N までの整数の番号がついています。 あなたは、はじめ頂点 1 にいます。 隣り合う頂点に移動することを最大 2N 回まで繰り返して、頂点 N へ移動してください。 ただし、はじめはグラフの辺をすべて知ることはできず、今いる頂点と隣り合っている頂点の情報を知ることができます。 制約 2\leq N\leq100 N-1\leq M\leq\dfrac{N(N-1)}2 グラフは連結かつ単純 入力はすべて整数 入出力 最初に、グラフの頂点数 N と辺数 M を標準入力から受け取ってください。 N M 次に、あなたはジャッジに対して問題文中の操作を 2N 回まで繰り返すことができます。 各操作のはじめには、あなたが現在いる頂点に隣接する頂点が次の形式で標準入力から与えられます。 k v _ 1 v _ 2 \ldots v _ k ここで、 v _ i\ (1\leq i\leq k) は 1 以上 N 以下の整数で、 v _ 1\lt v _ 2\lt\cdots\lt v _ k を満たします。 あなたは、 v _ i\ (1\leq i\leq k) を 1 つ選んで以下の形式で標準出力へ出力してください。 v _ i この操作をすることで、あなたは頂点 v _ i へ移動します。 移動回数が 2N 回を上回ったり、不正な出力を行った場合、ジャッジは標準入力に -1 を送ります。 移動する先の頂点が頂点 N である場合、ジャッジは標準入力に OK を送り、終了します。 -1 もしくは OK を受け取った場合、ただちにあなたのプログラムを終了させてください。 注意点 出力を行うたびに、末尾に改行を入れて標準出力を flush してください。そうしなかった場合、ジャッジ結果が TLE となる可能性があります。 対話の途中で不正な出力を行った、あるいはプログラムが途中で終了した場合のジャッジ結果は不定です。 頂点 N に到達したらただちにプログラムを終了してください。そうしない場合、ジャッジ結果は不定です。 この問題のジャッジはアダプティブです。つまり、制約および以前の出力に矛盾しない範囲でグラフの形が変わる場合があります。 入出力例 以下は、 N=4,M=5 の場合の入出力例です。 この入出力では、グラフは以下の図のようになっています。 入力 出力 説明 4 5 N と M が与えられます。 2 2 3 はじめ、あなたは頂点 1 にいます。頂点 1 に隣接している頂点が与えられます。 3 移動する頂点として、頂点 v _ 2=3 を選びます。 3 1 2 4 頂点 3 に隣接している頂点が与えられます。 2 移動する頂点として、頂点 v _ 2=2 を選びます。 3 1 3 4 頂点 2 に隣接している頂点が与えられます。 4 移動する頂点として、頂点 v _ 3=4 を選びます。 OK 8(=2\times4) 回以内で頂点 4 に到達したので、 OK が渡されます。 OK を受け取ったあと、ただちにプログラムを終了することで正解と判定されます。",525.0,
atcoder,abc,public_sponsored_abc,kyocera,abc305,京セラプログラミングコンテスト2023(AtCoder Beginner Contest 305),2023,,1686398400.0,2023.0,abc305_g,G,Banned Substrings,G. Banned Substrings,1989.0,1465,"['dp', 'matrix', 'string', 'recurrence']",4,https://atcoder.jp/contests/abc305/tasks/abc305_g,https://atcoder-tagged-backend.onrender.com/problems/all,2.3.0-sponsor-abc-kenkoooo-diff,ja,2026-06-04T18:46:05.900291+00:00,67.318,926.0,"配点 : 550 点 問題文 a , b からなる長さ 6 以下の空でない文字列の集合 S=\lbrace s _ 1,s _ 2,\ldots,s _ M\rbrace が与えられます。 以下の条件を満たす a , b からなる長さ N の文字列 T はいくつあるか求めてください。 任意の s _ i\in S に対して、 T は s _ i を連続する部分文字列として含まない ただし、答えは非常に大きくなる可能性があるので、答えを 998244353 で割った余りを求めてください。 制約 1\leq N\leq10^{18} 1\leq M\leq126 N,M は整数 s _ i は a , b からなる長さ 6 以下の空でない文字列 s _ i\neq s _ j\ (1\leq i\lt j\leq M) 入力 入力は以下の形式で標準入力から与えられる。 N M s _ 1 s _ 2 \vdots s _ M 出力 答えを 998244353 で割ったあまりを 1 行で出力せよ。 入力例 1 4 3 aab bbab abab 出力例 1 10 a , b からなる長さ 4 の文字列で、連続する部分列として aab , bbab , abab をもたないようなものは aaaa , abaa , abba , abbb , baaa , baba , babb , bbaa , bbba , bbbb の 10 個なので、 10 を出力してください。 入力例 2 20 1 aa 出力例 2 17711 入力例 3 1000000007 28 bbabba bbbbaa aabbab bbbaba baaabb babaab bbaaba aabaaa aaaaaa aabbaa bbaaaa bbaabb bbabab aababa baaaba ababab abbaba aabaab ababaa abbbba baabaa aabbbb abbbab baaaab baabbb ababbb baabba abaaaa 出力例 3 566756841 998244353 で割ったあまりを出力してください。",550.0,
atcoder,abc,public_sponsored_abc,kyocera,abc305,京セラプログラミングコンテスト2023(AtCoder Beginner Contest 305),2023,,1686398400.0,2023.0,abc305_h,Ex,Shojin,Ex. Shojin,3344.0,258,"['alien trick', 'wqs binary search', 'monge optimization', 'quadrangle inequality', 'dp', 'ternary search', 'greedy', 'submodular', 'convexity']",9,https://atcoder.jp/contests/abc305/tasks/abc305_h,https://atcoder-tagged-backend.onrender.com/problems/all,2.3.0-sponsor-abc-kenkoooo-diff,ja,2026-06-04T18:46:05.900291+00:00,94.06,2596.0,"配点 : 650 点 問題文 あなたは 精進 をすることにしました。精進とは、AtCoder の問題を大量に解くことをいいます。 精進は何日か掛けて行われます。1 日における精進は次の手順で行われます。 その日に M 問の問題を解くとする。各問題には非負整数対 (A, B) が 難易度 と呼ばれる値としてついている。 まず、 M 問を自由な順番に並べ替える。そして、並び替えた後の順に問題を 1 問ずつ解いていく。 あなたは 疲労度 という値を持っている。1 日のはじめの疲労度は 0 であり、難易度が (A, B) である問題を解くごとに疲労度が x から Ax + B に変化する。 M 問すべて解いた時点での疲労度を、その日の 消費した体力 と呼ぶ。 N 問の AtCoder の問題が並んでいて、順に問題 1 , 問題 2 , \dots , 問題 N と呼びます。問題 i の難易度は (A_i, B_i) です。 あなたは精進を行うことで N 問の問題を全て解くことにしました。 精進は次の手順で行います。以下では問題 L , 問題 L+1 , ... , 問題 R からなる問題の列を [L, R] と呼びます。 1 以上 N 以下の整数 K を自由に選ぶ。精進する日数を K 日とする。 N 問の問題の列を、 K 個の非空な連続部分列に分割して、前から i 番目の列を S_i とする。 形式的に説明すると、狭義単調増加な非負整数列 x_0, x_1, \dots, x_K のうち 1 = x_0 かつ x_K = N + 1 を満たすものを 1 つ選び、 1 \leq i \leq K について S_i = [x_{i-1}, x_i - 1] とする。 そして、 i=1, 2, \dots, K について、 i 日目の精進では S_i に含まれる問題全てを解く。 あなたは、精進全体での消費した体力の総和が X 以下になるように精進をすることにしました。 このような精進の日数 K として取り得る最小の値を D とします。(ここで X について、 \sum_{i = 1}^N B_i \leq X が保証されています。この制約下において条件を満たす D は必ず存在します。) また、 K=D である精進において、精進全体での消費した体力の総和として取り得る最小の値を M とします。 D および M を求めてください。 制約 1 \leq N \leq 2 \times 10^5 1 \leq X \leq 10^8 1 \leq A_i \leq 10^5 1 \leq B_i \sum_{i=1}^N B_i \leq X 入力される値は全て整数 入力 入力は以下の形式で標準入力から与えられる。 N X A_1 B_1 A_2 B_2 \vdots A_N B_N 出力 D および M を空白区切りで出力せよ。 入力例 1 3 100 2 2 3 4 5 7 出力例 1 1 52 このテストケースでは X に関する条件を満たしながら 1 日で全ての問題を解くことが可能です。 以下の手順で精進を行うことで、精進全体での消費した体力は 52 になり、これが最小です。 K=1 として、 1 日目に [1, 3] を解くとする。 1 日目の精進は以下の手順で行う。 問題を (問題 3 , 問題 2 , 問題 1 ) の順に並べる。 はじめ、疲労度は 0 である。 問題 3 を解く。疲労度は 5 \times 0 + 7 = 7 に変化する。 問題 2 を解く。疲労度は 3 \times 7 + 4 = 25 に変化する。 問題 1 を解く。疲労度は 2 \times 25 + 2 = 52 に変化する。 全ての問題を解いた時点での疲労度は 52 である。よってこの日の消費した体力は 52 となる。 精進全体での消費した体力の総和もまた 52 である。 入力例 2 3 30 2 2 3 4 5 7 出力例 2 2 17 このテストケースは、1 番目のテストケースの X を 100 から 30 に変えたものです。よって、 X に関する条件を満たしながら 1 日で全ての問題を解くことは不可能です。 以下の手順に従って精進を 2 日間行うことで M=17 を達成できます。 K = 2 として、 1 日目に [1, 2] , 2 日目に [3, 3] を解くとする。 1 日目の精進は以下の手順で行う。 問題を (問題 1 , 問題 2 ) の順に並べる。 はじめ、疲労度は 0 である。 問題 1 を解く。疲労度は 2 \times 0 + 2 = 2 に変化する。 問題 2 を解く。疲労度は 3 \times 2 + 4 = 10 に変化する。 全ての問題を解いた時点での疲労度は 10 である。よって 1 日目の消費した体力は 10 となる。 2 日目の精進は以下の手順で行う。 問題を (問題 3 ) の順に並べる。 はじめ、疲労度は 0 である。 問題 3 を解く。疲労度は 5 \times 0 + 7 = 7 に変化する。 全ての問題を解いた時点での疲労度は 7 である。よって 2 日目の消費した体力は 7 となる。 精進全体での消費した体力の総和は 10 + 7 = 17 である。 入力例 3 5 50000000 100000 10000000 100000 10000000 100000 10000000 100000 10000000 100000 10000000 出力例 3 5 50000000 1 日 1 問ずつ解いていく精進が答えとなります。 入力例 4 10 100000000 5 88 66 4 52 1 3 1 12 1 53 25 11 12 12 2 1 20 47 10 出力例 4 2 73647 入力例 5 15 100000000 2387 3178 2369 5772 1 29 36 3 52 2981 196 1 36 704 3 3 1501 5185 23 628 3623 810 80 101 6579 15 681 7 183 125 出力例 5 4 54468135",650.0,
atcoder,abc,public_sponsored_abc,toyota,abc306,トヨタ自動車プログラミングコンテスト2023#3(AtCoder Beginner Contest 306),2023,,1687003200.0,2023.0,abc306_a,A,Echo,A. Echo,,14385,"['string', 'implementation', 'iteration']",3,https://atcoder.jp/contests/abc306/tasks/abc306_a,https://atcoder-tagged-backend.onrender.com/problems/all,2.3.0-sponsor-abc-kenkoooo-diff,ja,2026-06-04T18:46:05.900291+00:00,,345.0,"配点 : 100 点 問題文 長さ N の英小文字からなる文字列 S が与えられます。 S の i 文字目を S_i と記します。 S_1,S_1,S_2,S_2,\dots,S_N,S_N をこの順に連結した長さ 2N の文字列を出力してください。 例えば、 S が beginner のときは bbeeggiinnnneerr と出力してください。 制約 N は 1 \le N \le 50 を満たす整数 S は長さ N の英小文字からなる文字列 入力 入力は以下の形式で標準入力から与えられる。 N S 出力 答えを出力せよ。 入力例 1 8 beginner 出力例 1 bbeeggiinnnneerr 問題文中の例と同じです。 入力例 2 3 aaa 出力例 2 aaaaaa",100.0,
atcoder,abc,public_sponsored_abc,toyota,abc306,トヨタ自動車プログラミングコンテスト2023#3(AtCoder Beginner Contest 306),2023,,1687003200.0,2023.0,abc306_b,B,Base 2,B. Base 2,,12329,"['base conversion', 'bit manipulation', 'base representation', 'math']",4,https://atcoder.jp/contests/abc306/tasks/abc306_b,https://atcoder-tagged-backend.onrender.com/problems/all,2.3.0-sponsor-abc-kenkoooo-diff,ja,2026-06-04T18:46:05.900291+00:00,,571.0,"配点 : 200 点 問題文 0 と 1 からなる長さ 64 の数列 A=(A_0,A_1,\dots,A_{63}) が与えられます。 A_0 2^0 + A_1 2^1 + \dots + A_{63} 2^{63} を求めてください。 制約 A_i は 0 または 1 入力 入力は以下の形式で標準入力から与えられる。 A_0 A_1 \dots A_{63} 出力 答えを整数として出力せよ。 入力例 1 1 0 1 1 0 0 0 0 0 0 0 0 0 0 0 0 0 0 0 0 0 0 0 0 0 0 0 0 0 0 0 0 0 0 0 0 0 0 0 0 0 0 0 0 0 0 0 0 0 0 0 0 0 0 0 0 0 0 0 0 0 0 0 0 出力例 1 13 A_0 2^0 + A_1 2^1 + \dots + A_{63} 2^{63} = 2^0 + 2^2 + 2^3 = 13 です。 入力例 2 1 0 1 0 1 0 0 0 0 1 0 0 1 1 0 1 1 1 1 0 0 0 1 0 0 1 1 1 1 1 1 0 0 0 0 1 0 1 0 1 0 1 1 1 1 0 0 1 1 0 0 0 0 1 0 1 0 1 0 1 0 0 0 0 出力例 2 766067858140017173",200.0,
atcoder,abc,public_sponsored_abc,toyota,abc306,トヨタ自動車プログラミングコンテスト2023#3(AtCoder Beginner Contest 306),2023,,1687003200.0,2023.0,abc306_c,C,Centers,C. Centers,31.0,11611,"['counting', 'implementation', 'sorting']",3,https://atcoder.jp/contests/abc306/tasks/abc306_c,https://atcoder-tagged-backend.onrender.com/problems/all,2.3.0-sponsor-abc-kenkoooo-diff,ja,2026-06-04T18:46:05.900291+00:00,28.676,768.0,"配点 : 250 点 問題文 1,2,\dots,N がちょうど 3 回ずつ現れる長さ 3N の数列 A=(A_1,A_2,\dots,A_{3N}) が与えられます。 i=1,2,\dots,N について、 A の中にある i のうち真ん中にあるものの添字を f(i) と定めます。 1,2,\dots,N を f(i) の昇順に並べ替えてください。 f(i) の定義は厳密には以下の通りです。 A_j = i を満たす j が j=\alpha,\beta,\gamma\ (\alpha < \beta < \gamma) であるとする。このとき、 f(i) = \beta である。 制約 1\leq N \leq 10^5 1 \leq A_j \leq N i=1,2,\dots,N それぞれについて、 A の中に i はちょうど 3 回現れる 入力は全て整数 入力 入力は以下の形式で標準入力から与えられる。 N A_1 A_2 \dots A_{3N} 出力 1,2,\dots,N を f(i) の昇順に並べ替えてできる長さ N の数列を空白区切りで出力せよ。 入力例 1 3 1 1 3 2 3 2 2 3 1 出力例 1 1 3 2 A の中にある 1 は A_1,A_2,A_9 なので、 f(1) = 2 です。 A の中にある 2 は A_4,A_6,A_7 なので、 f(2) = 6 です。 A の中にある 3 は A_3,A_5,A_8 なので、 f(3) = 5 です。 よって、 f(1) < f(3) < f(2) であるため 1,3,2 の順に出力します。 入力例 2 1 1 1 1 出力例 2 1 入力例 3 4 2 3 4 3 4 1 3 1 1 4 2 2 出力例 3 3 4 1 2",250.0,
atcoder,abc,public_sponsored_abc,toyota,abc306,トヨタ自動車プログラミングコンテスト2023#3(AtCoder Beginner Contest 306),2023,,1687003200.0,2023.0,abc306_d,D,Poisonous Full-Course,D. Poisonous Full-Course,596.0,8716,"['dp', 'automaton']",2,https://atcoder.jp/contests/abc306/tasks/abc306_d,https://atcoder-tagged-backend.onrender.com/problems/all,2.3.0-sponsor-abc-kenkoooo-diff,ja,2026-06-04T18:46:05.900291+00:00,39.826,1678.0,"配点 : 400 点 問題文 高橋くんはレストランで、 N 品からなる奇妙なフルコースを楽しむことにしました。 このコースのうち i 番目の料理は以下の通りです。 X_i=0 の場合、美味しさが Y_i の 解毒剤入り の料理 X_i=1 の場合、美味しさが Y_i の 毒入り の料理 高橋くんが料理を食べると、高橋くんの状態は以下のように変化します。 最初、高橋くんはお腹を壊していない。 高橋くんが お腹を壊していない 時、 解毒剤入り の料理を食べても、高橋くんは お腹を壊していないまま である。 毒入り の料理を食べると、高橋くんは お腹を壊す 。 高橋くんが お腹を壊している 時、 解毒剤入り の料理を食べると、高橋くんは お腹を壊していない状態になる 。 毒入り の料理を食べると、高橋くんは 死ぬ 。 コースは以下の流れで進行します。 i = 1, \ldots, N についてこの順に、以下の処理を繰り返す。 まず、 i 番目の料理が高橋くんに提供される。 次に、 高橋くんはこの料理に対し「食べる」か「下げてもらう」かを選択する。 「食べる」を選択した場合、高橋くんは i 番目の料理を食べる。食べた料理に応じて高橋くんの状態も変化する。 「下げてもらう」を選択した場合、高橋くんは i 番目の料理を食べない。この料理を後で提供してもらったり何らかの手段で保存したりすることはできない。 最後に、 (状態が変化するなら変化後の時点で) 高橋くんが死んでいない場合、 i \neq N なら次の料理に進む。 i = N なら高橋くんは生きて退店する。 高橋くんはこのあと重要な仕事があるため、高橋くんは生きて退店しなければなりません。 この条件の下で高橋くんが各料理に対し「食べる」「下げてもらう」を選択したとき、高橋くんが 食べた料理の美味しさの総和として考えられる最大値 ( 但し、何も食べなかった場合は 0 ) を出力してください。 制約 入力は全て整数 1 \le N \le 3 \times 10^5 X_i \in \{0,1\} つまり、 X_i は 0,1 のどちらかである。 -10^9 \le Y_i \le 10^9 入力 入力は以下の形式で標準入力から与えられる。 N X_1 Y_1 X_2 Y_2 \vdots X_N Y_N 出力 答えを整数として出力せよ。 入力例 1 5 1 100 1 300 0 -200 1 500 1 300 出力例 1 600 以下のように選択することで食べた料理の美味しさの総和を 600 にでき、これが考えられる最大値です。 1 番目の料理を下げてもらう。高橋くんはお腹を壊していません。 2 番目の料理を食べる。高橋くんはお腹を壊し、食べた料理の美味しさの総和は 300 となります。 3 番目の料理を食べる。高橋くんはお腹を壊していない状態に戻り、食べた料理の美味しさの総和は 100 となります。 4 番目の料理を食べる。高橋くんはお腹を壊し、食べた料理の美味しさの総和は 600 となります。 5 番目の料理を下げてもらう。高橋くんはお腹を壊しています。 最終的に高橋くんは死んでいないので、高橋くんは生きて退店する。 入力例 2 4 0 -1 1 -2 0 -3 1 -4 出力例 2 0 この入力の場合何も食べないことが最善ですが、この場合答えは 0 となります。 入力例 3 15 1 900000000 0 600000000 1 -300000000 0 -700000000 1 200000000 1 300000000 0 -600000000 1 -900000000 1 600000000 1 -100000000 1 -400000000 0 900000000 0 200000000 1 -500000000 1 900000000 出力例 3 4100000000 答えが 32 bit 符号付き整数に収まらない可能性があります。",400.0,
atcoder,abc,public_sponsored_abc,toyota,abc306,トヨタ自動車プログラミングコンテスト2023#3(AtCoder Beginner Contest 306),2023,,1687003200.0,2023.0,abc306_e,E,Best Performances,E. Best Performances,1268.0,4738,"['data structure', 'multiset', 'order statistic tree', 'set', 'incremental']",5,https://atcoder.jp/contests/abc306/tasks/abc306_e,https://atcoder-tagged-backend.onrender.com/problems/all,2.3.0-sponsor-abc-kenkoooo-diff,ja,2026-06-04T18:46:05.900291+00:00,53.089,1109.0,"配点 : 475 点 問題文 長さ N の数列 A=(A_1,A_2,\dots,A_N) があり、最初全ての項が 0 です。 入力で与えられる整数 K を用いて関数 f(A) を以下のように定義します。 A を降順に (広義単調減少となるように) ソートしたものを B とする。 このとき、 f(A)=B_1 + B_2 + \dots + B_K とする。 この数列に合計 Q 回の更新を行うことを考えます。 数列 A に対し以下の更新を i=1,2,\dots,Q の順に行い、各更新ごとにその時点での f(A) の値を出力してください。 A_{X_i} を Y_i に変更する。 制約 入力は全て整数 1 \le K \le N \le 5 \times 10^5 1 \le Q \le 5 \times 10^5 1 \le X_i \le N 0 \le Y_i \le 10^9 入力 入力は以下の形式で標準入力から与えられる。 N K Q X_1 Y_1 X_2 Y_2 \vdots X_Q Y_Q 出力 全体で Q 行出力せよ。そのうち i 行目には i 回目の更新を終えた時点での f(A) の値を整数として出力せよ。 入力例 1 4 2 10 1 5 2 1 3 3 4 2 2 10 1 0 4 0 3 1 2 0 3 0 出力例 1 5 6 8 8 15 13 13 11 1 0 この入力では N=4,K=2 です。 Q=10 回の更新を行います。 1 回目の更新を受けて A=(5,0,0,0) となります。このとき f(A)=5 です。 2 回目の更新を受けて A=(5,1,0,0) となります。このとき f(A)=6 です。 3 回目の更新を受けて A=(5,1,3,0) となります。このとき f(A)=8 です。 4 回目の更新を受けて A=(5,1,3,2) となります。このとき f(A)=8 です。 5 回目の更新を受けて A=(5,10,3,2) となります。このとき f(A)=15 です。 6 回目の更新を受けて A=(0,10,3,2) となります。このとき f(A)=13 です。 7 回目の更新を受けて A=(0,10,3,0) となります。このとき f(A)=13 です。 8 回目の更新を受けて A=(0,10,1,0) となります。このとき f(A)=11 です。 9 回目の更新を受けて A=(0,0,1,0) となります。このとき f(A)=1 です。 10 回目の更新を受けて A=(0,0,0,0) となります。このとき f(A)=0 です。",475.0,
atcoder,abc,public_sponsored_abc,toyota,abc306,トヨタ自動車プログラミングコンテスト2023#3(AtCoder Beginner Contest 306),2023,,1687003200.0,2023.0,abc306_f,F,Merge Sets,F. Merge Sets,1557.0,2933,"['combinatorics', 'coordinate compression', 'counting', 'implementation', 'sorting']",5,https://atcoder.jp/contests/abc306/tasks/abc306_f,https://atcoder-tagged-backend.onrender.com/problems/all,2.3.0-sponsor-abc-kenkoooo-diff,ja,2026-06-04T18:46:05.900291+00:00,58.792,1229.0,"配点 : 525 点 問題文 A \cap B = \emptyset を満たす 2 つの整数の集合 A, B に対して、 f(A,B) を以下のように定義します。 A \cup B に含まれる要素を昇順に並べた数列を C=(C_1,C_2,\dots,C_{|A|+|B|}) とする。 A=\lbrace C_{k_1},C_{k_2},\dots,C_{k_{|A|}}\rbrace となるような k_1,k_2,\dots,k_{|A|} をとる。 このとき、 \displaystyle f(A,B)=\sum_{i=1}^{|A|} k_i とする。 例えば、 A=\lbrace 1,3\rbrace,B=\lbrace 2,8\rbrace のとき、 C=(1,2,3,8) より A=\lbrace C_1,C_3\rbrace なので、 f(A,B)=1+3=4 です。 それぞれが M 個の要素からなる N 個の整数の集合 S_1,S_2\dots,S_N があり、各 i\ (1 \leq i \leq N) について S_i = \lbrace A_{i,1},A_{i,2},\dots,A_{i,M}\rbrace です。 ただし、 S_i \cap S_j = \emptyset\ (i \neq j) が保証されます。 \displaystyle \sum_{1\leq i<j \leq N} f(S_i, S_j) を求めてください。 制約 1\leq N \leq 10^4 1\leq M \leq 10^2 1\leq A_{i,j} \leq 10^9 i_1 \neq i_2 または j_1 \neq j_2 ならば A_{i_1,j_1} \neq A_{i_2,j_2} 入力は全て整数 入力 入力は以下の形式で標準入力から与えられる。 N M A_{1,1} A_{1,2} \dots A_{1,M} \vdots A_{N,1} A_{N,2} \dots A_{N,M} 出力 答えを整数として出力せよ。 入力例 1 3 2 1 3 2 8 4 6 出力例 1 12 S_1,S_2 はそれぞれ問題文中で例示した A,B と一致し、 f(S_1,S_2)=1+3=4 です。 f(S_1,S_3)=1+2=3,f(S_2,S_3)=1+4=5 であるため、 4+3+5=12 が答えです。 入力例 2 1 1 306 出力例 2 0 入力例 3 4 4 155374934 164163676 576823355 954291757 797829355 404011431 353195922 138996221 191890310 782177068 818008580 384836991 160449218 545531545 840594328 501899080 出力例 3 102",525.0,
atcoder,abc,public_sponsored_abc,toyota,abc306,トヨタ自動車プログラミングコンテスト2023#3(AtCoder Beginner Contest 306),2023,,1687003200.0,2023.0,abc306_g,G,Return to 1,G. Return to 1,2563.0,696,"['graph theory', 'directed graph', 'dfs', 'gcd', 'number theory', 'cycle', 'reachability']",7,https://atcoder.jp/contests/abc306/tasks/abc306_g,https://atcoder-tagged-backend.onrender.com/problems/all,2.3.0-sponsor-abc-kenkoooo-diff,ja,2026-06-04T18:46:05.900291+00:00,78.646,1245.0,"配点 : 600 点 問題文 N 頂点 M 辺の有向グラフがあります。 頂点には 1 から N までの番号が付けられていて、 i 番目の辺は頂点 U_i から頂点 V_i に向かって伸びています。 あなたは今頂点 1 にいます。 以下の行動をちょうど 10^{10^{100}} 回繰り返して頂点 1 に戻ってくることが可能かどうか判定してください。 今いる頂点から伸びている辺を 1 つ選び、その辺が伸びている先の頂点に移動する。 T 個のテストケースが与えられるので、それぞれについて解いてください。 制約 入力は全て整数 1\leq T \leq 2\times 10^5 2\leq N \leq 2\times 10^5 1\leq M \leq 2\times 10^5 全てのテストケースにおける N の総和は 2 \times 10^5 以下 全てのテストケースにおける M の総和は 2 \times 10^5 以下 1 \leq U_i, V_i \leq N U_i \neq V_i i\neq j ならば (U_i,V_i) \neq (U_j,V_j) 入力 入力は以下の形式で標準入力から与えられる。 ここで \text{test}_i は i 番目のテストケースを意味する。 T \text{test}_1 \text{test}_2 \vdots \text{test}_T 各テストケースは以下の形式で与えられる。 N M U_1 V_1 U_2 V_2 \vdots U_M V_M 出力 T 行出力せよ。 i\ (1\leq i \leq T) 行目には、 i 番目のテストケースにおいて問題文中の行動をちょうど 10^{10^{100}} 回繰り返して頂点 1 に戻ってくることが可能ならば Yes を、 そうでないならば No を出力せよ。 入力例 1 4 2 2 1 2 2 1 3 3 1 2 2 3 3 1 7 10 1 6 6 3 1 4 5 1 7 1 4 5 2 1 4 7 2 7 4 3 7 11 1 6 6 3 1 4 5 1 7 1 4 5 2 1 4 7 2 7 4 3 3 7 出力例 1 Yes No No Yes 1 番目のテストケースについて、 頂点 1 \rightarrow 2 \rightarrow 1 \rightarrow \dots という移動を繰り返す以外の選択肢はありません。 このとき、 10^{10^{100}} 回の移動をした時点で頂点 1 にいるので、答えは Yes です。 2 番目のテストケースについて、 頂点 1 \rightarrow 2 \rightarrow 3 \rightarrow 1 \rightarrow \dots という移動を繰り返す以外の選択肢はありません。 このとき、 10^{10^{100}} 回の移動をした時点で頂点 2 にいるので、答えは No です。",600.0,
atcoder,abc,public_sponsored_abc,toyota,abc306,トヨタ自動車プログラミングコンテスト2023#3(AtCoder Beginner Contest 306),2023,,1687003200.0,2023.0,abc306_h,Ex,Balance Scale,Ex. Balance Scale,3335.0,747,"['bitmask dp', 'inclusion exclusion', 'connected components', 'graph theory', 'dag']",5,https://atcoder.jp/contests/abc306/tasks/abc306_h,https://atcoder-tagged-backend.onrender.com/problems/all,2.3.0-sponsor-abc-kenkoooo-diff,ja,2026-06-04T18:46:05.900291+00:00,93.882,1199.0,"配点 : 650 点 問題文 1,2, \dots,N の番号の付いた N 個のおもりがあります。 これから天秤を用いて M 回の重さの比較を行います。 比較開始前に、空文字列 S を用意する。 i 回目の比較では、左の皿におもり A_i のみを、右の皿におもり B_i のみを乗せる。 この際、以下の 3 通りのうちいずれかの結果が得られる。 おもり A_i の方がおもり B_i より重い。 この際 S の末尾に > を加える。 おもり A_i とおもり B_i は同じ重さである。 この際 S の末尾に = を加える。 おもり B_i の方がおもり A_i より重い。 この際 S の末尾に < を加える。 天秤が誤った結果を出すことはない。 実験終了後、長さ M の文字列 S が得られます。 > , = , < からなる長さ M の文字列は 3^M 通りありますが、そのうち実験で得られた S として考えられるものは何通りありますか? 答えは非常に大きくなることがあるので、 998244353 で割った余りを出力してください。 制約 入力は全て整数 2 \le N \le 17 1 \le M \le \frac{N \times (N-1)}{2} 1 \le A_i < B_i \le N i \neq j \Rightarrow (A_i,B_i) \neq (A_j,B_j) 入力 入力は以下の形式で標準入力から与えられる。 N M A_1 B_1 A_2 B_2 \vdots A_M B_M 出力 答えを整数として出力せよ。 入力例 1 3 3 1 2 1 3 2 3 出力例 1 13 おもりの重さをおもりの番号順に書き並べた数列を w とします。 w=(5,5,5) の時 S= === w=(2,2,3) の時 S= =<< w=(6,8,6) の時 S= <=> w=(9,4,4) の時 S= >>= w=(7,7,3) の時 S= =>> w=(8,1,8) の時 S= >=< w=(5,8,8) の時 S= <<= w=(1,2,3) の時 S= <<< w=(4,9,5) の時 S= <<> w=(5,1,8) の時 S= ><< w=(6,9,2) の時 S= <>> w=(7,1,3) の時 S= >>< w=(9,7,5) の時 S= >>> という文字列 S を得ます。 他にもおもりの重さとして考えられる列は無数にありますが、 S として考えられるのは以上の 13 通りです。 入力例 2 4 4 1 4 2 3 1 3 3 4 出力例 2 39 入力例 3 14 15 1 2 1 3 2 4 2 5 2 6 4 8 5 6 6 8 7 8 9 10 9 12 9 13 10 11 11 12 11 13 出力例 3 1613763",650.0,
atcoder,abc,public_sponsored_abc,tokyo_marine,abc307,東京海上日動プログラミングコンテスト2023（AtCoder Beginner Contest 307）,2023,,1687608000.0,2023.0,abc307_a,A,Weekly Records,A. Weekly Records,-1088.0,14129,"['array', 'implementation', 'sum', 'iteration']",4,https://atcoder.jp/contests/abc307/tasks/abc307_a,https://atcoder-tagged-backend.onrender.com/problems/all,2.3.0-sponsor-abc-kenkoooo-diff,ja,2026-06-04T18:46:05.900291+00:00,6.592,707.0,"配点 : 100 点 問題文 高橋君は N 週間の間、自分が歩いた歩数を記録しました。 i 日目に歩いた歩数は A_i でした。 各週に高橋君が歩いた歩数の合計を求めてください。 より正確には、 1 週目( 1 日目から 7 日目まで)の 7 日間の歩数の合計、 2 週目( 8 日目から 14 日目まで)の 7 日間の歩数の合計、……をそれぞれ求めてください。 制約 1 \leq N \leq 10 0 \leq A_i \leq 10^5 入力は整数 入力 入力は以下の形式で標準入力から与えられる。 N A_1 A_2 \ldots A_{7N} 出力 i 週目に歩いた歩数を B_i とする。 B_1,B_2,\ldots,B_N をこの順に空白区切りで出力せよ。 入力例 1 2 1000 2000 3000 4000 5000 6000 7000 2000 3000 4000 5000 6000 7000 8000 出力例 1 28000 35000 高橋君は 1 週目に 1000+2000+3000+4000+5000+6000+7000=28000 歩あるき、 2 週目に 2000+3000+4000+5000+6000+7000+8000=35000 歩あるきました。 入力例 2 3 14159 26535 89793 23846 26433 83279 50288 41971 69399 37510 58209 74944 59230 78164 6286 20899 86280 34825 34211 70679 82148 出力例 2 314333 419427 335328",100.0,
atcoder,abc,public_sponsored_abc,tokyo_marine,abc307,東京海上日動プログラミングコンテスト2023（AtCoder Beginner Contest 307）,2023,,1687608000.0,2023.0,abc307_b,B,racecar,B. racecar,-298.0,11674,"['implementation', 'palindrome', 'string']",3,https://atcoder.jp/contests/abc307/tasks/abc307_b,https://atcoder-tagged-backend.onrender.com/problems/all,2.3.0-sponsor-abc-kenkoooo-diff,ja,2026-06-04T18:46:05.900291+00:00,22.183,869.0,"配点 : 200 点 問題文 英小文字のみからなる N 個の文字列 S_1,S_2,\ldots,S_N が与えられます。 1 以上 N 以下の 相異なる 整数 i,j であって、 S_i と S_j をこの順に連結した文字列が回文となるようなものが存在するか判定してください。 ただし、長さ M の文字列 T が回文であるとは、任意の 1\leq i\leq M について、 T の i 文字目と (M+1-i) 文字目が一致していることをいいます。 制約 2\leq N\leq 100 1\leq \lvert S_i\rvert \leq 50 N は整数 S_i は英小文字のみからなる文字列 S_i はすべて異なる。 入力 入力は以下の形式で標準入力から与えられる。 N S_1 S_2 \vdots S_N 出力 問題文の条件をみたす i,j が存在するならば Yes を、そうでないならば No を出力せよ。 入力例 1 5 ab ccef da a fe 出力例 1 Yes (i,j)=(1,4) とすると、 S_1= ab と S_4= a をこの順に連結した文字列は aba となり、 これは回文であるため条件をみたしています。 よって、 Yes を出力します。 また、 (i,j)=(5,2) としても、 S_5= fe と S_2= ccef をこの順に連結した文字列は feccef となり、やはり条件をみたしています。 入力例 2 3 a b aba 出力例 2 No S_1 , S_2 , S_3 のうち、どの相異なる 2 つの文字列を繋げても回文となりません。 よって、 No を出力します。 問題文における i,j は相異なる必要があることに注意してください。 入力例 3 2 aaaaaaaaaaaaaaaaaaaaaaaaaaaaaaaaaaaaaaaaaaaaaaaaa aaaaaaaaaaaaaaaaaaaaaaaaaaaaaaaaaaaaaaaaaaaaaaaaaa 出力例 3 Yes",200.0,
atcoder,abc,public_sponsored_abc,tokyo_marine,abc307,東京海上日動プログラミングコンテスト2023（AtCoder Beginner Contest 307）,2023,,1687608000.0,2023.0,abc307_c,C,Ideal Sheet,C. Ideal Sheet,1307.0,4145,"['brute force', 'grid', 'coordinate geometry', 'simulation', '2d array']",5,https://atcoder.jp/contests/abc307/tasks/abc307_c,https://atcoder-tagged-backend.onrender.com/problems/all,2.3.0-sponsor-abc-kenkoooo-diff,ja,2026-06-04T18:46:05.900291+00:00,53.858,2069.0,"配点 : 300 点 問題文 高橋君は黒いマスと透明なマスからなるシート A,B を 1 枚ずつと、透明なマスのみからなる無限に広がるシート C を持っています。 また、高橋君には黒いマスと透明なマスからなる、理想とするシート X が存在します。 シート A,B,X の大きさはそれぞれ縦 H_A マス \times 横 W_A マス、縦 H_B マス \times 横 W_B マス、縦 H_X マス \times 横 W_X マスです。 シート A の各マスは . と # からなる長さ W_A の文字列 H_A 個 A_1,A_2,\ldots,A_{H_A} によって表され、 A_i (1\leq i\leq H_A) の j 文字目 (1\leq j\leq W_A) が、 . のときシート A の上から i 行目かつ左から j 列目のマスは透明なマスであり、 # のとき黒いマスです。 シート B,X の各マスも、同様に長さ W_B の文字列 H_B 個 B_1,B_2,\ldots,B_{H_B} および長さ W_X の文字列 H_X 個 X_1,X_2,\ldots,X_{H_X} によって表されます。 高橋君の目標は、次の手順で、シート A,B,C から、 A,B に存在する すべての黒いマスを使って シート X を作り出すことです。 シート A,B をマス目に沿ってシート C に貼り付ける。この時、シート A,B はそれぞれ好きな場所に平行移動させて貼って良いが、シートを切り分けたり、回転させたりしてはいけない。 シート C からマス目に沿って H_X\times W_X マスの領域を切り出す。ここで、切り出されたシートの各マスは、シート A または B の黒いマスが貼り付けられていれば黒いマスに、そうでなければ透明なマスとなる。 このとき、貼り付ける位置と切り出す領域をうまくとることで高橋君は目標を達成できるか、すなわち次の条件をともにみたすことにできるか判定してください。 切り出されたシートはシート A,B の 黒いマスをすべて 含む。切り出されたシートの上でシート A,B の黒いマスどうしが重なって存在していても構わない。 切り出されたシートは、回転させたり裏返したりすることなくシート X と一致する。 制約 1\leq H_A,W_A,H_B,W_B,H_X,W_X\leq 10 H_A,W_A,H_B,W_B,H_X,W_X は整数 A_i は . と # のみからなる長さ W_A の文字列 B_i は . と # のみからなる長さ W_B の文字列 X_i は . と # のみからなる長さ W_X の文字列 シート A,B,X はそれぞれ少なくとも 1 つ以上の黒いマスを含む。 入力 入力は以下の形式で標準入力から与えられる。 H_A W_A A_1 A_2 \vdots A_{H_A} H_B W_B B_1 B_2 \vdots B_{H_B} H_X W_X X_1 X_2 \vdots X_{H_X} 出力 高橋君が問題文中の目標を達成できるならば Yes を、できないならば No を出力せよ。 入力例 1 3 5 #.#.. ..... .#... 2 2 #. .# 5 3 ... #.# .#. .#. ... 出力例 1 Yes まず、シート A をシート C に貼り付けると下図のようになります。 \vdots ....... .#.#... \cdots ....... \cdots ..#.... ....... \vdots さらに、シート B をシート A と左上を合わせて貼ってみると下図のようになります。 \vdots ....... .#.#... \cdots ..#.... \cdots ..#.... ....... \vdots ここで、上で具体的に図示されている範囲のうち、上から 1 行目かつ左から 2 列目のマスを左上として 5\times 3 マスを切り出すと下図のようになります。 ... #.# .#. .#. ... これはシート A,B のすべての黒いマスを含んでおり、また、シート X と一致しているため条件を満たしています。 よって、 Yes を出力します。 入力例 2 2 2 #. .# 2 2 #. .# 2 2 ## ## 出力例 2 No シート A や B を回転させて貼ってはいけないことに注意してください。 入力例 3 1 1 # 1 2 ## 1 1 # 出力例 3 No どのように貼ったり切り出したりしても、シート B の黒いマスをすべて含むように切り出すことはできないため、 1 つめの条件をみたすことができません。 よって、 No を出力します。 入力例 4 3 3 ### ... ... 3 3 #.. #.. #.. 3 3 ..# ..# ### 出力例 4 Yes",300.0,
atcoder,abc,public_sponsored_abc,tokyo_marine,abc307,東京海上日動プログラミングコンテスト2023（AtCoder Beginner Contest 307）,2023,,1687608000.0,2023.0,abc307_d,D,Mismatched Parentheses,D. Mismatched Parentheses,666.0,7985,"['implementation', 'simulation', 'stack', 'string']",4,https://atcoder.jp/contests/abc307/tasks/abc307_d,https://atcoder-tagged-backend.onrender.com/problems/all,2.3.0-sponsor-abc-kenkoooo-diff,ja,2026-06-04T18:46:05.900291+00:00,41.208,601.0,"配点 : 400 点 問題文 英小文字および ( , ) からなる長さ N の文字列 S が与えられます。 以下の操作を可能な限り繰り返したあとの S を出力してください。 S の連続部分文字列であって、最初の文字が ( かつ 最後の文字が ) かつ 最初と最後以外に ( も ) も含まないものを自由に 1 つ選び削除する なお、操作を可能な限り繰り返したあとの S は操作の手順によらず一意に定まることが証明できます。 制約 1 \leq N \leq 2 \times 10^5 N は整数である S は英小文字および ( , ) からなる長さ N の文字列である 入力 入力は以下の形式で標準入力から与えられる。 N S 出力 答えを出力せよ。 入力例 1 8 a(b(d))c 出力例 1 ac 例えば、以下の手順により操作後の S が ac となります。 S の 4 文字目から 6 文字目までからなる部分文字列 (d) を削除する。 S は a(b)c となる。 S の 2 文字目から 4 文字目までからなる部分文字列 (b) を削除する。 S は ac となる。 これ以上操作を行うことはできない。 入力例 2 5 a(b)( 出力例 2 a( 入力例 3 2 () 出力例 3 操作後の S は空文字列になる可能性があります。 入力例 4 6 )))((( 出力例 4 )))(((",400.0,
atcoder,abc,public_sponsored_abc,tokyo_marine,abc307,東京海上日動プログラミングコンテスト2023（AtCoder Beginner Contest 307）,2023,,1687608000.0,2023.0,abc307_e,E,Distinct Adjacent,E. Distinct Adjacent,1240.0,4925,"['dp on ring', 'inclusion exclusion', 'combinatorics', 'modular arithmetic']",4,https://atcoder.jp/contests/abc307/tasks/abc307_e,https://atcoder-tagged-backend.onrender.com/problems/all,2.3.0-sponsor-abc-kenkoooo-diff,ja,2026-06-04T18:46:05.900291+00:00,52.536,513.0,"配点 : 475 点 問題文 1 から N の番号がついた N 人の人が輪になってならんでいます。人 1 の右隣には人 2 が、人 2 の右隣には人 3 が、……、人 N の右隣には人 1 がいます。 N 人の人にそれぞれ 0 以上 M 未満の整数を 1 つずつ渡します。 M^N 通りの渡し方のうち、どの隣り合う 2 人が渡された数も異なるものの数を、 998244353 で割ったあまりを求めてください。 制約 2 \leq N,M \leq 10^6 N,M は整数である 入力 入力は以下の形式で標準入力から与えられる。 N M 出力 答えを出力せよ。 入力例 1 3 3 出力例 1 6 人 1,2,3 に渡す整数がそれぞれ (0,1,2),(0,2,1),(1,0,2),(1,2,0),(2,0,1),(2,1,0) のときの 6 通りです。 入力例 2 4 2 出力例 2 2 人 1,2,3,4 に渡す整数がそれぞれ (0,1,0,1),(1,0,1,0) のときの 2 通りです。 入力例 3 987654 456789 出力例 3 778634319 998244353 で割ったあまりを求めてください。",475.0,
atcoder,abc,public_sponsored_abc,tokyo_marine,abc307,東京海上日動プログラミングコンテスト2023（AtCoder Beginner Contest 307）,2023,,1687608000.0,2023.0,abc307_f,F,Virus 2,F. Virus 2,2139.0,1521,"['dijkstra', 'graph', 'shortest path', 'simulation']",4,https://atcoder.jp/contests/abc307/tasks/abc307_f,https://atcoder-tagged-backend.onrender.com/problems/all,2.3.0-sponsor-abc-kenkoooo-diff,ja,2026-06-04T18:46:05.900291+00:00,70.278,1577.0,"配点 : 550 点 問題文 部屋 1 , 部屋 2 , \ldots , 部屋 N と番号づけられた N 個の部屋に人が 1 人ずつ住んでおり、 また、いくつかの相異なる 2 つの部屋の間は通路によって結ばれています。 通路は M 本あり、 i 本目の通路は部屋 U_i と部屋 V_i を結んでおり、長さは W_i です。 ある日(これを 0 日目とします)の夜に、部屋 A_1,A_2,\ldots, A_K に住んでいる K 人がウイルスに(新しく)感染してしまいました。 さらにその後の D 日間で i 日目 (1\leq i\leq D) には次のように感染が広がりました。 (i-1) 日目の夜の時点で感染していた人は、 i 日目の夜の時点でも感染していた。 そうでない人については、 (i-1) 日目の夜の時点で感染していた人の住んでいる部屋のうちの少なくとも 1 つから 距離 X_i 以内の部屋に住んでいた時かつその時に限り、新しく感染した。 ここで、部屋 P,Q の間の距離は、部屋 P から 部屋 Q まで通路のみを使って移動する時に通る通路の長さの総和としてあり得る最小値として定義される。 ただし、部屋 P から 部屋 Q へ通路のみを使って移動する事ができない時、距離は 10^{100} とする。 各 i ( 1\leq i\leq N ) について、部屋 i に住んでいる人がそれぞれ何日目の夜に(新しく)感染したか出力してください。ただし、 D 日目の夜の時点で感染していない場合は -1 を出力してください。 制約 1 \leq N\leq 3\times 10^5 0 \leq M\leq 3\times 10^5 1 \leq U_i < V_i\leq N (U_i,V_i) はすべて異なる。 1\leq W_i\leq 10^9 1 \leq K\leq N 1\leq A_1<A_2<\cdots<A_K\leq N 1 \leq D\leq 3\times 10^5 1\leq X_i\leq 10^9 入力はすべて整数 入力 入力は以下の形式で標準入力から与えられる。 N M U_1 V_1 W_1 U_2 V_2 W_2 \vdots U_M V_M W_M K A_1 A_2 \ldots A_K D X_1 X_2 \ldots X_D 出力 N 行出力せよ。 i 行目 (1\leq i\leq N) には、部屋 i に住んでいる人が何日目の夜に(新しく)感染したか出力せよ。 入力例 1 4 4 1 2 2 2 3 1 2 4 3 3 4 2 1 1 2 3 3 出力例 1 0 1 1 2 次のように感染は広がります。 0 日目の夜、部屋 1 に住んでいる人が感染する。 部屋 1 と部屋 2,3,4 の間の距離はそれぞれ 2,3,5 である。よって、 X_1=3 であるから、 1 日目の夜、部屋 2,3 に住んでいる人が新しく感染する。 部屋 3 と部屋 4 の間の距離は 2 である。よって、 X_2=3 であるから、 2 日目の夜、部屋 4 に住んでいる人も感染する。 よって、部屋 1,2,3,4 に住んでいる人はそれぞれ 0,1,1,2 日目に新しく感染したため、 0,1,1,2 をこの順で各行に出力します。 入力例 2 7 7 1 2 2 2 3 3 3 4 1 4 5 1 5 6 3 3 7 1 4 7 1 2 1 6 2 2 3 出力例 2 0 1 2 -1 2 0 -1 入力例 3 5 1 1 2 5 2 1 3 3 3 7 5 出力例 3 0 2 0 -1 -1 どの 2 つの部屋の間も通路のみを使って移動できるとは限らないことに注意してください。",550.0,
atcoder,abc,public_sponsored_abc,tokyo_marine,abc307,東京海上日動プログラミングコンテスト2023（AtCoder Beginner Contest 307）,2023,,1687608000.0,2023.0,abc307_g,G,Approximate Equalization,G. Approximate Equalization,2330.0,934,"['dp', 'prefix sum', 'math']",3,https://atcoder.jp/contests/abc307/tasks/abc307_g,https://atcoder-tagged-backend.onrender.com/problems/all,2.3.0-sponsor-abc-kenkoooo-diff,ja,2026-06-04T18:46:05.900291+00:00,74.048,1109.0,"配点 : 550 点 問題文 長さ N の整数列 A=(A_1,A_2,\ldots,A_N) が与えられます。 高橋君は次の 2 種類の操作のうち 1 つを選んで行う事を、何回でも ( 0 回でも良い) 繰り返し行う事ができます。 1\leq i\leq N-1 をみたす整数 i を選び、 A_i を 1 減らし、 A_{i+1} を 1 増やす。 1\leq i\leq N-1 をみたす整数 i を選び、 A_i を 1 増やし、 A_{i+1} を 1 減らす。 数列 A が次の条件をみたすようにするために必要な操作の回数の最小値を求めてください。 任意の 1 以上 N 以下の整数の組 (i,j) に対して、 \lvert A_i-A_j\rvert\leq 1 が成り立つ。 制約 2 \leq N \leq 5000 \lvert A_i \rvert \leq 10^9 入力はすべて整数 入力 入力は以下の形式で標準入力から与えられる。 N A_1 A_2 \ldots A_N 出力 数列 A が問題文の条件をみたすようにするために必要な操作の回数の最小値を一行に出力せよ。 入力例 1 3 2 7 6 出力例 1 4 次のようにして 4 回の操作で A が条件をみたすようにできます。 i=1 を選び、 A_1 を 1 増やし、 A_2 を 1 減らす。 A=(3,6,6) となる。 i=1 を選び、 A_1 を 1 増やし、 A_2 を 1 減らす。 A=(4,5,6) となる。 i=2 を選び、 A_2 を 1 増やし、 A_3 を 1 減らす。 A=(4,6,5) となる。 i=1 を選び、 A_1 を 1 増やし、 A_2 を 1 減らす。 A=(5,5,5) となる。 この時操作回数が最小であり、よって 4 を出力します。 入力例 2 3 -2 -5 -2 出力例 2 2 次のようにして 2 回の操作で A が条件をみたすようにできます。 i=1 を選び、 A_1 を 1 減らし、 A_2 を 1 増やす。 A=(-3,-4,-2) となる。 i=2 を選び、 A_2 を 1 増やし、 A_3 を 1 減らす。 A=(-3,-3,-3) となる。 この時操作回数が最小であり、よって 2 を出力します。 入力例 3 5 1 1 1 1 -7 出力例 3 13 うまく操作することで、 13 回の操作の後で、 A=(0,0,-1,-1,-1) にでき、これは問題文の条件をみたします。 12 回以下の操作で条件をみたすようにすることはできないため、 13 を出力します。",550.0,
atcoder,abc,public_sponsored_abc,tokyo_marine,abc307,東京海上日動プログラミングコンテスト2023（AtCoder Beginner Contest 307）,2023,,1687608000.0,2023.0,abc307_h,Ex,Marquee,Ex. Marquee,2754.0,268,"['string matching', 'fft', 'convolution', 'polynomial']",4,https://atcoder.jp/contests/abc307/tasks/abc307_h,https://atcoder-tagged-backend.onrender.com/problems/all,2.3.0-sponsor-abc-kenkoooo-diff,ja,2026-06-04T18:46:05.900291+00:00,82.416,1103.0,"配点 : 600 点 問題文 英大文字および英小文字からなる長さ L の文字列 S が幅 W の電光掲示板に表示されており、 S が右から左へ 1 文字分の幅ずつスクロールするように切り替わっています。 表示は、 S の最後の文字が左端から消えると同時に S の最初の文字が右端から現れる、 L+W-1 周期での繰り返しとなっています。 例えば W=5 、 S= ABC のとき、電光掲示板の表示は ABC.. BC... C.... ....A ...AB ..ABC .ABC. の 7 つの状態を繰り返します。（ . は文字が表示されていないことを表します） より厳密には、各 k=0,\ldots,L+W-2 に対して、表示が次のようになっている相異なる状態が定まります。 x を L+W-1 で割ったあまりを f(x) と表す。電光掲示板の左から (i+1) 番目の位置には、 f(i+k)<L のとき S の f(i+k)+1 番目の文字が表示され、そうでないとき何も表示されていない。 英大文字, 英小文字, . , _ からなる長さ W の文字列 P が与えられます。 電光掲示板の L+W-1 種類の状態のうち、 _ の箇所を除いて P と一致するものの個数を求めてください。 より厳密には、以下の条件を満たす状態の個数を求めてください。 全ての i=1,\ldots,W に対して次のいずれかが成立する P の i 文字目は _ である 電光掲示板の左から i 番目に表示されている文字が P の i 文字目と等しい 電光掲示板の左から i 番目には何も表示されておらず、かつ、 P の i 文字目は . である 制約 1 \leq L \leq W \leq 3\times 10^5 L,W は整数である S は英大文字および英小文字のみからなる長さ L の文字列である P は英大文字, 英小文字, . , _ のみからなる長さ W の文字列である 入力 入力は以下の形式で標準入力から与えられる。 L W S P 出力 答えを出力せよ。 入力例 1 3 5 ABC ..___ 出力例 1 3 電光掲示板の表示が ....A , ...AB , ..ABC であるときの 3 状態が該当します。 入力例 2 11 15 abracadabra __.._________ab 出力例 2 2 入力例 3 20 30 abaababbbabaabababba __a____b_____a________________ 出力例 3 2 入力例 4 1 1 a _ 出力例 4 1",600.0,
atcoder,abc,public_sponsored_abc,denso,abc309,デンソークリエイトプログラミングコンテスト2023（AtCoder Beginner Contest 309）,2023,,1688817600.0,2023.0,abc309_a,A,Nine,A. Nine,-756.0,14948,"['tree', 'implementation']",2,https://atcoder.jp/contests/abc309/tasks/abc309_a,https://atcoder-tagged-backend.onrender.com/problems/all,2.3.0-sponsor-abc-kenkoooo-diff,ja,2026-06-04T18:46:05.900291+00:00,13.144,371.0,"配点 : 100 点 問題文 以下のような、 1 から 9 までの数字が書かれた 3 \times 3 の盤面があります。 1 以上 9 以下の整数 A,B が与えられます。ただし、 A < B です。 A が書かれたマスと B が書かれたマスが左右に隣接しているか判定してください。 制約 1 \le A < B \le 9 A, B は整数である。 入力 入力は以下の形式で標準入力から与えられる。 A B 出力 A が書かれたマスと B が書かれたマスが左右に隣接しているならば Yes 、そうでないならば No を出力せよ。 入力例 1 7 8 出力例 1 Yes 7 が書かれたマスと 8 が書かれたマスは左右に隣り合っているので、 Yes を出力します。 入力例 2 1 9 出力例 2 No 入力例 3 3 4 出力例 3 No",100.0,
atcoder,abc,public_sponsored_abc,denso,abc309,デンソークリエイトプログラミングコンテスト2023（AtCoder Beginner Contest 309）,2023,,1688817600.0,2023.0,abc309_b,B,Rotate,B. Rotate,-68.0,11965,"['simulation', '2d array', 'implementation', 'grid']",4,https://atcoder.jp/contests/abc309/tasks/abc309_b,https://atcoder-tagged-backend.onrender.com/problems/all,2.3.0-sponsor-abc-kenkoooo-diff,ja,2026-06-04T18:46:05.900291+00:00,26.722,948.0,"配点 : 200 点 問題文 N 行 N 列のマス目が与えられます。上から i 行目、左から j 列目のマスには整数 A_{i,j} が書かれています。ここで、 A_{i,j} は 0 か 1 であることが保証されます。 マス目の外側のマスに書かれた整数を時計回りに 1 個ずつずらしたときのマス目を出力してください。 ただし外側のマスとは、 1 行目、 N 行目、 1 列目、 N 列目のいずれか 1 つ以上に属するマスの集合のことを指します。 制約 2 \le N \le 100 0 \le A_{i,j} \le 1(1 \le i,j \le N) 入力は全て整数 入力 入力は以下の形式で標準入力から与えられる。 N A_{1,1}A_{1,2}\dots A_{1,N} A_{2,1}A_{2,2}\dots A_{2,N} \vdots A_{N,1}A_{N,2}\dots A_{N,N} 出力 マス目の外側のマスに書かれた整数を時計回りに 1 個ずつずらしたときのマス目において、上から i 行目、左から j 列目のマスに書かれている整数を B_{i,j} と置く。このとき、以下の形式で出力せよ。 B_{1,1}B_{1,2}\dots B_{1,N} B_{2,1}B_{2,2}\dots B_{2,N} \vdots B_{N,1}B_{N,2}\dots B_{N,N} 入力例 1 4 0101 1101 1111 0000 出力例 1 1010 1101 0111 0001 上から i 行目、左から j 列目のマスを (i,j) と呼ぶこととします。 外側のマスは (1,1) から時計回りに列挙すると (1,1),(1,2),(1,3),(1,4),(2,4),(3,4),(4,4),(4,3),(4,2),(4,1),(3,1),(2,1) の 12 個です。 これらのマスに書かれている整数を、時計回りに 1 個ずつ動かすと出力欄のようになります。 入力例 2 2 11 11 出力例 2 11 11 入力例 3 5 01010 01001 10110 00110 01010 出力例 3 00101 11000 00111 00110 10100",200.0,
atcoder,abc,public_sponsored_abc,denso,abc309,デンソークリエイトプログラミングコンテスト2023（AtCoder Beginner Contest 309）,2023,,1688817600.0,2023.0,abc309_c,C,Medicine,C. Medicine,344.0,10244,"['sorting', 'greedy', 'simulation']",3,https://atcoder.jp/contests/abc309/tasks/abc309_c,https://atcoder-tagged-backend.onrender.com/problems/all,2.3.0-sponsor-abc-kenkoooo-diff,ja,2026-06-04T18:46:05.900291+00:00,34.853,1043.0,"配点 : 350 点 問題文 高橋君は医者のすぬけ君から N 種類の薬を処方されました。 i 種類目の薬は(処方された日を含めて) a_i 日間、毎日 b_i 錠ずつ飲む必要があります。また、高橋君はこれ以外の薬を飲む必要がありません。 薬を処方された日を 1 日目とします。 1 日目以降で、初めて高橋君がその日に飲む必要がある薬が K 錠以下になるのは何日目かを求めてください。 制約 1 \leq N \leq 3 \times 10^5 0 \leq K \leq 10^9 1 \leq a_i,b_i \leq 10^9 入力はすべて整数 入力 入力は以下の形式で標準入力から与えられる。 N K a_1 b_1 \vdots a_N b_N 出力 1 日目以降で、初めて高橋君がその日に飲む必要がある薬が K 錠以下になるのが X 日目の時、 X を出力せよ。 入力例 1 4 8 6 3 2 5 1 9 4 2 出力例 1 3 1 日目には、高橋君は 1,2,3,4 種類目の薬をそれぞれ 3,5,9,2 錠飲む必要があります。よってこの日は 19 錠飲む必要があり、 K(=8) 錠以下ではありません。 2 日目には、高橋君は 1,2,4 種類目の薬をそれぞれ 3,5,2 錠飲む必要があります。よってこの日は 10 錠飲む必要があり、 K(=8) 錠以下ではありません。 3 日目には、高橋君は 1,4 種類目の薬をそれぞれ 3,2 錠飲む必要があります。よってこの日は 5 錠飲む必要があり、初めて K(=8) 錠以下になります。 以上より、 3 が答えです。 入力例 2 4 100 6 3 2 5 1 9 4 2 出力例 2 1 入力例 3 15 158260522 877914575 2436426 24979445 61648772 623690081 33933447 476190629 62703497 211047202 71407775 628894325 31963982 822804784 50968417 430302156 82631932 161735902 80895728 923078537 7723857 189330739 10286918 802329211 4539679 303238506 17063340 492686568 73361868 125660016 50287940 出力例 3 492686569",350.0,
atcoder,abc,public_sponsored_abc,denso,abc309,デンソークリエイトプログラミングコンテスト2023（AtCoder Beginner Contest 309）,2023,,1688817600.0,2023.0,abc309_d,D,Add One Edge,D. Add One Edge,621.0,8274,"['bfs', 'graph theory', 'implementation', 'shortest path']",4,https://atcoder.jp/contests/abc309/tasks/abc309_d,https://atcoder-tagged-backend.onrender.com/problems/all,2.3.0-sponsor-abc-kenkoooo-diff,ja,2026-06-04T18:46:05.900291+00:00,40.32,1079.0,"配点 : 400 点 問題文 N_1+N_2 頂点 M 辺の無向グラフがあります。 i=1,2,\ldots,M に対し、 i 番目の辺は頂点 a_i と頂点 b_i を結びます。 また、以下を満たすことが保障されます。 1 \leq u,v \leq N_1 を満たす整数 u,v に対し、頂点 u と頂点 v は連結 N_1+1 \leq u,v \leq N_1+N_2 を満たす整数 u,v に対し、頂点 u と頂点 v は連結 頂点 1 と頂点 N_1+N_2 は非連結 次の操作をちょうど 1 回行います。 1 \leq u \leq N_1 を満たす整数 u と N_1+1 \leq v \leq N_1+N_2 を満たす整数 v を選び、頂点 u と頂点 v を結ぶ辺を追加する 操作後のグラフにおいて、頂点 1 と頂点 N_1+N_2 は必ず連結であることが示せます。そこで、頂点 1 と頂点 N_1+N_2 を結ぶ経路の長さ(辺の本数)の最小値を d とします。 操作で追加する辺を適切に選んだ時にありえる d の最大値を求めてください。 連結とは？ 無向グラフの頂点 u,v が連結であるとは、頂点 u と頂点 v を結ぶ経路が存在することをいいます。 制約 1 \leq N_1,N_2 \leq 1.5 \times 10^5 0 \leq M \leq 3 \times 10^5 1 \leq a_i \leq b_i \leq N_1+N_2 i \neq j ならば (a_i,b_i) \neq (a_j,b_j) 1 \leq u,v \leq N_1 を満たす整数 u,v に対し、頂点 u と頂点 v は連結 N_1+1 \leq u,v \leq N_1+N_2 を満たす整数 u,v に対し、頂点 u と頂点 v は連結 頂点 1 と頂点 N_1+N_2 は非連結 入力はすべて整数 入力 入力は以下の形式で標準入力から与えられる。 N_1 N_2 M a_1 b_1 \vdots a_M b_M 出力 答えを出力せよ。 入力例 1 3 4 6 1 2 2 3 4 5 4 6 1 3 6 7 出力例 1 5 u=2,v=5 として操作することで d=5 と出来ます。これが最大値です。 入力例 2 7 5 20 10 11 4 5 10 12 1 2 1 5 5 6 2 4 3 5 9 10 2 5 1 4 11 12 9 12 8 9 5 7 3 7 3 6 3 4 8 12 9 11 出力例 2 4",400.0,
atcoder,abc,public_sponsored_abc,denso,abc309,デンソークリエイトプログラミングコンテスト2023（AtCoder Beginner Contest 309）,2023,,1688817600.0,2023.0,abc309_e,E,Family and Insurance,E. Family and Insurance,957.0,6418,"['dp', 'tree']",2,https://atcoder.jp/contests/abc309/tasks/abc309_e,https://atcoder-tagged-backend.onrender.com/problems/all,2.3.0-sponsor-abc-kenkoooo-diff,ja,2026-06-04T18:46:05.900291+00:00,46.951,771.0,"配点 : 425 点 問題文 人 1 、人 2 、 \ldots 、人 N からなる家系があります。 i\geq 2 に対し、人 i の親は人 p_i です。 この家系の人たちは M 回保険に加入しました。 i=1,2,\ldots,M に対し、 i 番目の保険の加入者は人 x_i で、本人及びその y_i 代先までの子たちが補償対象者です。 1 個以上の保険の補償対象者になっている人が何人いるかを求めてください。 制約 2 \leq N \leq 3 \times 10^5 1 \leq M \leq 3 \times 10^5 1 \leq p_i \leq i-1 1 \leq x_i \leq N 1 \leq y_i \leq 3 \times 10^5 入力はすべて整数 入力 入力は以下の形式で標準入力から与えられる。 N M p_2 \ldots p_N x_1 y_1 \vdots x_M y_M 出力 答えを出力せよ。 入力例 1 7 3 1 2 1 3 3 3 1 1 1 2 4 3 出力例 1 4 1 番目の保険について、人 1 の 1 代先の子たちは人 2 と人 4 なので人 1,2,4 が補償対象者です。 2 番目の保険について、人 1 の 1 代先の子たちは人 2 と人 4 、 2 代先の子は人 3 なので人 1,2,3,4 が補償対象者です。 3 番目の保険について、人 4 の 1,2,3 代先の子は存在しないので人 4 が補償対象者です。 以上より、 1 個以上の保険の補償対象者になっている人は人 1,2,3,4 の 4 人です。 入力例 2 10 10 1 1 3 1 2 3 3 5 7 2 1 5 1 4 3 6 3 2 1 7 3 9 2 1 2 6 2 8 1 出力例 2 10",425.0,
atcoder,abc,public_sponsored_abc,denso,abc309,デンソークリエイトプログラミングコンテスト2023（AtCoder Beginner Contest 309）,2023,,1688817600.0,2023.0,abc309_f,F,Box in Box,F. Box in Box,1619.0,3043,"['sorting', 'coordinate compression', 'segment tree', '3d dominance']",4,https://atcoder.jp/contests/abc309/tasks/abc309_f,https://atcoder-tagged-backend.onrender.com/problems/all,2.3.0-sponsor-abc-kenkoooo-diff,ja,2026-06-04T18:46:05.900291+00:00,60.016,543.0,"配点 : 525 点 問題文 N 個の箱があります。 i 番目の箱は高さ・幅・奥行きがそれぞれ h_i,w_i,d_i の直方体の形をしています。 二つの箱であって、必要ならば回転させることで片方の高さ・幅・奥行きがもう片方の高さ・幅・奥行きをそれぞれ上回るようなものが存在するかを判定してください。 制約 2 \leq N \leq 2 \times 10^5 1 \leq h_i,w_i,d_i \leq 10^9 入力はすべて整数 入力 入力は以下の形式で標準入力から与えられる。 N h_1 w_1 d_1 \vdots h_N w_N d_N 出力 二つの箱であって、必要ならば回転させることで片方の高さ・幅・奥行きがもう片方の高さ・幅・奥行きをそれぞれ上回るようなものが存在するならば Yes と、そうでなければ No と出力せよ。 入力例 1 3 19 8 22 10 24 12 15 25 11 出力例 1 Yes 2 番目の箱を回転させて高さと奥行きを入れ替えると、 3 番目の箱が高さ・幅・奥行きをそれぞれ上回ります。 入力例 2 3 19 8 22 10 25 12 15 24 11 出力例 2 No 入力例 3 2 1 1 2 1 2 2 出力例 3 No",525.0,
atcoder,abc,public_sponsored_abc,denso,abc309,デンソークリエイトプログラミングコンテスト2023（AtCoder Beginner Contest 309）,2023,,1688817600.0,2023.0,abc309_g,G,Ban Permutation,G. Ban Permutation,2372.0,919,"['inclusion exclusion', 'dp', 'bitmask dp', 'permutation', 'combinatorics']",5,https://atcoder.jp/contests/abc309/tasks/abc309_g,https://atcoder-tagged-backend.onrender.com/problems/all,2.3.0-sponsor-abc-kenkoooo-diff,ja,2026-06-04T18:46:05.900291+00:00,74.877,365.0,"配点 : 575 点 問題文 (1,2,\dots,N) の順列 P=(P_1,P_2,\dots,P_N) のうち、以下の条件を満たすものの個数を 998244353 で割ったあまりを求めてください。 1 \le i \le N を満たす全ての整数 i に対して、 |P_i - i| \ge X である。 制約 1 \le N \le 100 1 \le X \le 5 入力はすべて整数 入力 入力は以下の形式で標準入力から与えられる。 N X 出力 答えを出力せよ。 入力例 1 3 1 出力例 1 2 条件を満たす順列 P=(P_1,P_2,P_3) は、 (2,3,1),(3,1,2) の 2 個です。よって答えは 2 です。 入力例 2 5 2 出力例 2 4 入力例 3 98 5 出力例 3 809422418",575.0,
atcoder,abc,public_sponsored_abc,denso,abc309,デンソークリエイトプログラミングコンテスト2023（AtCoder Beginner Contest 309）,2023,,1688817600.0,2023.0,abc309_h,Ex,Simple Path Counting Problem,Ex. Simple Path Counting Problem,3029.0,236,"['dp', 'symmetry', 'polynomial', 'modular exponentiation', 'combinatorics', 'path']",6,https://atcoder.jp/contests/abc309/tasks/abc309_h,https://atcoder-tagged-backend.onrender.com/problems/all,2.3.0-sponsor-abc-kenkoooo-diff,ja,2026-06-04T18:46:05.900291+00:00,87.843,1034.0,"配点 : 650 点 問題文 N 行 M 列のマス目があります。上から i 行目、左から j 列目のマスを (i,j) と呼ぶこととします。 長さ K の整数列 A=(A_1,A_2,\dots,A_K) と長さ L の整数列 B=(B_1,B_2,\dots,B_L) が与えられます。 1 \le i \le K,1 \le j \le L を満たす全ての整数の組 (i,j) に対して以下の問題を解き、その答えの総和を 998244353 で割ったあまりを求めてください。 はじめ (1,A_i) に駒が置かれている。以下の操作を N-1 回繰り返して駒を (N,B_j) に移動する方法の個数を求めよ。 今駒が置かれているマスを (p,q) とする。 (p+1,q-1),(p+1,q),(p+1,q+1) のいずれかに駒を移動する。ただし、マス目の外に出てはならない。 制約 1 \le N \le 10^9 1 \le M,K,L \le 10^5 1 \le A_i,B_j \le M 入力 入力は以下の形式で標準入力から与えられる。 N M K L A_1 A_2 \dots A_K B_1 B_2 \dots B_L 出力 答えを出力せよ。 入力例 1 3 4 1 2 1 1 2 出力例 1 4 (i,j)=(1,1) のとき、駒の移動方法は以下の 2 通りです。 (1,1) \rightarrow (2,1) \rightarrow (3,1) (1,1) \rightarrow (2,2) \rightarrow (3,1) (i,j)=(1,2) のとき、駒の移動方法は以下の 2 通りです。 (1,1) \rightarrow (2,1) \rightarrow (3,2) (1,1) \rightarrow (2,2) \rightarrow (3,2) よって、答えは 2 + 2 =4 です。 入力例 2 5 8 4 5 3 1 4 1 2 7 1 8 2 出力例 2 137 入力例 3 883671387 87719 10 12 86879 64174 47274 41688 17713 50897 53989 7210 30894 5714 60358 28835 48036 48450 67149 36558 35929 69025 77539 19195 60762 60721 出力例 3 941873621",650.0,
atcoder,abc,public_sponsored_abc,freee,abc310,freee プログラミングコンテスト2023（AtCoder Beginner Contest 310）,2023,,1689422400.0,2023.0,abc310_a,A,Order Something Else,A. Order Something Else,-749.0,17409,"['implementation', 'math']",2,https://atcoder.jp/contests/abc310/tasks/abc310_a,https://atcoder-tagged-backend.onrender.com/problems/all,2.3.0-sponsor-abc-kenkoooo-diff,ja,2026-06-04T18:46:05.900291+00:00,13.282,664.0,"配点 : 100 点 問題文 高橋君は、レストランで「AtCoder ドリンク」というドリンクを飲もうとしています。 AtCoder ドリンクは定価である P 円を払えば飲むことができます。 また、高橋君は割引券を持っており、それを使うと AtCoder ドリンクを定価より安い価格である Q 円で飲むことができますが、 その場合には AtCoder ドリンクの他に、 N 品ある料理の中から 1 つを追加で注文しなければなりません。 i = 1, 2, \ldots, N について、 i 番目の料理の価格は D_i 円です。 高橋君がドリンクを飲むため支払う合計金額の最小値を出力してください。 制約 1 \leq N \leq 100 1 \leq Q \lt P \leq 10^5 1 \leq D_i \leq 10^5 入力はすべて整数 入力 入力は以下の形式で標準入力から与えられる。 N P Q D_1 D_2 \ldots D_N 出力 答えを出力せよ。 入力例 1 3 100 50 60 20 40 出力例 1 70 割引券を使用して 2 番目の料理を注文することで、ドリンク代 50 円と料理代 20 円の合計 70 円の支払いで AtCoder ドリンクを飲むことができ、支払う合計金額が最小となります。 入力例 2 3 100 50 60000 20000 40000 出力例 2 100 割引券を使用せず定価の 100 円で AtCoder ドリンクを飲むことで、支払う合計金額が最小となります。",100.0,
atcoder,abc,public_sponsored_abc,freee,abc310,freee プログラミングコンテスト2023（AtCoder Beginner Contest 310）,2023,,1689422400.0,2023.0,abc310_b,B,Strictly Superior,B. Strictly Superior,171.0,11369,"['brute force', 'conditional', 'implementation', 'set']",4,https://atcoder.jp/contests/abc310/tasks/abc310_b,https://atcoder-tagged-backend.onrender.com/problems/all,2.3.0-sponsor-abc-kenkoooo-diff,ja,2026-06-04T18:46:05.900291+00:00,31.439,1553.0,"配点 : 200 点 問題文 AtCoder 商店には N 個の商品があります。 i\ (1\leq i\leq N) 番目の商品の価格は P _ i です。 i\ (1\leq i\leq N) 番目の商品は C _ i 個の機能をもち、 i\ (1\leq i\leq N) 番目の商品の j\ (1\leq j\leq C _ i) 番目の機能は 1 以上 M 以下の整数 F _ {i,j} として表されます。 高橋くんは、AtCoder 商店の商品で一方が一方の上位互換であるものがないか気になりました。 i 番目の商品と j 番目の商品 (1\leq i,j\leq N) であって、次の条件をすべて満たすものがあるとき Yes と、ないとき No と出力してください。 P _ i\geq P _ j である。 j 番目の製品は i 番目の製品がもつ機能をすべてもつ。 P _ i\gt P _ j であるか、 j 番目の製品は i 番目の製品にない機能を 1 つ以上もつ。 制約 2\leq N\leq100 1\leq M\leq100 1\leq P _ i\leq10^5\ (1\leq i\leq N) 1\leq C _ i\leq M\ (1\leq i\leq N) 1\leq F _ {i,1}\lt F _ {i,2}\lt\cdots\lt F _ {i,C _ i}\leq M\ (1\leq i\leq N) 入力はすべて整数 入力 入力は以下の形式で標準入力から与えられる。 N M P _ 1 C _ 1 F _ {1,1} F _ {1,2} \ldots F _ {1,C _ 1} P _ 2 C _ 2 F _ {2,1} F _ {2,2} \ldots F _ {2,C _ 2} \vdots P _ N C _ N F _ {N,1} F _ {N,2} \ldots F _ {N,C _ N} 出力 答えを 1 行で出力せよ。 入力例 1 5 6 10000 2 1 3 15000 3 1 2 4 30000 3 1 3 5 35000 2 1 5 100000 6 1 2 3 4 5 6 出力例 1 Yes (i,j)=(4,3) とすると、条件を全て満たします。 他の組は条件を満たしません。例えば (i,j)=(4,5) とすると j 番目の商品は i 番目の商品の機能をすべてもっていますが、 P _ i\lt P _ j なので上位互換ではありません。 入力例 2 4 4 3 1 1 3 1 2 3 1 2 4 2 2 3 出力例 2 No まったく同じ価格と機能をもった商品がある場合もあります。 入力例 3 20 10 72036 3 3 4 9 7716 4 1 2 3 6 54093 5 1 6 7 8 10 25517 7 3 4 5 6 7 9 10 96930 8 2 3 4 6 7 8 9 10 47774 6 2 4 5 6 7 9 36959 5 1 3 4 5 8 46622 7 1 2 3 5 6 8 10 34315 9 1 3 4 5 6 7 8 9 10 54129 7 1 3 4 6 7 8 9 4274 5 2 4 7 9 10 16578 5 2 3 6 7 9 61809 4 1 2 4 5 1659 5 3 5 6 9 10 59183 5 1 2 3 4 9 22186 4 3 5 6 8 98282 4 1 4 7 10 72865 8 1 2 3 4 6 8 9 10 33796 6 1 3 5 7 9 10 74670 4 1 2 6 8 出力例 3 Yes",200.0,
atcoder,abc,public_sponsored_abc,freee,abc310,freee プログラミングコンテスト2023（AtCoder Beginner Contest 310）,2023,,1689422400.0,2023.0,abc310_c,C,Reversible,C. Reversible,245.0,12237,"['implementation', 'set', 'string', 'string reversal', 'validation']",5,https://atcoder.jp/contests/abc310/tasks/abc310_c,https://atcoder-tagged-backend.onrender.com/problems/all,2.3.0-sponsor-abc-kenkoooo-diff,ja,2026-06-04T18:46:05.900291+00:00,32.899,931.0,"配点 : 300 点 問題文 ボールがいくつか刺さった棒が N 本あり、各ボールには英小文字が 1 個書かれています。 i = 1, 2, \ldots, N について、 i 番目の棒に刺さった各ボールの英小文字は、文字列 S_i によって表されます。 具体的には、 i 番目の棒には文字列 S_i の長さ |S_i| に等しい個数のボールが刺さっており、 刺さっているボールの英小文字を、棒のある端から順に並べたものは文字列 S_i と等しいです。 2 つの棒は、一方の棒に刺さっているボールの英小文字をどちらかの端から並べた列と、もう一方の棒に刺さっているボールの英小文字をどちらかの端から並べた列が一致するとき、同じ棒とみなされます。 より形式的には、 1 以上 N 以下の整数 i, j について、 i 本目の棒と j 本目の棒は、 S_i が S_j と一致するか、 S_i が S_j を前後反転したものと一致するとき、かつそのときに限り、同じとみなされます。 N 本の棒の中に、何種類の異なる棒があるかを出力してください。 制約 N は整数 2 \leq N \leq 2 \times 10^5 S_i は英小文字のみからなる文字列 |S_i| \geq 1 \sum_{i = 1}^N |S_i| \leq 2 \times 10^5 入力 入力は以下の形式で標準入力から与えられる。 N S_1 S_2 \vdots S_N 出力 答えを出力せよ。 入力例 1 6 a abc de cba de abc 出力例 1 3 S_2 = abc が S_4 = cba を前後反転したものと一致するため、 2 番目の棒と 4 番目の棒は同じとみなされます。 S_2 = abc が S_6 = abc と一致するため、 2 番目の棒と 6 番目の棒は同じとみなされます。 S_3 = de が S_5 = de と一致するため、 3 番目の棒と 5 番目の棒は同じとみなされます。 よって、 6 本の棒の中に、 1 本目の棒、 2 本目の棒（ 4, 6 本目の棒と同じ）、 3 本目の棒（ 5 本目の棒と同じ）の 3 種類の異なる棒があります。",300.0,
atcoder,abc,public_sponsored_abc,freee,abc310,freee プログラミングコンテスト2023（AtCoder Beginner Contest 310）,2023,,1689422400.0,2023.0,abc310_d,D,Peaceful Teams,D. Peaceful Teams,1368.0,4894,"['bitmask dp', 'backtracking', 'combinatorics', 'graph coloring']",4,https://atcoder.jp/contests/abc310/tasks/abc310_d,https://atcoder-tagged-backend.onrender.com/problems/all,2.3.0-sponsor-abc-kenkoooo-diff,ja,2026-06-04T18:46:05.900291+00:00,55.062,881.0,"配点 : 400 点 問題文 N 人のスポーツ選手がいます。 N 人の選手たちには互いに相性の悪い選手のペアが M 組あり、相性の悪い組のうち i\ (1\leq i\leq M) 組目は A _ i 番目の選手と B _ i 番目の選手です。 あなたは、選手を T チームに分けます。 どの選手もちょうど一つのチームに属さなければならず、どのチームにも少なくとも一人の選手が属さなければなりません。 さらに、どの i=1,2,\ldots,M についても、 A _ i 番目の選手と B _ i 番目の選手が同じチームに属していてはいけません。 この条件を満たすチーム分けの方法は何通りあるか求めてください。 ただし、チーム分けの方法が異なるとは、ある二人が存在して、彼らが一方のチーム分けでは同じチームに所属し、もう一方では異なるチームに所属することをいいます。 制約 1\leq T\leq N\leq10 0\leq M\leq\dfrac{N(N-1)}2 1\leq A _ i\lt B _ i\leq N\ (1\leq i\leq M) (A _ i,B _ i)\neq (A _ j,B _ j)\ (1\leq i\lt j\leq M) 入力はすべて整数 入力 入力は以下の形式で標準入力から与えられる。 N T M A _ 1 B _ 1 A _ 2 B _ 2 \vdots A _ M B _ M 出力 答えを 1 行で出力せよ。 入力例 1 5 2 2 1 3 3 4 出力例 1 4 次の 4 通りのチーム分けが条件を満たします。 他に条件を満たすチーム分けは存在しないので、 4 を出力してください。 入力例 2 5 1 2 1 3 3 4 出力例 2 0 条件を満たすチーム分けがひとつも存在しないこともあります。 入力例 3 6 4 0 出力例 3 65 相性の悪いペアがひとつも存在しないこともあります。 入力例 4 10 6 8 5 9 1 4 3 8 1 6 4 10 5 7 5 6 3 7 出力例 4 8001",400.0,
atcoder,abc,public_sponsored_abc,freee,abc310,freee プログラミングコンテスト2023（AtCoder Beginner Contest 310）,2023,,1689422400.0,2023.0,abc310_e,E,NAND repeatedly,E. NAND repeatedly,1261.0,4561,"['bit manipulation', 'counting', 'state', 'array']",4,https://atcoder.jp/contests/abc310/tasks/abc310_e,https://atcoder-tagged-backend.onrender.com/problems/all,2.3.0-sponsor-abc-kenkoooo-diff,ja,2026-06-04T18:46:05.900291+00:00,52.95,1403.0,"配点 : 450 点 問題文 0 と 1 からなる長さ N の文字列 S が与えられます。 S は長さ N の数列 A=(A _ 1,A _ 2,\ldots,A _ N) の情報を表しており、 S の i 文字目 (1\leq i\leq N) が 0 のとき A _ i=0 、 1 のとき A _ i=1 です。 \[\sum _ {1\leq i\leq j\leq N}(\cdots((A _ i\barwedge A _ {i+1})\barwedge A _ {i+2})\barwedge\cdots\barwedge A _ j)\] を求めてください。 より厳密には、次のように定められる f(i,j)\ (1\leq i\leq j\leq N) に対して \displaystyle\sum _ {i=1} ^ {N}\sum _ {j=i} ^ Nf(i,j) を求めてください。 \[f(i,j)=\left\{\begin{matrix} A _ i&(i=j)\\ f(i,j-1)\barwedge A _ j\quad&(i\lt j) \end{matrix}\right.\] ただし、否定論理積 \barwedge は次を満たす二項演算子です。 \[0\barwedge0=1,0\barwedge1=1,1\barwedge0=1,1\barwedge1=0\] 制約 1\leq N\leq10^6 S は 0 と 1 からなる長さ N の文字列 入力はすべて整数 入力 入力は以下の形式で標準入力から与えられる。 N S 出力 答えを 1 行で出力せよ。 入力例 1 5 00110 出力例 1 9 1\leq i\leq j\leq N を満たすすべての組 (i,j) に対して、 f(i,j) の値は以下のようになります。 f(1,1)=0=0 f(1,2)=0\barwedge0=1 f(1,3)=(0\barwedge0)\barwedge1=0 f(1,4)=((0\barwedge0)\barwedge1)\barwedge1=1 f(1,5)=(((0\barwedge0)\barwedge1)\barwedge1)\barwedge0=1 f(2,2)=0=0 f(2,3)=0\barwedge1=1 f(2,4)=(0\barwedge1)\barwedge1=0 f(2,5)=((0\barwedge1)\barwedge1)\barwedge0=1 f(3,3)=1=1 f(3,4)=1\barwedge1=0 f(3,5)=(1\barwedge1)\barwedge0=1 f(4,4)=1=1 f(4,5)=1\barwedge0=1 f(5,5)=0=0 これらの総和は 0+1+0+1+1+0+1+0+1+1+0+1+1+1+0=9 なので、 9 を出力してください。 \barwedge は結合法則を満たさないことに注意してください。 例えば、 (1\barwedge1)\barwedge0=0\barwedge0=1\neq0=1\barwedge1=1\barwedge(1\barwedge0) です。 入力例 2 30 101010000100101011010011000010 出力例 2 326",450.0,
atcoder,abc,public_sponsored_abc,freee,abc310,freee プログラミングコンテスト2023（AtCoder Beginner Contest 310）,2023,,1689422400.0,2023.0,abc310_f,F,Make 10 Again,F. Make 10 Again,1938.0,2064,"['counting', 'dp', 'modular arithmetic', 'optimization', 'subset sum']",5,https://atcoder.jp/contests/abc310/tasks/abc310_f,https://atcoder-tagged-backend.onrender.com/problems/all,2.3.0-sponsor-abc-kenkoooo-diff,ja,2026-06-04T18:46:05.900291+00:00,66.311,1079.0,"配点 : 500 点 問題文 N 個のサイコロがあります。 i = 1, 2, \ldots, N について、 i 番目のサイコロを振ると 1 以上 A_i 以下の整数の出目がそれぞれ等確率でランダムにでます。 N 個のサイコロすべてを同時に振るとき、その結果が下記の条件を満たす確率を \text{mod } 998244353 で求めてください。 N 個のサイコロの中からいくつか（ N 個全部でも良い）を選ぶ方法であって、選んだサイコロの出目の和がちょうど 10 であるようなものが存在する。 確率 \text{mod } 998244353 の定義 この問題で求める確率は必ず有理数になることが証明できます。 また、この問題の制約下では、求める確率を既約分数 \frac{y}{x} で表したときに x が 998244353 で割り切れないことが保証されます。 このとき xz \equiv y \pmod{998244353} を満たすような 0 以上 998244352 以下の整数 z が一意に定まります。この z を答えてください。 制約 1 \leq N \leq 100 1 \leq A_i \leq 10^6 入力はすべて整数 入力 入力は以下の形式で標準入力から与えられる。 N A_1 A_2 \ldots A_N 出力 答えを出力せよ。 入力例 1 4 1 7 2 9 出力例 1 942786334 例えば、 1, 2, 3, 4 個目のサイコロの出目が順に 1, 3, 2, 7 だった場合、この結果は問題文中の条件を満たします。 実際、 2, 4 番目のサイコロを選択すると、選んだサイコロの出目の和が 3 + 7 = 10 になります。 また、 1, 3, 4 番目のサイコロを選択しても、選んだサイコロの出目の和が 1 + 2 + 7 = 10 になります。 一方、 1, 2, 3, 4 個目のサイコロの出目が順に 1, 6, 1, 5 だった場合、 どのようにサイコロを選んでも選んだサイコロの出目の和が 10 にならないため、この結果は問題文中の条件を満たしません。 この入力例では、 N 個のサイコロを振った結果が問題文中の条件を満たす確率は \frac{11}{18} です。 よって、その \text{mod } 998244353 における値である 942786334 を出力します。 入力例 2 7 1 10 100 1000 10000 100000 1000000 出力例 2 996117877",500.0,
atcoder,abc,public_sponsored_abc,freee,abc310,freee プログラミングコンテスト2023（AtCoder Beginner Contest 310）,2023,,1689422400.0,2023.0,abc310_g,G,Takahashi And Pass-The-Ball Game,G. Takahashi And Pass-The-Ball Game,2696.0,517,"['binary lifting', 'functional graph', 'modular arithmetic', 'expectation']",4,https://atcoder.jp/contests/abc310/tasks/abc310_g,https://atcoder-tagged-backend.onrender.com/problems/all,2.3.0-sponsor-abc-kenkoooo-diff,ja,2026-06-04T18:46:05.900291+00:00,81.271,2054.0,"配点 : 550 点 問題文 高橋くんが N 人います。 i 番目の高橋くんは、整数 A _ i とボール B _ i 個を持っています。 高橋くんたちは 1 以上 K 以下の整数 x を一様ランダムに選び、次の操作を x 回繰り返します。 すべての i について、 i 番目の高橋くんは A _ i 番目の高橋くんに自分が持っているボールをすべて渡す。 操作は N 人によって同時に行われることに注意してください。 i=1,2,\ldots,N について、一連の操作が終了したとき i 番目の高橋くんが持っているボールの個数の期待値を {}\bmod{998244353} で求めてください。 期待値 {}\bmod{998244353} の定義 この問題で求める期待値は必ず有理数になることが証明できます。 また、この問題の制約下では、求める期待値を既約分数 \frac yx で表したときに x が 998244353 で割り切れないことが保証されます。 このとき、 y\equiv xz\pmod{998244353} を満たす 0\leq z\lt998244353 がただ一つ存在するので、 z を出力してください。 制約 1\leq N\leq 2\times10^5 1\leq K\leq 10^{18} K は 998244353 の倍数でない 1\leq A _ i\leq N\ (1\leq i\leq N) 0\leq B _ i\lt998244353\ (1\leq i\leq N) 入力はすべて整数 入力 入力は以下の形式で標準入力から与えられる。 N K A _ 1 A _ 2 \cdots A _ N B _ 1 B _ 2 \cdots B _ N 出力 i=1,2,\ldots,N について、操作が終了したとき i 番目の高橋くんが持っているボールの個数の期待値を空白区切りで 1 行に出力せよ。 入力例 1 5 2 3 1 4 1 5 1 1 2 3 5 出力例 1 3 0 499122179 499122178 5 操作を 2 回行うと、それぞれの高橋くんが持っているボールは以下のようになります。 x=1 が選ばれた場合、それぞれの高橋くんが持っているボールの数は 4,0,1,2,5 個です。 x=2 が選ばれた場合、それぞれの高橋くんが持っているボールの数は 2,0,4,1,5 個です。 よって、求める期待値はそれぞれ 3,0,\dfrac52,\dfrac32,5 です。 {}\bmod{998244353} での値を求めるとそれぞれ 3,0,499122179,499122178,5 となるので、これらを順に空白区切りで出力してください。 入力例 2 3 1000 1 1 1 1 10 100 出力例 2 111 0 0 1 回以上操作すると、すべてのボールを 1 番目の高橋くんが持つことになります。 入力例 3 16 1000007 16 12 6 12 1 8 14 14 5 7 6 5 9 6 10 9 719092922 77021920 539975779 254719514 967592487 476893866 368936979 465399362 342544824 540338192 42663741 165480608 616996494 16552706 590788849 221462860 出力例 3 817852305 0 0 0 711863206 253280203 896552049 935714838 409506220 592088114 0 413190742 0 363914270 0 14254803 入力例 4 24 100000000007 19 10 19 15 1 20 13 15 8 23 22 16 19 22 2 20 12 19 17 20 16 8 23 6 944071276 364842194 5376942 671161415 477159272 339665353 176192797 2729865 676292280 249875565 259803120 103398285 466932147 775082441 720192643 535473742 263795756 898670859 476980306 12045411 620291602 593937486 761132791 746546443 出力例 4 918566373 436241503 0 0 0 455245534 0 356196743 0 906000633 0 268983266 21918337 0 733763572 173816039 754920403 0 273067118 205350062 0 566217111 80141532 0",550.0,
atcoder,abc,public_sponsored_abc,freee,abc310,freee プログラミングコンテスト2023（AtCoder Beginner Contest 310）,2023,,1689422400.0,2023.0,abc310_h,Ex,Negative Cost,Ex. Negative Cost,3343.0,240,"['dp', 'knapsack', 'pigeonhole principle', 'greedy']",4,https://atcoder.jp/contests/abc310/tasks/abc310_h,https://atcoder-tagged-backend.onrender.com/problems/all,2.3.0-sponsor-abc-kenkoooo-diff,ja,2026-06-04T18:46:05.900291+00:00,94.04,1279.0,"配点 : 625 点 問題文 あなたの目の前に体力 H の魔物が出現しました。 現在のあなたの魔力は 0 です。 あなたは技 1 、技 2 、 \ldots 、技 N という N 種類の技を好きな順番で何回でも使うことができます。 i = 1, 2, \ldots, N について、技 i はあなたの魔力が C_i 以上のときにのみ使用することができ、 使用するとあなたの魔力が C_i だけ減り魔物の体力が D_i だけ減ります。 ただし、 C_i が負の場合、あなたの魔力が C_i だけ減るということは、あなたの魔力が -C_i だけ増加するということを意味します。 魔物の体力が 0 以下になるまでにあなたが技を使う回数としてあり得る最小値を出力してください。 なお、本問題の制約下において、有限回の技の使用によって魔物の体力を 0 以下にできることが保証されます（下記の制約を参照）。 制約 1 \leq N \leq 300 1 \leq H \leq 10^{18} -300 \leq C_i \leq 300 ある 1 \leq i \leq N が存在して C_i \leq 0 1 \leq D_i \leq 10^9 入力はすべて整数 入力 入力は以下の形式で標準入力から与えられる。 N H C_1 D_1 C_2 D_2 \vdots C_N D_N 出力 答えを出力せよ。 入力例 1 3 48 3 20 -4 2 1 5 出力例 1 5 あなたの魔力が 0 、魔物の体力が 48 である初期状態から、下記の手順で技を使うことを考えます。 技 2 を使用する。その結果、あなたは魔力は 4 に、魔物の体力は 46 になる。 技 3 を使用する。その結果、あなたは魔力は 3 に、魔物の体力は 41 になる。 技 1 を使用する。その結果、あなたは魔力は 0 に、魔物の体力は 21 になる。 技 2 を使用する。その結果、あなたは魔力は 4 に、魔物の体力は 19 になる。 技 1 を使用する。その結果、あなたは魔力は 1 に、魔物の体力は -1 になる。 この場合、魔物の体力が 0 以下になるまでにあなたが技を使う回数は 5 回であり、これがあり得る最小値です。 入力例 2 20 583988303060450752 -64 273760634 -238 960719353 -114 191410838 -250 357733867 232 304621362 -286 644706927 210 37849132 -230 556412112 -142 136397527 101 380675202 -140 152300688 190 442931589 -187 940659077 -12 312523039 32 126515475 -143 979861204 105 488280613 240 664922712 290 732741849 69 541282303 出力例 2 595990842",625.0,
atcoder,abc,public_sponsored_abc,toyota,abc311,トヨタ自動車プログラミングコンテスト2023#4(AtCoder Beginner Contest 311),2023,,1690027200.0,2023.0,abc311_a,A,First ABC,A. First ABC,-876.0,16945,"['implementation', 'set', 'string']",3,https://atcoder.jp/contests/abc311/tasks/abc311_a,https://atcoder-tagged-backend.onrender.com/problems/all,2.3.0-sponsor-abc-kenkoooo-diff,ja,2026-06-04T18:46:05.900291+00:00,10.776,494.0,"配点 : 100 点 問題文 A , B , C からなる文字列 S が与えられます。 S は A , B , C を全て含むことが保証されます。 S を左から 1 文字ずつ見ていったときに、はじめて次の条件を満たした状態になるのは、左から何文字目まで見たときですか？ A , B , C が全て 1 回以上出現している。 制約 3 \leq N \leq 100 S は A , B , C からなる長さ N の文字列 S は A , B , C を全て含む 入力 入力は以下の形式で標準入力から与えられる。 N S 出力 答えを出力せよ。 入力例 1 5 ACABB 出力例 1 4 左から 4 文字目までに A は 2 回, B は 1 回, C は 1 回出現していて、条件を満たします。 3 文字目以前では条件を満たさないので答えは 4 です。 入力例 2 4 CABC 出力例 2 3 左から 3 文字目までに A , B , C は 1 回ずつ出現していて、条件を満たします。 入力例 3 30 AABABBBABABBABABCABACAABCBACCA 出力例 3 17",100.0,
atcoder,abc,public_sponsored_abc,toyota,abc311,トヨタ自動車プログラミングコンテスト2023#4(AtCoder Beginner Contest 311),2023,,1690027200.0,2023.0,abc311_b,B,Vacation Together,B. Vacation Together,-312.0,14542,"['implementation', 'string', 'array', 'greedy', 'segment']",5,https://atcoder.jp/contests/abc311/tasks/abc311_b,https://atcoder-tagged-backend.onrender.com/problems/all,2.3.0-sponsor-abc-kenkoooo-diff,ja,2026-06-04T18:46:05.900291+00:00,21.906,801.0,"配点 : 200 点 問題文 1 から N までの番号がついた N 人の人がいます。 N 人の人の今後 D 日間の予定が与えられます。人 i の予定は長さ D の文字列 S_i で表されて、 S_i の j 文字目が o ならば j 日目は暇であることを、 x ならばそうでないことを意味します。 D 日間のうち全員が暇であるような 連続する 何日かを選ぶことを考えます。 選べる日数は最大で何日ですか？ただし、選べる日が存在しない場合は 0 日と答えてください。 制約 1 \leq N \leq 100 1 \leq D \leq 100 N, D は整数 S_i は o と x からなる長さ D の文字列 入力 入力は以下の形式で標準入力から与えられる。 N D S_1 S_2 \vdots S_N 出力 選べる日数の最大値を出力せよ。選べる日が存在しない場合は 0 を出力せよ。 入力例 1 3 5 xooox oooxx oooxo 出力例 1 2 2 日目と 3 日目は全員が暇な日なので選ぶことができます。 この 2 日間を選ぶと、連続する日にちを選ぶ方法の中で日数を最大にすることができます。 入力例 2 3 3 oxo oxo oxo 出力例 2 1 選ぶ日にちは連続している必要があるのに注意してください。( 1 日目と 3 日目は全員が暇な日なので選ぶことができますが、この 2 つを同時に選ぶことはできません) 入力例 3 3 3 oox oxo xoo 出力例 3 0 選べる日が存在しない場合は 0 を出力してください。 入力例 4 1 7 ooooooo 出力例 4 7 入力例 5 5 15 oxooooooooooooo oxooxooooooooox oxoooooooooooox oxxxooooooxooox oxooooooooxooox 出力例 5 5",200.0,
atcoder,abc,public_sponsored_abc,toyota,abc311,トヨタ自動車プログラミングコンテスト2023#4(AtCoder Beginner Contest 311),2023,,1690027200.0,2023.0,abc311_c,C,Find it!,C. Find it!,448.0,10632,"['cycle', 'dfs', 'graph', 'implementation']",4,https://atcoder.jp/contests/abc311/tasks/abc311_c,https://atcoder-tagged-backend.onrender.com/problems/all,2.3.0-sponsor-abc-kenkoooo-diff,ja,2026-06-04T18:46:05.900291+00:00,36.905,1134.0,"配点 : 350 点 問題文 N 頂点 N 辺の有向グラフがあります。 i 番目の辺は頂点 i から 頂点 A_i に伸びます。 ( i \neq A_i であることは制約より保証されます ) 同一頂点を複数回含まない有向閉路をひとつ求めてください。 なお、この問題の制約下で答えが存在することが示せます。 注釈 この問題では、有向閉路とは以下の条件を全て満たす頂点の列 B=(B_1,B_2,\dots,B_M) であるとします。 M \ge 2 B_i から B_{i+1} に辺が伸びている。 ( 1 \le i \le M-1 ) B_M から B_1 に辺が伸びている。 i \neq j ならば B_i \neq B_j 制約 入力は全て整数 2 \le N \le 2 \times 10^5 1 \le A_i \le N A_i \neq i 入力 入力は以下の形式で標準入力から与えられる。 N A_1 A_2 \dots A_N 出力 以下の形式で出力せよ。 M B_1 B_2 \dots B_M M は出力する有向閉路の頂点数であり、 B_i は有向閉路の i 番目の頂点である。 出力は以下の条件を満たす必要がある。 2 \le M B_{i+1} = A_{B_i} ( 1 \le i \le M-1 ) B_{1} = A_{B_M} B_i \neq B_j ( i \neq j ) 答えとして考えられるものが複数ある場合、どれを出力しても正解となる。 入力例 1 7 6 7 2 1 3 4 5 出力例 1 4 7 5 3 2 7 \rightarrow 5 \rightarrow 3 \rightarrow 2 \rightarrow 7 は確かに有向閉路になっています。 この入力に対応するグラフは以下の通りです。 他の正解となる出力の例は以下の通りです。 4 2 7 5 3 3 4 1 6 グラフが連結であるとは限らないことに注意してください。 入力例 2 2 2 1 出力例 2 2 1 2 1 \rightarrow 2 と 2 \rightarrow 1 の辺が双方存在するケースです。 この場合、 1 \rightarrow 2 \rightarrow 1 は確かに有向閉路になっています。 この入力に対応するグラフは以下の通りです。 図中 1 \leftrightarrow 2 で 1 \rightarrow 2 と 2 \rightarrow 1 の辺が双方あることを表現しています。 入力例 3 8 3 7 4 7 3 3 8 2 出力例 3 3 2 7 8 この入力に対応するグラフは以下の通りです。",350.0,
atcoder,abc,public_sponsored_abc,toyota,abc311,トヨタ自動車プログラミングコンテスト2023#4(AtCoder Beginner Contest 311),2023,,1690027200.0,2023.0,abc311_d,D,Grid Ice Floor,D. Grid Ice Floor,885.0,7215,"['bfs', 'graph', 'state', 'grid']",4,https://atcoder.jp/contests/abc311/tasks/abc311_d,https://atcoder-tagged-backend.onrender.com/problems/all,2.3.0-sponsor-abc-kenkoooo-diff,ja,2026-06-04T18:46:05.900291+00:00,45.53,1568.0,"配点 : 400 点 問題文 N \times M のグリッドがあり、この上にプレイヤーがいます。 このグリッドの上から i 行目、左から j 列目をマス (i,j) と書きます。 このグリッドの各マスは 氷 か 岩 であり、その情報は N 個の長さ M の文字列 S_1,S_2,\dots,S_N として与えられます。 もし S_i の j 文字目が . なら、マス (i,j) は 氷 である。 もし S_i の j 文字目が # なら、マス (i,j) は 岩 である。 なお、このグリッドの外周 ( 1 行目、 N 行目、 1 列目、 M 列目の全てのマス ) は 岩 です。 最初、プレイヤーはマス (2,2) の上で停止しています。このマスは 氷 です。 プレイヤーは以下の行動を 0 度以上何度でも行うことができます。 まず、プレイヤーは上下左右の移動方向を指定する。 その後、プレイヤーは岩のマスにぶつかるまでその方向に移動する。厳密には以下の通りである。 もし移動方向に隣接するマスが 氷 なら、そのマスに移動し、同じ方向に移動を継続する。 もし移動方向に隣接するマスが 岩 なら、今いるマスに留まり、移動を終了する。 プレイヤーが触れる (通過または上で停止する) ことができる 氷 の数を求めてください。 制約 3 \le N,M \le 200 S_i は # と . からなる長さ M の文字列 i=1 または i=N または j=1 または j=M であるとき、マス (i,j) は 岩 マス (2,2) は 氷 入力 入力は以下の形式で標準入力から与えられる。 N M S_1 S_2 \vdots S_N 出力 答えを整数として出力せよ。 入力例 1 6 6 ###### #....# #.#..# #..#.# #....# ###### 出力例 1 12 例えばマス (5,5) には以下のように移動することで上で停止することができます。 (2,2) \rightarrow (5,2) \rightarrow (5,5) 例えばマス (2,4) には以下のように移動することで通過することができます。 (2,2) \rightarrow (2,5) の移動中に (2,4) を通過する。 例えばマス (3,4) は通過することも上で停止することもできません。 入力例 2 21 25 ######################### #..............###...#### #..............#..#...### #........###...#...#...## #........#..#..#........# #...##...#..#..#...#....# #..#..#..###...#..#.....# #..#..#..#..#..###......# #..####..#..#...........# #..#..#..###............# #..#..#.................# #........##.............# #.......#..#............# #..........#....#.......# #........###...##....#..# #..........#..#.#...##..# #.......#..#....#..#.#..# ##.......##.....#....#..# ###.............#....#..# ####.................#..# ######################### 出力例 2 215",400.0,
atcoder,abc,public_sponsored_abc,toyota,abc311,トヨタ自動車プログラミングコンテスト2023#4(AtCoder Beginner Contest 311),2023,,1690027200.0,2023.0,abc311_e,E,Defect-free Squares,E. Defect-free Squares,1293.0,5025,"['dp', '2d dp', 'dp on grids']",3,https://atcoder.jp/contests/abc311/tasks/abc311_e,https://atcoder-tagged-backend.onrender.com/problems/all,2.3.0-sponsor-abc-kenkoooo-diff,ja,2026-06-04T18:46:05.900291+00:00,53.582,1056.0,"配点 : 475 点 問題文 縦 H 行, 横 W 列のグリッドがあります。グリッドの上から i 行目, 左から j 列目のマスを (i, j) と呼びます。 グリッドの各マスは穴の空いたマスとそうでないマスのどちらかです。穴が空いたマスは (a_1, b_1), (a_2, b_2), \dots, (a_N, b_N) のちょうど N マスです。 正整数の組 (i, j, n) が次の条件を満たすとき、 (i, j) を左上隅, (i + n - 1, j + n - 1) を右下隅とする正方形領域を 穴のない正方形 と呼びます。 i + n - 1 \leq H j + n - 1 \leq W 0 \leq k \leq n - 1, 0 \leq l \leq n - 1 を満たす全ての非負整数の組 (k, l) に対して、 (i + k, j + l) は穴が空いていないマスである。 グリッド内に穴のない正方形は何個ありますか？ 制約 1 \leq H, W \leq 3000 0 \leq N \leq \min(H \times W, 10^5) 1 \leq a_i \leq H 1 \leq b_i \leq W (a_i, b_i) は互いに異なる 入力される値は全て整数 入力 入力は以下の形式で標準入力から与えられる。 H W N a_1 b_1 a_2 b_2 \vdots a_N b_N 出力 穴のない正方形の個数を出力せよ。 入力例 1 2 3 1 2 3 出力例 1 6 穴のない正方形は全部で 6 個あります。 それらを列挙すると次の通りです。このうちはじめの 5 個は n = 1 の場合であり、領域の左上隅のマスと右下隅のマスが一致します。 (1, 1) を左上隅かつ右下隅とする正方形領域 (1, 2) を左上隅かつ右下隅とする正方形領域 (1, 3) を左上隅かつ右下隅とする正方形領域 (2, 1) を左上隅かつ右下隅とする正方形領域 (2, 2) を左上隅かつ右下隅とする正方形領域 (1, 1) を左上隅, (2, 2) を右下隅とする正方形領域 入力例 2 3 2 6 1 1 1 2 2 1 2 2 3 1 3 2 出力例 2 0 穴のない正方形が存在しない場合もあります。 入力例 3 1 1 0 出力例 3 1 穴のない正方形がグリッド全体と一致する場合もあります。 入力例 4 3000 3000 0 出力例 4 9004500500",475.0,
atcoder,abc,public_sponsored_abc,toyota,abc311,トヨタ自動車プログラミングコンテスト2023#4(AtCoder Beginner Contest 311),2023,,1690027200.0,2023.0,abc311_f,F,Yet Another Grid Task,F. Yet Another Grid Task,1984.0,1865,"['counting', 'prefix sum', 'dp', 'grid', 'modular arithmetic', 'optimization']",6,https://atcoder.jp/contests/abc311/tasks/abc311_f,https://atcoder-tagged-backend.onrender.com/problems/all,2.3.0-sponsor-abc-kenkoooo-diff,ja,2026-06-04T18:46:05.900291+00:00,67.219,1581.0,"配点 : 525 点 問題文 N \times M のグリッドがあります。 このグリッドの上から i 行目、左から j 列目のマスを (i,j) と書きます。 このグリッドの各マスは 白 か 黒 であり、その情報は N 個の長さ M の文字列 S_1,S_2,\dots,S_N として与えられます。 もし S_i の j 文字目が . なら、マス (i,j) は 白 である。 もし S_i の j 文字目が # なら、マス (i,j) は 黒 である。 以下の条件を満たすグリッドを 美しい グリッドと呼びます。 全ての 1 \le i \le N, 1 \le j \le M を満たす整数組 (i,j) について、マス (i,j) が 黒 であれば、その下と右下のマスも (存在すれば) 黒 である。 厳密には、以下の条件を全て満たす。 マス (i,j) が 黒 でありマス (i+1,j) が存在するなら、マス (i+1,j) も 黒 である。 マス (i,j) が 黒 でありマス (i+1,j+1) が存在するなら、マス (i+1,j+1) も 黒 である。 高橋くんは、 白 のマスを 0 個以上何個でも 黒 に塗ることができ、この操作によってグリッドを美しくしようとしています。 高橋くんが作ることのできる美しいグリッドの種類数を 998244353 で割った余りを求めてください。 但し、ある 2 つのグリッドが異なるとは、両者で色が異なるマスが存在することを指します。 制約 1 \le N,M \le 2000 S_i は . と # からなる長さ M の文字列 入力 入力は以下の形式で標準入力から与えられる。 N M S_1 S_2 \vdots S_N 出力 答えを整数として出力せよ。 入力例 1 2 2 .# .. 出力例 1 3 作ることのできる美しいグリッドは以下の 3 種類です。 .# .# ## .# ## ## 入力例 2 5 5 ....# ...#. ..#.. .#.#. #...# 出力例 2 92 入力例 3 25 25 ......................... ......................... ......................... ......................... ......................... ......................... ......................... ......................... ......................... ......................... ......................... ......................... ......................... ......................... ......................... ......................... ......................... ......................... ......................... ......................... ......................... ......................... ......................... ......................... ......................... 出力例 3 604936632 998244353 で割った余りを求めてください。",525.0,
atcoder,abc,public_sponsored_abc,toyota,abc311,トヨタ自動車プログラミングコンテスト2023#4(AtCoder Beginner Contest 311),2023,,1690027200.0,2023.0,abc311_g,G,One More Grid Task,G. One More Grid Task,2265.0,1258,"['grid', 'enumeration', '2d prefix sum', 'rectangle', 'optimization']",5,https://atcoder.jp/contests/abc311/tasks/abc311_g,https://atcoder-tagged-backend.onrender.com/problems/all,2.3.0-sponsor-abc-kenkoooo-diff,ja,2026-06-04T18:46:05.900291+00:00,72.765,950.0,"配点 : 575 点 問題文 N \times M のグリッドがあり、上から i 行目、左から j 列目のマス (i,j) には非負整数 A_{i,j} が書かれています。 このグリッドのうち長方領域をひとつ選び、それを R とします。 厳密には、長方領域は以下の手順で選ばれます。 1 \le l_x \le r_x \le N, 1 \le l_y \le r_y \le M なる整数 l_x, r_x, l_y, r_y を選ぶ。 このとき、整数 i,j が l_x \le i \le r_x かつ l_y \le j \le r_y を満たす、またその時に限って、マス (i,j) は R に含まれる。 適切に R を選ぶことによって、 f(R) = ( R 内のマスに書かれた整数の総和 ) \times ( R 内のマスに書かれた整数の最小値 ) として達成可能な最大値を求めてください。 制約 入力は全て整数 1 \le N,M \le 300 1 \le A_{i,j} \le 300 入力 入力は以下の形式で標準入力から与えられる。 N M A_{1,1} A_{1,2} \dots A_{1,M} A_{2,1} A_{2,2} \dots A_{2,M} \vdots A_{N,1} A_{N,2} \dots A_{N,M} 出力 答えを整数として出力せよ。 入力例 1 3 3 5 4 3 4 3 2 3 2 1 出力例 1 48 左上がマス (1,1) 、右下がマス (2,2) の長方領域を選ぶことで、 f(R) = (5+4+4+3) \times \min(5,4,4,3) = 48 が達成でき、これが達成可能な最大値です。 入力例 2 4 5 3 1 4 1 5 9 2 6 5 3 5 8 9 7 9 3 2 3 8 4 出力例 2 231 入力例 3 6 6 1 300 300 300 300 300 300 1 300 300 300 300 300 300 1 300 300 300 300 300 300 1 300 300 300 300 300 300 1 300 300 300 300 300 300 1 出力例 3 810000",575.0,
atcoder,abc,public_sponsored_abc,toyota,abc311,トヨタ自動車プログラミングコンテスト2023#4(AtCoder Beginner Contest 311),2023,,1690027200.0,2023.0,abc311_h,Ex,Many Illumination Plans,Ex. Many Illumination Plans,3605.0,233,"['heavy light decomposition', 'dp on trees', 'dp', 'recursion']",4,https://atcoder.jp/contests/abc311/tasks/abc311_h,https://atcoder-tagged-backend.onrender.com/problems/all,2.3.0-sponsor-abc-kenkoooo-diff,ja,2026-06-04T18:46:05.900291+00:00,99.211,2180.0,"配点 : 675 点 問題文 頂点に 1 から N までの番号がついた N 頂点の根付き木 T があります。根は頂点 1 で、頂点 i (2 \leq i \leq N) の親は P_i です。 各頂点には 美しさ ・ 重さ と呼ばれる 2 つの非負整数値がついています。頂点 i の美しさは B_i で重さは W_i です。 また、各頂点は赤か青で塗られています。頂点 i の色は整数 C_i で表されて、 C_i = 0 のとき頂点 i は赤、 C_i = 1 のとき青で塗られています。 頂点 v に対して、次の問題の答えを F(v) とおきます。 T から v を根とする部分根付き木を取り出して出来る根付き木を U とします。 あなたは U に対して以下の一連の操作を 0 回以上好きなだけ行うことができます。(操作の前後で、削除されない頂点の美しさ・重さ・色はいずれも変化しません。) 根以外の頂点 c を 1 つ選ぶ。 c の親を p とする。 頂点 c が親側の端点である辺全てに対して、次の操作を行う。 辺の c でない端点を u とする。辺を削除して、代わりに p, u 間に p を親側の端点とする新たな辺を結ぶ。 頂点 c 、および p, c 間を結ぶ辺を削除する。 操作後の U としてあり得る根付き木のうち、以下の条件を全て満たす木を 良い根付き木 と呼びます。 U に含まれるすべての辺について、辺で結ばれた頂点同士の色が異なる。 頂点の重さの総和が X 以下である。 良い根付き木に含まれる頂点の美しさの総和として取り得る値の最大値を求めてください。 F(1), F(2), \dots, F(N) を全て列挙してください。 制約 2 \leq N \leq 200 0 \leq X \leq 50000 1 \leq P_i \leq i - 1 0 \leq B_i \leq 10^{15} 0 \leq W_i \leq X C_i は 0 または 1 入力される値はすべて整数 入力 入力は以下の形式で標準入力から与えられる。 N X P_2 P_3 \dots P_N B_1 W_1 C_1 B_2 W_2 C_2 \vdots B_N W_N C_N 出力 N 行出力せよ。 i 行目には F(i) を出力せよ。 入力例 1 4 10 1 2 2 2 1 0 4 2 1 6 8 0 7 4 1 出力例 1 9 10 6 7 v=1 の場合、まず c=2 を選び、次に c=3 を選ぶと U は図のように変化して、操作後の U は良い根付き木になります。 この木に含まれる頂点の美しさの総和は 2 + 7 = 9 で、良い根付き木の中で最大です。よって F(1) = 9 です。 v=2 の場合、 c=4 を選ぶと U は図のように変化して、操作後の U は良い根付き木になります。 この木に含まれる頂点の美しさの総和は 4 + 6 = 10 で、良い根付き木の中で最大です。よって F(2) = 10 です。 入力例 2 5 5 1 2 2 3 1 1 0 10 1 1 100 1 0 1000 1 1 10000 1 1 出力例 2 11001 10110 10100 1000 10000 入力例 3 20 100 1 2 1 1 1 6 6 5 1 7 9 4 6 4 15 16 8 2 5 887945036308847 12 0 699398807312293 20 1 501806283312516 17 0 559755618233839 19 1 253673279319163 10 1 745815685342299 11 1 251710263962529 15 0 777195295276573 15 0 408579800634972 17 0 521840965162492 17 1 730678137312837 18 1 370007714721362 14 1 474595536466754 17 0 879365432938644 15 0 291785577961862 20 0 835878893889428 14 1 503562238579284 10 0 567569163005307 18 1 368949585722534 15 0 386435396601075 16 0 出力例 3 5329161389647368 1570154676347343 501806283312516 2665577865131167 1418696191276572 3952333977838189 982388401275366 1344764458281880 778587515356334 521840965162492 730678137312837 370007714721362 474595536466754 879365432938644 1631226710430574 1339441132468712 503562238579284 567569163005307 368949585722534 386435396601075",675.0,
atcoder,abc,public_sponsored_abc,unique_vision,abc312,ユニークビジョンプログラミングコンテスト2023 夏 (AtCoder Beginner Contest 312),2023,,1690632000.0,2023.0,abc312_a,A,Chord,A. Chord,-990.0,15491,"['tree', 'implementation']",2,https://atcoder.jp/contests/abc312/tasks/abc312_a,https://atcoder-tagged-backend.onrender.com/problems/all,2.3.0-sponsor-abc-kenkoooo-diff,ja,2026-06-04T18:46:05.900291+00:00,8.526,401.0,配点 : 100 点 問題文 英大文字からなる長さ 3 の文字列 S が与えられます。 S が ACE 、 BDF 、 CEG 、 DFA 、 EGB 、 FAC 、 GBD のいずれかと等しいとき Yes を、そうでないとき No を出力してください。 制約 S は英大文字からなる長さ 3 の文字列 入力 入力は以下の形式で標準入力から与えられる。 S 出力 S が ACE 、 BDF 、 CEG 、 DFA 、 EGB 、 FAC 、 GBD のいずれかと等しいとき Yes を、そうでないとき No を出力せよ。 入力例 1 ABC 出力例 1 No S = ABC のとき、 S は ACE 、 BDF 、 CEG 、 DFA 、 EGB 、 FAC 、 GBD のいずれとも等しくないので No を出力します。 入力例 2 FAC 出力例 2 Yes 入力例 3 XYX 出力例 3 No,100.0,
atcoder,abc,public_sponsored_abc,unique_vision,abc312,ユニークビジョンプログラミングコンテスト2023 夏 (AtCoder Beginner Contest 312),2023,,1690632000.0,2023.0,abc312_b,B,TaK Code,B. TaK Code,153.0,10356,"['grid', 'simulation', 'brute force', 'pattern', 'implementation']",5,https://atcoder.jp/contests/abc312/tasks/abc312_b,https://atcoder-tagged-backend.onrender.com/problems/all,2.3.0-sponsor-abc-kenkoooo-diff,ja,2026-06-04T18:46:05.900291+00:00,31.083,1999.0,"配点 : 200 点 問題文 高橋君は 2 次元コード TaK Code を考案しました。以下の条件を全て満たすものが TaK Code です。 縦 9 マス 横 9 マスの領域である 左上及び右下の縦 3 マス 横 3 マスの領域に含まれる計 18 マスは全て黒である 左上及び右下の縦 3 マス 横 3 マスの領域に八方位で隣接する計 14 マスは全て白である TaK Code を回転させることはできません。 縦 N マス、横 M マスのグリッドがあります。 グリッドの状態は N 個の長さ M の文字列 S_1,\ldots,S_N で与えられ、上から i 行目左から j 列目のマスは S_i の j 文字目が # のとき黒、 . のとき白です。 グリッドに完全に含まれる縦 9 マス横 9 マスの領域で、TaK Code の条件を満たす箇所を全て求めてください。 制約 9 \leq N,M \leq 100 N,M は整数である S_i は . および # のみからなる長さ M の文字列である 入力 入力は以下の形式で標準入力から与えられる。 N M S_1 \vdots S_N 出力 上から i 行目左から j 列目のマスを左上とする縦 9 マス 横 9 マスの領域が TaK Code の条件を満たす (i,j) の組全てを辞書順の昇順で 1 行に 1 組ずつ、 i,j をこの順に空白区切りで出力せよ。 (i,j) の組の辞書順の昇順とは、 i の昇順、 i が等しい組は j の昇順にすることである。 入力例 1 19 18 ###......###...... ###......###...... ###..#...###..#... ..............#... .................. .................. ......###......### ......###......### ......###......### .###.............. .###......##...... .###.............. ............###... ...##.......###... ...##.......###... .......###........ .......###........ .......###........ ........#......... 出力例 1 1 1 1 10 7 7 10 2 TaK Code は以下のものです。 # が黒マス、 . が白マス、 ? が白黒どちらでもよいマスを表します。 ###.????? ###.????? ###.????? ....????? ????????? ?????.... ?????.### ?????.### ?????.### 入力で与えられたグリッドの上から 10 マス目左から 2 列目のマスを左上とする縦 9 マス 横 9 マスの領域は以下のようになっており、TaK Code の条件を満たします。 ###...... ###...... ###...... ......... ..##..... ..##..... ......### ......### ......### 入力例 2 9 21 ###.#...........#.### ###.#...........#.### ###.#...........#.### ....#...........#.... #########...######### ....#...........#.... ....#.###...###.#.... ....#.###...###.#.... ....#.###...###.#.... 出力例 2 1 1 入力例 3 18 18 ######............ ######............ ######............ ######............ ######............ ######............ .................. .................. .................. .................. .................. .................. ............###### ............###### ............###### ............###### ............###### ............###### 出力例 3 TaK Code の条件を満たす箇所が 1 つもないこともあります。",200.0,
atcoder,abc,public_sponsored_abc,unique_vision,abc312,ユニークビジョンプログラミングコンテスト2023 夏 (AtCoder Beginner Contest 312),2023,,1690632000.0,2023.0,abc312_c,C,Invisible Hand,C. Invisible Hand,727.0,8858,"['binary search', 'monotonic', 'two pointer']",3,https://atcoder.jp/contests/abc312/tasks/abc312_c,https://atcoder-tagged-backend.onrender.com/problems/all,2.3.0-sponsor-abc-kenkoooo-diff,ja,2026-06-04T18:46:05.900291+00:00,42.412,635.0,"配点 : 300 点 問題文 りんご市場に N 人の売り手と M 人の買い手がいます。 i 番目の売り手は、 A_i 円以上でならりんごを売ってもよいと考えています。 i 番目の買い手は、 B_i 円以下でならりんごを買ってもよいと考えています。 次の条件を満たすような最小の整数 X を求めてください。 条件：りんごを X 円で売ってもよいと考える売り手の人数が、りんごを X 円で買ってもよいと考える買い手の人数以上である。 制約 1 \leq N,M \leq 2\times 10^5 1\leq A_i,B_i \leq 10^9 入力は全て整数である 入力 入力は以下の形式で標準入力から与えられる。 N M A_1 \ldots A_N B_1 \ldots B_M 出力 答えを出力せよ。 入力例 1 3 4 110 90 120 100 80 120 10000 出力例 1 110 りんごを 110 円で売ってもよいと考える売り手は 1,2 番目の 2 人であり、りんごを 110 円で買ってもよいと考える買い手は 3,4 番目の 2 人であるため、 110 は条件を満たします。 110 未満の整数が条件を満たすことはないため、これが答えです。 入力例 2 5 2 100000 100000 100000 100000 100000 100 200 出力例 2 201 入力例 3 3 2 100 100 100 80 120 出力例 3 100",300.0,
atcoder,abc,public_sponsored_abc,unique_vision,abc312,ユニークビジョンプログラミングコンテスト2023 夏 (AtCoder Beginner Contest 312),2023,,1690632000.0,2023.0,abc312_d,D,Count Bracket Sequences,D. Count Bracket Sequences,964.0,6956,"['dp', 'counting', 'balanced bracket sequence', 'modular arithmetic']",4,https://atcoder.jp/contests/abc312/tasks/abc312_d,https://atcoder-tagged-backend.onrender.com/problems/all,2.3.0-sponsor-abc-kenkoooo-diff,ja,2026-06-04T18:46:05.900291+00:00,47.089,602.0,"配点 : 400 点 問題文 空でない文字列 S が与えられます。 S の各文字は ( , ) , ? のいずれかです。 S に含まれる ? の個数を x とすると、 ? を ( あるいは ) に置き換えて新しい文字列を作る方法は 2^x 通りありますが、このうち新しくできた文字列が 括弧列 となるような置き換え方の数を 998244353 で割った余りを求めてください。 ただし、括弧列とは以下のいずれかの条件を満たす文字列のことです。 空文字列 ある括弧列 A が存在して、 ( , A , ) をこの順に連結した文字列 ある空でない括弧列 A, B が存在して、 A, B をこの順に連結した文字列 制約 S は長さ 3000 以下の ( , ) , ? からなる空でない文字列 入力 入力は以下の形式で標準入力から与えられる。 S 出力 答えを出力せよ。 入力例 1 (???(? 出力例 1 2 S を ()()() あるいは (())() に置き換えると括弧列となります。 他の置き換え方で新しくできた文字列が括弧列となることはないので、 2 を出力します。 入力例 2 ))))) 出力例 2 0 入力例 3 ??????????????(????????(??????)?????????(?(??) 出力例 3 603032273 998244353 で割った余りを出力してください。",400.0,
atcoder,abc,public_sponsored_abc,unique_vision,abc312,ユニークビジョンプログラミングコンテスト2023 夏 (AtCoder Beginner Contest 312),2023,,1690632000.0,2023.0,abc312_e,E,Tangency of Cuboids ,E. Tangency of Cuboids ,2047.0,1903,"['3d geometry', 'grid', 'set', 'graph', 'implementation']",5,https://atcoder.jp/contests/abc312/tasks/abc312_e,https://atcoder-tagged-backend.onrender.com/problems/all,2.3.0-sponsor-abc-kenkoooo-diff,ja,2026-06-04T18:46:05.900291+00:00,68.463,1001.0,"配点 : 500 点 問題文 3 次元空間内に N 個の直方体があります。 直方体同士は重なっていません。厳密には、相異なるどの 2 つの直方体の共通部分の体積も 0 です。 i 番目の直方体は、 2 点 (X_{i,1},Y_{i,1},Z_{i,1}), (X_{i,2},Y_{i,2},Z_{i,2}) を結ぶ線分を対角線とし、辺は全ていずれかの座標軸に平行です。 各直方体について、他のいくつの直方体と面で接しているか求めてください。 厳密には、各 i に対し、 1\leq j \leq N かつ j\neq i である j のうち、 i 番目の直方体の表面と j 番目の直方体の表面の共通部分の面積が正であるものの個数を求めてください。 制約 1 \leq N \leq 10^5 0 \leq X_{i,1} < X_{i,2} \leq 100 0 \leq Y_{i,1} < Y_{i,2} \leq 100 0 \leq Z_{i,1} < Z_{i,2} \leq 100 直方体同士は体積が正の共通部分を持たない 入力は全て整数である 入力 入力は以下の形式で標準入力から与えられる。 N X_{1,1} Y_{1,1} Z_{1,1} X_{1,2} Y_{1,2} Z_{1,2} \vdots X_{N,1} Y_{N,1} Z_{N,1} X_{N,2} Y_{N,2} Z_{N,2} 出力 答えを出力せよ。 入力例 1 4 0 0 0 1 1 1 0 0 1 1 1 2 1 1 1 2 2 2 3 3 3 4 4 4 出力例 1 1 1 0 0 1 番目の直方体と 2 番目の直方体は、 2 点 (0,0,1),(1,1,1) を結ぶ線分を対角線とする長方形を共有しています。 1 番目の直方体と 3 番目の直方体は、点 (1,1,1) を共有していますが、面で接してはいません。 入力例 2 3 0 0 10 10 10 20 3 4 1 15 6 10 0 9 6 1 20 10 出力例 2 2 1 1 入力例 3 8 0 0 0 1 1 1 0 0 1 1 1 2 0 1 0 1 2 1 0 1 1 1 2 2 1 0 0 2 1 1 1 0 1 2 1 2 1 1 0 2 2 1 1 1 1 2 2 2 出力例 3 3 3 3 3 3 3 3 3",500.0,
atcoder,abc,public_sponsored_abc,unique_vision,abc312,ユニークビジョンプログラミングコンテスト2023 夏 (AtCoder Beginner Contest 312),2023,,1690632000.0,2023.0,abc312_f,F,Cans and Openers,F. Cans and Openers,1534.0,3481,"['greedy', 'optimization', 'selection', 'sorting']",4,https://atcoder.jp/contests/abc312/tasks/abc312_f,https://atcoder-tagged-backend.onrender.com/problems/all,2.3.0-sponsor-abc-kenkoooo-diff,ja,2026-06-04T18:46:05.900291+00:00,58.338,811.0,"配点 : 500 点 問題文 N 個の品物があります。 これらはそれぞれ、缶切りが不要な缶・缶切りが必要な缶・缶切りのいずれかです。 i 個目の品物は、整数の組 (T_i, X_i) により次のように表されます。 T_i = 0 ならば、 i 個目の品物は缶切りが不要な缶で、入手すると満足度 X_i を得る。 T_i = 1 ならば、 i 個目の品物は缶切りが必要な缶で、入手した上で缶切りを使うと満足度 X_i を得る。 T_i = 2 ならば、 i 個目の品物は缶切りで、 X_i 個までの缶に対して使用できる。 N 個の品物から M 個を選んで入手するとき、得られる満足度の合計としてあり得る最大値を求めてください。 制約 1 \leq M \leq N \leq 2 \times 10^5 T_i は 0,1,2 のいずれか 1 \leq X_i \leq 10^9 入力される値はすべて整数 入力 入力は以下の形式で標準入力から与えられる。 N M T_1 X_1 T_2 X_2 \vdots T_N X_N 出力 答えを整数として出力せよ。 入力例 1 8 4 0 6 0 6 1 3 1 5 1 15 2 1 2 10 2 100 出力例 1 27 1, 2, 5, 7 個目の品物を入手し、 7 個目の品物である缶切りを 5 個目の品物に対して使用すると、満足度 6 + 6 + 15 = 27 を得ます。 満足度が 28 以上になる品物の入手方法は存在しませんが、上記の例において 7 個目の品物のかわりに 6 個目の品物や 8 個目の品物を選んでも満足度 27 を得ることができます。 入力例 2 5 5 1 5 1 5 1 5 1 5 1 5 出力例 2 0 入力例 3 12 6 2 2 0 1 0 9 1 3 1 5 1 3 0 4 2 1 1 8 2 1 0 1 0 4 出力例 3 30",500.0,
atcoder,abc,public_sponsored_abc,unique_vision,abc312,ユニークビジョンプログラミングコンテスト2023 夏 (AtCoder Beginner Contest 312),2023,,1690632000.0,2023.0,abc312_g,G,Avoid Straight Line,G. Avoid Straight Line,1819.0,2469,"['dp on trees', 'combinatorics', 'counting']",3,https://atcoder.jp/contests/abc312/tasks/abc312_g,https://atcoder-tagged-backend.onrender.com/problems/all,2.3.0-sponsor-abc-kenkoooo-diff,ja,2026-06-04T18:46:05.900291+00:00,63.963,500.0,"配点 : 550 点 問題文 N 頂点の木が与えられます。頂点には 1 から N までの番号がついており、 i 番目の辺は頂点 A_i と頂点 B_i を結んでいます。 以下の条件を満たす整数の組 (i,j,k) の個数を求めてください。 1 \leq i < j < k \leq N 与えられた木には頂点 i,j,k をすべて含む単純パスは存在しない 制約 1 \leq N \leq 2 \times 10^5 1 \leq A_i, B_i \leq N 与えられるグラフは木 入力される値はすべて整数 入力 入力は以下の形式で標準入力から与えられる。 N A_1 B_1 \vdots A_{N-1} B_{N-1} 出力 答えを出力せよ。 入力例 1 5 1 2 2 3 2 4 1 5 出力例 1 2 (i,j,k) = (1,3,4),(3,4,5) の 2 つが条件を満たします。 入力例 2 6 1 2 2 3 3 4 4 5 5 6 出力例 2 0 入力例 3 12 1 6 3 4 10 4 5 9 3 1 2 3 7 2 2 12 1 5 6 8 4 11 出力例 3 91",550.0,
atcoder,abc,public_sponsored_abc,unique_vision,abc312,ユニークビジョンプログラミングコンテスト2023 夏 (AtCoder Beginner Contest 312),2023,,1690632000.0,2023.0,abc312_h,Ex,snukesnuke,Ex. snukesnuke,2477.0,713,"['periodicity', 'z algorithm', 'rolling hash', 'number theory', 'amortized analysis', 'string']",6,https://atcoder.jp/contests/abc312/tasks/abc312_h,https://atcoder-tagged-backend.onrender.com/problems/all,2.3.0-sponsor-abc-kenkoooo-diff,ja,2026-06-04T18:46:05.900291+00:00,76.949,1104.0,"配点 : 600 点 問題文 高橋君は人 1,\ldots,N の N 人のあだ名を決めることになりました。 人 i はあだ名を S_i にしてほしいと思っています。複数人に同じあだ名をつけるのを避けるため、高橋君は次の手順で N 人のあだ名を決めることにしました。 i=1,\ldots,N の順に、以下の操作により人 i のあだ名を決める 変数 k_i を 1 とする。 「 S_i を k_i 回繰り返した文字列」がすでに誰かのあだ名である間、 k_i を 1 増やすことを繰り返す。 「 S_i を k_i 回繰り返した文字列」を人 i のあだ名とする。 N 人のあだ名を決めた後の k_1,\ldots,k_N を求めてください。 制約 N \geq 1 S_i は英小文字のみからなる、長さ 1 以上の文字列 S_i の長さの総和は 2\times 10^5 以下 入力 入力は以下の形式で標準入力から与えられる。 N S_1 \vdots S_N 出力 問題文中の操作により N 人のあだ名を決めた後の k_1,\ldots,k_N をこの順に空白区切りで出力せよ。 入力例 1 3 snuke snuke rng 出力例 1 1 2 1 まず人 1 のあだ名を決めます。 k_1=1 とします。 S_1 を k_1 回繰り返した文字列 snuke は誰のあだ名でもないので、人 1 のあだ名は snuke になります。 次に人 2 のあだ名を決めます。 k_2=1 とします。 S_2 を k_2 回繰り返した文字列 snuke はすでに人 1 のあだ名なので、 k_2 を 1 増やして 2 とします。 S_2 を k_2 回繰り返した文字列 snukesnuke は誰のあだ名でもないので、人 2 のあだ名は snukesnuke になります。 最後に人 3 のあだ名を決めます。 k_3=1 とします。 S_3 を k_3 回繰り返した文字列 rng は誰のあだ名でもないので、人 3 のあだ名は rng になります。 以上により、 k_1,k_2,k_3 はそれぞれ 1,2,1 となります。 入力例 2 4 aa a a aaa 出力例 2 1 1 3 2 人 1 のあだ名は aa になります。 人 2 のあだ名は a になります。 人 3 のあだ名は、 a , aa がすでに他の人のあだ名なので、 aaa になります。 人 4 のあだ名は、 aaa がすでに他の人のあだ名なので、 aaaaaa になります。 入力例 3 5 x x x x x 出力例 3 1 2 3 4 5",600.0,
atcoder,abc,public_sponsored_abc,keyence,abc315,キーエンスプログラミングコンテスト2023夏（AtCoder Beginner Contest 315）,2023,,1692446400.0,2023.0,abc315_a,A,tcdr,A. tcdr,-997.0,16096,"['implementation', 'string']",2,https://atcoder.jp/contests/abc315/tasks/abc315_a,https://atcoder-tagged-backend.onrender.com/problems/all,2.3.0-sponsor-abc-kenkoooo-diff,ja,2026-06-04T18:46:05.900291+00:00,8.388,361.0,"配点 : 100 点 問題文 英小文字からなる文字列 S が与えられます。 S から a , e , i , o , u をすべて取り除いて得られる文字列を出力してください。 なお、 S は a , e , i , o , u 以外の文字を一つ以上含みます。 制約 S は英小文字からなる長さ 1 以上 100 以下の文字列 S は a , e , i , o , u 以外の文字を一つ以上含む 入力 入力は以下の形式で標準入力から与えられる。 S 出力 答えを出力せよ。 入力例 1 atcoder 出力例 1 tcdr S = atcoder のとき、 1, 4, 6 文字目を取り除いて tcdr を得ます。 入力例 2 xyz 出力例 2 xyz 入力例 3 aaaabbbbcccc 出力例 3 bbbbcccc",100.0,
atcoder,abc,public_sponsored_abc,keyence,abc315,キーエンスプログラミングコンテスト2023夏（AtCoder Beginner Contest 315）,2023,,1692446400.0,2023.0,abc315_b,B,The Middle Day,B. The Middle Day,-470.0,13906,"['implementation', 'simulation', 'array']",3,https://atcoder.jp/contests/abc315/tasks/abc315_b,https://atcoder-tagged-backend.onrender.com/problems/all,2.3.0-sponsor-abc-kenkoooo-diff,ja,2026-06-04T18:46:05.900291+00:00,18.788,768.0,"配点 : 200 点 問題文 AtCoder 国の暦では、一年は 1,2,\dots,M 番目の月の M か月からなり、そのうち i 番目の月は 1,2,\dots,D_i 番目の日の D_i 日からなります。 さらに、 AtCoder 国の一年の日数は奇数、即ち D_1+D_2+\dots+D_M は奇数です。 一年の真ん中の日は何番目の月の何番目の日か求めてください。 言い換えると、 1 番目の月の 1 番目の日を 1 日目としたときの (D_1+D_2+\dots+D_M+1)/2 日目が何番目の月の何番目の日かを求めてください。 制約 入力は全て整数 1 \le M \le 100 1 \le D_i \le 100 D_1 + D_2 + \dots + D_M は奇数 入力 入力は以下の形式で標準入力から与えられる。 M D_1 D_2 \dots D_M 出力 答えが a 番目の月の b 番目の日であるとき、以下の形式で出力せよ。 a b 入力例 1 12 31 28 31 30 31 30 31 31 30 31 30 31 出力例 1 7 2 この入力では、 1 年は 31+28+31+30+31+30+31+31+30+31+30+31=365 日からなります。 真ん中の日は (365+1)/2 = 183 日目であり、これを求めることを考えます。 1,2,3,4,5,6 番目の月に含まれる日数の合計は 181 日です。 7 番目の月の 1 番目の日は 182 日目です。 7 番目の月の 2 番目の日は 183 日目です。 以上から、答えが 7 番目の月の 2 番目の日であることが分かります。 入力例 2 1 1 出力例 2 1 1 入力例 3 6 3 1 4 1 5 9 出力例 3 5 3",200.0,
atcoder,abc,public_sponsored_abc,keyence,abc315,キーエンスプログラミングコンテスト2023夏（AtCoder Beginner Contest 315）,2023,,1692446400.0,2023.0,abc315_c,C,Flavors,C. Flavors,312.0,11008,"['greedy', 'implementation', 'search', 'sorting']",4,https://atcoder.jp/contests/abc315/tasks/abc315_c,https://atcoder-tagged-backend.onrender.com/problems/all,2.3.0-sponsor-abc-kenkoooo-diff,ja,2026-06-04T18:46:05.900291+00:00,34.221,840.0,"配点 : 300 点 問題文 N カップのアイスクリームがあります。 i カップ目の味は F_i 、美味しさは S_i ( S_i は偶数 ) です。 あなたは、 N 個のカップの中から 2 つを選んで食べることにしました。 このときの満足度は次のように定義されます。 食べたアイスクリームの美味しさを s,t ( 但し、 s \ge t ) とする。 2 つのカップの味が異なるなら、満足度は \displaystyle s+t である。 そうでないなら、満足度は \displaystyle s + \frac{t}{2} である。 満足度として達成可能な最大値を求めてください。 制約 入力は全て整数 2 \le N \le 3 \times 10^5 1 \le F_i \le N 2 \le S_i \le 10^9 S_i は偶数 入力 入力は以下の形式で標準入力から与えられる。 N F_1 S_1 F_2 S_2 \vdots F_N S_N 出力 答えを整数として出力せよ。 入力例 1 4 1 4 2 10 2 8 3 6 出力例 1 16 2 カップ目と 4 カップ目のアイスを食べることを考えます。 2 カップ目の味は 2 、美味しさは 10 です。 4 カップ目の味は 3 、美味しさは 6 です。 両者の味は異なるので、満足度は 10+6=16 です。 以上より、満足度 16 を達成できます。 満足度を 16 より大きくすることはできません。 入力例 2 4 4 10 3 2 2 4 4 12 出力例 2 17 1 カップ目と 4 カップ目のアイスを食べることを考えます。 1 カップ目の味は 4 、美味しさは 10 です。 4 カップ目の味は 4 、美味しさは 12 です。 両者の味は同じなので、満足度は 12+\frac{10}{2}=17 です。 以上より、満足度 17 を達成できます。 満足度を 17 より大きくすることはできません。",300.0,
atcoder,abc,public_sponsored_abc,keyence,abc315,キーエンスプログラミングコンテスト2023夏（AtCoder Beginner Contest 315）,2023,,1692446400.0,2023.0,abc315_d,D,Magical Cookies,D. Magical Cookies,1531.0,3777,"['simulation', 'counting', 'grid', 'optimization']",4,https://atcoder.jp/contests/abc315/tasks/abc315_d,https://atcoder-tagged-backend.onrender.com/problems/all,2.3.0-sponsor-abc-kenkoooo-diff,ja,2026-06-04T18:46:05.900291+00:00,58.279,987.0,"配点 : 400 点 問題文 H \times W 枚のクッキーが H 行 W 列に並んでいます。 上から i 行目・左から j 列目のクッキーの色は英小文字 c_{i,j} で表されます。 これから、以下の手続きを行います。 1. 各行に対して次の操作を行う : その行に 2 枚以上のクッキーが残っており、それらの色がすべて同じならば、それらに印をつける。 2. 各列に対して次の操作を行う : その列に 2 枚以上のクッキーが残っており、それらの色がすべて同じならば、それらに印をつける。 3. 印のついたクッキーがあればそれらをすべて取り除いて 1. に戻り、なければ手続きを終了する。 手続きを終了した時点で残っているクッキーの枚数を求めてください。 制約 2 \leq H, W \leq 2000 c_{i,j} は英小文字である 入力 入力は以下の形式で標準入力から与えられる。 H W c_{1,1} c_{1,2} \ldots c_{1,W} c_{2,1} c_{2,2} \ldots c_{2,W} \vdots c_{H,1} c_{H,2} \ldots c_{H,W} 出力 答えを出力せよ。 入力例 1 4 3 aaa aaa abc abd 出力例 1 2 以下で示す順で手続きを行います。 1. により、 1, 2 行目のクッキーに印をつける。 2. により、 1 列目のクッキーに印をつける。 3. により、印を付けたクッキーを取り除く。 この時点でクッキーは以下のようになっています。ただし、クッキーを取り除いた箇所は . で表しています。 ... ... .bc .bd 1. により、何もしない。 2. により、 2 列目のクッキーに印をつける。 3. により、印を付けたクッキーを取り除く。 この時点でクッキーは以下のようになっています。ただし、クッキーを取り除いた箇所は . で表しています。 ... ... ..c ..d 1. により、何もしない。 2. により、何もしない。 3. により、印がついているクッキーが存在しないので手続きを終了する。 最終的に残っているクッキーの枚数は 2 枚です。 入力例 2 2 5 aaaaa abcde 出力例 2 4 入力例 3 3 3 ooo ooo ooo 出力例 3 0",400.0,
atcoder,abc,public_sponsored_abc,keyence,abc315,キーエンスプログラミングコンテスト2023夏（AtCoder Beginner Contest 315）,2023,,1692446400.0,2023.0,abc315_e,E,Prerequisites,E. Prerequisites,921.0,6587,"['directed graph', 'dag', 'bfs', 'topological sort']",4,https://atcoder.jp/contests/abc315/tasks/abc315_e,https://atcoder-tagged-backend.onrender.com/problems/all,2.3.0-sponsor-abc-kenkoooo-diff,ja,2026-06-04T18:46:05.900291+00:00,46.24,1022.0,"配点 : 425 点 問題文 1 から N までの番号がついた N 冊の本があります。 本 i には C_i 冊の前提となる本があり、そのうち j 冊目は本 P_{i,j} で、本 i を読む前にこの C_i 冊をすべて読む必要があります。 ただし、適切な順序を選ぶことですべての本を読むことができます。 あなたは本 1 を読むために必要な最小の数の本を読もうとしています。 本 1 以外に読まなければならない本の番号を読むべき順に出力してください。ただし、この条件下で読むべき本の集合は一意に定まります。 条件を満たす読む順番が複数考えられる場合は、そのいずれを出力しても構いません。 制約 2 \leq N \leq 2 \times 10^5 0 \leq C_i < N \sum_{i=1}^{N} C_i \leq 2 \times 10^5 C_1 \geq 1 1 \leq P_{i,j} \leq N 1 \leq j < k \leq C_i のとき P_{i,j} \neq P_{i,k} すべての本を読むことが可能である 入力 入力は以下の形式で標準入力から与えられる。 N C_1 P_{1,1} \ldots P_{1,C_1} C_2 P_{2,1} \ldots P_{2,C_2} \vdots C_N P_{N,1} \ldots P_{N,C_N} 出力 本 1 を読むために読む必要のある最小の数の本を読むとき、それらの番号を読むべき順に空白区切りで出力せよ。 入力例 1 6 3 2 3 4 2 3 5 0 1 5 0 0 出力例 1 5 3 4 2 本 1 を読むために本 2,3,4 、本 2 を読むために本 3,5 、本 4 を読むために本 5 を読む必要があります。本 3,5,6 を読むために他の本を読む必要はありません。 このとき、例えば本 5,3,4,2 の順に読むことで本 1 を読むことができます。 3 冊以下の本を読んだ状態で本 1 が読めるようになることはないため、これは答えの一つです。他にも本 3,5,4,2 の順などで読むことでも 4 冊の本を読んだ状態で本 1 を読むことができるようになります。 入力例 2 6 1 2 1 3 1 4 1 5 1 6 0 出力例 2 6 5 4 3 2 入力例 3 8 1 5 1 6 1 7 1 8 0 0 0 0 出力例 3 5",425.0,
atcoder,abc,public_sponsored_abc,keyence,abc315,キーエンスプログラミングコンテスト2023夏（AtCoder Beginner Contest 315）,2023,,1692446400.0,2023.0,abc315_f,F,Shortcuts,F. Shortcuts,1674.0,3159,"['dp', 'euclidean distance', 'geometry', 'optimization', 'shortest path']",5,https://atcoder.jp/contests/abc315/tasks/abc315_f,https://atcoder-tagged-backend.onrender.com/problems/all,2.3.0-sponsor-abc-kenkoooo-diff,ja,2026-06-04T18:46:05.900291+00:00,61.101,1097.0,"配点 : 500 点 問題文 座標平面上でチェックポイント 1,2,\dots,N をこの順に通るレースが行われます。 チェックポイント i の座標は (X_i,Y_i) であり、すべてのチェックポイントの座標は異なります。 チェックポイント 1,N 以外のチェックポイントは、通過を省略することもできます。 ただし、通らなかったチェックポイントの個数を C として、以下の通りペナルティが課せられます。 C>0 なら \displaystyle 2^{C−1} C=0 なら 0 チェックポイント 1 からチェックポイント N までの総移動距離（ユークリッド距離）とペナルティの和を s とします。 このとき、 s として達成可能な最小の値を求めてください。 制約 入力は全て整数 2 \le N \le 10^4 0 \le X_i,Y_i \le 10^4 i \neq j ならば (X_i,Y_i) \neq (X_j,Y_j) 入力 入力は以下の形式で標準入力から与えられる。 N X_1 Y_1 X_2 Y_2 \vdots X_N Y_N 出力 答えを出力せよ。 出力は、真の値との絶対誤差または相対誤差が 10^{−5} 以下のとき正解と判定される。 入力例 1 6 0 0 1 1 2 0 0 1 1 0 2 1 出力例 1 5.82842712474619009753 チェックポイント 1,2,5,6 を通過し、 3,4 の通過を省略することを考えます。 チェックポイント 1 \rightarrow 2 に移動する。 2 点間の距離は \sqrt{2} である。 チェックポイント 2 \rightarrow 5 に移動する。 2 点間の距離は 1 である。 チェックポイント 5 \rightarrow 6 に移動する。 2 点間の距離は \sqrt{2} である。 通らなかったチェックポイントは 2 つであり、このとき科せられるペナルティは 2 である。 以上のようにして、 s = 3 + 2\sqrt{2} \approx 5.828427 を達成できます。 s をこの値より小さくすることはできません。 入力例 2 10 1 8 3 7 9 4 4 9 6 1 7 5 0 0 1 3 6 8 6 4 出力例 2 24.63441361516795872523 入力例 3 10 34 24 47 60 30 31 12 97 87 93 64 46 82 50 14 7 17 24 3 78 出力例 3 110.61238353245736230207",500.0,
atcoder,abc,public_sponsored_abc,keyence,abc315,キーエンスプログラミングコンテスト2023夏（AtCoder Beginner Contest 315）,2023,,1692446400.0,2023.0,abc315_g,G,"Ai + Bj + Ck = X (1 <= i, j, k <= N)","G. Ai + Bj + Ck = X (1 <= i, j, k <= N)",2315.0,1244,"['number theory', 'diophantine equation', 'extended euclidean algorithm', 'counting']",4,https://atcoder.jp/contests/abc315/tasks/abc315_g,https://atcoder-tagged-backend.onrender.com/problems/all,2.3.0-sponsor-abc-kenkoooo-diff,ja,2026-06-04T18:46:05.900291+00:00,73.752,509.0,"配点 : 550 点 問題文 整数 N,A,B,C,X が与えられるので、以下の条件を全て満たす整数組 (i,j,k) の数を求めてください。 1 \le i,j,k \le N Ai+Bj+Ck=X 制約 入力は全て整数 1 \le N \le 10^6 1 \le A,B,C \le 10^9 1 \le X \le 3 \times 10^{15} 入力 入力は以下の形式で標準入力から与えられる。 N A B C X 出力 答えを整数として出力せよ。 入力例 1 5 3 1 5 15 出力例 1 3 条件を満たす整数組は以下の 3 つです。 (1,2,2) : 3 \times 1 + 1 \times 2 + 5 \times 2 = 15 (2,4,1) : 3 \times 2 + 1 \times 4 + 5 \times 1 = 15 (3,1,1) : 3 \times 3 + 1 \times 1 + 5 \times 1 = 15 入力例 2 1 1 1 1 1 出力例 2 0 入力例 3 100000 31415 92653 58979 1000000000 出力例 3 2896",550.0,
atcoder,abc,public_sponsored_abc,keyence,abc315,キーエンスプログラミングコンテスト2023夏（AtCoder Beginner Contest 315）,2023,,1692446400.0,2023.0,abc315_h,Ex,Typical Convolution Problem,Ex. Typical Convolution Problem,2807.0,336,"['convolution', 'polynomial', 'fft', 'generating function', 'dp']",5,https://atcoder.jp/contests/abc315/tasks/abc315_h,https://atcoder-tagged-backend.onrender.com/problems/all,2.3.0-sponsor-abc-kenkoooo-diff,ja,2026-06-04T18:46:05.900291+00:00,83.462,587.0,"配点 : 650 点 問題文 数列 (A_1, A_2, \ldots , A_N) が与えられます。 数列 (F_0, F_1, \ldots , F_N) を以下の式により定義します。 F_0 = 1 F_n = A_n\displaystyle\sum_{i+j<n}F_iF_j (1 \leq n \leq N) F_1, \ldots , F_N を 998244353 で割った余りを求めてください。 制約 1 \leq N \leq 2 \times 10^5 0 \leq A_i < 998244353 入力される値はすべて整数 入力 入力は以下の形式で標準入力から与えられる。 N A_1 A_2 \ldots A_N 出力 F_1, \ldots , F_N を 998244353 で割った余りをこの順に空白区切りで出力せよ。 入力例 1 5 1 2 3 4 5 出力例 1 1 6 48 496 6240 F_1 = A_1F_0F_0 = 1 です。 F_2 = A_2(F_0F_0+F_0F_1+F_1F_0) = 6 です。 同様にして、 F_3 = 48, F_4 = 496, F_5 = 6240 がわかります。 入力例 2 3 12345 678901 2345678 出力例 2 12345 790834943 85679169",650.0,
atcoder,abc,public_sponsored_abc,toyota,abc320,トヨタ自動車プログラミングコンテスト2023#5(AtCoder Beginner Contest 320),2023,,1694865600.0,2023.0,abc320_a,A,Leyland Number,A. Leyland Number,-1061.0,20241,"['implementation', 'modular exponentiation', 'math']",3,https://atcoder.jp/contests/abc320/tasks/abc320_a,https://atcoder-tagged-backend.onrender.com/problems/all,2.3.0-sponsor-abc-kenkoooo-diff,ja,2026-06-04T18:46:05.900291+00:00,7.125,268.0,"配点 : 100 点 問題文 正整数 A,B が与えられます。 A^B+B^A の値を出力してください。 制約 2 \leq A \leq B \leq 9 入力される数値はすべて整数 入力 入力は以下の形式で標準入力から与えられる。 A B 出力 答えを整数として出力せよ。 入力例 1 2 8 出力例 1 320 A = 2, B = 8 のとき、 A^B = 256, B^A = 64 なので A^B + B^A = 320 です。 入力例 2 9 9 出力例 2 774840978 入力例 3 5 6 出力例 3 23401",100.0,
atcoder,abc,public_sponsored_abc,toyota,abc320,トヨタ自動車プログラミングコンテスト2023#5(AtCoder Beginner Contest 320),2023,,1694865600.0,2023.0,abc320_b,B,Longest Palindrome,B. Longest Palindrome,-225.0,16479,"['string', 'brute force', 'palindrome', 'substring']",4,https://atcoder.jp/contests/abc320/tasks/abc320_b,https://atcoder-tagged-backend.onrender.com/problems/all,2.3.0-sponsor-abc-kenkoooo-diff,ja,2026-06-04T18:46:05.900291+00:00,23.623,365.0,配点 : 200 点 問題文 文字列 S が与えられます。 S の連続する部分文字列のうち、回文であるものの長さの最大値を求めてください。 ただし、 S の連続する部分文字列であって回文であるものは常に存在します。 制約 S は長さ 2 以上 100 以下の英大文字からなる文字列 入力 入力は以下の形式で標準入力から与えられる。 S 出力 答えを出力せよ。 入力例 1 TOYOTA 出力例 1 5 TOYOTA の連続する部分文字列 TOYOT は長さ 5 の回文です。 TOYOTA の唯一の長さ 6 の連続する部分文字列 TOYOTA は回文でないので、 5 を出力します。 入力例 2 ABCDEFG 出力例 2 1 すべての長さ 1 の連続する部分文字列は回文です。 入力例 3 AAAAAAAAAA 出力例 3 10,200.0,
atcoder,abc,public_sponsored_abc,toyota,abc320,トヨタ自動車プログラミングコンテスト2023#5(AtCoder Beginner Contest 320),2023,,1694865600.0,2023.0,abc320_c,C,Slot Strategy 2 (Easy),C. Slot Strategy 2 (Easy),851.0,7971,"['brute force', 'simulation', 'modular arithmetic', 'enumeration']",4,https://atcoder.jp/contests/abc320/tasks/abc320_c,https://atcoder-tagged-backend.onrender.com/problems/all,2.3.0-sponsor-abc-kenkoooo-diff,ja,2026-06-04T18:46:05.900291+00:00,44.859,1325.0,配点 : 300 点 問題文 この問題は G 問題の簡易版です。 3 個のリールからなるスロットがあります。 i 番目のリールの配列は文字列 S_i によって表されます。ここで、 S_i は数字のみからなる長さ M の文字列です。 それぞれのリールには対応するボタンがついています。高橋君は各非負整数 t について、スロットが回り始めてからちょうど t 秒後にボタンを 1 つ選んで押す、または何もしないことができます。 スロットが回り始めてから t 秒後に i 番目のリールに対応するボタンを押すと、 i 番目のリールは S_i の (t \bmod M)+1 文字目を表示して止まります。 ただし、 t \bmod M で t を M で割ったあまりを表します。 高橋君は全てのリールを止めた上で、表示されている文字が全て同じであるようにしたいです。 高橋君が目標を達成できるように全てのリールを止めるまでに、スロットが回り始めてから最小で何秒かかるかを求めてください。 そのようなことが不可能であればそのことを報告してください。 制約 1 \leq M \leq 100 M は整数 S_i は数字のみからなる長さ M の文字列 入力 入力は以下の形式で標準入力から与えられる。 M S_1 S_2 S_3 出力 全てのリールを止めた上で、表示されている文字が全て同じであるようにすることができないなら -1 を出力せよ。 できるなら、スロットが回り始めてからそのような状態にするまでに最小で何秒かかるか出力せよ。 入力例 1 10 1937458062 8124690357 2385760149 出力例 1 6 高橋君は次のようにそれぞれのリールを止めることでスロットが回り始めてから 6 秒後にリールに表示される文字を 8 で揃えることができます。 スロットの回転開始から 0 秒後に 2 番目のリールに対応するボタンを押します。 2 番目のリールは S_2 の (0 \bmod 10)+1=1 文字目である 8 を表示して止まります。 スロットの回転開始から 2 秒後に 3 番目のリールに対応するボタンを押します。 3 番目のリールは S_3 の (2 \bmod 10)+1=3 文字目である 8 を表示して止まります。 スロットの回転開始から 6 秒後に 1 番目のリールに対応するボタンを押します。 1 番目のリールは S_1 の (6 \bmod 10)+1=7 文字目である 8 を表示して止まります。 5 秒以下で全てのリールに表示されている文字を揃える方法はないため、 6 を出力します。 入力例 2 20 01234567890123456789 01234567890123456789 01234567890123456789 出力例 2 20 全てのリールを止めた上で、表示されている文字を揃える必要がある事に注意してください。 入力例 3 5 11111 22222 33333 出力例 3 -1 表示されている文字が全て同じであるようにリールを止めることはできません。 このとき -1 を出力してください。,300.0,
atcoder,abc,public_sponsored_abc,toyota,abc320,トヨタ自動車プログラミングコンテスト2023#5(AtCoder Beginner Contest 320),2023,,1694865600.0,2023.0,abc320_d,D,Relative Position,D. Relative Position,873.0,7515,"['graph', 'dfs', 'coordinate geometry']",3,https://atcoder.jp/contests/abc320/tasks/abc320_d,https://atcoder-tagged-backend.onrender.com/problems/all,2.3.0-sponsor-abc-kenkoooo-diff,ja,2026-06-04T18:46:05.900291+00:00,45.293,807.0,"配点 : 400 点 問題文 座標平面上に 1 から N の番号がついた N 人の人がいます。 人 1 は原点にいます。 次の形式の情報が M 個与えられます。 人 A_i から見て、人 B_i は、 x 軸正方向に X_i 、 y 軸正方向に Y_i 離れた位置にいる それぞれの人がいる座標を求めてください。一意に定まらないときはそのことを報告してください。 制約 1 \leq N \leq 2\times 10^5 0 \leq M \leq 2\times 10^5 1\leq A_i, B_i \leq N A_i \neq B_i -10^9 \leq X_i,Y_i \leq 10^9 入力は全て整数である 与えられる情報は矛盾しない 入力 入力は以下の形式で標準入力から与えられる。 N M A_1 B_1 X_1 Y_1 \vdots A_M B_M X_M Y_M 出力 N 行出力せよ。 人 i のいる座標が一意に定まらないとき、 i 行目には undecidable と出力せよ。 人 i のいる座標が (s_i,t_i) と一意に定まるとき、 i 行目には s_i,t_i をこの順に空白区切りで出力せよ。 入力例 1 3 2 1 2 2 1 1 3 -1 -2 出力例 1 0 0 2 1 -1 -2 3 人の位置関係は下図のようになっています。 入力例 2 3 2 2 1 -2 -1 2 3 -3 -3 出力例 2 0 0 2 1 -1 -2 3 人の位置関係は下図のようになっています。 入力例 3 5 7 1 2 0 0 1 2 0 0 2 3 0 0 3 1 0 0 2 1 0 0 3 2 0 0 4 5 0 0 出力例 3 0 0 0 0 0 0 undecidable undecidable 同じ情報が複数回与えられたり、同じ座標に複数の人がいることもあります。",400.0,
atcoder,abc,public_sponsored_abc,toyota,abc320,トヨタ自動車プログラミングコンテスト2023#5(AtCoder Beginner Contest 320),2023,,1694865600.0,2023.0,abc320_e,E,Somen Nagashi,E. Somen Nagashi,1096.0,5623,"['simulation', 'priority queue', 'ordered set', 'greedy']",4,https://atcoder.jp/contests/abc320/tasks/abc320_e,https://atcoder-tagged-backend.onrender.com/problems/all,2.3.0-sponsor-abc-kenkoooo-diff,ja,2026-06-04T18:46:05.900291+00:00,49.694,1176.0,"配点 : 475 点 問題文 そうめん流しのイベントに N 人の人が集まりました。人は一列に並んでおり、先頭から順に 1 から N の番号がついています。 そうめん流しでは次の出来事が M 回起こります。 時刻 T_i に 量 W_i のそうめんを流す。列の先頭にいる人がその全てを得る（誰も列に並んでいない場合は、誰もそのそうめんを得ない）。その人はいったん列から外れ、時刻 T_i+S_i に列の元の位置に戻ってくる。 時刻 X に列に戻ってくる人は、時刻 X には列に並んでいるとみなします。 M 回の出来事が全て行われたあと、それぞれの人が合計でどれだけそうめんを得ることができたか答えてください。 制約 1 \leq N \leq 2\times 10^5 1 \leq M \leq 2\times 10^5 0 <T_1 <\ldots < T_M \leq 10^9 1 \leq S_i \leq 10^9 1 \leq W_i \leq 10^9 入力は全て整数 入力 入力は以下の形式で標準入力から与えられる。 N M T_1 W_1 S_1 \vdots T_M W_M S_M 出力 N 行出力せよ。 i 行目には人 i が得たそうめんの量を出力せよ。 入力例 1 3 5 1 1 3 2 10 100 4 100 10000 10 1000 1000000000 100 1000000000 1 出力例 1 101 10 1000 次のように進行します。 時刻 1 に量 1 のそうめんが流される。列には人 1,2,3 が並んでおり、先頭の人 1 がそうめんを得て列から外れる。 時刻 2 に量 10 のそうめんが流される。列には人 2,3 が並んでおり、先頭の人 2 がそうめんを得て列から外れる。 時刻 4 に人 1 が列に戻ってくる。 時刻 4 に量 100 のそうめんが流される。列には人 1,3 が並んでおり、先頭の人 1 がそうめんを得て列から外れる。 時刻 10 に量 1000 のそうめんが流される。列には人 3 が並んでおり、先頭の人 3 がそうめんを得て列から外れる。 時刻 100 に量 1000000000 のそうめんが流される。列には誰も並んでいないため、誰もこのそうめんを得ない。 時刻 102 に人 2 が列に戻ってくる。 時刻 10004 に人 1 が列に戻ってくる。 時刻 1000000010 に人 3 が列に戻ってくる。 それぞれの人が得たそうめんの量の合計は、 101,10,1000 です。 入力例 2 3 1 1 1 1 出力例 2 1 0 0 入力例 3 1 8 1 1 1 2 2 2 3 3 3 4 4 4 5 5 5 6 6 6 7 7 7 8 8 8 出力例 3 15",475.0,
atcoder,abc,public_sponsored_abc,toyota,abc320,トヨタ自動車プログラミングコンテスト2023#5(AtCoder Beginner Contest 320),2023,,1694865600.0,2023.0,abc320_f,F,Fuel Round Trip,F. Fuel Round Trip,2042.0,1817,"['dp', '3d dp', 'bitmask']",3,https://atcoder.jp/contests/abc320/tasks/abc320_f,https://atcoder-tagged-backend.onrender.com/problems/all,2.3.0-sponsor-abc-kenkoooo-diff,ja,2026-06-04T18:46:05.900291+00:00,68.364,1002.0,"配点 : 550 点 問題文 数直線上の座標 0 から座標 X_N まで行き、折り返して座標 0 まで帰ってくる計画を立てています。ただし、往路では正の方向、復路では負の方向にしか進めません。 移動は車で行います。車は距離 1 進むごとに 1 リットルの燃料を消費します。燃料は H リットルまで所持することができ、燃料を所持していない状態で進むことはできません。 各 i = 1, 2, \ldots, N-1 について、座標 X_i にはガソリンスタンドがあり、 P_i 円払うと F_i リットルの燃料が得られます。ただし、 H リットルを超えて燃料を所持することはできません。より厳密には、 x リットルの燃料を持っているときに座標 X_i にあるガソリンスタンドを使うと P_i 円を払う必要があり、持っている燃料は \min(x + F_i, H) リットルとなります。 各ガソリンスタンドは、 往路と復路で合わせて 1 回までしか使うことができません。 はじめに燃料を H リットル所持しているとき、この計画を達成することができるか判定し、可能ならば必要な金額の最小値を求めてください。 制約 1 \leq N, H \leq 300 0 < X_1 < X_2 < \ldots < X_N \leq 10^5 1 \leq P_i \leq 10^5 1 \leq F_i \leq H 入力される数値はすべて整数 入力 入力は以下の形式で標準入力から与えられる。 N H X_1 X_2 \ldots X_N P_1 F_1 P_2 F_2 \vdots P_{N-1} F_{N-1} 出力 計画を達成できる場合は必要な金額の最小値を、できない場合は -1 を出力せよ。 入力例 1 4 10 2 5 9 11 8 10 5 8 4 9 出力例 1 9 往路で座標 5 の、復路で座標 9 のガソリンスタンドを用いることにより合計 9 円払うことで計画を達成することができます。 計画を達成するためにかかる金額を 8 円以下にすることはできません。往路と復路で同じガソリンスタンドを使うことができないことに注意してください。 入力例 2 1 1 100000 出力例 2 -1 入力例 3 5 20 4 13 16 18 23 1 16 2 8 4 11 8 13 出力例 3 13",550.0,
atcoder,abc,public_sponsored_abc,toyota,abc320,トヨタ自動車プログラミングコンテスト2023#5(AtCoder Beginner Contest 320),2023,,1694865600.0,2023.0,abc320_g,G,Slot Strategy 2 (Hard),G. Slot Strategy 2 (Hard),2575.0,707,"['binary search', 'bipartite matching', 'max flow', 'dinic']",4,https://atcoder.jp/contests/abc320/tasks/abc320_g,https://atcoder-tagged-backend.onrender.com/problems/all,2.3.0-sponsor-abc-kenkoooo-diff,ja,2026-06-04T18:46:05.900291+00:00,78.883,1812.0,"配点 : 600 点 問題文 この問題は C 問題の強化版です。リールの個数が 3 個から N 個になり、 M の上限が大きくなっています。 N 個のリールからなるスロットがあります。 i 番目のリールの配列は文字列 S_i によって表されます。ここで、 S_i は数字のみからなる長さ M の文字列です。 それぞれのリールには対応するボタンがついています。高橋君は各非負整数 t について、スロットが回り始めてからちょうど t 秒後にボタンを 1 つ選んで押す、または何もしないことができます。 スロットが回り始めてから t 秒後に i 番目のリールに対応するボタンを押すと、 i 番目のリールは S_i の (t \bmod M)+1 文字目を表示して止まります。 ただし、 t \bmod M で t を M で割ったあまりを表します。 高橋君は全てのリールを止めた上で、表示されている文字が全て同じであるようにしたいです。 高橋君が目標を達成できるように全てのリールを止めるまでに、スロットが回り始めてから最小で何秒かかるかを求めてください。 そのようなことが不可能であればそのことを報告してください。 制約 1 \leq N \leq 100 1 \leq M \leq 10^5 N,M は整数 S_i は数字のみからなる長さ M の文字列 入力 入力は以下の形式で標準入力から与えられる。 N M S_1 \vdots S_N 出力 全てのリールを止めた上で、表示されている文字が全て同じであるようにすることができないなら -1 を出力せよ。 できるなら、スロットが回り始めてからそのような状態にするまでに最小で何秒かかるか出力せよ。 入力例 1 3 10 1937458062 8124690357 2385760149 出力例 1 6 高橋君は次のようにそれぞれのリールを止めることでスロットが回り始めてから 6 秒後にリールに表示される文字を 8 で揃えることができます。 スロットの回転開始から 0 秒後に 2 番目のリールに対応するボタンを押します。 2 番目のリールは S_2 の (0 \bmod 10)+1=1 文字目である 8 を表示して止まります。 スロットの回転開始から 2 秒後に 3 番目のリールに対応するボタンを押します。 3 番目のリールは S_3 の (2 \bmod 10)+1=3 文字目である 8 を表示して止まります。 スロットの回転開始から 6 秒後に 1 番目のリールに対応するボタンを押します。 1 番目のリールは S_1 の (6 \bmod 10)+1=7 文字目である 8 を表示して止まります。 5 秒以下で全てのリールに表示されている文字を揃える方法はないため、 6 を出力します。 入力例 2 10 20 01234567890123456789 01234567890123456789 01234567890123456789 01234567890123456789 01234567890123456789 01234567890123456789 01234567890123456789 01234567890123456789 01234567890123456789 01234567890123456789 出力例 2 90 全てのリールを止めた上で、表示されている文字を揃える必要がある事に注意してください。 入力例 3 5 10 0000000000 1111111111 2222222222 3333333333 4444444444 出力例 3 -1 表示されている文字が全て同じであるようにリールを止めることはできません。 このとき -1 を出力してください。 入力例 4 10 20 14159265358979323846 26433832795028841971 69399375105820974944 59230781640628620899 86280348253421170679 82148086513282306647 09384460955058223172 53594081284811174502 84102701938521105559 64462294895493038196 出力例 4 11",600.0,
atcoder,abc,public_sponsored_abc,suntory,abc321,サントリープログラミングコンテスト2023（AtCoder Beginner Contest 321）,2023,,1695470400.0,2023.0,abc321_a,A,321-like Checker,A. 321-like Checker,-754.0,19281,"['implementation', 'string', 'digit']",3,https://atcoder.jp/contests/abc321/tasks/abc321_a,https://atcoder-tagged-backend.onrender.com/problems/all,2.3.0-sponsor-abc-kenkoooo-diff,ja,2026-06-04T18:46:05.900291+00:00,13.183,773.0,"配点 : 100 点 問題文 以下の条件を満たす正整数 x を 321-like Number と呼びます。 x の各桁を上から見ると狭義単調減少になっている。 すなわち、 x が d 桁の整数だとすると、 1 \le i < d を満たす全ての整数 i について以下の条件を満たす。 ( x の上から i 桁目 ) > ( x の上から i+1 桁目 ) なお、 1 桁の正整数は必ず 321-like Number であることに注意してください。 例えば、 321,96410,1 は 321-like Number ですが、 123,2109,86411 は 321-like Number ではありません。 N が入力として与えられるので、 N が 321-like Number なら Yes 、そうでないなら No と出力してください。 制約 入力は全て整数 1 \le N \le 99999 入力 入力は以下の形式で標準入力から与えられる。 N 出力 N が 321-like Number なら Yes 、そうでないなら No と出力せよ。 入力例 1 321 出力例 1 Yes N=321 に対して、以下が成り立ちます。 上から 1 桁目の 3 は上から 2 桁目の 2 より大きい。 上から 2 桁目の 2 は上から 3 桁目の 1 より大きい。 以上より、 321 は 321-like Number です。 入力例 2 123 出力例 2 No N=123 について、例えば以下が成り立ちます。 上から 1 桁目の 1 は上から 2 桁目の 2 より大きくない。 このことから、 123 は 321-like Number ではありません。 入力例 3 1 出力例 3 Yes 入力例 4 86411 出力例 4 No",100.0,
atcoder,abc,public_sponsored_abc,suntory,abc321,サントリープログラミングコンテスト2023（AtCoder Beginner Contest 321）,2023,,1695470400.0,2023.0,abc321_b,B,Cutoff,B. Cutoff,160.0,14416,"['simulation', 'sorting', 'greedy', 'implementation']",4,https://atcoder.jp/contests/abc321/tasks/abc321_b,https://atcoder-tagged-backend.onrender.com/problems/all,2.3.0-sponsor-abc-kenkoooo-diff,ja,2026-06-04T18:46:05.900291+00:00,31.222,1183.0,"配点 : 200 点 問題文 以下の手順で行われる試験があります。 試験は 1 ラウンド目から N ラウンド目までの N ラウンドからなる。 各ラウンドに対し、 0 以上 100 以下の整数でスコアが与えられる。 N ラウンドのスコアのうち、最高スコアと最低スコアを除いた N-2 ラウンドのスコアの合計が最終結果となる。 厳密には、各ラウンドのスコアを昇順に並べた列を S=(S_1,S_2,\dots,S_N) としたとき、最終結果は S_2+S_3+\dots+S_{N-1} となる。 現在、試験のうち N-1 ラウンドが終了し、 i ラウンド目のスコアは A_i でした。 最終結果を X 以上とするために N ラウンド目に取るべきスコアの最小値を出力してください。 但し、 N ラウンド目にどのようなスコアを取っても最終結果が X 以上にならない場合、代わりに -1 と出力してください。 なお、 N ラウンド目に取りうるスコアは 0 以上 100 以下の整数であることに注意してください。 制約 入力は全て整数 3 \le N \le 100 0 \le X \le 100 \times (N-2) 0 \le A_i \le 100 入力 入力は以下の形式で標準入力から与えられる。 N X A_1 A_2 \dots A_{N-1} 出力 答えを出力せよ。 入力例 1 5 180 40 60 80 50 出力例 1 70 4 ラウンド目までのスコアは 40,60,80,50 でした。 5 ラウンド目にスコア 70 を取ると、スコアを昇順に並べた列は S=(40,50,60,70,80) となり、最終結果は 50+60+70=180 となります。 なお、最終結果を 180 以上にするために取るべきスコアの最小値が 70 であることが示せます。 入力例 2 3 100 100 100 出力例 2 0 2 ラウンド目までのスコアは 100,100 でした。 3 ラウンド目にスコア 0 を取ると、スコアを昇順に並べた列は S=(0,100,100) となり、最終結果は 100 となります。 最大スコアである 100 が複数ありますが、そのうち 1 つしか除かれないことに注意してください。(最小スコアについても同様です) なお、最終結果を 100 以上にするために取るべきスコアの最小値が 0 であることが示せます。 入力例 3 5 200 0 0 99 99 出力例 3 -1 4 ラウンド目までのスコアは 0,0,99,99 でした。 5 ラウンド目にどのようなスコアを取っても、最終結果を 200 以上にすることができないことが示せます。 入力例 4 10 480 59 98 88 54 70 24 8 94 46 出力例 4 45",200.0,
atcoder,abc,public_sponsored_abc,suntory,abc321,サントリープログラミングコンテスト2023（AtCoder Beginner Contest 321）,2023,,1695470400.0,2023.0,abc321_c,C,321-like Searcher,C. 321-like Searcher,591.0,11706,"['bitmask', 'combinatorics', 'constructive', 'sorting', 'enumeration']",5,https://atcoder.jp/contests/abc321/tasks/abc321_c,https://atcoder-tagged-backend.onrender.com/problems/all,2.3.0-sponsor-abc-kenkoooo-diff,ja,2026-06-04T18:46:05.900291+00:00,39.728,638.0,"配点 : 300 点 問題文 以下の条件を満たす正整数 x を 321-like Number と呼びます。 この定義は A 問題と同様です。 x の各桁を上から見ると狭義単調減少になっている。 すなわち、 x が d 桁の整数だとすると、 1 \le i < d を満たす全ての整数 i について以下の条件を満たす。 ( x の上から i 桁目 ) > ( x の上から i+1 桁目 ) なお、 1 桁の正整数は必ず 321-like Number であることに注意してください。 例えば、 321,96410,1 は 321-like Number ですが、 123,2109,86411 は 321-like Number ではありません。 K 番目に小さい 321-like Number を求めてください。 制約 入力は全て整数 1 \le K 321-like Number は K 個以上存在する 入力 入力は以下の形式で標準入力から与えられる。 K 出力 K 番目に小さい 321-like Number を整数として出力せよ。 入力例 1 15 出力例 1 32 321-like Number は小さいものから順に (1,2,3,4,5,6,7,8,9,10,20,21,30,31,32,40,\dots) です。 このうち 15 番目に小さいものは 32 です。 入力例 2 321 出力例 2 9610 入力例 3 777 出力例 3 983210",300.0,
atcoder,abc,public_sponsored_abc,suntory,abc321,サントリープログラミングコンテスト2023（AtCoder Beginner Contest 321）,2023,,1695470400.0,2023.0,abc321_d,D,Set Menu,D. Set Menu,806.0,8796,"['binary search', 'prefix sum', 'implementation', 'sorting']",4,https://atcoder.jp/contests/abc321/tasks/abc321_d,https://atcoder-tagged-backend.onrender.com/problems/all,2.3.0-sponsor-abc-kenkoooo-diff,ja,2026-06-04T18:46:05.900291+00:00,43.971,985.0,"配点 : 400 点 問題文 AtCoder 食堂では N 種類の主菜と M 種類の副菜が提供されており、 i 種類目の主菜の価格は A_i 、 j 種類目の副菜の価格は B_j です。 AtCoder 食堂では新たに定食のメニューを設けることを検討しています。 定食は 1 種類の主菜と 1 種類の副菜から構成され、主菜と副菜の価格の和を s としたとき、定食の価格は \min(s,P) です。 ここで、 P は入力で与えられる定数です。 定食を構成する主菜と副菜の選び方は NM 通りありますが、それらすべてに対する定食の価格の総和を求めてください。 制約 1\leq N,M \leq 2\times 10^5 1\leq A_i,B_j \leq 10^8 1\leq P \leq 2\times 10^8 入力は全て整数 入力 入力は以下の形式で標準入力から与えられる。 N M P A_1 A_2 \dots A_N B_1 B_2 \dots B_M 出力 答えを整数として出力せよ。 なお、本問題の制約下では、答えは 64 bit 符号付き整数型の範囲に収まることが証明できる。 入力例 1 2 2 7 3 5 6 1 出力例 1 24 1 種類目の主菜と 1 種類目の副菜を選んだ場合、定食の価格は \min(3+6,7)=7 です。 1 種類目の主菜と 2 種類目の副菜を選んだ場合、定食の価格は \min(3+1,7)=4 です。 2 種類目の主菜と 1 種類目の副菜を選んだ場合、定食の価格は \min(5+6,7)=7 です。 2 種類目の主菜と 2 種類目の副菜を選んだ場合、定食の価格は \min(5+1,7)=6 です。 よって、答えは 7+4+7+6=24 です。 入力例 2 1 3 2 1 1 1 1 出力例 2 6 入力例 3 7 12 25514963 2436426 24979445 61648772 23690081 33933447 76190629 62703497 11047202 71407775 28894325 31963982 22804784 50968417 30302156 82631932 61735902 80895728 23078537 7723857 出力例 3 2115597124",400.0,
atcoder,abc,public_sponsored_abc,suntory,abc321,サントリープログラミングコンテスト2023（AtCoder Beginner Contest 321）,2023,,1695470400.0,2023.0,abc321_e,E,Complete Binary Tree,E. Complete Binary Tree,1627.0,3335,"['binary tree', 'lca', 'tree', 'bit manipulation', 'range counting']",5,https://atcoder.jp/contests/abc321/tasks/abc321_e,https://atcoder-tagged-backend.onrender.com/problems/all,2.3.0-sponsor-abc-kenkoooo-diff,ja,2026-06-04T18:46:05.900291+00:00,60.174,1289.0,"配点 : 450 点 問題文 1 から N までの番号が付けられた N 頂点からなる木があります。 各 i\ (2 \leq i \leq N) について、頂点 i と頂点 \lfloor \frac{i}{2} \rfloor を結ぶ辺が張られています。 逆に、これら以外の辺は存在しません。 この木において、頂点 X との距離が K である頂点の数を求めてください。 ただし、 2 頂点 u,v の距離は、頂点 u,v を結ぶ単純パスに含まれる辺の個数として定義されます。 T 個のテストケースが与えられるので、それぞれについて答えを求めてください。 制約 1\leq T \leq 10^5 1\leq N \leq 10^{18} 1\leq X \leq N 0\leq K \leq N-1 入力は全て整数 入力 入力は以下の形式で標準入力から与えられる。 ここで、 \mathrm{test}_i は i 番目のテストケースを意味する。 T \mathrm{test}_1 \mathrm{test}_2 \vdots \mathrm{test}_T 各テストケースは以下の形式で与えられる。 N X K 出力 T 行出力せよ。 i\ (1 \leq i \leq T) 行目には、 i 番目のテストケースに対する答えを整数として出力せよ。 入力例 1 5 10 2 0 10 2 1 10 2 2 10 2 3 10 2 4 出力例 1 1 3 4 2 0 N=10 のとき、木は以下の図のようになります。 このとき、 頂点 2 との距離が 0 である頂点は 2 の 1 つです。 頂点 2 との距離が 1 である頂点は 1,4,5 の 3 つです。 頂点 2 との距離が 2 である頂点は 3,8,9,10 の 4 つです。 頂点 2 との距離が 3 である頂点は 6,7 の 2 つです。 頂点 2 との距離が 4 である頂点は存在しません。 入力例 2 10 822981260158260522 52 20 760713016476190629 2314654 57 1312150450968417 1132551176249851 7 1000000000000000000 1083770654 79 234122432773361868 170290518806790 23 536187734191890310 61862 14 594688604155374934 53288633578 39 1000000000000000000 120160810 78 89013034180999835 14853481725739 94 463213054346948152 825589 73 出力例 2 1556480 140703128616960 8 17732923532771328 65536 24576 2147483640 33776997205278720 7881299347898368 27021597764222976",450.0,
atcoder,abc,public_sponsored_abc,suntory,abc321,サントリープログラミングコンテスト2023（AtCoder Beginner Contest 321）,2023,,1695470400.0,2023.0,abc321_f,F,#(subset sum = K) with Add and Erase ,F. #(subset sum = K) with Add and Erase ,1645.0,6166,"['dp', 'subset sum', 'operations', 'modular arithmetic']",4,https://atcoder.jp/contests/abc321/tasks/abc321_f,https://atcoder-tagged-backend.onrender.com/problems/all,2.3.0-sponsor-abc-kenkoooo-diff,ja,2026-06-04T18:46:05.900291+00:00,60.529,928.0,"配点 : 525 点 問題文 箱を用意します。最初、箱は空です。 この箱に対して、以下の 2 種類の操作を合計 Q 個、入力で与えられた順に施します。 + x タイプ 1 : 箱の中に整数 x の書かれたボールを 1 つ追加する。 - x タイプ 2 : 箱の中にある、整数 x の書かれたボールを 1 つ取り除く。 但し、取り除く前の時点で箱の中に整数 x が書かれたボールが含まれることが保証されます。 各操作後の箱に関して、以下の問題を解いてください。 箱からボールをいくつか取り出して、ボールに書かれた整数の総和を K とする方法の総数を 998244353 で割った余りを求めてください。 但し、箱の中に入っている全てのボールは区別可能です。 制約 入力は全て整数 1 \le Q \le 5000 1 \le K \le 5000 タイプ 1 の操作に関して、 1 \le x \le 5000 全ての操作は問題文中の条件を満たす。 入力 入力は以下の形式で標準入力から与えられる。 但し、 \rm{Query} _{i} は i 個目の操作を表す。 Q K \rm{Query} _{1} \rm{Query} _{2} \vdots \rm{Query} _{Q} 出力 全体で Q 行出力せよ。 そのうち i 行目には、 i 個目までの操作を終えた時点での答えを出力せよ。 入力例 1 15 10 + 5 + 2 + 3 - 2 + 5 + 10 - 3 + 1 + 3 + 3 - 5 + 1 + 7 + 4 - 3 出力例 1 0 0 1 0 1 2 2 2 2 2 1 3 5 8 5 この入力には、操作が 15 個含まれます。 最後の操作の後、箱の中に入ったボールは (5,10,1,3,1,7,4) となります。 総和を 10 にする方法は以下の 5 通りです。 5+1+3+1 ( 1,3,4,5 番目のボールを取り出す ) 5+1+4 ( 1,3,7 番目のボールを取り出す ) 5+1+4 ( 1,5,7 番目のボールを取り出す ) 10 ( 2 番目のボールを取り出す ) 3+7 ( 4,6 番目のボールを取り出す )",525.0,
atcoder,abc,public_sponsored_abc,suntory,abc321,サントリープログラミングコンテスト2023（AtCoder Beginner Contest 321）,2023,,1695470400.0,2023.0,abc321_g,G,Electric Circuit,G. Electric Circuit,2439.0,792,"['expectation', 'bitmask dp', 'connected components', 'modular arithmetic', 'combinatorics']",5,https://atcoder.jp/contests/abc321/tasks/abc321_g,https://atcoder-tagged-backend.onrender.com/problems/all,2.3.0-sponsor-abc-kenkoooo-diff,ja,2026-06-04T18:46:05.900291+00:00,76.199,1233.0,"配点 : 600 点 問題文 1 から N までの番号が付けられた N 個の部品と M 本のケーブルを使って電気回路を作ろうとしています。 これらの部品には赤い端子と青い端子がそれぞれ合計で M 個ずつ存在し、 i 個目の赤い端子は部品 R_i に、 i 個目の青い端子は部品 B_i についています。 各ケーブルは赤い端子 1 つと青い端子 1 つを繋ぎます。 特に、同じ部品についた 2 つの端子を繋ぐことも許されます。 また、 1 つの端子に対して 2 本以上のケーブルを繋げることはできません。 したがって、 M 本のケーブルの繋ぎ方は全部で M! 通りあります（ケーブル同士は区別しないことに注意してください）。 部品を頂点、ケーブルを辺としたグラフとしてこの回路を見たときの連結成分数を s とします。 M 本のケーブルの繋ぎ方を M! 通りからランダムに選ぶときの s の期待値を \text{mod } 998244353 で求めてください。 期待値を \text{mod } 998244353 で求めるとは 求める期待値は必ず有理数となることが証明できます。 またこの問題の制約下では、その値を互いに素な 2 つの整数 P , Q を用いて \frac{P}{Q} と表したとき、 R \times Q \equiv P\pmod{998244353} かつ 0 \leq R \lt 998244353 を満たす整数 R がただ一つ存在することが証明できます。 この R を求めてください。 制約 1\leq N \leq 17 1 \leq M \leq 10^5 1 \leq R_i, B_i \leq N 入力は全て整数 入力 入力は以下の形式で標準入力から与えられる。 N M R_1 R_2 \dots R_M B_1 B_2 \dots B_M 出力 s の期待値を \text{mod } 998244353 で出力せよ。 入力例 1 3 2 1 2 3 2 出力例 1 499122178 i 個目の赤い端子と j 個目の青い端子をケーブルで繋ぐことを (i, j) と表記します。 (1,1), (2,2) の場合： \lbrace 1,3 \rbrace と \lbrace 2 \rbrace という 2 つの連結成分ができるので、 s=2 です。 (1,2), (2,1) の場合：全体が 1 つの連結成分になるので、 s=1 です。 よって、 s の期待値は \frac{3}{2} \equiv 499122178 \pmod {998244353} です。 入力例 2 17 5 1 1 1 1 1 1 1 1 1 1 出力例 2 17 どのように繋いでも s=N になります。 入力例 3 8 10 2 4 7 1 7 6 1 4 8 1 5 1 5 2 5 8 4 6 1 3 出力例 3 608849831",600.0,
atcoder,abc,public_sponsored_abc,unique_vision,abc323,ユニークビジョンプログラミングコンテスト2023 秋 (AtCoder Beginner Contest 323),2023,,1696680000.0,2023.0,abc323_a,A,Weak Beats,A. Weak Beats,-921.0,19696,"['string', 'implementation', 'iteration']",3,https://atcoder.jp/contests/abc323/tasks/abc323_a,https://atcoder-tagged-backend.onrender.com/problems/all,2.3.0-sponsor-abc-kenkoooo-diff,ja,2026-06-04T18:46:05.900291+00:00,9.888,497.0,配点 : 100 点 問題文 0 と 1 からなる長さ 16 の文字列 S が与えられます。 2 以上 16 以下のすべての偶数 i について S の i 文字目が 0 ならば Yes を、 そうでないならば No を出力してください。 制約 S は 0 と 1 からなる長さ 16 の文字列 入力 入力は以下の形式で標準入力から与えられる。 S 出力 2 以上 16 以下のすべての偶数 i について S の i 文字目が 0 ならば Yes を、 そうでないならば No を出力せよ。 入力例 1 1001000000001010 出力例 1 No S= 1001000000001010 の 4 文字目が 1 であるため、 No を出力します。 入力例 2 1010100000101000 出力例 2 Yes S= 1010100000101000 の偶数番目の文字はすべて 0 であるため、 Yes を出力します。 入力例 3 1111111111111111 出力例 3 No S の偶数文字目はすべて 1 となっています。 特に「すべて 0 」ではないため、 No を出力します。,100.0,
atcoder,abc,public_sponsored_abc,unique_vision,abc323,ユニークビジョンプログラミングコンテスト2023 秋 (AtCoder Beginner Contest 323),2023,,1696680000.0,2023.0,abc323_b,B,Round-Robin Tournament,B. Round-Robin Tournament,-267.0,16660,"['sorting', 'string', 'implementation', 'simulation']",4,https://atcoder.jp/contests/abc323/tasks/abc323_b,https://atcoder-tagged-backend.onrender.com/problems/all,2.3.0-sponsor-abc-kenkoooo-diff,ja,2026-06-04T18:46:05.900291+00:00,22.795,803.0,"配点 : 200 点 問題文 1 から N までの番号が付いた N 人のプレイヤーが総当たり戦をしました。この総当たり戦で行われた試合全てについて、二人の一方が勝ち、もう一方が負けました。 総当たり戦の結果は N 個の長さ N の文字列 S_1,S_2,\ldots,S_N によって以下の形式で与えられます。 i\neq j のとき、 S_i の j 文字目は o , x のいずれかであり、 o のときプレイヤー i がプレイヤー j に勝ったことを、 x のときプレイヤー i がプレイヤー j に負けたことを意味する。 i=j のとき、 S_i の j 文字目は - である。 総当たり戦で勝った試合数が多いほうが順位が上であり、勝った試合数が同じ場合は、プレイヤーの番号が小さいほうが順位が上となります。 N 人のプレイヤーの番号を順位が高い順に答えてください。 制約 2\leq N\leq 100 N は整数 S_i は o , x , - からなる長さ N の文字列 S_1,\ldots,S_N は問題文中の形式を満たす 入力 入力は以下の形式で標準入力から与えられる。 N S_1 S_2 \vdots S_N 出力 N 人のプレイヤーの番号を、順位が高い順に空白区切りで出力せよ。 入力例 1 3 -xx o-x oo- 出力例 1 3 2 1 プレイヤー 1 は 0 勝、プレイヤー 2 は 1 勝、プレイヤー 3 は 2 勝なので、プレイヤーの番号は順位が高い順に 3,2,1 です。 入力例 2 7 -oxoxox x-xxxox oo-xoox xoo-ooo ooxx-ox xxxxx-x oooxoo- 出力例 2 4 7 3 1 5 2 6 プレイヤー 4 とプレイヤー 7 はどちらも 5 勝ですが、プレイヤー番号が小さいプレイヤー 4 のほうが順位が上になります。",200.0,
atcoder,abc,public_sponsored_abc,unique_vision,abc323,ユニークビジョンプログラミングコンテスト2023 秋 (AtCoder Beginner Contest 323),2023,,1696680000.0,2023.0,abc323_c,C,World Tour Finals,C. World Tour Finals,354.0,11964,"['greedy', 'sorting', 'simulation']",3,https://atcoder.jp/contests/abc323/tasks/abc323_c,https://atcoder-tagged-backend.onrender.com/problems/all,2.3.0-sponsor-abc-kenkoooo-diff,ja,2026-06-04T18:46:05.900291+00:00,35.05,1349.0,"配点 : 250 点 問題文 N 人のプレイヤーが参加するプログラミングコンテスト World Tour Finals が行われており、競技時間の半分が過ぎました。 このコンテストでは M 問の問題が出題されており、問題 i の点数 A_i は 500 以上 2500 以下の 100 の倍数です。 各 i = 1, \ldots, N について、プレイヤー i がどの問題を既に解いたかを表す文字列 S_i が与えられます。 S_i は o , x からなる長さ M の文字列で、 S_i の j 文字目が o のときプレイヤー i は問題 j を既に解いており、 x のときまだ解いていません。 ただし、どのプレイヤーもまだ全ての問題を解いてはいません。 プレイヤー i の総合得点は、解いた問題の点数の合計に、 ボーナス点 i 点を加えた点数として計算されます。 さて、各 i = 1, \ldots, N について以下の質問に答えてください。 プレイヤー i がまだ解いていない問題を少なくとも何問解くことで、プレイヤー i の総合得点が他のプレイヤー全員の現在の総合得点を上回ることができますか？ なお、問題文中の条件と制約から、プレイヤー i が全ての問題を解くことで、他のプレイヤー全員の現在の総合得点を上回ることができることが証明できます。 このことから、答えは常に定義されることに注意してください。 制約 2\leq N\leq 100 1\leq M\leq 100 500\leq A_i\leq 2500 A_i は 100 の倍数 S_i は o , x からなる長さ M の文字列 S_i には x が一個以上含まれる 入力される数値は全て整数 入力 入力は以下の形式で標準入力から与えられる。 N M A_1 A_2 \ldots A_M S_1 S_2 \vdots S_N 出力 N 行出力せよ。 i 行目にはプレイヤー i に関する質問の答えを出力せよ。 入力例 1 3 4 1000 500 700 2000 xxxo ooxx oxox 出力例 1 0 1 1 競技時間の半分の経過時の各プレイヤーの総合得点は、プレイヤー 1 が 2001 点、プレイヤー 2 が 1502 点、プレイヤー 3 が 1703 点です。 プレイヤー 1 は 1 問も解かずとも、他のプレイヤー全員の総合得点を上回っています。 プレイヤー 2 は、例えば問題 4 を解けば総合得点が 3502 点となり、他のプレイヤー全員の総合得点を上回ります。 プレイヤー 3 も、例えば問題 4 を解けば総合得点が 3703 点となり、他のプレイヤー全員の総合得点を上回ります。 入力例 2 5 5 1000 1500 2000 2000 2500 xxxxx oxxxx xxxxx oxxxx oxxxx 出力例 2 1 1 1 1 0 入力例 3 7 8 500 500 500 500 500 500 500 500 xxxxxxxx oxxxxxxx ooxxxxxx oooxxxxx ooooxxxx oooooxxx ooooooxx 出力例 3 7 6 5 4 3 2 0",250.0,
atcoder,abc,public_sponsored_abc,unique_vision,abc323,ユニークビジョンプログラミングコンテスト2023 秋 (AtCoder Beginner Contest 323),2023,,1696680000.0,2023.0,abc323_d,D,Merge Slimes,D. Merge Slimes,852.0,7718,"['base representation', 'bit manipulation', 'number theory', 'greedy', 'map', 'observation']",6,https://atcoder.jp/contests/abc323/tasks/abc323_d,https://atcoder-tagged-backend.onrender.com/problems/all,2.3.0-sponsor-abc-kenkoooo-diff,ja,2026-06-04T18:46:05.900291+00:00,44.879,940.0,"配点 : 425 点 問題文 最初、 N 種類のサイズのスライムがいます。 具体的には、 1\leq i\leq N について、サイズ S_i のスライムが C_i 匹います。 高橋君はスライムの合成を好きな順番で好きなだけ( 0 回でも良い)繰り返すことができます。 スライムの合成では、次のことを行います。 同じ サイズの 2 匹のスライムを選ぶ。選ばれたスライムのサイズが X であったとき、新しくサイズ 2X のスライムが出現する。合成後、選ばれた元のスライムは 2 匹とも消滅する。 高橋君はスライムの匹数を最小にしたいと考えています。 高橋君がうまく合成を繰り返した時、最小で何匹にすることができるでしょうか? 制約 1\leq N\leq 10^5 1\leq S_i\leq 10^9 1\leq C_i\leq 10^9 S_1,S_2,\ldots,S_N はすべて異なる。 入力はすべて整数 入力 入力は以下の形式で標準入力から与えられる。 N S_1 C_1 S_2 C_2 \vdots S_N C_N 出力 高橋君が合成を繰り返した後のスライムの匹数としてあり得る最小の数を出力せよ。 入力例 1 3 3 3 5 1 6 1 出力例 1 3 最初、サイズ 3 のスライムが 3 匹、サイズ 5 のスライムが 1 匹、サイズ 6 のスライムが 1 匹います。 高橋君は次のように合成を 2 回行うことができます。 まず、サイズ 3 のスライム 2 匹を選んで合成を行います。サイズ 3 のスライムが 1 匹、サイズ 5 のスライムが 1 匹、サイズ 6 のスライムが 2 匹となります。 次に、サイズ 6 のスライム 2 匹を選んで合成を行います。サイズ 3 のスライムが 1 匹、サイズ 5 のスライムが 1 匹、サイズ 12 のスライムが 1 匹となります。 高橋君は最初の状態からどのように合成を繰り返してもスライムを 2 匹以下にすることはできないため、 3 を出力します。 入力例 2 3 1 1 2 1 3 1 出力例 2 3 高橋君は合成を行うことができません。 入力例 3 1 1000000000 1000000000 出力例 3 13",425.0,
atcoder,abc,public_sponsored_abc,unique_vision,abc323,ユニークビジョンプログラミングコンテスト2023 秋 (AtCoder Beginner Contest 323),2023,,1696680000.0,2023.0,abc323_e,E,Playlist,E. Playlist,1279.0,4620,"['dp', 'probability', 'modular arithmetic']",3,https://atcoder.jp/contests/abc323/tasks/abc323_e,https://atcoder-tagged-backend.onrender.com/problems/all,2.3.0-sponsor-abc-kenkoooo-diff,ja,2026-06-04T18:46:05.900291+00:00,53.306,1121.0,配点 : 450 点 問題文 高橋君は N 曲からなるプレイリストを持っています。 曲 i (1 \leq i \leq N) の長さは T_i 秒です。 高橋君は時刻 0 にプレイリストのランダム再生を開始しました。 ランダム再生では、 N 曲の中から等確率で 1 つを選びその曲を最後まで再生することが繰り返されます。 ここで、曲の再生は休みなく行われ、 1 つの曲が終わったらすぐに次に選ばれた曲が始まります。 また、同じ曲が連続して選ばれる事もあります。 時刻 0 から (X+0.5) 秒後に曲 1 が再生されている確率を \text{mod}998244353 で求めてください。 確率 \text{mod } 998244353 の定義 この問題で求める確率は必ず有理数になることが証明できます。 また、この問題の制約下では、求める確率を既約分数 \frac{y}{x} で表したときに x が 998244353 で割り切れないことが保証されます。 このとき xz \equiv y \pmod{998244353} を満たすような 0 以上 998244352 以下の整数 z が一意に定まります。この z を答えてください。 制約 2 \leq N\leq 10^3 0 \leq X\leq 10^4 1 \leq T_i\leq 10^4 入力はすべて整数 入力 入力は以下の形式で標準入力から与えられる。 N X T_1 T_2 \ldots T_N 出力 時刻 0 から (X+0.5) 秒後にプレイリストの 1 番目の曲が再生されている確率を \text{mod}998244353 で出力せよ。 入力例 1 3 6 3 5 6 出力例 1 369720131 時刻 0 から 6.5 秒後に曲 1 が流れているパターンとしてあり得るのは、 曲 1 \to 曲 1 \to 曲 1 曲 2 \to 曲 1 曲 3 \to 曲 1 の順で音楽が再生された場合であり、これらのいずれかが起こる確率は \frac{7}{27} となります。 369720131\times 27\equiv 7 \pmod{998244353} であるため、 369720131 を出力します。 入力例 2 5 0 1 2 1 2 1 出力例 2 598946612 時刻 0 から 0.5 秒後には最初に再生された曲が再生されているため、求める確率は \frac{1}{5} となります。 同じ長さの異なる曲が存在することがあることに注意してください。 入力例 3 5 10000 1 2 3 4 5 出力例 3 586965467,450.0,
atcoder,abc,public_sponsored_abc,unique_vision,abc323,ユニークビジョンプログラミングコンテスト2023 秋 (AtCoder Beginner Contest 323),2023,,1696680000.0,2023.0,abc323_f,F,Push and Carry,F. Push and Carry,1532.0,2623,"['manhattan distance', 'case work', 'coordinate geometry', 'greedy', 'constructive']",5,https://atcoder.jp/contests/abc323/tasks/abc323_f,https://atcoder-tagged-backend.onrender.com/problems/all,2.3.0-sponsor-abc-kenkoooo-diff,ja,2026-06-04T18:46:05.900291+00:00,58.299,1111.0,"配点 : 525 点 問題文 座標平面上に高橋君と荷物があります。 高橋君は現在 (X_A,Y_A) におり、荷物は (X_B,Y_B) にあります。 高橋君は荷物を (X_C,Y_C) まで運びたいです。 高橋君は (x,y) にいるとき、 1 回の行動で次のいずれかの動きをすることができます。 (x+1,y) に移動する。移動前の時点で荷物が (x+1,y) にあった時、荷物を (x+2,y) に移動させる。 (x-1,y) に移動する。移動前の時点で荷物が (x-1,y) にあった時、荷物を (x-2,y) に移動させる。 (x,y+1) に移動する。移動前の時点で荷物が (x,y+1) にあった時、荷物を (x,y+2) に移動させる。 (x,y-1) に移動する。移動前の時点で荷物が (x,y-1) にあった時、荷物を (x,y-2) に移動させる。 荷物を (X_C,Y_C) に移動させるまでに必要な最小の行動回数を求めてください。 制約 -10^{17}\leq X_A,Y_A,X_B,Y_B,X_C,Y_C\leq 10^{17} (X_A,Y_A)\neq (X_B,Y_B) (X_B,Y_B)\neq (X_C,Y_C) 入力はすべて整数 入力 入力は以下の形式で標準入力から与えられる。 X_A Y_A X_B Y_B X_C Y_C 出力 荷物を (X_C,Y_C) に移動させるまでに必要な最小の行動回数を出力せよ。 入力例 1 1 2 3 3 0 5 出力例 1 9 高橋君は次のように行動することで 9 回で荷物を (0,5) に運ぶことができます。 (2,2) へ移動する。 (3,2) へ移動する。 (3,3) へ移動する。荷物は (3,4) に移動する。 (3,4) へ移動する。荷物は (3,5) に移動する。 (4,4) へ移動する。 (4,5) へ移動する。 (3,5) へ移動する。荷物は (2,5) に移動する。 (2,5) へ移動する。荷物は (1,5) に移動する。 (1,5) へ移動する。荷物は (0,5) に移動する。 8 回以下で荷物を (0,5) に運ぶことができないので、 9 を出力します。 入力例 2 0 0 1 0 -1 0 出力例 2 6 入力例 3 -100000000000000000 -100000000000000000 100000000000000000 100000000000000000 -100000000000000000 -100000000000000000 出力例 3 800000000000000003",525.0,
atcoder,abc,public_sponsored_abc,unique_vision,abc323,ユニークビジョンプログラミングコンテスト2023 秋 (AtCoder Beginner Contest 323),2023,,1696680000.0,2023.0,abc323_g,G,Inversion of Tree,G. Inversion of Tree,3091.0,141,"['kirchhoff theorem', 'determinant', 'polynomial', 'linear algebra']",4,https://atcoder.jp/contests/abc323/tasks/abc323_g,https://atcoder-tagged-backend.onrender.com/problems/all,2.3.0-sponsor-abc-kenkoooo-diff,ja,2026-06-04T18:46:05.900291+00:00,89.067,707.0,"配点 : 650 点 問題文 (1,2,\ldots,N) の順列 P=(P_1,P_2,\ldots,P_N) が与えられます。 頂点に 1 から N の番号が付いた N 頂点の木のうち、以下の条件を満たすものの個数を 998244353 で割ったあまりを K=0,1,\ldots,N-1 に対して求めてください。 木で直接辺で結ばれた頂点の組 (u_i,v_i)\ (u_i < v_i) のうち、 P_{u_i}>P_{v_i} を満たすものがちょうど K 個ある。 制約 2\leq N\leq 500 P は (1,2,\ldots,N) の順列 入力 入力は以下の形式で標準入力から与えられる。 N P_1 P_2 \ldots P_N 出力 各 K=0,1,\ldots,N-1 に対して、条件を満たす木の個数を 998244353 で割ったあまりを空白区切りで出力せよ。 入力例 1 3 1 3 2 出力例 1 1 2 0 K=0 のときの答えは、頂点 1,2 と頂点 1,3 を結ぶ木の一つです。実際、 P_1 < P_2 , P_1<P_3 です。 K=1 のときの答えは、頂点 1,2 と頂点 2,3 を結ぶ木と頂点 1,3 と頂点 2,3 を結ぶ木の二つです。実際、頂点 1,2 と頂点 2,3 を結ぶ木では、 P_1 < P_2 , P_2>P_3 です。 入力例 2 10 3 1 4 10 8 6 9 2 7 5 出力例 2 294448 2989776 12112684 25422152 30002820 20184912 7484084 1397576 108908 2640",650.0,
atcoder,abc,public_sponsored_abc,keyence,abc325,キーエンスプログラミングコンテスト2023秋（AtCoder Beginner Contest 325）,2023,,1697889600.0,2023.0,abc325_a,A,Takahashi san,A. Takahashi san,-1158.0,15083,"['string', 'input output', 'implementation']",3,https://atcoder.jp/contests/abc325/tasks/abc325_a,https://atcoder-tagged-backend.onrender.com/problems/all,2.3.0-sponsor-abc-kenkoooo-diff,ja,2026-06-04T18:46:05.900291+00:00,5.21,418.0,"配点 : 100 点 問題文 キーエンスでは、役割や年齢、立場の違いに関係なく「さん」付けして呼ぶという文化があります。 新入社員が社長を呼ぶときも「中田さん」と呼びます。 ある人の苗字と名前がそれぞれ文字列 S,T として与えられます。 苗字、スペース（ ）、敬称（ san ）をこの順に連結した文字列を出力してください。 制約 S,T は以下の各条件を満たす文字列 長さ 1 以上 10 以下 先頭の文字は英大文字 先頭以外の文字は英小文字 入力 入力は以下の形式で標準入力から与えられる。 S T 出力 苗字、スペース（ ）、敬称（ san ）をこの順に連結した文字列を出力せよ。 入力例 1 Takahashi Chokudai 出力例 1 Takahashi san 苗字（ Takahashi ）、スペース（ ）、敬称（ san ）をこの順に連結した文字列を出力します。 入力例 2 K Eyence 出力例 2 K san",100.0,
atcoder,abc,public_sponsored_abc,keyence,abc325,キーエンスプログラミングコンテスト2023秋（AtCoder Beginner Contest 325）,2023,,1697889600.0,2023.0,abc325_b,B,World Meeting,B. World Meeting,61.0,10907,"['brute force', 'implementation', 'modular arithmetic']",3,https://atcoder.jp/contests/abc325/tasks/abc325_b,https://atcoder-tagged-backend.onrender.com/problems/all,2.3.0-sponsor-abc-kenkoooo-diff,ja,2026-06-04T18:46:05.900291+00:00,29.268,832.0,配点 : 250 点 問題文 キーエンスには世界各地に N 個の拠点があり、 1 から N までの番号が付けられています。 拠点 i には W_i 人の社員が所属しており、世界標準時で 0 時のとき拠点 i は X_i 時です。 あなたはキーエンス全社で 1 時間の会議を開きたいです。 各社員は、会議の開催時間帯が所属する拠点における 9:00-18:00 の時間帯に完全に含まれる場合にのみ会議に参加できます。 なるべく多くの社員が参加できるように会議の開催時間帯を決めるとき、会議に参加できる社員の数の最大値を求めてください。 制約 1\leq N \leq 1000 1\leq W_i \leq 10^6 0\leq X_i < 24 入力は全て整数 入力 入力は以下の形式で標準入力から与えられる。 N W_1 X_1 W_2 X_2 \vdots W_N X_N 出力 会議に参加できる社員の数の最大値を出力せよ。 入力例 1 3 5 0 3 3 2 18 出力例 1 8 世界標準時で 14:00-15:00 の時間帯に会議を開催することを考えます。 拠点 1 における 14:00-15:00 の時間帯に会議が開催されるため、拠点 1 に所属する 5 人の社員は会議に参加できます。 拠点 2 における 17:00-18:00 の時間帯に会議が開催されるため、拠点 2 に所属する 3 人の社員は会議に参加できます。 拠点 3 における 8:00-9:00 の時間帯に会議が開催されるため、拠点 3 に所属する 2 人の社員は会議に参加できません。 よって、合計で 5+3=8 人の社員が会議に参加できます。 これより多くの社員が参加できるような会議の開催時間帯はありません。 入力例 2 2 1 10 1000000 20 出力例 2 1000000 入力例 3 6 31 3 20 8 11 5 4 3 47 14 1 18 出力例 3 67,250.0,
atcoder,abc,public_sponsored_abc,keyence,abc325,キーエンスプログラミングコンテスト2023秋（AtCoder Beginner Contest 325）,2023,,1697889600.0,2023.0,abc325_c,C,Sensors,C. Sensors,400.0,9911,"['grid', 'connected components', 'dfs', 'bfs', 'implementation']",5,https://atcoder.jp/contests/abc325/tasks/abc325_c,https://atcoder-tagged-backend.onrender.com/problems/all,2.3.0-sponsor-abc-kenkoooo-diff,ja,2026-06-04T18:46:05.900291+00:00,35.958,1075.0,"配点 : 300 点 問題文 H 行 W 列のマス目の上に 0 個以上のセンサが配置されています。上から i 行目、左から j 列目のマス目を (i, j) と表記します。 センサが配置されているマス目の情報は長さ W の文字列 S_1, S_2, \ldots, S_H によって与えられ、 S_i の j 文字目が # のとき、またそのときに限り (i, j) にセンサが配置されています。 このセンサは上下左右斜めに隣接しているマス目に存在する他のセンサと連動し、一つのセンサとして動作します。 ただし、マス目 (x, y) と (x', y') が上下左右斜めに隣接しているとは、 \max(|x-x'|,|y-y'|) = 1 であることを指します。 また、センサ A とセンサ B が連動し、センサ A とセンサ C が連動しているとき、センサ B とセンサ C も連動することに注意してください。 連動するセンサを一つのセンサと見なしたとき、このマス目の上にあるセンサの個数を求めてください。 制約 1 \leq H, W \leq 1000 H, W は整数 S_i は各文字が # または . である長さ W の文字列 入力 入力は以下の形式で標準入力から与えられる。 H W S_1 S_2 \vdots S_H 出力 答えを出力せよ。 入力例 1 5 6 .##... ...#.. ....## #.#... ..#... 出力例 1 3 連動しているセンサを一つのセンサと見なしたとき、 (1,2),(1,3),(2,4),(3,5),(3,6) にあるセンサが連動したもの (4,1) にあるセンサ (4,3),(5,3) にあるセンサが連動したもの の 3 つのセンサが存在します。 入力例 2 3 3 #.# .#. #.# 出力例 2 1 入力例 3 4 2 .. .. .. .. 出力例 3 0 入力例 4 5 47 .#..#..#####..#...#..#####..#...#...###...##### .#.#...#.......#.#...#......##..#..#...#..#.... .##....#####....#....#####..#.#.#..#......##### .#.#...#........#....#......#..##..#...#..#.... .#..#..#####....#....#####..#...#...###...##### 出力例 4 7",300.0,
atcoder,abc,public_sponsored_abc,keyence,abc325,キーエンスプログラミングコンテスト2023秋（AtCoder Beginner Contest 325）,2023,,1697889600.0,2023.0,abc325_d,D,Printing Machine,D. Printing Machine,1367.0,4478,"['greedy', 'priority queue', 'sorting', 'interval', 'simulation']",5,https://atcoder.jp/contests/abc325/tasks/abc325_d,https://atcoder-tagged-backend.onrender.com/problems/all,2.3.0-sponsor-abc-kenkoooo-diff,ja,2026-06-04T18:46:05.900291+00:00,55.042,902.0,"配点 : 450 点 問題文 1 から N までの番号が付けられた N 個の商品がベルトコンベア上を流れています。 ベルトコンベアには印字機が取り付けられており、商品 i は今から T_i [μs] 後に印字機の範囲に入り、その D_i [μs] 後に印字機の範囲から出ます。 キーエンスの印字機は、印字機の範囲内にある商品 1 つに一瞬で印字することができます（特に、商品が印字機の範囲に入る瞬間や範囲から出る瞬間に印字することも可能です）。 ただし、 1 度印字すると、次に印字するまでに 1 [μs] のチャージ時間が必要です。 印字機が印字をする商品とタイミングをうまく選んだとき、最大で何個の商品に印字することができますか？ 制約 1\leq N \leq 2\times 10^5 1\leq T_i,D_i \leq 10^{18} 入力は全て整数 入力 入力は以下の形式で標準入力から与えられる。 N T_1 D_1 T_2 D_2 \vdots T_N D_N 出力 印字機が印字することのできる商品の数の最大値を出力せよ。 入力例 1 5 1 1 1 1 2 1 1 2 1 4 出力例 1 4 以下、今から t [μs] 後のことを単に時刻 t とよびます。 例えば、次のようにして 4 個の商品に印字することができます。 時刻 1 : 商品 1,2,4,5 が印字機の範囲に入る。商品 4 に印字する。 時刻 2 : 商品 3 が印字機の範囲に入り、商品 1,2 が印字機の範囲から出る。商品 1 に印字する。 時刻 3 : 商品 3,4 が印字機の範囲から出る。商品 3 に印字する。 時刻 4.5 : 商品 5 に印字する。 時刻 5 : 商品 5 が印字機の範囲から出る。 5 個の商品すべてに印字することはできないため、答えは 4 です。 入力例 2 2 1 1 1000000000000000000 1000000000000000000 出力例 2 2 入力例 3 10 4 1 1 2 1 4 3 2 5 1 5 1 4 1 2 1 4 1 2 4 出力例 3 6",450.0,
atcoder,abc,public_sponsored_abc,keyence,abc325,キーエンスプログラミングコンテスト2023秋（AtCoder Beginner Contest 325）,2023,,1697889600.0,2023.0,abc325_e,E,"Our clients, please wait a moment","E. Our clients, please wait a moment",1093.0,5106,"['shortest path', 'dijkstra', 'graph']",3,https://atcoder.jp/contests/abc325/tasks/abc325_e,https://atcoder-tagged-backend.onrender.com/problems/all,2.3.0-sponsor-abc-kenkoooo-diff,ja,2026-06-04T18:46:05.900291+00:00,49.635,1150.0,"配点 : 450 点 問題文 ある国には都市が N 個あります。 あなたは、都市 1 にある営業所から 0 個以上の都市を経由して都市 N にある訪問先へ移動しようとしています。 移動手段は社用車と電車の 2 種類があります。都市 i から都市 j へ移動するときの所要時間は以下の通りです。 社用車を使った場合 : D_{i,j} \times A 分 電車を使った場合 : D_{i,j} \times B + C 分 ただし、社用車から電車に乗り換えることはできますが、電車から社用車に乗り換えることはできません。 また、乗り換えは各都市のみで行え、乗り換えに時間はかかりません。 都市 1 から都市 N に移動するのにかかる時間は最短で何分ですか？ 制約 2 \leq N \leq 1000 1 \leq A, B, C \leq 10^6 D_{i,j} \leq 10^6 D_{i,i} = 0 D_{i,j} = D_{j,i} > 0 (i \neq j) 入力される数値はすべて整数 入力 入力は以下の形式で標準入力から与えられる。 N A B C D_{1,1} D_{1,2} \ldots D_{1,N} D_{2,1} D_{2,2} \ldots D_{2,N} \vdots D_{N,1} D_{N,2} \ldots D_{N,N} 出力 答えを整数として出力せよ。 入力例 1 4 8 5 13 0 6 2 15 6 0 3 5 2 3 0 13 15 5 13 0 出力例 1 78 以下のように移動することで合計 78 分で都市 1 から都市 4 に移動することができます。 都市 1 から都市 3 まで社用車で移動する。この移動には 2 \times 8 = 16 分かかる。 都市 3 から都市 2 まで社用車で移動する。この移動には 3 \times 8 = 24 分かかる。 都市 2 から都市 4 まで電車で移動する。この移動には 5 \times 5 + 13 = 38 分かかる。 78 分未満の時間で都市 1 から都市 4 に移動することはできません。 入力例 2 3 1 1000000 1000000 0 10 1 10 0 10 1 10 0 出力例 2 1 入力例 3 5 954257 954213 814214 0 84251 214529 10017 373342 84251 0 91926 32336 164457 214529 91926 0 108914 57762 10017 32336 108914 0 234705 373342 164457 57762 234705 0 出力例 3 168604826785",450.0,
atcoder,abc,public_sponsored_abc,keyence,abc325,キーエンスプログラミングコンテスト2023秋（AtCoder Beginner Contest 325）,2023,,1697889600.0,2023.0,abc325_f,F,Sensor Optimization Dilemma ,F. Sensor Optimization Dilemma ,1769.0,2257,"['dp', 'dp optimization', 'knapsack']",3,https://atcoder.jp/contests/abc325/tasks/abc325_f,https://atcoder-tagged-backend.onrender.com/problems/all,2.3.0-sponsor-abc-kenkoooo-diff,ja,2026-06-04T18:46:05.900291+00:00,62.976,1090.0,"配点 : 500 点 問題文 キーエンスの工場長であるあなたは、ベルトコンベア上のいくつかの区間をセンサーによって監視したいと考えています。 あなたが監視したい区間は全部で N 個あり、 i 個目の区間の長さは D_i メートルです。 センサーには 2 種類の候補があり、それぞれのセンサーに関する情報は以下の通りです。 センサー j\ (1\leq j \leq 2) : 長さ L_j メートルの区間を監視できる。 価格は 1 個あたり C_j であり、全体で最大 K_j 個まで使用することができる。 1 つの区間をいくつかの区間に分割して監視することもできます。 また、センサーが監視する区間が重なっていたり、監視したい区間の長さより余分に監視していたりしても問題はありません。 例えば、 L_1=4,L_2=2 であるとき、センサー 1 を 1 つ使って長さ 3 メートルの区間を監視したり、センサー 1,2 を 1 つずつ使って長さ 5 メートルの区間を監視したりすることが可能です。 N 個の区画をすべて監視することが可能であるか判定し、可能ならば必要なセンサーの価格の総和の最小値を求めてください。 制約 1\leq N \leq 100 1\leq D_i,L_j \leq 10^5 1\leq C_j \leq 10^9 1\leq K_j \leq 10^3 入力は全て整数 入力 入力は以下の形式で標準入力から与えられる。 N D_1 D_2 \dots D_N L_1 C_1 K_1 L_2 C_2 K_2 出力 N 個の区画をすべて監視することが不可能ならば -1 を、可能ならば必要なセンサーの価格の総和の最小値を出力せよ。 入力例 1 3 3 5 10 4 3 3 2 2 6 出力例 1 17 以下のようにすることで、センサー 1 を 3 つ、センサー 2 を 4 つ使ってすべての区間を監視できます。 センサー 1 を 1 つ使って 1 個目の区間を監視する。 センサー 1,2 を 1 つずつ使って 2 個目の区間を監視する。 センサー 1 を 1 つ、センサー 2 を 3 つ使って 3 個目の区間を監視する。 このとき、必要なセンサーの価格の総和は 3\times 3 + 2\times 4 = 17 であり、これが最小です。 入力例 2 3 3 5 10 4 3 3 2 2 3 出力例 2 -1 入力例 3 2 4 8 3 1 100 4 10000 100 出力例 3 5 1 つも使わない種類のセンサーがあっても構いません。",500.0,
atcoder,abc,public_sponsored_abc,keyence,abc325,キーエンスプログラミングコンテスト2023秋（AtCoder Beginner Contest 325）,2023,,1697889600.0,2023.0,abc325_g,G,offence,G. offence,2388.0,1173,"['dp', 'interval dp', 'string']",3,https://atcoder.jp/contests/abc325/tasks/abc325_g,https://atcoder-tagged-backend.onrender.com/problems/all,2.3.0-sponsor-abc-kenkoooo-diff,ja,2026-06-04T18:46:05.900291+00:00,75.192,486.0,"配点 : 575 点 問題文 文字列 S が与えられます。文字列 S に対して以下の操作を 0 回以上繰り返し行うことで得られる文字列の長さの最小値を求めてください。 文字列の中で of が連続する箇所および 0 以上 K 以下の整数 i を 1 つ選ぶ。その後、 of およびその後ろに連続する i 文字を文字列から取り除く。 制約 0 \leq K < |S| \leq 300 K は整数 S は英小文字からなる文字列 入力 入力は以下の形式で標準入力から与えられる。 S K 出力 答えを出力せよ。 入力例 1 keyofscience 3 出力例 1 7 4, 5 文字目に連続する of を選び、 i = 3 とすることで keyofscience から ofsci を取り除き、 keyence を得ます。 操作の繰り返しにより文字列の長さを 6 以下にすることはできないため、 7 が答えとなります。 入力例 2 oofsifffence 3 出力例 2 2 入力例 3 ooofff 5 出力例 3 0 入力例 4 okeyencef 4 出力例 4 9",575.0,
atcoder,abc,public_sponsored_abc,panasonic,abc326,パナソニックグループ プログラミングコンテスト2023（AtCoder Beginner Contest 326）,2023,,1698494400.0,2023.0,abc326_a,A,2UP3DOWN,A. 2UP3DOWN,-665.0,17065,"['implementation', 'conditional']",2,https://atcoder.jp/contests/abc326/tasks/abc326_a,https://atcoder-tagged-backend.onrender.com/problems/all,2.3.0-sponsor-abc-kenkoooo-diff,ja,2026-06-04T18:46:05.900291+00:00,14.94,378.0,"配点 : 100 点 問題文 高橋君が 100 階建てのビルにいます。 高橋君は 2 階分までの上り、または、 3 階分までの下りであれば移動には階段を使い、そうでないときエレベーターを使います。 高橋君が X 階から Y 階への移動に使うのは階段ですか？ 制約 1 \leq X,Y \leq 100 X \neq Y 入力は全ては整数である 入力 入力は以下の形式で標準入力から与えられる。 X Y 出力 移動に使うのが階段ならば Yes 、エレベーターならば No を出力せよ。 入力例 1 1 4 出力例 1 No 1 階から 4 階への移動は 3 階分の上りなのでエレベーターを使います。 入力例 2 99 96 出力例 2 Yes 99 階から 96 階への移動は 3 階分の下りなので階段を使います。 入力例 3 100 1 出力例 3 No",100.0,
atcoder,abc,public_sponsored_abc,panasonic,abc326,パナソニックグループ プログラミングコンテスト2023（AtCoder Beginner Contest 326）,2023,,1698494400.0,2023.0,abc326_b,B,326-like Numbers,B. 326-like Numbers,-503.0,15147,"['brute force', 'digit', 'implementation']",3,https://atcoder.jp/contests/abc326/tasks/abc326_b,https://atcoder-tagged-backend.onrender.com/problems/all,2.3.0-sponsor-abc-kenkoooo-diff,ja,2026-06-04T18:46:05.900291+00:00,18.137,456.0,"配点 : 200 点 問題文 3 桁の正整数であって、百の位の数と十の位の数の積が一の位の数と等しいものを 326-like number と呼びます。 例えば 326,400,144 は 326-like number であり、 623,777,429 は 326-like number ではありません。 整数 N が与えられるので、 N 以上の最小の 326-like number を求めてください。なお、制約の条件下で答えは必ず存在します。 制約 100 \leq N \leq 919 N は整数である 入力 入力は以下の形式で標準入力から与えられる。 N 出力 答えを出力せよ。 入力例 1 320 出力例 1 326 320,321,322,323,324,325 は 326-like number ではなく、 326 は 326-like number です。 入力例 2 144 出力例 2 144 144 は 326-like number です。 入力例 3 516 出力例 3 600",200.0,
atcoder,abc,public_sponsored_abc,panasonic,abc326,パナソニックグループ プログラミングコンテスト2023（AtCoder Beginner Contest 326）,2023,,1698494400.0,2023.0,abc326_c,C,Peak,C. Peak,274.0,11528,"['sorting', 'two pointer', 'sliding window']",3,https://atcoder.jp/contests/abc326/tasks/abc326_c,https://atcoder-tagged-backend.onrender.com/problems/all,2.3.0-sponsor-abc-kenkoooo-diff,ja,2026-06-04T18:46:05.900291+00:00,33.471,682.0,"配点 : 300 点 問題文 高橋くんは数直線上に N 個のプレゼントを置きました。そのうち i 個目のプレゼントは座標 A_i に置かれました。 あなたは数直線上の長さ M の半開区間 [x,x+M) を選び、そこに含まれるプレゼントを全て獲得します。 より詳しくは、以下の手順でプレゼントを獲得します。 まず、実数 x をひとつ選択する。 その後、プレゼントのうち置かれている座標が x \le A_i < x+M を満たすものを全て獲得する。 最大でいくつのプレゼントを獲得することができますか? 制約 入力は全て整数 1 \le N \le 3 \times 10^5 1 \le M \le 10^9 0 \le A_i \le 10^9 入力 入力は以下の形式で標準入力から与えられる。 N M A_1 A_2 \dots A_N 出力 答えを整数として出力せよ。 入力例 1 8 6 2 3 5 7 11 13 17 19 出力例 1 4 例えば、半開区間 [1.5,7.5) を指定します。 このとき、座標 2,3,5,7 にある 4 つのプレゼントを全て獲得することができ、これが獲得可能な最大の個数です。 入力例 2 10 1 3 1 4 1 5 9 2 6 5 3 出力例 2 2 同一の座標に複数のプレゼントが置いてあることもあります。 入力例 3 10 998244353 100000007 0 1755647 998244353 495 1000000000 1755648 503 1755649 998244853 出力例 3 7",300.0,
atcoder,abc,public_sponsored_abc,panasonic,abc326,パナソニックグループ プログラミングコンテスト2023（AtCoder Beginner Contest 326）,2023,,1698494400.0,2023.0,abc326_d,D,ABC Puzzle,D. ABC Puzzle,1371.0,4536,"['backtracking', 'dfs', 'bitmask', 'brute force', 'pruning', 'permutation', 'constraint', 'grid']",8,https://atcoder.jp/contests/abc326/tasks/abc326_d,https://atcoder-tagged-backend.onrender.com/problems/all,2.3.0-sponsor-abc-kenkoooo-diff,ja,2026-06-04T18:46:05.900291+00:00,55.121,1149.0,"配点 : 450 点 問題文 整数 N と A , B , C からなる長さ N の文字列 R,C が与えられるので、以下の問題を解いてください。 N \times N のマス目があり、最初全てのマスは空きマスです。 各マスに A , B , C のうち高々 1 文字を書き込みます。( 空きマスのままにすることも許されます ) 以下の条件を全て満たすことが可能であるか判定し、可能であれば書き込み方を 1 つ出力して下さい。 各行 / 各列 に A , B , C がちょうど 1 個ずつ含まれる i 行目に書かれた文字の中で最も左にある文字は R の i 文字目と一致する i 列目に書かれた文字の中で最も上にある文字は C の i 文字目と一致する 制約 N は 3 以上 5 以下の整数 R,C は A , B , C からなる長さ N の文字列 入力 入力は以下の形式で標準入力から与えられる。 N R C 出力 問題文中の条件を満たす書き込み方が存在しない場合、 No と 1 行に出力してください。 そうでない場合、以下の形式に従い書き込み方を出力してください。 Yes A_1 A_2 \vdots A_N まず、 1 行目に Yes と出力してください。 続く N 行のうちの i 行目に、長さ N の文字列である A_i を出力してください。 A_i の j 文字目が . であるとき、上から i 行目、左から j 列目のマスは空きマスであることを示します。 A_i の j 文字目が A であるとき、上から i 行目、左から j 列目のマスに A が書き込まれたことを示します。 A_i の j 文字目が B であるとき、上から i 行目、左から j 列目のマスに B が書き込まれたことを示します。 A_i の j 文字目が C であるとき、上から i 行目、左から j 列目のマスに C が書き込まれたことを示します。 正しい書き込み方が複数存在する場合、どれを出力しても構いません。 入力例 1 5 ABCBC ACAAB 出力例 1 Yes AC..B .BA.C C.BA. BA.C. ..CBA 出力例のマス目は以下の条件を全て満たすため、正解として扱われます。 全ての行に A , B , C がちょうど 1 個ずつ含まれる 全ての列に A , B , C がちょうど 1 個ずつ含まれる 各行に書かれた最も左の文字は上から順に A , B , C , B , C である 各列に書かれた最も上の文字は左から順に A , C , A , A , B である 入力例 2 3 AAA BBB 出力例 2 No この入力では、条件を満たす書き込み方は存在しません。",450.0,
atcoder,abc,public_sponsored_abc,panasonic,abc326,パナソニックグループ プログラミングコンテスト2023（AtCoder Beginner Contest 326）,2023,,1698494400.0,2023.0,abc326_e,E,"Revenge of ""The Salary of AtCoder Inc.""","E. Revenge of ""The Salary of AtCoder Inc.""",1363.0,4269,"['expectation', 'dp', 'modular arithmetic', 'prefix sum']",4,https://atcoder.jp/contests/abc326/tasks/abc326_e,https://atcoder-tagged-backend.onrender.com/problems/all,2.3.0-sponsor-abc-kenkoooo-diff,ja,2026-06-04T18:46:05.900291+00:00,54.963,1073.0,配点 : 450 点 問題文 AtCoder社の社員である青木さんの今月の給料は、整数 N と長さ N の数列 A を用いて以下のように決められます。 まず、青木さんに 1 から N までの整数が等確率で出る N 面ダイスと変数 x=0 を渡します。 その後、以下の手順を終了まで繰り返します。 ダイスを 1 度振り、出た目を y とする。 もし x<y なら A_y 円支給し、 x=y と更新する。 そうでないなら終了する。 青木さんの今月の給料は、この手順によって支給された金額の合計です。 青木さんの今月の給料の期待値を {}\bmod{998244353} で求めてください。 期待値 {}\bmod{998244353} の定義 この問題で求める期待値は必ず有理数になることが証明できます。 また、この問題の制約下では、求める期待値を既約分数 \frac yx で表したときに x が 998244353 で割り切れないことが保証されます。 このとき、 y\equiv xz\pmod{998244353} を満たす 0\leq z\lt998244353 がただ一つ存在するので、 z を出力してください。 制約 入力は全て整数 1 \le N \le 3 \times 10^5 0 \le A_i < 998244353 入力 入力は以下の形式で標準入力から与えられる。 N A_1 A_2 \dots A_N 出力 答えを出力せよ。 入力例 1 3 3 2 6 出力例 1 776412280 手順の一例は、以下の通りです。 最初、 x=0 である。 ダイスを 1 度振り、出た目が 1 であった。 0<1 であるため、 A_1 = 3 円支給し、 x=1 とする。 ダイスを 1 度振り、出た目が 3 であった。 1<3 であるため、 A_3 = 6 円支給し、 x=3 とする。 ダイスを 1 度振り、出た目が 1 であった。 3 \ge 1 であるため、終了する。 この例では、青木さんの今月の給料は 9 円です。 なお、青木さんの今月の給料の期待値は \frac{49}{9} 円と求めることができ、これを {}\bmod{998244353} 上で表現すると 776412280 となります。 入力例 2 1 998244352 出力例 2 998244352 入力例 3 9 3 14 159 2653 58979 323846 2643383 27950288 419716939 出力例 3 545252774,450.0,
atcoder,abc,public_sponsored_abc,panasonic,abc326,パナソニックグループ プログラミングコンテスト2023（AtCoder Beginner Contest 326）,2023,,1698494400.0,2023.0,abc326_f,F,Robot Rotation,F. Robot Rotation,1870.0,2224,"['meet in the middle', 'coordinate geometry', 'subset sum', 'bitmask', 'sign']",5,https://atcoder.jp/contests/abc326/tasks/abc326_f,https://atcoder-tagged-backend.onrender.com/problems/all,2.3.0-sponsor-abc-kenkoooo-diff,ja,2026-06-04T18:46:05.900291+00:00,64.969,1208.0,"配点 : 525 点 問題文 右向きを x 軸正方向、上向きを y 軸正方向とする座標平面の原点にロボットがいます。ロボットは最初、 x 軸正方向を向いています。 i=1,\ldots,N の順に以下の操作を行います： ロボットを右回りまたは左回りに 90 度回転させる。その後、ロボットは向いている方向に A_i 進む 回転方向を適切に選ぶことで、 N 回の操作後にロボットがいる座標を (X,Y) にすることはできますか？ できるならば、各操作において、右回りと左回りのどちらを選べばよいか求めてください。 制約 1 \leq N \leq 80 1 \leq A_i \leq 10^7 -10^9\leq X,Y \leq 10^9 入力は全て整数である 入力 入力は以下の形式で標準入力から与えられる。 N X Y A_1 \ldots A_N 出力 N 回の操作後にロボットがいる座標を (X,Y) にできないとき、 No と出力せよ。 N 回の操作後にロボットがいる座標を (X,Y) にできるとき、1行目に Yes と出力し、2行目に次の条件を満たす長さ N の文字列 S を出力せよ。 条件： S は L または R のみからなり、 S の i 番目の文字が L ならば i 回目の操作においてロボットを左回りに、 R ならばロボットを右回りに回転させることで、 N 回の操作後にロボットがいる座標を (X,Y) にできる。 答えが複数ある場合はどれを出力しても正解となる。 入力例 1 3 -2 4 3 2 1 出力例 1 Yes LLR 最初ロボットは (0,0) にいて、 x 軸正方向を向いています。次の手順により、 N 回の操作後にロボットがいる座標を (X,Y) にできます。 1 回目の操作：ロボットを左に 90 度回転させ、 y 軸正方向を向かせる。ロボットは向いている方向に A_1=3 進み、ロボットのいる座標は (0,3) となる。 2 回目の操作：ロボットを左に 90 度回転させ、 x 軸負方向を向かせる。ロボットは向いている方向に A_2=2 進み、ロボットのいる座標は (-2,3) となる。 3 回目の操作：ロボットを右に 90 度回転させ、 y 軸正方向を向かせる。ロボットは向いている方向に A_3=1 進み、ロボットのいる座標は (-2,4) となる。 入力例 2 1 0 0 1 出力例 2 No 入力例 3 4 0 0 1 1 1 1 出力例 3 Yes LRRR LLLL や RRRR などでも正解となります。 入力例 4 14 2543269 -1705099 3 14 159 2653 58979 323846 2643383 2795028 841971 69399 37510 58 20 9 出力例 4 Yes LLLLLLLLLRLRRR",525.0,
atcoder,abc,public_sponsored_abc,panasonic,abc326,パナソニックグループ プログラミングコンテスト2023（AtCoder Beginner Contest 326）,2023,,1698494400.0,2023.0,abc326_g,G,Unlock Achievement,G. Unlock Achievement,2470.0,944,"['max flow', 'min cut', 'graph']",3,https://atcoder.jp/contests/abc326/tasks/abc326_g,https://atcoder-tagged-backend.onrender.com/problems/all,2.3.0-sponsor-abc-kenkoooo-diff,ja,2026-06-04T18:46:05.900291+00:00,76.811,1316.0,"配点 : 625 点 問題文 1 から N の番号がついた N 種類のスキルと、 1 から M の番号がついた M 種類のアチーブメントがあります。 各スキルには正整数のレベルが定まっており、最初全てのスキルのレベルは 1 です。 C_i 円のコストを払うことでスキル i のレベルを 1 上げることができます。これは何度でも行なえます。 アチーブメント i は、 j=1,\ldots,N の全てについて以下の条件を満たすと達成となり、 A_i 円の報酬をもらえます。 条件：スキル j のレベルが L_{i,j} 以上である スキルのレベルの上げ方を適切に選ぶとき、得られる報酬の合計から必要なコストの合計を引いた値の最大値を求めてください。 制約 1 \leq N,M \leq 50 1 \leq L_{i,j} \leq 5 1 \leq A_i,C_i \leq 10^6 入力は全て整数である 入力 入力は以下の形式で標準入力から与えられる。 N M C_1 \ldots C_N A_1 \ldots A_M L_{1,1} \ldots L_{1,N} \vdots L_{M,1} \ldots L_{M,N} 出力 答えを整数として出力せよ。 入力例 1 2 2 10 20 100 50 3 1 1 4 出力例 1 80 2 種類のスキルがあります。スキル 1 はレベルを上げるために 10 円、スキル 2 は 20 円かかります。 2 種類のアチーブメントがあります。 アチーブメント 1 は「スキル 1 をレベル 3 以上、かつ、スキル 2 をレベル 1 以上」にすると達成となり 100 円もらえ、 アチーブメント 2 は「スキル 1 をレベル 1 以上、かつ、スキル 2 をレベル 4 以上」にすると達成となり 50 円もらえます。 スキル 1 をレベル 3 に、スキル 2 をレベル 1 にすることで、報酬が 100 円、コストが 20 円となり、その差は 80 円となります。 入力例 2 2 2 10 20 100 50 3 2 1 4 出力例 2 70 スキル 1 をレベル 3 に、スキル 2 をレベル 4 にすることで、報酬が 150 円、コストが 80 円となり、その差は 70 円となります。 入力例 3 10 10 10922 23173 32300 22555 29525 16786 3135 17046 11245 20310 177874 168698 202247 31339 10336 14825 56835 6497 12440 110702 2 1 4 1 3 4 4 5 1 4 2 3 4 4 5 3 5 5 2 3 2 3 5 1 4 2 2 2 2 5 3 5 5 3 5 2 2 1 5 4 3 1 1 4 4 1 1 5 3 1 1 2 3 2 4 2 4 3 3 1 4 4 4 2 5 1 4 2 2 2 5 3 1 2 3 4 2 5 2 2 5 4 3 4 3 1 5 1 5 4 2 3 2 5 2 3 1 2 2 4 出力例 3 66900",625.0,
atcoder,abc,public_sponsored_abc,hhkb,abc327,HHKBプログラミングコンテスト2023(AtCoder Beginner Contest 327),2023,,1699099200.0,2023.0,abc327_a,A,ab,A. ab,-738.0,16084,"['string', 'array']",2,https://atcoder.jp/contests/abc327/tasks/abc327_a,https://atcoder-tagged-backend.onrender.com/problems/all,2.3.0-sponsor-abc-kenkoooo-diff,ja,2026-06-04T18:46:05.900291+00:00,13.499,432.0,配点 : 100 点 問題文 英小文字からなる長さ N の文字列 S が与えられます。 S の中で a と b が隣接する箇所があれば Yes を、なければ No を出力してください。( a と b の順序は問いません。) 制約 2 \leq N \leq 100 S は英小文字からなる長さ N の文字列 入力 入力は以下の形式で標準入力から与えられる。 N S 出力 S の中で a と b が隣接する箇所があれば Yes を、なければ No を出力せよ。 入力例 1 3 abc 出力例 1 Yes 文字列 abc は 1 文字目にある a と 2 文字目にある b が隣接しています。よって Yes を出力してください。 入力例 2 2 ba 出力例 2 Yes 文字列 ba は 2 文字目にある a と 1 文字目にある b が隣接しています。( a と b の順番は逆でも良い点に注意してください。) 入力例 3 7 atcoder 出力例 3 No,100.0,
atcoder,abc,public_sponsored_abc,hhkb,abc327,HHKBプログラミングコンテスト2023(AtCoder Beginner Contest 327),2023,,1699099200.0,2023.0,abc327_b,B,A^A,B. A^A,-54.0,13887,"['brute force', 'math', 'implementation']",3,https://atcoder.jp/contests/abc327/tasks/abc327_b,https://atcoder-tagged-backend.onrender.com/problems/all,2.3.0-sponsor-abc-kenkoooo-diff,ja,2026-06-04T18:46:05.900291+00:00,26.998,355.0,配点 : 200 点 問題文 整数 B が与えられます。 A^A = B であるような正の整数 A が存在するならばその値を、存在しないならば -1 を出力してください。 制約 1 \leq B \leq 10^{18} B は整数 入力 入力は以下の形式で標準入力から与えられる。 B 出力 A^A = B であるような正の整数 A が存在するならばその値を、存在しないならば -1 を出力せよ。 A^A = B を満たす正の整数 A が複数ある場合は、どれを出力しても正解とみなされる。 入力例 1 27 出力例 1 3 3^3 = 27 なので 3 を出力します。 入力例 2 100 出力例 2 -1 A^A = B を満たす A は存在しません。 入力例 3 10000000000 出力例 3 10,200.0,
atcoder,abc,public_sponsored_abc,hhkb,abc327,HHKBプログラミングコンテスト2023(AtCoder Beginner Contest 327),2023,,1699099200.0,2023.0,abc327_c,C,Number Place,C. Number Place,55.0,12432,"['simulation', 'grid', '2d array', 'counting', 'implementation']",5,https://atcoder.jp/contests/abc327/tasks/abc327_c,https://atcoder-tagged-backend.onrender.com/problems/all,2.3.0-sponsor-abc-kenkoooo-diff,ja,2026-06-04T18:46:05.900291+00:00,29.149,1382.0,"配点 : 250 点 問題文 9\times 9 のマス目 A があり、各マスには 1 以上 9 以下の整数が書き込まれています。 具体的には、 A の上から i 行目、左から j 列目のマスには A_{i,j} が書き込まれています。 A が次の条件をすべてみたしているならば Yes を、そうでないならば No を出力してください。 A の各行について、その行に含まれる 9 マスには 1 以上 9 以下の整数がちょうど 1 個ずつ書き込まれている。 A の各列について、その列に含まれる 9 マスには 1 以上 9 以下の整数がちょうど 1 個ずつ書き込まれている。 A の行を上から 3 行ずつ 3 つに分け、同様に列も左から 3 列ずつ 3 つに分ける。 これによって A を 9 つの 3\times 3 のマス目に分けたとき、それぞれの 3\times 3 のマス目には 1 以上 9 以下の整数がちょうど 1 個ずつ書き込まれている。 制約 1\leq A_{i,j}\leq 9 入力はすべて整数 入力 入力は以下の形式で標準入力から与えられる。 A_{1,1} A_{1,2} \ldots A_{1,9} A_{2,1} A_{2,2} \ldots A_{2,9} \vdots A_{9,1} A_{9,2} \ldots A_{9,9} 出力 マス目 A が問題文の条件をすべてみたすならば Yes を、 そうでないならば No を出力せよ。 入力例 1 1 2 3 4 5 6 7 8 9 4 5 6 7 8 9 1 2 3 7 8 9 1 2 3 4 5 6 2 3 4 5 6 7 8 9 1 5 6 7 8 9 1 2 3 4 8 9 1 2 3 4 5 6 7 3 4 5 6 7 8 9 1 2 6 7 8 9 1 2 3 4 5 9 1 2 3 4 5 6 7 8 出力例 1 Yes マス目 A は次のようになっています。 マス目 A は 3 つの条件をすべてみたしているため、 Yes を出力します。 入力例 2 1 2 3 4 5 6 7 8 9 2 3 4 5 6 7 8 9 1 3 4 5 6 7 8 9 1 2 4 5 6 7 8 9 1 2 3 5 6 7 8 9 1 2 3 4 6 7 8 9 1 2 3 4 5 7 8 9 1 2 3 4 5 6 8 9 1 2 3 4 5 6 7 9 1 2 3 4 5 6 7 8 出力例 2 No マス目 A は次のようになっています。 例えば左上の 3\times 3 のマス目に注目すると 3 つめの条件をみたしていないことが分かるため、 No を出力します。 入力例 3 1 2 3 4 5 6 7 8 9 4 5 6 7 8 9 1 2 3 7 8 9 1 2 3 4 5 6 1 2 3 4 5 6 7 8 9 4 5 6 7 8 9 1 2 3 7 8 9 1 2 3 4 5 6 1 2 3 4 5 6 7 8 9 4 5 6 7 8 9 1 2 3 7 8 9 1 2 3 4 5 6 出力例 3 No マス目 A は次のようになっています。 例えば一番左の列に注目すると 2 つめの条件をみたしていないことが分かるため、 No を出力します。",250.0,
atcoder,abc,public_sponsored_abc,hhkb,abc327,HHKBプログラミングコンテスト2023(AtCoder Beginner Contest 327),2023,,1699099200.0,2023.0,abc327_d,D,Good Tuple Problem,D. Good Tuple Problem,709.0,8215,"['graph theory', 'bipartite graph', 'dfs', 'graph coloring']",4,https://atcoder.jp/contests/abc327/tasks/abc327_d,https://atcoder-tagged-backend.onrender.com/problems/all,2.3.0-sponsor-abc-kenkoooo-diff,ja,2026-06-04T18:46:05.900291+00:00,42.056,887.0,"配点 : 400 点 問題文 N 以下の正整数からなる長さ M の数列の組 (S, T) = ((S_1, S_2, \dots, S_M), (T_1, T_2, \dots, T_M)) が 良い数列の組である とは、 (S, T) が次の条件を満たすことを言います。 0,1 からなる長さ N の数列 X = (X_1, X_2, \dots, X_N) であって次の条件を満たすものが存在する。 i=1, 2, \dots, M それぞれについて、 X_{S_i} \neq X_{T_i} が成立する。 N 以下の正整数からなる長さ M の数列の組 (A, B) = ((A_1, A_2, \dots, A_M), (B_1, B_2, \dots, B_M)) が与えられます。 (A, B) が良い数列の組である場合は Yes を、そうでない場合は No を出力してください。 制約 1 \leq N, M \leq 2 \times 10^5 1 \leq A_i, B_i \leq N 入力される値は全て整数 入力 入力は以下の形式で標準入力から与えられる。 N M A_1 A_2 \dots A_M B_1 B_2 \dots B_M 出力 (A, B) が良い数列の組である場合は Yes を、そうでない場合は No を出力せよ。 入力例 1 3 2 1 2 2 3 出力例 1 Yes X=(0,1,0) とすると、 X は 0,1 からなる長さ N の数列で、 X_{A_1} \neq X_{B_1} かつ X_{A_2} \neq X_{B_2} を満たします。 よって、 (A,B) は良い数列の組としての条件を満たしています。 入力例 2 3 3 1 2 3 2 3 1 出力例 2 No 条件を満たすような数列 X は存在しないので、 (A, B) は良い数列の組ではありません。 入力例 3 10 1 1 1 出力例 3 No 入力例 4 7 8 1 6 2 7 5 4 2 2 3 2 7 2 1 2 3 3 出力例 4 Yes",400.0,
atcoder,abc,public_sponsored_abc,hhkb,abc327,HHKBプログラミングコンテスト2023(AtCoder Beginner Contest 327),2023,,1699099200.0,2023.0,abc327_e,E,Maximize Rating,E. Maximize Rating,1227.0,5184,"['dp', 'subsequence', 'optimization']",3,https://atcoder.jp/contests/abc327/tasks/abc327_e,https://atcoder-tagged-backend.onrender.com/problems/all,2.3.0-sponsor-abc-kenkoooo-diff,ja,2026-06-04T18:46:05.900291+00:00,52.279,904.0,"配点 : 475 点 問題文 高橋君は N 回コンテストに参加し、 i 回目に参加したコンテストにおいてパフォーマンス P_i を獲得しました。 高橋君はこの中から ( 1 つ以上) いくつかのコンテストを選び、それらの結果から計算される高橋君のレートを最大にしたいと考えています。 コンテストをうまく選んだとき、高橋君のレートとしてあり得る最大の値を求めてください。 ただし、高橋君のレート R は、高橋君の選んだコンテストの数が k 個であり、 選んだコンテストにおけるパフォーマンスが 参加した順に それぞれ (Q_1,Q_2,\ldots,Q_k) であるとき、 \displaystyle R=\frac{\sum_{i=1}^k (0.9)^{k-i}Q_i}{\sum_{i=1}^k (0.9)^{k-i}}-\frac{1200}{\sqrt{k}} によって計算されます。 制約 1\leq N\leq 5000 1\leq P_i\leq 5000 入力はすべて整数 入力 入力は以下の形式で標準入力から与えられる。 N P_1 P_2 \ldots P_N 出力 高橋君のレートとしてあり得る最大の値を出力せよ。 出力は、真の値との絶対誤差または相対誤差が 10^{-6} 以下のとき正解と判定される。 入力例 1 3 1000 600 1200 出力例 1 256.735020470879931 高橋君が 1 回目と 3 回目のコンテストを選んだ時、レートは、 \displaystyle R=\frac{0.9\times 1000+ 1.0\times 1200}{0.9+1.0}-\frac{1200}{\sqrt{2}}=256.73502... となり、この時レートが最大となります。 入力例 2 3 600 1000 1200 出力例 2 261.423219407873376 1,2,3 回目のコンテストすべてを選んだとき、レートが最大となります。 入力例 3 1 100 出力例 3 -1100.000000000000000 レートは負になることもあります。",475.0,
atcoder,abc,public_sponsored_abc,hhkb,abc327,HHKBプログラミングコンテスト2023(AtCoder Beginner Contest 327),2023,,1699099200.0,2023.0,abc327_f,F,Apples,F. Apples,1624.0,2876,"['lazy segment tree', 'range update', 'range maximum query', 'plane sweep', '2d range counting']",5,https://atcoder.jp/contests/abc327/tasks/abc327_f,https://atcoder-tagged-backend.onrender.com/problems/all,2.3.0-sponsor-abc-kenkoooo-diff,ja,2026-06-04T18:46:05.900291+00:00,60.114,963.0,"配点 : 550 点 問題文 数直線上にりんごの木が並んでおり、 N 個のりんごが木から落ちてきます。 具体的には 1\leq i\leq N について、時刻 T_i に座標 X_i にりんごが落ちてきます。 高橋君は耐久性が D , 長さ W のカゴを持っており、 一度だけ 次の行動を取ることができます。 正整数 S , L を選ぶ。高橋君は時刻 S-0.5 に L-0.5\leq x\leq L+W-0.5 の範囲を覆うようにカゴを設置し、時刻 S+D-0.5 に回収する。 高橋君はカゴを設置してから回収するまでの間に、カゴが設置されていた範囲に落ちてきたりんごをすべて得ることができる。 高橋君は一度設置したカゴを動かしたり、回収したカゴを再度設置することはできません。 高橋君が得られるりんごの数の最大値を求めてください。 制約 1 \leq N\leq 2\times 10^5 1 \leq D\leq 2\times 10^5 1 \leq W\leq 2\times 10^5 1 \leq T_i\leq 2\times 10^5 1 \leq X_i\leq 2\times 10^5 (T_i,X_i) はすべて異なる。 入力はすべて整数 入力 入力は以下の形式で標準入力から与えられる。 N D W T_1 X_1 T_2 X_2 \vdots T_N X_N 出力 高橋君が得られるりんごの数の最大値を出力せよ。 入力例 1 8 4 3 1 1 3 4 6 4 5 2 4 2 4 3 5 5 7 3 出力例 1 5 高橋君は S=3 , L=2 を選ぶと、時刻 2.5 から 6.5 までカゴを 1.5\leq x\leq 4.5 の範囲に設置します。このとき、 時刻 T_2=3 に 座標 X_2=4 に落ちてくるりんご 時刻 T_3=6 に 座標 X_3=4 に落ちてくるりんご 時刻 T_4=5 に 座標 X_4=2 に落ちてくるりんご 時刻 T_5=4 に 座標 X_5=2 に落ちてくるりんご 時刻 T_6=4 に 座標 X_6=3 に落ちてくるりんご の 5 個のりんごを得ることができます。 どのように行動しても 6 個以上のりんごを得ることはできないため、 5 を出力します。",550.0,
atcoder,abc,public_sponsored_abc,hhkb,abc327,HHKBプログラミングコンテスト2023(AtCoder Beginner Contest 327),2023,,1699099200.0,2023.0,abc327_g,G,Many Good Tuple Problems,G. Many Good Tuple Problems,2968.0,309,"['inclusion exclusion', 'counting', 'combinatorics', 'stirling numbers', 'generating function']",5,https://atcoder.jp/contests/abc327/tasks/abc327_g,https://atcoder-tagged-backend.onrender.com/problems/all,2.3.0-sponsor-abc-kenkoooo-diff,ja,2026-06-04T18:46:05.900291+00:00,86.639,889.0,"配点 : 650 点 問題文 この問題における良い数列の組の定義は D 問題と同じです。 N 以下の正整数からなる長さ M の数列の組 (S, T) = ((S_1, S_2, \dots, S_M), (T_1, T_2, \dots, T_M)) が 良い数列の組である とは、 (S, T) が次の条件を満たすことを言います。 0,1 からなる長さ N の数列 X = (X_1, X_2, \dots, X_N) であって次の条件を満たすものが存在する。 i=1, 2, \dots, M それぞれについて、 X_{S_i} \neq X_{T_i} が成立する。 N 以下の正整数からなる長さ M の数列の組 (A, B) = ((A_1, A_2, \dots, A_M), (B_1, B_2, \dots, B_M)) としてあり得るものは N^{2M} 通りありますが、そのような数列の組のうち良い数列の組であるものの個数を 998244353 で割った余りを求めてください。 制約 1 \leq N \leq 30 1 \leq M \leq 10^9 N, M は整数 入力 入力は以下の形式で標準入力から与えられる。 N M 出力 N 以下の正整数からなる長さ M の数列の組のうち、良い数列の組であるものの個数を 998244353 で割った余りを出力せよ。 入力例 1 3 2 出力例 1 36 例えば A=(1,2), B=(2,3) のとき (A, B) は良い数列の組です。 X=(0,1,0) とすると、 X は 0,1 からなる長さ N の数列で、 X_{A_1} \neq X_{B_1} かつ X_{A_2} \neq X_{B_2} を満たします。よって、 (A,B) は良い数列の組としての条件を満たしています。 良い数列の組は全部で 36 個あるので、これを出力します。 入力例 2 3 3 出力例 2 168 入力例 3 12 34 出力例 3 539029838 入力例 4 20 231104 出力例 4 966200489",650.0,
atcoder,abc,public_sponsored_abc,toyota,abc328,トヨタ自動車プログラミングコンテスト2023#7(AtCoder Beginner Contest 328),2023,,1699704000.0,2023.0,abc328_a,A,Not Too Hard,A. Not Too Hard,-1141.0,16508,"['implementation', 'array', 'prefix sum', 'iteration']",4,https://atcoder.jp/contests/abc328/tasks/abc328_a,https://atcoder-tagged-backend.onrender.com/problems/all,2.3.0-sponsor-abc-kenkoooo-diff,ja,2026-06-04T18:46:05.900291+00:00,5.546,500.0,"配点 : 100 点 問題文 N 問の問題が出題されるプログラミングコンテストがあります。 i = 1, 2, \ldots, N について、 i 問目の配点は S_i です。 配点が X 以下である問題すべての配点の合計を出力してください。 制約 入力される値は全て整数 4 \leq N \leq 8 100 \leq S_i \leq 675 100 \leq X \leq 675 入力 入力は以下の形式で標準入力から与えられる。 N X S_1 S_2 \ldots S_N 出力 答えを出力せよ。 入力例 1 6 200 100 675 201 200 199 328 出力例 1 499 配点が 200 以下である問題は、 1, 4, 5 問目の全 3 問であり、それらの配点の合計は S_1 + S_4 + S_5 = 100 + 200 + 199 = 499 です。 入力例 2 8 675 675 675 675 675 675 675 675 675 出力例 2 5400 入力例 3 8 674 675 675 675 675 675 675 675 675 出力例 3 0",100.0,
atcoder,abc,public_sponsored_abc,toyota,abc328,トヨタ自動車プログラミングコンテスト2023#7(AtCoder Beginner Contest 328),2023,,1699704000.0,2023.0,abc328_b,B,11/11,B. 11/11,-213.0,12915,"['implementation', 'string', 'enumeration', 'math']",4,https://atcoder.jp/contests/abc328/tasks/abc328_b,https://atcoder-tagged-backend.onrender.com/problems/all,2.3.0-sponsor-abc-kenkoooo-diff,ja,2026-06-04T18:46:05.900291+00:00,23.86,778.0,"配点 : 200 点 問題文 AtCoder 国では、 1 年が N か月からなる暦を使っています。 i 月 (1\leq i\leq N) は、 i 月 1 日から i 月 D _ i 日までの D _ i 日からなります。 AtCoder 国において、 1 年のうち日付がゾロ目になる日が何日あるか求めてください。 ただし、 i 月 j 日 (1\leq i\leq N,1\leq j\leq D _ i) の日付がゾロ目になるとは、 1 種類の数字だけを用いて i と j を十進法で表すことができることをいいます。 制約 1\leq N\leq100 1\leq D _ i\leq100\ (1\leq i\leq N) 入力はすべて整数 入力 入力は以下の形式で標準入力から与えられる。 N D _ 1 D _ 2 \ldots D _ N 出力 答えを出力せよ。 入力例 1 12 31 29 31 30 31 30 31 31 30 31 30 31 出力例 1 13 AtCoder 国では、 1 月 1 日、 1 月 11 日、 2 月 2 日、 2 月 22 日、 3 月 3 日、 4 月 4 日、 5 月 5 日、 6 月 6 日、 7 月 7 日、 8 月 8 日、 9 月 9 日、 11 月 1 日、 11 月 11 日の合計 13 日の日付がゾロ目になります。 入力例 2 10 10 1 2 3 4 5 6 7 8 100 出力例 2 1 AtCoder 国では、 1 月 1 日のみが日付がゾロ目になります。 入力例 3 30 73 8 55 26 97 48 37 47 35 55 5 17 62 2 60 23 99 73 34 75 7 46 82 84 29 41 32 31 52 32 出力例 3 15",200.0,
atcoder,abc,public_sponsored_abc,toyota,abc328,トヨタ自動車プログラミングコンテスト2023#7(AtCoder Beginner Contest 328),2023,,1699704000.0,2023.0,abc328_c,C,Consecutive,C. Consecutive,189.0,11842,"['prefix sum', 'range query', 'string']",3,https://atcoder.jp/contests/abc328/tasks/abc328_c,https://atcoder-tagged-backend.onrender.com/problems/all,2.3.0-sponsor-abc-kenkoooo-diff,ja,2026-06-04T18:46:05.900291+00:00,31.794,1072.0,"配点 : 300 点 問題文 英小文字のみからなる長さ N の文字列 S = S_1S_2\ldots S_N が与えられます。 また、 S に関する Q 個の質問が与えられます。 i = 1, 2, \ldots, Q について、 i 番目の質問は 2 つの整数 l_i, r_i で表される下記の質問です。 S の l_i 文字目から r_i 文字目までからなる部分文字列 S_{l_i}S_{l_i+1}\ldots S_{r_i} において、 同じ英小文字が 2 つ隣りあう箇所は何個ありますか？ すなわち、 l_i \leq p \leq r_i-1 かつ S_p = S_{p+1} を満たす整数 p は何個ありますか？ Q 個の質問それぞれの答えを出力してください。 制約 N, Q は整数 1 \leq N, Q \leq 3 \times 10^5 S は英小文字のみからなる長さ N の文字列 l_i, r_i は整数 1 \leq l_i \leq r_i \leq N 入力 入力は以下の形式で標準入力から与えられる。 N Q S l_1 r_1 l_2 r_2 \vdots l_Q r_Q 出力 Q 行出力せよ。 i = 1, 2, \ldots, Q について、 i 行目には i 番目の質問に対する答えを出力せよ。 入力例 1 11 4 mississippi 3 9 4 10 4 6 7 7 出力例 1 2 2 0 0 4 個の質問それぞれに対する答えは下記の通りです。 1 個目の質問に関して、 S_3S_4\ldots S_9 = ssissip で同じ英小文字が隣り合う箇所は、 S_3S_4 = ss と S_6S_7 = ss の 2 個です。 2 個目の質問に関して、 S_4S_5\ldots S_{10} = sissipp で同じ英小文字が隣り合う箇所は、 S_6S_7 = ss と S_9S_{10} = pp の 2 個です。 3 個目の質問に関して、 S_4S_5S_6 = sis で同じ英小文字が隣り合う箇所は 0 個です。 4 個目の質問に関して、 S_7 = s で同じ英小文字が隣り合う箇所は 0 個です。 入力例 2 5 1 aaaaa 1 5 出力例 2 4 S_1S_2\ldots S_5 = aaaaa で同じ英小文字が隣り合う箇所は、 S_1S_2 = aa 、 S_2S_3 = aa 、 S_3S_4 = aa 、 S_4S_5 = aa の 4 個です。",300.0,
atcoder,abc,public_sponsored_abc,toyota,abc328,トヨタ自動車プログラミングコンテスト2023#7(AtCoder Beginner Contest 328),2023,,1699704000.0,2023.0,abc328_d,D,Take ABC,D. Take ABC,555.0,10732,"['stack', 'string', 'simulation']",3,https://atcoder.jp/contests/abc328/tasks/abc328_d,https://atcoder-tagged-backend.onrender.com/problems/all,2.3.0-sponsor-abc-kenkoooo-diff,ja,2026-06-04T18:46:05.900291+00:00,39.017,707.0,"配点 : 425 点 問題文 A , B , C の 3 種類の文字のみからなる文字列 S が与えられます。 S が連続な部分文字列として文字列 ABC を含む限り、下記の操作を繰り返します。 S に連続な部分文字列として含まれる文字列 ABC のうち、 S の中で最も左にあるものを、 S から削除する。 上記の手順を行った後の、最終的な S を出力してください。 制約 S は A , B , C のみからなる長さ 1 以上 2\times 10^5 以下の文字列 入力 入力は以下の形式で標準入力から与えられる。 S 出力 答えを出力せよ。 入力例 1 BAABCBCCABCAC 出力例 1 BCAC 与えられた文字列 S = BAABCBCCABCAC に対して、下記の通りに操作が行われます。 1 回目の操作で、 S = BAABCBCCABCAC の 3 文字目から 5 文字目の ABC が削除され、その結果 S = BABCCABCAC となります。 2 回目の操作で、 S = BABCCABCAC の 2 文字目から 4 文字目の ABC が削除され、その結果 S = BCABCAC となります。 3 回目の操作で、 S = BCABCAC の 3 文字目から 5 文字目の ABC が削除され、その結果 S = BCAC となります。 よって、最終的な S は BCAC です。 入力例 2 ABCABC 出力例 2 この入力例では、最終的な S は空文字列です。 入力例 3 AAABCABCABCAABCABCBBBAABCBCCCAAABCBCBCC 出力例 3 AAABBBCCC",425.0,
atcoder,abc,public_sponsored_abc,toyota,abc328,トヨタ自動車プログラミングコンテスト2023#7(AtCoder Beginner Contest 328),2023,,1699704000.0,2023.0,abc328_e,E,Modulo MST,E. Modulo MST,1160.0,5541,"['enumeration', 'dsu', 'spanning tree', 'combinatorics']",4,https://atcoder.jp/contests/abc328/tasks/abc328_e,https://atcoder-tagged-backend.onrender.com/problems/all,2.3.0-sponsor-abc-kenkoooo-diff,ja,2026-06-04T18:46:05.900291+00:00,50.957,1512.0,"配点 : 475 点 問題文 頂点に 1 から N の番号が、辺に 1 から M の番号がついた N 頂点 M 辺の重み付き単純連結無向グラフと正整数 K が与えられます。 辺 i\ (1\leq i\leq M) は頂点 u _ i ​ と頂点 v _ i を結んでおり、重みは w _ i です。 このグラフの全域木 T に対して、 T のコストを T に含まれる辺の重みの総和を K で割ったあまりで定めます。 このグラフの全域木のコストの最小値を求めてください。 制約 2\leq N\leq8 N-1\leq M\leq\dfrac{N(N-1)}2 1\leq K\leq10^{15} 1\leq u _ i\lt v _ i\leq N\ (1\leq i\leq M) 0\leq w _ i\lt K\ (1\leq i\leq M) 与えられるグラフは単純かつ連結 入力はすべて整数 入力 入力は以下の形式で標準入力から与えられる。 N M K u _ 1 v _ 1 w _ 1 u _ 2 v _ 2 w _ 2 \vdots u _ M v _ M w _ M 出力 答えを出力せよ。 入力例 1 5 6 328 1 2 99 1 3 102 2 3 86 2 4 94 2 5 95 3 4 81 出力例 1 33 与えられるグラフは次のようになります。 辺 1,3,5,6 の 4 本を含む全域木のコストは (99+86+81+95)\bmod{328}=361\bmod{328}=33 となります。 このグラフの全域木のコストはすべて 33 以上であるため、 33 を出力してください。 入力例 2 6 5 998244353 1 2 337361568 1 6 450343304 2 3 61477244 2 5 745383438 4 5 727360840 出力例 2 325437688 このグラフのただ一つの全域木のコスト 325437688 を出力してください。 入力例 3 8 28 936294041850197 1 2 473294720906780 1 3 743030800139244 1 4 709363019414774 1 5 383643612490312 1 6 557102781022861 1 7 623179288538138 1 8 739618599410809 2 3 857687812294404 2 4 893923168139714 2 5 581822471860662 2 6 740549363586558 2 7 307226438833222 2 8 447399029952998 3 4 636318083622768 3 5 44548707643622 3 6 307262781240755 3 7 12070267388230 3 8 700247263184082 4 5 560567890325333 4 6 704726113717147 4 7 588263818615687 4 8 549007536393172 5 6 779230871080408 5 7 825982583786498 5 8 713928998174272 6 7 751331074538826 6 8 449873635430228 7 8 11298381761479 出力例 3 11360716373 入力や答えが 32\operatorname{bit} 整数に収まらない場合があることに注意してください。",475.0,
atcoder,abc,public_sponsored_abc,toyota,abc328,トヨタ自動車プログラミングコンテスト2023#7(AtCoder Beginner Contest 328),2023,,1699704000.0,2023.0,abc328_f,F,Good Set Query,F. Good Set Query,1477.0,3823,"['weighted dsu', 'dsu', 'constraint', 'path']",4,https://atcoder.jp/contests/abc328/tasks/abc328_f,https://atcoder-tagged-backend.onrender.com/problems/all,2.3.0-sponsor-abc-kenkoooo-diff,ja,2026-06-04T18:46:05.900291+00:00,57.213,1934.0,"配点 : 525 点 問題文 Q 個の整数の 3 つ組 (a_1, b_1, d_1), (a_2, b_2, d_2), \ldots, (a_Q, b_Q, d_Q) が与えられます。 集合 \lbrace 1, 2, \ldots, Q\rbrace の部分集合 S が 良い集合 であることを、 下記の条件を満たす長さ N の整数列 (X_1, X_2, \ldots, X_N) が存在することと定めます。 すべての i \in S について、 X_{a_i} - X_{b_i} = d_i が成り立つ。 S が空集合である状態から始め、 i = 1, 2, \ldots, Q の順に下記の操作を行います。 もし S \cup \lbrace i \rbrace が良い集合なら、 S を S \cup \lbrace i \rbrace で置き換える。 最終的な S のすべての要素を 昇順に 出力してください。 制約 入力される値はすべて整数 1 \leq N, Q \leq 2 \times 10^5 1 \leq a_i, b_i \leq N -10^9 \leq d_i \leq 10^9 入力 入力は以下の形式で標準入力から与えられる。 N Q a_1 b_1 d_1 a_2 b_2 d_2 \vdots a_Q b_Q d_Q 出力 最終的な S のすべての要素を 昇順に 並べた列 (s_1, s_2, \ldots, s_k) を、下記の形式で空白区切りで出力せよ。 s_1 s_2 \ldots s_k 入力例 1 3 5 1 2 2 3 2 -3 2 1 -1 3 3 0 1 3 5 出力例 1 1 2 4 5 S が空集合である状態から始め、 i = 1, 2, 3, 4, 5 の順に問題文中の操作を下記の通り行います。 i = 1 について、集合 S \cup \lbrace i \rbrace = \lbrace 1 \rbrace は良い集合です。なぜなら、例えば (X_1, X_2, X_3) = (3, 1, 4) が問題文中の条件を満たすからです。よって、 S を \lbrace 1\rbrace で置き換えます。 i = 2 について、集合 S \cup \lbrace i \rbrace = \lbrace 1, 2 \rbrace は良い集合です。なぜなら、例えば (X_1, X_2, X_3) = (3, 1, -2) が問題文中の条件を満たすからです。よって、 S を \lbrace 1, 2\rbrace で置き換えます。 i = 3 について、集合 S \cup \lbrace i \rbrace = \lbrace 1, 2, 3 \rbrace は良い集合ではありません。 i = 4 について、集合 S \cup \lbrace i \rbrace = \lbrace 1, 2, 4 \rbrace は良い集合です。なぜなら、例えば (X_1, X_2, X_3) = (3, 1, -2) が問題文中の条件を満たすからです。よって、 S を \lbrace 1, 2, 4\rbrace で置き換えます。 i = 5 について、集合 S \cup \lbrace i \rbrace = \lbrace 1, 2, 4, 5 \rbrace は良い集合です。なぜなら、例えば (X_1, X_2, X_3) = (3, 1, -2) が問題文中の条件を満たすからです。よって、 S を \lbrace 1, 2, 4, 5\rbrace で置き換えます。 よって、最終的な S は \lbrace 1, 2, 4, 5\rbrace です。 入力例 2 200000 1 1 1 1 出力例 2 最終的な S は空集合です。 入力例 3 5 20 4 2 125421359 2 5 -191096267 3 4 -42422908 3 5 -180492387 3 3 174861038 2 3 -82998451 3 4 -134761089 3 1 -57159320 5 2 191096267 2 4 -120557647 4 2 125421359 2 3 142216401 4 5 -96172984 3 5 -108097816 1 5 -50938496 1 2 140157771 5 4 65674908 4 3 35196193 4 4 0 3 4 188711840 出力例 3 1 2 3 6 8 9 11 14 15 16 17 19",525.0,
atcoder,abc,public_sponsored_abc,toyota,abc328,トヨタ自動車プログラミングコンテスト2023#7(AtCoder Beginner Contest 328),2023,,1699704000.0,2023.0,abc328_g,G,Cut and Reorder,G. Cut and Reorder,2193.0,1337,"['bitmask dp', 'dp', 'optimization']",3,https://atcoder.jp/contests/abc328/tasks/abc328_g,https://atcoder-tagged-backend.onrender.com/problems/all,2.3.0-sponsor-abc-kenkoooo-diff,ja,2026-06-04T18:46:05.900291+00:00,71.344,2456.0,"配点 : 575 点 問題文 長さ N の数列 A=(A _ 1,A _ 2,\ldots,A _ N),B=(B _ 1,B _ 2,\ldots,B _ N) が与えられます。 あなたは、数列 A に対して次の 2 種類の操作を好きな順番で好きな回数行うことができます。 A を好きな位置で分割し、分割された列を自由に並べ替える。分割した位置 1 つにつきコストが C かかる。 厳密には、 (X-1)C のコストをかけて長さ X+1 の列 (i _ 0,i _ 1,i _ 2,\ldots,i _ X)\ (0=i _ 0\lt i _ 1\lt i _ 2\lt\cdots\lt i _ X=N) と (1,2,\ldots,X) の順列 p を自由にとり、 (A _ {i _ {p _ j-1}+1},A _ {i _ {p _ j-1}+2},\ldots,A _ {i _ {p _ j}}) を j の昇順に連結したものを新しい A とする。 整数 k と A の好きな要素を 1 つ選び、選んだ要素の値に k を加える。コストが |k| かかる。 操作をすべて終えたときに A と B が等しくなるように操作を行うとき、必要なコストの合計の最小値を求めてください。 制約 1\leq N\leq22 1\leq C\leq10 ^ {15} 1\leq A _ i\leq10 ^ {15}\ (1\leq i\leq N) 1\leq B _ i\leq10 ^ {15}\ (1\leq i\leq N) 入力はすべて整数 入力 入力は以下の形式で標準入力から与えられる。 N C A _ 1 A _ 2 \ldots A _ N B _ 1 B _ 2 \ldots B _ N 出力 答えを出力せよ。 入力例 1 5 1 3 1 4 1 5 9 2 6 5 3 出力例 1 12 例えば、次のように操作をすることで A と B を等しくすることができます。 A _ 2 に 2 を加える。コストが 2 かかり、 A=(3,3,4,1,5) となる。 A _ 4 に 1 を加える。コストが 1 かかり、 A=(3,3,4,2,5) となる。 A _ 3 に 3 を加える。コストが 3 かかり、 A=(3,3,7,2,5) となる。 A を (3,3) と (7,2,5) に分割し、順番を入れ替える。コストが 1 かかり、 A=(7,2,5,3,3) となる。 A _ 3 に 1 を加える。コストが 1 かかり、 A=(7,2,6,3,3) となる。 A _ 4 に 2 を加える。コストが 2 かかり、 A=(7,2,6,5,3) となる。 A _ 1 に 2 を加える。コストが 2 かかり、 A=(9,2,6,5,3) となる。 かかるコストの合計は 2+1+3+1+1+2+2=12 となります。 コストの合計を 11 以下にして A と B を等しくすることはできないため、 12 と出力してください。 入力例 2 5 1000000000 3 1 4 1 5 9 2 6 5 3 出力例 2 15 例えば、次のように操作をすることで A と B を等しくすることができます。 A _ 1 に 6 を加える。コストが 6 かかり、 A=(9,1,4,1,5) となる。 A _ 2 に 1 を加える。コストが 1 かかり、 A=(9,2,4,1,5) となる。 A _ 3 に 2 を加える。コストが 2 かかり、 A=(9,2,6,1,5) となる。 A _ 4 に 4 を加える。コストが 4 かかり、 A=(9,2,6,5,5) となる。 A _ 5 に -2 を加える。コストが 2 かかり、 A=(9,2,6,5,3) となる。 かかるコストの合計は 15 となります。 コストの合計を 14 以下にして A と B を等しくすることはできないため、 15 と出力してください。 入力例 3 22 467772225675200 814424018890229 837987908732596 281175505732576 405797525366223 319378664987871 305374284356649 519144936694626 316916938328237 590332737480143 506785561790072 945769796193819 365498597798550 5386616044591 672368930784037 478017750715806 340276460237787 176509793332130 2734777402752 677509027289850 250325127275409 260270543315523 103584313625431 720386673780641 77160494100361 540947273460639 255177791002759 969333325196025 477751866935037 369600749728569 466236682780196 343161112138696 541310338013515 42740499599240 165778332156355 618106559852784 16582487395877 591851763813728 221861304303645 982850624742022 728669467505250 337968530842725 746724490610504 61587851254728 451153536869240 出力例 3 4370668608634071 入力や答えが 32\operatorname{bit} 整数に収まらない場合があります。",575.0,
atcoder,abc,public_sponsored_abc,sky,abc329,Ｓｋｙ株式会社プログラミングコンテスト2023（AtCoder Beginner Contest 329）,2023,,1700308800.0,2023.0,abc329_a,A,Spread,A. Spread,-1120.0,15590,"['string', 'implementation', 'iteration']",3,https://atcoder.jp/contests/abc329/tasks/abc329_a,https://atcoder-tagged-backend.onrender.com/problems/all,2.3.0-sponsor-abc-kenkoooo-diff,ja,2026-06-04T18:46:05.900291+00:00,5.96,315.0,"配点 : 100 点 問題文 英大文字からなる文字列 S が与えられます。 S の各文字を空白で区切り、その順で 1 文字ずつ出力してください。 制約 S は長さ 2 以上 100 以下の英大文字からなる文字列 入力 入力は以下の形式で標準入力から与えられる。 S 出力 S の各文字を空白で区切り、 1 文字ずつ出力せよ。 入力例 1 ABC 出力例 1 A B C A , B , C を空白で区切り、 1 文字ずつ出力してください。 C の後ろに空白を出力する必要がないことに注意してください。 入力例 2 ZZZZZZZ 出力例 2 Z Z Z Z Z Z Z 入力例 3 OOXXOO 出力例 3 O O X X O O",100.0,
atcoder,abc,public_sponsored_abc,sky,abc329,Ｓｋｙ株式会社プログラミングコンテスト2023（AtCoder Beginner Contest 329）,2023,,1700308800.0,2023.0,abc329_b,B,Next,B. Next,-802.0,14804,"['implementation', 'array']",2,https://atcoder.jp/contests/abc329/tasks/abc329_b,https://atcoder-tagged-backend.onrender.com/problems/all,2.3.0-sponsor-abc-kenkoooo-diff,ja,2026-06-04T18:46:05.900291+00:00,12.236,433.0,"配点 : 200 点 問題文 N 個の整数 A_1, A_2, \ldots, A_N が与えられます。 このうち最大でない整数の中で最大である整数を求めてください。 ただし、この問題の制約下で答えは必ず存在します。 制約 2 \leq N \leq 100 1 \leq A_i \leq 100 A_1, A_2, \ldots, A_N がすべて等しいということはない 入力値はすべて整数 入力 入力は以下の形式で標準入力から与えられる。 N A_1 A_2 \ldots A_N 出力 答えを出力せよ。 入力例 1 5 2 1 3 3 2 出力例 1 2 2,1,3,3,2 の中で最大である整数は 3 です。 2,1,3,3,2 の中で 3 でない整数は 2,1,2 の 3 つであり、これらの中で最大である整数は 2 です。 入力例 2 4 4 3 2 1 出力例 2 3 入力例 3 8 22 22 18 16 22 18 18 22 出力例 3 18",200.0,
atcoder,abc,public_sponsored_abc,sky,abc329,Ｓｋｙ株式会社プログラミングコンテスト2023（AtCoder Beginner Contest 329）,2023,,1700308800.0,2023.0,abc329_c,C,Count xxx,C. Count xxx,133.0,11761,"['compression', 'string', 'counting', 'greedy', 'array']",5,https://atcoder.jp/contests/abc329/tasks/abc329_c,https://atcoder-tagged-backend.onrender.com/problems/all,2.3.0-sponsor-abc-kenkoooo-diff,ja,2026-06-04T18:46:05.900291+00:00,30.689,603.0,"配点 : 300 点 問題文 英小文字からなる長さ N の文字列 S が与えられます。 S の空でない部分文字列であって、 1 種類の文字のみからなるものの数を求めてください。 ただし、文字列として等しい部分文字列同士は、取り出し方が異なっても区別 しません 。 なお、 S の空でない部分文字列とは、 S の先頭から 0 文字以上、末尾から 0 文字以上削除して得られる文字列のうち、長さが 1 以上であるもののことをいいます。 例えば、 ab や abc は abc の空でない部分文字列ですが、 ac や空文字列は abc の空でない部分文字列ではありません。 制約 1 \leq N \leq 2\times 10^5 S は英小文字からなる長さ N の文字列 入力 入力は以下の形式で標準入力から与えられる。 N S 出力 S の空でない部分文字列であって、 1 種類の文字のみからなるものの数を出力せよ。 入力例 1 6 aaabaa 出力例 1 4 S の空でない部分文字列であって、 1 種類の文字のみからなるものは a , aa , aaa , b の 4 つです。 S から a や aa を取り出す方法は 1 通りではありませんが、それぞれ 1 回ずつしか数えないことに注意してください。 入力例 2 1 x 出力例 2 1 入力例 3 12 ssskkyskkkky 出力例 3 8",300.0,
atcoder,abc,public_sponsored_abc,sky,abc329,Ｓｋｙ株式会社プログラミングコンテスト2023（AtCoder Beginner Contest 329）,2023,,1700308800.0,2023.0,abc329_d,D,Election Quick Report,D. Election Quick Report,232.0,10363,"['simulation', 'greedy', 'implementation']",3,https://atcoder.jp/contests/abc329/tasks/abc329_d,https://atcoder-tagged-backend.onrender.com/problems/all,2.3.0-sponsor-abc-kenkoooo-diff,ja,2026-06-04T18:46:05.900291+00:00,32.643,1094.0,"配点 : 350 点 問題文 1, 2, \ldots, N の番号のついた N 人の候補者から当選者を 1 人選ぶ選挙において、 M 票の投票がありました。 各票ではそれぞれちょうど 1 人が投票先として選ばれており、 i 票目の投票先は候補者 A_i です。 これから 1 票目から順に開票を行い、 1 票ごとにその時点で開票が終了した場合の当選者を更新して表示します。 開票された票において最も得票数が多かった候補者が当選となります。ただし、最も得票数が多かった候補者が複数いる場合は、その中で最も番号の小さい候補者が当選となります。 各 i = 1, 2, \ldots, M について、 1, 2, \ldots, i 票目のみを開票した場合の当選者を求めてください。 制約 1 \leq N,M \leq 200000 1 \leq A_i \leq N 入力される数値はすべて整数 入力 入力は以下の形式で標準入力から与えられる。 N M A_1 A_2 \ldots A_M 出力 M 行出力せよ。 i 行目には 1, 2, \ldots, i 票目のみを開票した場合の当選者の番号を出力せよ。 入力例 1 3 7 1 2 2 3 1 3 3 出力例 1 1 1 2 2 1 1 3 候補者 i の得票数を C_i で表すこととします。 1 票目までが開票された時点では、 (C_1, C_2, C_3) = (1, 0, 0) なので当選者は 1 です。 2 票目までが開票された時点では、 (C_1, C_2, C_3) = (1, 1, 0) なので当選者は 1 です。 3 票目までが開票された時点では、 (C_1, C_2, C_3) = (1, 2, 0) なので当選者は 2 です。 4 票目までが開票された時点では、 (C_1, C_2, C_3) = (1, 2, 1) なので当選者は 2 です。 5 票目までが開票された時点では、 (C_1, C_2, C_3) = (2, 2, 1) なので当選者は 1 です。 6 票目までが開票された時点では、 (C_1, C_2, C_3) = (2, 2, 2) なので当選者は 1 です。 7 票目までが開票された時点では、 (C_1, C_2, C_3) = (2, 2, 3) なので当選者は 3 です。 入力例 2 100 5 100 90 80 70 60 出力例 2 100 90 80 70 60 入力例 3 9 8 8 8 2 2 8 8 2 2 出力例 3 8 8 8 2 8 8 8 2",350.0,
atcoder,abc,public_sponsored_abc,sky,abc329,Ｓｋｙ株式会社プログラミングコンテスト2023（AtCoder Beginner Contest 329）,2023,,1700308800.0,2023.0,abc329_e,E,Stamp,E. Stamp,1539.0,3932,"['string', 'reasoning', 'greedy', 'queue', 'bfs', 'simulation']",6,https://atcoder.jp/contests/abc329/tasks/abc329_e,https://atcoder-tagged-backend.onrender.com/problems/all,2.3.0-sponsor-abc-kenkoooo-diff,ja,2026-06-04T18:46:05.900291+00:00,58.437,679.0,"配点 : 475 点 問題文 英大文字からなる長さ N の文字列 S と、英大文字からなる長さ M\ (\leq N) の文字列 T が与えられます。 # のみからなる長さ N の文字列 X があります。 以下の操作を好きな回数行うことで、 X を S に一致させることができるか判定してください。 X の中から連続する M 文字を選び、 T で置き換える。 制約 1 \leq N \leq 2\times 10^5 1 \leq M \leq \min(N, 5 ) S は英大文字からなる長さ N の文字列 T は英大文字からなる長さ M の文字列 入力 入力は以下の形式で標準入力から与えられる。 N M S T 出力 X を S に一致させることができるならば Yes を、できないならば No を出力せよ。 入力例 1 7 3 ABCBABC ABC 出力例 1 Yes 以下、 X の l 文字目から r 文字目までの部分を X[l:r] と表記します。 次のように操作を行うことで、 X を S に一致させることができます。 X[3:5] を T で置き換える。 X= ##ABC## になる。 X[1:3] を T で置き換える。 X= ABCBC## になる。 X[5:7] を T で置き換える。 X= ABCBABC になる。 入力例 2 7 3 ABBCABC ABC 出力例 2 No どのように操作を行っても、 X を S に一致させることはできません。 入力例 3 12 2 XYXXYXXYYYXY XY 出力例 3 Yes",475.0,
atcoder,abc,public_sponsored_abc,sky,abc329,Ｓｋｙ株式会社プログラミングコンテスト2023（AtCoder Beginner Contest 329）,2023,,1700308800.0,2023.0,abc329_f,F,Colored Ball,F. Colored Ball,1207.0,6029,"['small to large merging', 'set', 'amortized analysis']",3,https://atcoder.jp/contests/abc329/tasks/abc329_f,https://atcoder-tagged-backend.onrender.com/problems/all,2.3.0-sponsor-abc-kenkoooo-diff,ja,2026-06-04T18:46:05.900291+00:00,51.885,1043.0,"配点 : 500 点 問題文 1, 2, \ldots, N の番号がついた N 個の箱があり、はじめ箱 i には色 C_i のボールが 1 つ入っています。 Q 個のクエリが与えられるので、これらを順に処理してください。 各クエリは整数の組 (a,b) によって与えられ、その内容は以下の通りです。 箱 a のボールをすべて箱 b に移し、その後箱 b に何種類の色のボールが入っているかを出力する。 ただし、箱 a や箱 b が空の場合もあることに注意してください。 制約 1 \leq N, Q \leq 200000 1 \leq C_i \leq N 1 \leq a, b \leq N a \neq b 入力される数値はすべて整数 入力 入力は以下の形式で標準入力から与えられる。ここで、 \text{query}_i は i 番目のクエリを意味する。 N Q C_1 C_2 \ldots C_N \text{query}_1 \text{query}_2 \vdots \text{query}_Q 各クエリは次の形式で与えられる。 a b 出力 Q 行出力せよ。 i 行目には i 番目のクエリに対する答えを出力せよ。 入力例 1 6 5 1 1 1 2 2 3 1 2 6 4 5 1 3 6 4 6 出力例 1 1 2 1 1 3 1 番目のクエリでは、箱 1 のボールをすべて箱 2 に移します。箱 2 には色 1 のボールが 2 つ入っている状態となるため、 1 を出力します。 2 番目のクエリでは、箱 6 のボールをすべて箱 4 に移します。箱 4 には色 2 のボールが 1 つ、色 3 のボールが 1 つ入っている状態となるため、 2 を出力します。 3 番目のクエリでは、箱 5 のボールをすべて箱 1 に移します。箱 1 には色 2 のボールが 1 つ入っている状態となるため、 1 を出力します。 4 番目のクエリでは、箱 3 のボールをすべて箱 6 に移します。箱 6 には色 1 のボールが 1 つ入っている状態となるため、 1 を出力します。 5 番目のクエリでは、箱 4 のボールをすべて箱 6 に移します。箱 6 には色 1 のボールが 1 つ、色 2 のボールが 1 つ、色 3 のボールが 1 つ入っている状態となるため、 3 を出力します。 入力例 2 5 3 2 4 2 4 2 3 1 2 5 3 2 出力例 2 1 2 0",500.0,
atcoder,abc,public_sponsored_abc,sky,abc329,Ｓｋｙ株式会社プログラミングコンテスト2023（AtCoder Beginner Contest 329）,2023,,1700308800.0,2023.0,abc329_g,G,Delivery on Tree,G. Delivery on Tree,2995.0,168,"['dp on trees', 'lca', 'dp', 'memoization', 'combinatorics', 'modular arithmetic', 'binary lifting', 'permutation']",8,https://atcoder.jp/contests/abc329/tasks/abc329_g,https://atcoder-tagged-backend.onrender.com/problems/all,2.3.0-sponsor-abc-kenkoooo-diff,ja,2026-06-04T18:46:05.900291+00:00,87.172,1766.0,"配点 : 625 点 問題文 N 頂点の二分木が与えられます。 頂点には 1 から N までの番号が付けられており、頂点 1 が根です。 i\ (1\leq i \leq N-1) 番目の辺は、頂点 i+1 と頂点 P_i\ (\leq i) を双方向に結んでいます。 この木の上には 1 個のカゴと M 個のボールがあります。 ボールには 1 から M までの番号が付けられており、各ボール j について スタート頂点 S_j と ゴール頂点 T_j が定められています。 最初、カゴは空の状態で頂点 1 に置かれており、ボールはそれぞれのスタート頂点に置かれています。 あなたは、以下の操作を好きな回数、好きな順序で行うことができます。 今カゴが置かれている頂点を v として、以下のいずれかを行う。 頂点 v に繋がる辺を 1 つ選び、カゴをその辺に沿って動かして隣接する頂点に移動させる。 このとき、カゴの中に入っているボールも一緒に移動する。 スタート頂点が v であり、今もスタート頂点に置かれているようなボールを 1 つ選んで、カゴの中に入れる。 この操作は、元々カゴの中に入っているボールが K 個未満である場合にのみ行える（すなわち、カゴの中に K+1 個以上のボールを入れることはできない）。 ゴール頂点が v であり、今カゴの中に入っているようなボールを 1 つ選んでカゴから取り出し、頂点 v に置く。 全ての操作が終了した時点で、カゴは空の状態で頂点 1 に置かれており、ボールはそれぞれのゴール頂点に置かれているような操作列を 良い操作列 と呼びます。 カゴを何度も動かすのは疲れるので、カゴが動く経路は、全ての辺をちょうど 2 回ずつ通り頂点 1 に戻ってくるようなものに限定したいです。 そのような経路のうち、その経路に従ってカゴを動かす良い操作列が存在するようなものの数を 998244353 で割った余りを求めてください。 制約 2\leq N \leq 10^4 1\leq M \leq 2\times 10^5 1\leq K \leq 10^3 1\leq P_i \leq i 全ての v\ (1\leq v \leq N) について、 P_i=v を満たす i の数は高々 2 個 1\leq S_j, T_j \leq N S_j \neq T_j 入力は全て整数 入力 入力は以下の形式で標準入力から与えられる。 N M K P_1 P_2 \dots P_{N-1} S_1 T_1 S_2 T_2 \vdots S_M T_M 出力 全ての辺をちょうど 2 回ずつ通り頂点 1 に戻ってくるような経路のうち、その経路に従ってカゴを動かす良い操作列が存在するようなものの数を 998244353 で割った余りを出力せよ。 入力例 1 5 2 1 1 1 3 3 2 4 5 3 出力例 1 1 与えられるグラフは以下の図の通りです。頂点の側に書かれた丸と四角は、それぞれその番号のボールのスタート頂点とゴール頂点を表します。 全ての辺をちょうど 2 回ずつ通り頂点 1 に戻ってくるような経路のうち、その経路に従ってカゴを動かす良い操作列が存在するようなものは以下の 1 通りのみです。 具体的には、以下のような良い操作列を構成できます。 カゴを頂点 2 に動かす。 ボール 1 をカゴに入れる。 カゴを頂点 1 に動かす。 カゴを頂点 3 に動かす。 カゴを頂点 4 に動かす。 ボール 1 をカゴから出して頂点 4 に置く。 カゴを頂点 3 に動かす。 カゴを頂点 5 に動かす。 ボール 2 をカゴに入れる。 カゴを頂点 3 に動かす。 ボール 2 をカゴから出して頂点 3 に置く。 カゴを頂点 1 に動かす。 入力例 2 5 2 2 1 1 3 3 2 4 5 3 出力例 2 2 入出力例 1 から K の値が 1 増えています。 これにより、上述した経路に加えて、以下の経路についても良い操作列を構成できるようになります。 入力例 3 15 4 2 1 2 1 4 2 3 4 7 3 7 5 9 11 8 14 12 5 4 13 15 5 12 出力例 3 8",625.0,
atcoder,abc,public_sponsored_abc,toyota,abc330,トヨタシステムズプログラミングコンテスト2023(AtCoder Beginner Contest 330),2023,,1700913600.0,2023.0,abc330_a,A,Counting Passes,A. Counting Passes,-1185.0,16016,"['implementation', 'counting']",2,https://atcoder.jp/contests/abc330/tasks/abc330_a,https://atcoder-tagged-backend.onrender.com/problems/all,2.3.0-sponsor-abc-kenkoooo-diff,ja,2026-06-04T18:46:05.900291+00:00,4.677,543.0,"配点 : 100 点 問題文 N 人の人 1,2,\dots,N がある試験を受け、人 i は A_i 点を取りました。 この試験では、 L 点以上を取った人のみが合格となります。 N 人のうち何人が合格したか求めてください。 制約 入力は全て整数 1 \le N \le 100 1 \le L \le 1000 0 \le A_i \le 1000 入力 入力は以下の形式で標準入力から与えられる。 N L A_1 A_2 \dots A_N 出力 答えを整数として出力せよ。 入力例 1 5 60 60 20 100 90 40 出力例 1 3 5 人が試験を受けました。 60 点以上取ると合格です。 人 1 は 60 点を取ったので、合格です。 人 2 は 20 点を取ったので、不合格です。 人 3 は 100 点を取ったので、合格です。 人 4 は 90 点を取ったので、合格です。 人 5 は 40 点を取ったので、不合格です。 以上より、合格したのは 3 人だと分かります。 入力例 2 4 80 79 78 77 76 出力例 2 0 合格者がいない場合もあります。 入力例 3 10 50 31 41 59 26 53 58 97 93 23 84 出力例 3 6",100.0,
atcoder,abc,public_sponsored_abc,toyota,abc330,トヨタシステムズプログラミングコンテスト2023(AtCoder Beginner Contest 330),2023,,1700913600.0,2023.0,abc330_b,B,Minimize Abs 1,B. Minimize Abs 1,-88.0,12674,"['implementation', 'conditional', 'optimization', 'value clamping']",4,https://atcoder.jp/contests/abc330/tasks/abc330_b,https://atcoder-tagged-backend.onrender.com/problems/all,2.3.0-sponsor-abc-kenkoooo-diff,ja,2026-06-04T18:46:05.900291+00:00,26.327,532.0,"配点 : 200 点 問題文 長さ N の整数列 A=(A_1,A_2,\ldots,A_N) 及び整数 L,R が与えられます。ここで L,R は L\leq R を満たします。 i=1,2,\ldots,N について以下の 2 つの条件を共に満たす整数 X_i を求めてください。なお、求める整数は常に一意に定まります。 L\leq X_i \leq R L 以上 R 以下であるようなどの整数 Y についても |X_i - A_i| \leq |Y-A_i| を満たす 制約 1\leq N\leq 2\times 10^5 1\leq L\leq R \leq 10^9 1\leq A_i\leq 10^9 入力は全て整数 入力 入力は以下の形式で標準入力から与えられる。 N L R A_1 \ldots A_N 出力 i=1,2,\ldots,N について X_i を空白区切りで出力せよ。 入力例 1 5 4 7 3 1 4 9 7 出力例 1 4 4 4 7 7 i=1 では、 |4-3|=1 |5-3|=2 |6-3|=3 |7-3|=4 より X_i = 4 です。 入力例 2 3 10 10 11 10 9 出力例 2 10 10 10",200.0,
atcoder,abc,public_sponsored_abc,toyota,abc330,トヨタシステムズプログラミングコンテスト2023(AtCoder Beginner Contest 330),2023,,1700913600.0,2023.0,abc330_c,C,Minimize Abs 2,C. Minimize Abs 2,519.0,10130,"['brute force', 'optimization', 'number theory']",3,https://atcoder.jp/contests/abc330/tasks/abc330_c,https://atcoder-tagged-backend.onrender.com/problems/all,2.3.0-sponsor-abc-kenkoooo-diff,ja,2026-06-04T18:46:05.900291+00:00,38.307,308.0,"配点 : 300 点 問題文 正整数 D が与えられます。 非負整数 x,y に対する |x^2+y^2-D| の最小値を求めてください。 制約 1\leq D \leq 2\times 10^{12} 入力は全て整数 入力 入力は以下の形式で標準入力から与えられる。 D 出力 答えを出力せよ。 入力例 1 21 出力例 1 1 x=4,y=2 のとき |x^2+y^2-D| = |16+4-21|=1 となります。 |x^2+y^2-D|=0 を満たすような非負整数 x,y は存在しないので、答えは 1 です。 入力例 2 998244353 出力例 2 0 入力例 3 264428617 出力例 3 32",300.0,
atcoder,abc,public_sponsored_abc,toyota,abc330,トヨタシステムズプログラミングコンテスト2023(AtCoder Beginner Contest 330),2023,,1700913600.0,2023.0,abc330_d,D,Counting Ls,D. Counting Ls,569.0,8611,"['combinatorics', 'counting', 'grid', 'precomputation']",4,https://atcoder.jp/contests/abc330/tasks/abc330_d,https://atcoder-tagged-backend.onrender.com/problems/all,2.3.0-sponsor-abc-kenkoooo-diff,ja,2026-06-04T18:46:05.900291+00:00,39.293,895.0,"配点 : 400 点 問題文 N \times N のマス目が与えられます。このうち上から i 行目、左から j 列目のマスを (i,j) と書きます。 各マスの状態を表す N 個の長さ N の文字列 S_1,S_2,\dots,S_N が以下の形式で与えられます。 S_i の j 文字目が o であるとき、 (i,j) には o が書かれている。 S_i の j 文字目が x であるとき、 (i,j) には x が書かれている。 以下の条件を全て満たすマスの三つ組の個数を求めてください。 組に含まれる 3 マスは相異なる。 3 マス全てに o が書かれている。 マスのうち、丁度 2 つが同じ行にある。 マスのうち、丁度 2 つが同じ列にある。 但し、ふたつの三つ組は、丁度一方に含まれるマスが存在する場合のみ区別します。 制約 N は 2 以上 2000 以下の整数 S_i は長さ N の o と x からなる文字列 入力 入力は以下の形式で標準入力から与えられる。 N S_1 S_2 \vdots S_N 出力 答えを整数として出力せよ。 入力例 1 3 ooo oxx xxo 出力例 1 4 以下の 4 つの三つ組が条件を満たします。 (1,1),(1,2),(2,1) (1,1),(1,3),(2,1) (1,1),(1,3),(3,3) (1,2),(1,3),(3,3) 入力例 2 4 oxxx xoxx xxox xxxo 出力例 2 0 入力例 3 15 xooxxooooxxxoox oxxoxoxxxoxoxxo oxxoxoxxxoxoxxx ooooxooooxxoxxx oxxoxoxxxoxoxxx oxxoxoxxxoxoxxo oxxoxooooxxxoox xxxxxxxxxxxxxxx xooxxxooxxxooox oxxoxoxxoxoxxxo xxxoxxxxoxoxxoo xooxxxooxxoxoxo xxxoxxxxoxooxxo oxxoxoxxoxoxxxo xooxxxooxxxooox 出力例 3 2960",400.0,
atcoder,abc,public_sponsored_abc,toyota,abc330,トヨタシステムズプログラミングコンテスト2023(AtCoder Beginner Contest 330),2023,,1700913600.0,2023.0,abc330_e,E,Mex and Update,E. Mex and Update,1004.0,6475,"['mex', 'segment tree', 'set', 'counting', 'point update']",5,https://atcoder.jp/contests/abc330/tasks/abc330_e,https://atcoder-tagged-backend.onrender.com/problems/all,2.3.0-sponsor-abc-kenkoooo-diff,ja,2026-06-04T18:46:05.900291+00:00,47.878,1001.0,"配点 : 475 点 問題文 長さ N の数列 A=(A_1,A_2,\dots,A_N) が与えられます。 以下の Q 個のクエリに、与えられる順番で対応してください。 k 番目のクエリは以下の形式で与えられます。 i_k x_k まず、 A_{i_k} = x_k と変更する。この変更は以降のクエリにも引き継がれる。 その後、 A の \rm{mex} を出力する。 A の \rm{mex} とは、 A に含まれない最小の非負整数を指す。 制約 入力は全て整数 1 \le N,Q \le 2 \times 10^5 0 \le A_i \le 10^9 1 \le i_k \le N 0 \le x_k \le 10^9 入力 入力は以下の形式で標準入力から与えられる。 N Q A_1 A_2 \dots A_N i_1 x_1 i_2 x_2 \vdots i_Q x_Q 出力 全体で Q 行出力せよ。 そのうち k 行目には k 番目のクエリに対する答えを整数として出力せよ。 入力例 1 8 5 2 0 2 2 1 1 2 5 4 3 4 4 6 3 8 1000000000 2 1 出力例 1 4 3 6 5 0 最初、数列 A は (2,0,2,2,1,1,2,5) です。 この入力では、 5 つのクエリを処理します。 1 番目のクエリで A_4 = 3 と変更し、 A=(2,0,2,3,1,1,2,5) となりました。 この時点で、 A の \rm{mex} は 4 です。 2 番目のクエリで A_4 = 4 と変更し、 A=(2,0,2,4,1,1,2,5) となりました。 この時点で、 A の \rm{mex} は 3 です。 3 番目のクエリで A_6 = 3 と変更し、 A=(2,0,2,4,1,3,2,5) となりました。 この時点で、 A の \rm{mex} は 6 です。 4 番目のクエリで A_8 = 1000000000 と変更し、 A=(2,0,2,4,1,3,2,1000000000) となりました。 この時点で、 A の \rm{mex} は 5 です。 5 番目のクエリで A_2 = 1 と変更し、 A=(2,1,2,4,1,3,2,1000000000) となりました。 この時点で、 A の \rm{mex} は 0 です。",475.0,
atcoder,abc,public_sponsored_abc,toyota,abc330,トヨタシステムズプログラミングコンテスト2023(AtCoder Beginner Contest 330),2023,,1700913600.0,2023.0,abc330_f,F,Minimize Bounding  Square,F. Minimize Bounding  Square,1718.0,2454,"['greedy', 'simulation', 'operations', 'dimension']",4,https://atcoder.jp/contests/abc330/tasks/abc330_f,https://atcoder-tagged-backend.onrender.com/problems/all,2.3.0-sponsor-abc-kenkoooo-diff,ja,2026-06-04T18:46:05.900291+00:00,61.97,1385.0,"配点 : 525 点 問題文 xy 平面上に N 個の点 1,2,\dots,N があります。このうち点 i は座標 (X_i,Y_i) にあります。 あなたは、以下の操作を 0 回以上 K 回以下行うことができます。 まず、 N 点の中からひとつを選択する。選ばれた点を k とし、この点が現在 (x,y) にあるものとする。 次に、以下の 4 つからひとつを選択し、実行する。 点 k を x 軸沿いに +1 だけ移動させる。点 k の座標は (x+1,y) となる。 点 k を x 軸沿いに -1 だけ移動させる。点 k の座標は (x-1,y) となる。 点 k を y 軸沿いに +1 だけ移動させる。点 k の座標は (x,y+1) となる。 点 k を y 軸沿いに -1 だけ移動させる。点 k の座標は (x,y-1) となる。 複数の点を同じ座標に存在させることも許されます。また、入力で複数の点が同じ座標に存在しうることに注意してください。 全ての操作が終わった後、 N 個全ての点を内部または周上に包含する、各辺が x 軸または y 軸に平行な正方形をひとつ書き込みます。 このとき、書き込む正方形の一辺の長さとしてありうる最小の値を求めてください。全ての点が常に格子点にあることから、この値は整数であることが示せます。 特に、全ての点を同じ座標に存在させられる時、答えは 0 であるものとします。 制約 入力は全て整数 1 \le N \le 2 \times 10^5 0 \le K \le 4 \times 10^{14} 0 \le X_i,Y_i \le 10^9 入力 入力は以下の形式で標準入力から与えられる。 N K X_1 Y_1 X_2 Y_2 \vdots X_N Y_N 出力 答えを整数として出力せよ。 入力例 1 6 5 2 0 5 2 0 3 3 2 3 4 1 5 出力例 1 3 このケースについて、横を x 軸、縦を y 軸として図示したものが以下です。 例えば、図中の矢印に従って 4 度の移動を行った後、図中に示した一辺が 3 の正方形で全ての点を内部または周上に含むことができ、これが最小値であることが示せます。 入力例 2 4 400000000000000 1000000000 1000000000 1000000000 1000000000 1000000000 1000000000 1000000000 1000000000 出力例 2 0 最初から全ての点が同じ座標に存在します。 例えば操作を 0 回行う (即ち、全く行わない) ことにより、全ての点を同じ座標に存在させられるので、この入力に対する答えは 0 です。 入力例 3 10 998244353 489733278 189351894 861289363 30208889 450668761 133103889 306319121 739571083 409648209 922270934 930832199 304946211 358683490 923133355 369972904 539399938 915030547 735320146 386219602 277971612 出力例 3 484373824",525.0,
atcoder,abc,public_sponsored_abc,toyota,abc330,トヨタシステムズプログラミングコンテスト2023(AtCoder Beginner Contest 330),2023,,1700913600.0,2023.0,abc330_g,G,Inversion Squared,G. Inversion Squared,3455.0,92,"['combinatorics', 'sum', 'permutation', 'inversion counting', 'case work', 'symmetry']",6,https://atcoder.jp/contests/abc330/tasks/abc330_g,https://atcoder-tagged-backend.onrender.com/problems/all,2.3.0-sponsor-abc-kenkoooo-diff,ja,2026-06-04T18:46:05.900291+00:00,96.25,738.0,"配点 : 625 点 問題文 長さ N の数列 A = (A_1,\ldots,A_N) が与えられます。 A の各要素は -1 または 1 以上 N 以下の整数で、かつ 1 から N までの整数はそれぞれ高々 1 個含まれます。 (1,\ldots,N) の順列 P=(P_1,\ldots,P_N) であって、 A_i \neq -1 \Rightarrow P_i = A_i を満たすものを 良い順列 と呼びます。良い順列全てに対する、転倒数の二乗の総和を 998244353 で割ったあまりを求めてください。 なお、順列 P の転倒数は、 1\leq i < j \leq N と P_i > P_j を共に満たすような整数の組 (i,j) の個数です。 制約 1\leq N\leq 3000 1\leq A_i \leq N または A_i = -1 A に 1,\ldots,N はそれぞれ高々 1 個含まれる 入力は全て整数 入力 入力は以下の形式で標準入力から与えられる。 N A_1 \ldots A_N 出力 答えを出力せよ。 入力例 1 4 3 -1 2 -1 出力例 1 29 良い順列は P=(3,1,2,4) と P=(3,4,2,1) の 2 つで、転倒数はそれぞれ 2 と 5 です。 よって答えは 2^2 + 5^2 = 29 となります。 入力例 2 10 -1 -1 -1 -1 -1 -1 -1 -1 -1 -1 出力例 2 952235647 入力例 3 15 -1 -1 10 -1 -1 -1 2 -1 -1 3 -1 -1 -1 -1 1 出力例 3 460544744 998244353 で割ったあまりを求めてください。",625.0,
atcoder,abc,public_sponsored_abc,toyota,abc333,トヨタ自動車プログラミングコンテスト2023#8（AtCoder Beginner Contest 333）,2023,,1702728000.0,2023.0,abc333_a,A,Three Threes ,A. Three Threes ,-1203.0,19444,"['implementation', 'string', 'iteration']",3,https://atcoder.jp/contests/abc333/tasks/abc333_a,https://atcoder-tagged-backend.onrender.com/problems/all,2.3.0-sponsor-abc-kenkoooo-diff,ja,2026-06-04T18:46:05.900291+00:00,4.322,202.0,配点 : 100 点 問題文 1 以上 9 以下の整数 N が入力として与えられます。 数字 N を N 個繋げて得られる文字列を出力してください。 制約 N は 1 以上 9 以下の整数 入力 入力は以下の形式で標準入力から与えられる。 N 出力 答えを出力せよ。 入力例 1 3 出力例 1 333 3 を 3 個繋げて得られる文字列は 333 です。 入力例 2 9 出力例 2 999999999,100.0,
atcoder,abc,public_sponsored_abc,toyota,abc333,トヨタ自動車プログラミングコンテスト2023#8（AtCoder Beginner Contest 333）,2023,,1702728000.0,2023.0,abc333_b,B,Pentagon,B. Pentagon,-202.0,15583,"['implementation', 'ad hoc', 'geometry']",3,https://atcoder.jp/contests/abc333/tasks/abc333_b,https://atcoder-tagged-backend.onrender.com/problems/all,2.3.0-sponsor-abc-kenkoooo-diff,ja,2026-06-04T18:46:05.900291+00:00,24.077,451.0,"配点 : 200 点 問題文 以下の図で表される正五角形 P があります。 P の点 S_1 と点 S_2 を結ぶ線分と、点 T_1 と点 T_2 を結ぶ線分の長さが等しいか判定してください。 制約 S_1,S_2,T_1,T_2 は A , B , C , D , E のいずれかの文字 S_1 \neq S_2 T_1 \neq T_2 入力 入力は以下の形式で標準入力から与えられる。 S_1S_2 T_1T_2 出力 P の点 S_1 と点 S_2 を結ぶ線分と、点 T_1 と点 T_2 を結ぶ線分の長さが等しい場合 Yes を、等しくない場合 No を出力せよ。 入力例 1 AC EC 出力例 1 Yes P の点 A と点 C を結ぶ線分と、 P の点 E と点 C を結ぶ線分の長さは等しいです。 入力例 2 DA EA 出力例 2 No P の点 D と点 A を結ぶ線分と、 P の点 E と点 A を結ぶ線分の長さは等しくありません。 入力例 3 BD BD 出力例 3 Yes",200.0,
atcoder,abc,public_sponsored_abc,toyota,abc333,トヨタ自動車プログラミングコンテスト2023#8（AtCoder Beginner Contest 333）,2023,,1702728000.0,2023.0,abc333_c,C,Repunit Trio,C. Repunit Trio,224.0,13000,"['enumeration', 'digit', 'combinatorics', 'constructive']",4,https://atcoder.jp/contests/abc333/tasks/abc333_c,https://atcoder-tagged-backend.onrender.com/problems/all,2.3.0-sponsor-abc-kenkoooo-diff,ja,2026-06-04T18:46:05.900291+00:00,32.485,386.0,"配点 : 300 点 問題文 十進法ですべての桁の数字が 1 である整数をレピュニットと呼びます。レピュニットを小さい順に並べると 1,11,111,\ldots です。 ちょうど 3 つのレピュニットの和として表せる整数のうち N 番目に小さいものを求めてください。 制約 N は 1 以上 333 以下の整数 入力 入力は以下の形式で標準入力から与えられる。 N 出力 答えを出力せよ。 入力例 1 5 出力例 1 113 ちょうど 3 つのレピュニットの和として表せる整数を小さい順に並べると 3,13,23,33,113,\ldots です。例えば 113 は 113=1+1+111 と表せます。 3 つのレピュニットは相異ならなくてもよいことに注意してください。 入力例 2 19 出力例 2 2333 入力例 3 333 出力例 3 112222222233",300.0,
atcoder,abc,public_sponsored_abc,toyota,abc333,トヨタ自動車プログラミングコンテスト2023#8（AtCoder Beginner Contest 333）,2023,,1702728000.0,2023.0,abc333_d,D,Erase Leaves,D. Erase Leaves,704.0,8395,"['tree', 'dp on trees', 'dsu', 'graph theory']",4,https://atcoder.jp/contests/abc333/tasks/abc333_d,https://atcoder-tagged-backend.onrender.com/problems/all,2.3.0-sponsor-abc-kenkoooo-diff,ja,2026-06-04T18:46:05.900291+00:00,41.958,902.0,"配点 : 400 点 問題文 頂点 1, 頂点 2,\ldots, 頂点 N の N 個の頂点からなる木が与えられます。 i 番目 (1\leq i\lt N) の辺は頂点 u _ i と v _ i を結んでいます。 次の操作を好きな回数繰り返すことを考えます。 葉である頂点 v を 1 つ選び、頂点 v およびそれに接続する辺をすべて削除する。 頂点 1 を削除するまでに最小で操作を何回行う必要があるか求めてください。 木とは？ 木とは、無向グラフのうち連結であって閉路がないものです。 詳しくはこちらをご覧ください: Wikipedia「木 (数学)」 葉とは？ 木の葉とは、木の頂点のうち次数がたかだか 1 であるものです。 制約 2\leq N\leq3\times10^5 1\leq u _ i\lt v _ i\leq N\ (1\leq i\lt N) 与えられるグラフは木 入力はすべて整数 入力 入力は以下の形式で標準入力から与えられる。 N u _ 1 v _ 1 u _ 2 v _ 2 \vdots u _ {N-1} v _ {N-1} 出力 答えを 1 行で出力せよ。 入力例 1 9 1 2 2 3 2 4 2 5 1 6 6 7 7 8 7 9 出力例 1 5 与えられるグラフは次のようになります。 たとえば、頂点 9,8,7,6,1 の順に選んで操作を行うことで、 5 回の操作で頂点 1 を削除することができます。 4 回以下の操作では頂点 1 を削除することはできないため、 5 を出力してください。 入力例 2 6 1 2 2 3 2 4 3 5 3 6 出力例 2 1 与えられたグラフにおいて、頂点 1 は葉です。 よって、 1 回目の操作で頂点 1 を選んで削除することができます。 入力例 3 24 3 6 7 17 7 20 7 11 14 18 17 21 6 19 5 22 9 24 11 14 6 23 8 17 9 12 4 17 2 15 1 17 3 9 10 16 7 13 2 16 1 16 5 7 1 3 出力例 3 12",400.0,
atcoder,abc,public_sponsored_abc,toyota,abc333,トヨタ自動車プログラミングコンテスト2023#8（AtCoder Beginner Contest 333）,2023,,1702728000.0,2023.0,abc333_e,E,Takahashi Quest,E. Takahashi Quest,948.0,6121,"['greedy', 'stack', 'difference array', 'prefix sum']",4,https://atcoder.jp/contests/abc333/tasks/abc333_e,https://atcoder-tagged-backend.onrender.com/problems/all,2.3.0-sponsor-abc-kenkoooo-diff,ja,2026-06-04T18:46:05.900291+00:00,46.773,1961.0,"配点 : 450 点 問題文 高橋くんは冒険に出ようとしています。 冒険では、 N 個の出来事が起こります。 i 番目 (1\leq i\leq N) の出来事は整数の組 (t _ i,x _ i) (1\leq t _ i\leq 2,1\leq x _ i\leq N) で表され、次のような出来事です。 t _ i=1 のとき、タイプ x _ i のポーションを 1 つ発見する。高橋くんは、発見したポーションを拾うか捨てるかのどちらかを選択する。 t _ i=2 のとき、タイプ x _ i のモンスター 1 体と遭遇する。高橋くんがタイプ x _ i のポーションを持っている場合、それを 1 つ消費することでモンスターを撃退することができる。モンスターを撃退しなかった場合、高橋くんは敗北する。 高橋くんが敗北することなく全てのモンスターを撃退することができるか判定してください。 高橋くんが全てのモンスターを撃退することができない場合、 -1 を出力してください。 高橋くんが全てのモンスターを撃退することができる場合、高橋君が冒険の途中で持っているポーションの個数の最大値を K とします。 高橋くんが敗北しないような戦略全体にわたる K の最小値を K _ {\min} とします。 K _ {\min} の値と、 K _ {\min} を達成する高橋くんの行動を出力してください。 制約 1\leq N\leq2\times10^5 1\leq t _ i\leq2\ (1\leq i\leq N) 1\leq x _ i\leq N\ (1\leq i\leq N) 入力はすべて整数 入力 入力は以下の形式で標準入力から与えられる。 N t _ 1 x _ 1 t _ 2 x _ 2 \vdots t _ N x _ N 出力 高橋くんが全てのモンスターを撃退することができない場合、 -1 を出力せよ。 高橋くんが全てのモンスターを撃退することができる場合、 1 行目には K _ {\min} の値を、 2 行目には t _ i=1 であるような i すべてについて昇順に、 i 番目の出来事で発見したポーションを拾うなら 1 を、拾わないなら 0 を空白区切りで出力せよ。 K _ {\min} を達成し、高橋くんが敗北せず冒険を終えられるような行動が複数ある場合、どれを出力しても構わない。 入力例 1 13 1 2 1 3 1 1 1 3 1 2 2 3 1 3 1 3 2 3 1 3 2 2 2 3 2 1 出力例 1 3 1 1 1 0 0 1 0 1 出力例は、次のような行動に対応しています。 タイプ 2,3,1 のポーションをこの順に発見する。これらのポーションをすべて拾う。 タイプ 3,2 のポーションをこの順に発見する。これらのポーションをいずれも拾わない。 タイプ 3 のモンスターと遭遇する。持っているタイプ 3 のポーションを 1 つ消費してモンスターを撃退する。 タイプ 3 のポーションを発見する。このポーションを拾う。 タイプ 3 のポーションを発見する。このポーションを拾わない。 タイプ 3 のモンスターと遭遇する。持っているタイプ 3 のポーションを 1 つ消費してモンスターを撃退する。 タイプ 3 のポーションを発見する。このポーションを拾う。 タイプ 2 のモンスターと遭遇する。持っているタイプ 2 のポーションを 1 つ消費してモンスターを撃退する。 タイプ 3 のモンスターと遭遇する。持っているタイプ 3 のポーションを 1 つ消費してモンスターを撃退する。 タイプ 1 のモンスターと遭遇する。持っているタイプ 1 のポーションを 1 つ消費してモンスターを撃退する。 この行動では、 K の値は 3 となります。 K\leq 2 として敗北しない方法はないので、求める K _ {\min} の値は 3 です。 K=3 を満たして高橋くんが敗北しない行動は複数ありますが、どれを出力しても構いません。 入力例 2 4 2 3 1 4 2 1 1 2 出力例 2 -1 高橋くんはかならず最初に遭遇するモンスターに敗北してしまいます。 入力例 3 30 1 25 1 2 1 10 1 18 2 18 1 11 2 11 1 21 1 6 2 2 2 10 1 11 1 24 1 11 1 3 1 2 1 18 2 25 1 8 1 10 1 11 2 18 2 10 1 10 2 2 1 24 1 10 2 10 1 25 2 6 出力例 3 4 1 1 1 1 1 0 1 0 0 0 0 1 1 0 1 0 1 0 0 0",450.0,
atcoder,abc,public_sponsored_abc,toyota,abc333,トヨタ自動車プログラミングコンテスト2023#8（AtCoder Beginner Contest 333）,2023,,1702728000.0,2023.0,abc333_f,F,Bomb Game 2,F. Bomb Game 2,1770.0,2355,"['dp', 'probability', 'modular arithmetic', 'geometric progression', 'optimization']",5,https://atcoder.jp/contests/abc333/tasks/abc333_f,https://atcoder-tagged-backend.onrender.com/problems/all,2.3.0-sponsor-abc-kenkoooo-diff,ja,2026-06-04T18:46:05.900291+00:00,62.996,752.0,"配点 : 550 点 問題文 N 人の人が一列に並んでおり、人 i は先頭から i 番目に並んでいます。 以下の操作を、列に並んでいる人が 1 人になるまで繰り返します。 先頭に並んでいる人を \frac{1}{2} の確率で列から取り除き、そうでない場合は列の末尾に移す。 人 i=1,2,\ldots,N それぞれについて、人 i が最後まで列に並んでいる 1 人になる確率を \text{mod }998244353 で求めて下さい。(取り除くかどうかの選択はすべてランダムかつ独立です。) 確率 \text{mod } 998244353 の定義 この問題で求める確率は必ず有理数になることが証明できます。 また、この問題の制約下では、求める確率を既約分数 \frac{y}{x} で表したときに x が 998244353 で割り切れないことが保証されます。 このとき xz \equiv y \pmod{998244353} を満たすような 0 以上 998244352 以下の整数 z が一意に定まります。この z を答えてください。 制約 2\leq N\leq 3000 入力は全て整数 入力 入力は以下の形式で標準入力から与えられる。 N 出力 人 i=1,2,\ldots,N に対する答えを空白区切りで出力せよ。 入力例 1 2 出力例 1 332748118 665496236 人 1 が最後まで列に並んでいる 1 人になる確率は \frac{1}{3} です。 人 2 が最後まで列に並んでいる 1 人になる確率は \frac{2}{3} です。 入力例 2 5 出力例 2 235530465 792768557 258531487 238597268 471060930",550.0,
atcoder,abc,public_sponsored_abc,toyota,abc333,トヨタ自動車プログラミングコンテスト2023#8（AtCoder Beginner Contest 333）,2023,,1702728000.0,2023.0,abc333_g,G,Nearest Fraction,G. Nearest Fraction,2536.0,619,"['math', 'stern brocot tree', 'number theory', 'fractions', 'gcd', 'chinese remainder theorem']",6,https://atcoder.jp/contests/abc333/tasks/abc333_g,https://atcoder-tagged-backend.onrender.com/problems/all,2.3.0-sponsor-abc-kenkoooo-diff,ja,2026-06-04T18:46:05.900291+00:00,78.113,1018.0,"配点 : 625 点 問題文 1 未満の正実数 r と正整数 N が与えられます。 0\leq p\leq q\leq N かつ \gcd(p,q)=1 を満たす整数の組 (p,q) のうち、 \left\vert r-\dfrac pq\right\vert の値を最小にするものを求めてください。 ただし、そのような (p,q) が複数存在する場合、 \dfrac pq の値が最も小さいものを出力してください。 制約 0\lt r\lt 1 r は十進法で小数点以下たかだか 18 桁の実数として与えられる。 1\leq N\leq 10^{10} N は整数 入力 入力は以下の形式で標準入力から与えられる。 r N 出力 問題文の条件を満たす (p,q) について p と q をこの順に空白区切りで一行に出力せよ。 入力例 1 0.333 33 出力例 1 1 3 \left\vert0.333-\dfrac13\right\vert=\dfrac1{3000} です。 \left\vert0.333-\dfrac pq\right\vert\lt\dfrac1{3000} となる 0\leq p\leq q\leq33,\gcd(p,q)=1 は存在しないので、 1 3 を出力してください。 入力例 2 0.45 5 出力例 2 2 5 \left\vert0.45-\dfrac12\right\vert=\left\vert0.45-\dfrac25\right\vert=\dfrac1{20} です。 \left\vert0.45-\dfrac pq\right\vert\lt\dfrac1{20} となる 0\leq p\leq q\leq5,\gcd(p,q)=1 は存在せず、 \dfrac12\gt\dfrac25 が成り立つので、 2 5 を出力してください。 入力例 3 0.314159265358979323 10000 出力例 3 71 226 \left\vert0.314159265358979323-\dfrac{71}{226}\right\vert=\dfrac{3014435336501}{113000000000000000000} です。 入力例 4 0.007735339533561113 7203576162 出力例 4 34928144 4515398949",625.0,
atcoder,abc,public_sponsored_abc,unique_vision,abc334,ユニークビジョンプログラミングコンテスト2023 クリスマス (AtCoder Beginner Contest 334),2023,,1703332800.0,2023.0,abc334_a,A,Christmas Present,A. Christmas Present,-1092.0,17420,"['implementation', 'conditional', 'comparison']",3,https://atcoder.jp/contests/abc334/tasks/abc334_a,https://atcoder-tagged-backend.onrender.com/problems/all,2.3.0-sponsor-abc-kenkoooo-diff,ja,2026-06-04T18:46:05.900291+00:00,6.513,408.0,"配点 : 100 点 問題文 野球少年の高橋君は今年とても良い子にしていたので、サンタさんはバットかグローブのうち値段が高い方を高橋君にプレゼントすることにしました。 バットの値段が B 円、グローブの値段が G 円 ( B\neq G ) のとき、サンタさんが高橋君にプレゼントするのはどちらですか？ 制約 B,G は 1 以上 1000 以下の相異なる整数 入力 入力は以下の形式で標準入力から与えられる。 B G 出力 サンタさんが高橋君にプレゼントするのがバットであるとき Bat を、グローブであるとき Glove を出力せよ。 入力例 1 300 100 出力例 1 Bat バットの方がグローブより値段が高いので、サンタさんは高橋君にバットをプレゼントします。 入力例 2 334 343 出力例 2 Glove グローブの方がバットより値段が高いので、サンタさんは高橋君にグローブをプレゼントします。",100.0,
atcoder,abc,public_sponsored_abc,unique_vision,abc334,ユニークビジョンプログラミングコンテスト2023 クリスマス (AtCoder Beginner Contest 334),2023,,1703332800.0,2023.0,abc334_b,B,Christmas Trees,B. Christmas Trees,479.0,10693,"['math', 'counting', 'implementation']",3,https://atcoder.jp/contests/abc334/tasks/abc334_b,https://atcoder-tagged-backend.onrender.com/problems/all,2.3.0-sponsor-abc-kenkoooo-diff,ja,2026-06-04T18:46:05.900291+00:00,37.517,812.0,"配点 : 250 点 問題文 東西に無限に伸びる道路があり、この道路上のある基準となる地点から東に x\mathrm{\,m} のところにある地点の 座標 は x と定められています。 特に、基準となる地点から西に x\mathrm{\,m} のところにある地点の座標は -x です。 すぬけ君は今から、座標が A である地点を基点にして M\mathrm{\,m} おきにクリスマスツリーを立てます。 すなわち、座標がある整数 k を用いて A+kM と表されるような地点それぞれにクリスマスツリーを立てます。 高橋君と青木君はそれぞれ座標が L,R\ (L\leq R) である地点に立っています。 高橋君と青木君の間（高橋君と青木君が立っている地点を含む）に立てられるクリスマスツリーの本数を求めてください。 制約 -10^{18}\leq A \leq 10^{18} 1\leq M \leq 10^9 -10^{18}\leq L\leq R \leq 10^{18} 入力は全て整数 入力 入力は以下の形式で標準入力から与えられる。 A M L R 出力 高橋君と青木君の間（高橋君と青木君が立っている地点を含む）に立てられるクリスマスツリーの本数を出力せよ。 入力例 1 5 3 -1 6 出力例 1 3 すぬけ君は、座標が \dots,-4,-1,2,5,8,11,14\dots である地点にクリスマスツリーを立てます。 これらのうち高橋君と青木君の間にあるのは、座標が -1,2,5 である地点に立てられる 3 本です。 入力例 2 -2 2 1 1 出力例 2 0 高橋君と青木君が同じ地点に立っていることもあります。 入力例 3 -177018739841739480 2436426 -80154573737296504 585335723211047198 出力例 3 273142010859",250.0,
atcoder,abc,public_sponsored_abc,unique_vision,abc334,ユニークビジョンプログラミングコンテスト2023 クリスマス (AtCoder Beginner Contest 334),2023,,1703332800.0,2023.0,abc334_c,C,Socks 2,C. Socks 2,1030.0,6537,"['greedy', 'prefix sum', 'suffix sum', 'constructive']",4,https://atcoder.jp/contests/abc334/tasks/abc334_c,https://atcoder-tagged-backend.onrender.com/problems/all,2.3.0-sponsor-abc-kenkoooo-diff,ja,2026-06-04T18:46:05.900291+00:00,48.392,842.0,"配点 : 350 点 問題文 高橋君は N 組の靴下を持っており、 i 番目の組は色 i の靴下 2 枚からなります。 ある日タンスの中を整理した高橋君は、色 A_1,A_2,\dots,A_K の靴下を 1 枚ずつなくしてしまったことに気づいたので、残っている 2N-K 枚の靴下を使って、靴下 2 枚ずつからなる \lfloor\frac{2N-K}{2}\rfloor 個の組を新たに作り直すことにしました。 色 i の靴下と色 j の靴下からなる組の 奇妙さ は |i-j| として定義され、高橋君は奇妙さの総和をできるだけ小さくしたいです。 残っている靴下をうまく組み合わせて \lfloor\frac{2N-K}{2}\rfloor 個の組を作ったとき、奇妙さの総和が最小でいくつになるか求めてください。 なお、 2N-K が奇数のとき、どの組にも含まれない靴下が 1 枚存在することに注意してください。 制約 1\leq K\leq N \leq 2\times 10^5 1\leq A_1 < A_2 < \dots < A_K \leq N 入力は全て整数 入力 入力は以下の形式で標準入力から与えられる。 N K A_1 A_2 \dots A_K 出力 奇妙さの総和の最小値を整数として出力せよ。 入力例 1 4 2 1 3 出力例 1 2 以下、色 i の靴下と色 j の靴下からなる組を (i,j) と表記します。 色 1,2,3,4 の靴下がそれぞれ 1,2,1,2 枚ずつあります。 (1,2),(2,3),(4,4) の 3 組を作ると、奇妙さの総和は |1-2|+|2-3|+|4-4|=2 となり、これが最小です。 入力例 2 5 1 2 出力例 2 0 (1,1),(3,3),(4,4),(5,5) の 4 組を作り、色 2 の靴下を 1 枚余らせる（どの組にも入れない）のが最適です。 入力例 3 8 5 1 2 4 7 8 出力例 3 2",350.0,
atcoder,abc,public_sponsored_abc,unique_vision,abc334,ユニークビジョンプログラミングコンテスト2023 クリスマス (AtCoder Beginner Contest 334),2023,,1703332800.0,2023.0,abc334_d,D,Reindeer and Sleigh,D. Reindeer and Sleigh,602.0,8970,"['sorting', 'prefix sum', 'binary search', 'greedy']",4,https://atcoder.jp/contests/abc334/tasks/abc334_d,https://atcoder-tagged-backend.onrender.com/problems/all,2.3.0-sponsor-abc-kenkoooo-diff,ja,2026-06-04T18:46:05.900291+00:00,39.945,767.0,"配点 : 400 点 問題文 N 台のソリがあり、各ソリには 1,2,\ldots, N の番号がつけられています。 ソリ i を引くために必要なトナカイは R_i 匹です。 また、各トナカイが引けるソリは高々 1 台です。より厳密には、 m 台のソリ i_1, i_2, \ldots, i_m を引くために必要なトナカイは \sum_{k=1}^{m} R_{i_k} 匹です。 以下の形式のクエリが Q 個与えられるので、答えを求めてください。 整数 X が与えられる。トナカイが X 匹いるときに最大で何台のソリを引けるか求めよ。 制約 1 \leq N, Q \leq 2 \times 10^5 1 \leq R_i \leq 10^9 1 \leq X \leq 2 \times 10^{14} 入力される数値はすべて整数 入力 入力は以下の形式で標準入力から与えられる。 N Q R_1 R_2 \ldots R_N \text{query}_1 \text{query}_2 \vdots \text{query}_Q 各クエリは次の形式で与えられる。 X 出力 Q 行出力せよ。 i 行目には i 個目のクエリに対する答えを出力せよ。 入力例 1 4 3 5 3 11 8 16 7 1000 出力例 1 3 1 4 トナカイが 16 匹いるとき、ソリ 1,2,4 を引くことができます。 16 匹のトナカイで 4 台のソリを引くことはできないので、クエリ 1 の答えは 3 となります。 入力例 2 6 6 1 2 3 4 5 6 1 2 3 4 5 6 出力例 2 1 1 2 2 2 3 入力例 3 2 2 1000000000 1000000000 200000000000000 1 出力例 3 2 0",400.0,
atcoder,abc,public_sponsored_abc,unique_vision,abc334,ユニークビジョンプログラミングコンテスト2023 クリスマス (AtCoder Beginner Contest 334),2023,,1703332800.0,2023.0,abc334_e,E,Christmas Color Grid 1,E. Christmas Color Grid 1,1195.0,4723,"['connected components', 'grid graph', 'bfs', 'dfs', 'dsu', 'expectation', 'modular arithmetic']",7,https://atcoder.jp/contests/abc334/tasks/abc334_e,https://atcoder-tagged-backend.onrender.com/problems/all,2.3.0-sponsor-abc-kenkoooo-diff,ja,2026-06-04T18:46:05.900291+00:00,51.648,1291.0,"配点 : 450 点 問題文 この問題は問題 G と似た設定です。問題文の相違点を赤字で示します。 H 行 W 列のグリッドがあり、グリッドの各マスは赤色あるいは緑色に塗られています。 グリッドの上から i 行目、左から j 列目のマスをマス (i,j) と表記します。 マス (i,j) の色は文字 S_{i,j} で表され、 S_{i,j} = . のときマス (i,j) は赤色、 S_{i,j} = # のときマス (i,j) は緑色に塗られています。 グリッドにおいて、緑色に塗られたマスを頂点集合、隣り合った 2 つの緑色のマスを結ぶ辺全体を辺集合としたグラフにおける連結成分の個数を 緑の連結成分数 と呼びます。ただし、 2 つのマス (x,y) と (x',y') が隣り合っているとは、 |x-x'| + |y-y'| = 1 であることを指します。 赤色 に塗られたマスを一様ランダムに 1 つ選び、 緑色 に塗り替えたとき、塗り替え後のグリッドの緑の連結成分数の期待値を \text{mod } 998244353 で出力してください。 「期待値を \text{mod } 998244353 で出力」とは 求める期待値は必ず有理数となることが証明できます。 またこの問題の制約下では、その値を互いに素な 2 つの整数 P , Q を用いて \frac{P}{Q} と表したとき、 R \times Q \equiv P\pmod{998244353} かつ 0 \leq R \lt 998244353 を満たす整数 R がただ 1 つ存在することが証明できます。この R を出力してください。 制約 1 \leq H,W \leq 1000 S_{i,j} = . または S_{i,j} = # S_{i,j} = . なる (i,j) が存在する。 入力 入力は以下の形式で標準入力から与えられる。 H W S_{1,1} S_{1,2} \ldots S_{1,W} S_{2,1} S_{2,2} \ldots S_{2,W} \vdots S_{H,1} S_{H,2} \ldots S_{H,W} 出力 答えを出力せよ。 入力例 1 3 3 ##. #.# #.. 出力例 1 499122178 マス (1,3) を緑色に塗り替えたとき、緑の連結成分数は 1 となります。 マス (2,2) を緑色に塗り替えたとき、緑の連結成分数は 1 となります。 マス (3,2) を緑色に塗り替えたとき、緑の連結成分数は 2 となります。 マス (3,3) を緑色に塗り替えたとき、緑の連結成分数は 2 となります。 よって、赤色に塗られたマスを一様ランダムに 1 つ選び、緑色に塗り替えた後の緑の連結成分数の期待値は (1+1+2+2)/4 = 3/2 となります。 入力例 2 4 5 ..#.. .###. ##### ..#.. 出力例 2 598946613 入力例 3 3 4 #... .#.# ..## 出力例 3 285212675",450.0,
atcoder,abc,public_sponsored_abc,unique_vision,abc334,ユニークビジョンプログラミングコンテスト2023 クリスマス (AtCoder Beginner Contest 334),2023,,1703332800.0,2023.0,abc334_f,F,Christmas Present 2,F. Christmas Present 2,1813.0,2474,"['dp', 'sliding window', 'segment tree', 'geometry', 'distance']",5,https://atcoder.jp/contests/abc334/tasks/abc334_f,https://atcoder-tagged-backend.onrender.com/problems/all,2.3.0-sponsor-abc-kenkoooo-diff,ja,2026-06-04T18:46:05.900291+00:00,63.844,1293.0,"配点 : 550 点 問題文 xy 平面として表される町があり、サンタさんと、 1 から N までの番号が付けられた N 人の子供が住んでいます。 サンタさんの家の座標は (S_X,S_Y) であり、子供 i\ (1\leq i\leq N) の家の座標は (X_i,Y_i) です。 サンタさんは、 N 人の子供たちに 番号順に プレゼントを 1 個ずつ配りたいです。 子供 i にプレゼントを配るためには、プレゼントを 1 個以上持った状態で子供 i の家に行く必要があります。 しかし、サンタさんは同時に K 個までしかプレゼントを持つことができず、プレゼントを補充するためには一旦自分の家に戻る必要があります（サンタさんの家には十分な数のプレゼントがあります）。 サンタさんが自分の家を出発し、 N 人の子供たち全員にプレゼントを配って、自分の家まで戻ってくるために移動する距離の最小値を求めてください。 制約 1\leq K\leq N \leq 2\times 10^5 -10^9\leq S_X,S_Y,X_i,Y_i \leq 10^9 (S_X,S_Y)\neq (X_i,Y_i) (X_i,Y_i)\neq (X_j,Y_j)\ (i\neq j) 入力は全て整数 入力 入力は以下の形式で標準入力から与えられる。 N K S_X S_Y X_1 Y_1 X_2 Y_2 \vdots X_N Y_N 出力 サンタさんが移動する距離の最小値を出力せよ。 出力は、真の値との絶対誤差または相対誤差が 10^{−6} 以下のとき正解と判定される。 入力例 1 3 2 1 1 3 1 1 2 3 2 出力例 1 9.236067977499790 上図において、赤い丸はサンタさんの家、中に数字が書かれた丸はその番号の子供の家を表しています。 サンタさんが以下のように行動することを考えます。 プレゼントを 2 個持ってサンタさんの家を出る。 子供 1 の家に行ってプレゼントを 1 個配る。 サンタさんの家に戻ってプレゼントを 1 個補充する。 子供 2 の家に行ってプレゼントを 1 個配る。 子供 3 の家に行ってプレゼントを 1 個配る。 サンタさんの家に戻る。 このとき、サンタさんが移動する距離は 2+2+1+2+\sqrt{5}=7+\sqrt{5}=9.236\dots となり、これが最小です。 入力例 2 2 1 0 1 -1 1 1 1 出力例 2 4.000000000000000 入力例 3 8 3 735867677 193944314 586260100 -192321079 95834122 802780784 418379342 -790013317 -445130206 189801569 -354684803 -49687658 -204491568 -840249197 853829789 470958158 -751917965 762048217 出力例 3 11347715738.116592407226562",550.0,
atcoder,abc,public_sponsored_abc,unique_vision,abc334,ユニークビジョンプログラミングコンテスト2023 クリスマス (AtCoder Beginner Contest 334),2023,,1703332800.0,2023.0,abc334_g,G,Christmas Color Grid 2,G. Christmas Color Grid 2,2242.0,1043,"['tarjan', 'dfs', 'articulation points', 'connected components', 'expectation', 'modular arithmetic']",6,https://atcoder.jp/contests/abc334/tasks/abc334_g,https://atcoder-tagged-backend.onrender.com/problems/all,2.3.0-sponsor-abc-kenkoooo-diff,ja,2026-06-04T18:46:05.900291+00:00,72.311,1332.0,"配点 : 650 点 問題文 この問題は問題 E と似た設定です。問題文の相違点を赤字で示します。 H 行 W 列のグリッドがあり、グリッドの各マスは赤色あるいは緑色に塗られています。 グリッドの上から i 行目、左から j 列目のマスをマス (i,j) と表記します。 マス (i,j) の色は文字 S_{i,j} で表され、 S_{i,j} = . のときマス (i,j) は赤色、 S_{i,j} = # のときマス (i,j) は緑色に塗られています。 グリッドにおいて、緑色に塗られたマスを頂点集合、隣り合った 2 つの緑色のマスを結ぶ辺全体を辺集合としたグラフにおける連結成分の個数を 緑の連結成分数 と呼びます。ただし、 2 つのマス (x,y) と (x',y') が隣り合っているとは、 |x-x'| + |y-y'| = 1 であることを指します。 緑色 に塗られたマスを一様ランダムに 1 つ選び、 赤色 に塗り替えたとき、塗り替え後のグリッドの緑の連結成分数の期待値を \text{mod } 998244353 で出力してください。 「期待値を \text{mod } 998244353 で出力」とは 求める期待値は必ず有理数となることが証明できます。 またこの問題の制約下では、その値を互いに素な 2 つの整数 P , Q を用いて \frac{P}{Q} と表したとき、 R \times Q \equiv P\pmod{998244353} かつ 0 \leq R \lt 998244353 を満たす整数 R がただ 1 つ存在することが証明できます。この R を出力してください。 制約 1 \leq H,W \leq 1000 S_{i,j} = . または S_{i,j} = # S_{i,j} = # なる (i,j) が存在する。 入力 入力は以下の形式で標準入力から与えられる。 H W S_{1,1} S_{1,2} \ldots S_{1,W} S_{2,1} S_{2,2} \ldots S_{2,W} \vdots S_{H,1} S_{H,2} \ldots S_{H,W} 出力 答えを出力せよ。 入力例 1 3 3 ##. #.# #.. 出力例 1 598946614 マス (1,1) を赤色に塗り替えたとき、緑の連結成分数は 3 となります。 マス (1,2) を赤色に塗り替えたとき、緑の連結成分数は 2 となります。 マス (2,1) を赤色に塗り替えたとき、緑の連結成分数は 3 となります。 マス (2,3) を赤色に塗り替えたとき、緑の連結成分数は 1 となります。 マス (3,1) を赤色に塗り替えたとき、緑の連結成分数は 2 となります。 よって、緑色に塗られたマスを一様ランダムに 1 つ選び、赤色に塗り替えた後の緑の連結成分数の期待値は (3+2+3+1+2)/5 =11/5 となります。 入力例 2 4 5 ..#.. .###. ##### ..#.. 出力例 2 199648872 入力例 3 3 4 #... .#.# ..## 出力例 3 399297744",650.0,
atcoder,abc,public_sponsored_abc,toyota,abc337,トヨタ自動車プログラミングコンテスト2024#1（AtCoder Beginner Contest 337）,2024,,1705752000.0,2024.0,abc337_a,A,Scoreboard,A. Scoreboard,-923.0,17570,"['implementation', 'sum', 'comparison']",3,https://atcoder.jp/contests/abc337/tasks/abc337_a,https://atcoder-tagged-backend.onrender.com/problems/all,2.3.0-sponsor-abc-kenkoooo-diff,ja,2026-06-04T18:46:05.900291+00:00,9.848,713.0,配点 : 100 点 問題文 チーム高橋とチーム青木が N 回の試合を行いました。 i 回め (1\leq i\leq N) の試合ではチーム高橋が X _ i 点、チーム青木が Y _ i 点を獲得しました。 N 回の試合で獲得した得点の合計がより多いチームの勝ちです。 どちらのチームが勝ったか出力してください。 ただし、獲得した得点の合計が等しい場合は引き分けとなります。 制約 1\leq N\leq 100 0\leq X _ i\leq 100\ (1\leq i\leq N) 0\leq Y _ i\leq 100\ (1\leq i\leq N) 入力はすべて整数 入力 入力は以下の形式で標準入力から与えられる。 N X _ 1 Y _ 1 X _ 2 Y _ 2 \vdots X _ N Y _ N 出力 チーム高橋が勝った場合 Takahashi を、チーム青木が勝った場合 Aoki を、引き分けの場合 Draw を出力せよ。 入力例 1 4 10 2 10 1 10 2 3 2 出力例 1 Takahashi 4 回の試合で、チーム高橋は 33 点、チーム青木は 7 点を獲得しました。 チーム高橋が勝ったため、 Takahashi を出力してください。 入力例 2 6 5 4 4 5 2 4 1 6 7 1 3 2 出力例 2 Draw いずれのチームも 22 点を獲得しました。 引き分けなので、 Draw を出力してください。 入力例 3 4 0 0 10 10 50 50 0 100 出力例 3 Aoki 一方もしくは両方のチームが、一試合のうちに 1 点も取れない場合もあります。,100.0,
atcoder,abc,public_sponsored_abc,toyota,abc337,トヨタ自動車プログラミングコンテスト2024#1（AtCoder Beginner Contest 337）,2024,,1705752000.0,2024.0,abc337_b,B,Extended ABC,B. Extended ABC,-165.0,14876,"['string', 'implementation', 'sorting', 'greedy', 'pattern']",5,https://atcoder.jp/contests/abc337/tasks/abc337_b,https://atcoder-tagged-backend.onrender.com/problems/all,2.3.0-sponsor-abc-kenkoooo-diff,ja,2026-06-04T18:46:05.900291+00:00,24.808,1057.0,"配点 : 200 点 問題文 拡張 A 文字列、拡張 B 文字列、拡張 C 文字列および拡張 ABC 文字列を以下のように定義します。 文字列 S が拡張 A 文字列であるとは、 S のすべての文字が A であることをいいます。 文字列 S が拡張 B 文字列であるとは、 S のすべての文字が B であることをいいます。 文字列 S が拡張 C 文字列であるとは、 S のすべての文字が C であることをいいます。 文字列 S が拡張 ABC 文字列であるとは、ある拡張 A 文字列 S _ A 、拡張 B 文字列 S _ B 、拡張 C 文字列 S _ C が存在して、 S _ A,S _ B,S _ C をこの順に連結した文字列が S と等しいことをいいます。 例えば、 ABC や A 、 AAABBBCCCCCCC などは拡張 ABC 文字列ですが、 ABBAAAC 、 BBBCCCCCCCAAA などは拡張 ABC 文字列ではありません。 空文字列は拡張 A 文字列でも拡張 B 文字列でも拡張 C 文字列でもあることに注意してください。 A , B , C からなる文字列 S が与えられます。 S が拡張 ABC 文字列ならば Yes を、そうでなければ No を出力してください。 制約 S は A , B , C からなる文字列 1\leq|S|\leq 100\ (|S| は文字列 S の長さ ) 入力 入力は以下の形式で標準入力から与えられる。 S 出力 S が拡張 ABC 文字列ならば Yes を、そうでなければ No を出力せよ。 入力例 1 AAABBBCCCCCCC 出力例 1 Yes AAABBBCCCCCCC は長さ 3 の拡張 A 文字列 AAA 、長さ 3 の拡張 B 文字列 BBB 、長さ 7 の拡張 C 文字列 CCCCCCC をこの順に連結した文字列なので、拡張 ABC 文字列です。 よって、 Yes を出力してください。 入力例 2 ACABABCBC 出力例 2 No どのような拡張 A 文字列 S _ A, 拡張 B 文字列 S _ B, 拡張 C 文字列 S _ C についても、 S _ A,S _ B,S _ C をこの順に連結した文字列が ACABABCBC と等しくなることはありません。 よって、 No を出力してください。 入力例 3 A 出力例 3 Yes 入力例 4 ABBBBBBBBBBBBBCCCCCC 出力例 4 Yes",200.0,
atcoder,abc,public_sponsored_abc,toyota,abc337,トヨタ自動車プログラミングコンテスト2024#1（AtCoder Beginner Contest 337）,2024,,1705752000.0,2024.0,abc337_c,C,Lining Up 2,C. Lining Up 2,225.0,12454,"['array', 'simulation', 'linked list', 'traversal']",4,https://atcoder.jp/contests/abc337/tasks/abc337_c,https://atcoder-tagged-backend.onrender.com/problems/all,2.3.0-sponsor-abc-kenkoooo-diff,ja,2026-06-04T18:46:05.900291+00:00,32.504,1056.0,"配点 : 300 点 問題文 人 1, 人 2,\ldots, 人 N の N 人が一列に並んでいます。 並び方の情報が長さ N の数列 A=(A _ 1,A _ 2,\ldots,A _ N) として与えられます。 A _ i\ (1\leq i\leq N) は次のような情報を表しています。 A _ i=-1 のとき、人 i は先頭に並んでいる。 A _ i\neq -1 のとき、人 i は人 A _ i のすぐ後ろに並んでいる。 列に並んでいる人の番号を先頭から順番に出力してください。 制約 1\leq N\leq3\times10 ^ 5 A _ i=-1 もしくは 1\leq A _ i\leq N\ (1\leq i\leq N) 情報と矛盾しないような N 人の並び方がただ 1 通り存在する 入力はすべて整数 入力 入力は以下の形式で標準入力から与えられる。 N A _ 1 A _ 2 \ldots A _ N 出力 人 s _ 1, 人 s _ 2,\ldots, 人 s _ N がこの順に列に並んでいるとき、 s _ 1,s _ 2,\ldots,s _ N をこの順に空白を区切りとして出力せよ。 入力例 1 6 4 1 -1 5 3 2 出力例 1 3 5 4 1 2 6 先頭から、人 3, 人 5, 人 4, 人 1, 人 2, 人 6 がこの順に列に並んでいるとき、与えられた情報と一致しています。 実際、 人 1 は人 4 のすぐ後ろに並んでいます。 人 2 は人 1 のすぐ後ろに並んでいます。 人 3 は先頭に並んでいます。 人 4 は人 5 のすぐ後ろに並んでいます。 人 5 は人 3 のすぐ後ろに並んでいます。 人 6 は人 2 のすぐ後ろに並んでいます。 となり、与えられた情報と一致していることが確認できます。 よって、 3,5,4,1,2,6 をこの順に空白区切りで出力してください。 入力例 2 10 -1 1 2 3 4 5 6 7 8 9 出力例 2 1 2 3 4 5 6 7 8 9 10 入力例 3 30 3 25 20 6 18 12 26 1 29 -1 21 17 23 9 8 30 10 15 22 27 4 13 5 11 16 24 28 2 19 7 出力例 3 10 17 12 6 4 21 11 24 26 7 30 16 25 2 28 27 20 3 1 8 15 18 5 23 13 22 19 29 9 14",300.0,
atcoder,abc,public_sponsored_abc,toyota,abc337,トヨタ自動車プログラミングコンテスト2024#1（AtCoder Beginner Contest 337）,2024,,1705752000.0,2024.0,abc337_d,D,Cheating Gomoku Narabe,D. Cheating Gomoku Narabe,760.0,7647,"['prefix sum', 'sliding window', 'grid', 'implementation']",4,https://atcoder.jp/contests/abc337/tasks/abc337_d,https://atcoder-tagged-backend.onrender.com/problems/all,2.3.0-sponsor-abc-kenkoooo-diff,ja,2026-06-04T18:46:05.900291+00:00,43.063,1312.0,"配点 : 400 点 問題文 H 行 W 列のグリッドがあります。上から i 行目、左から j 列目のマスをマス (i, j) と呼びます。 各マスには o 、 x 、 . のうちいずれかの文字が書かれています。 各マスに書かれた文字は H 個の長さ W の文字列 S_1, S_2, \ldots, S_H で表され、 マス (i, j) に書かれた文字は、文字列 S_i の j 文字目と一致します。 このグリッドに対して、下記の操作を 0 回以上好きな回数だけ繰り返します。 . が書かれているマスを 1 個選び、そのマスに書かれた文字を o に変更する。 その結果、縦方向または横方向に連続した K 個のマスであってそれらに書かれた文字がすべて o であるようなものが存在する（ すなわち、下記の 2 つの条件のうち 少なくとも一方 を満たす）ようにすることが可能かを判定し、可能な場合はそのために行う操作回数の最小値を出力してください。 1 \leq i \leq H かつ 1 \leq j \leq W-K+1 を満たす整数の組 (i, j) であって、マス (i, j), (i, j+1), \ldots, (i, j+K-1) に書かれた文字が o であるものが存在する。 1 \leq i \leq H-K+1 かつ 1 \leq j \leq W を満たす整数の組 (i, j) であって、マス (i, j), (i+1, j), \ldots, (i+K-1, j) に書かれた文字が o であるものが存在する。 制約 H, W, K は整数 1 \leq H 1 \leq W H \times W \leq 2 \times 10^5 1 \leq K \leq \max\lbrace H, W \rbrace S_i は o 、 x 、 . のみからなる長さ W の文字列 入力 入力は以下の形式で標準入力から与えられる。 H W K S_1 S_2 \vdots S_H 出力 問題文中の条件を満たすことが不可能な場合は -1 を、可能な場合はそのために行う操作回数の最小値を出力せよ。 入力例 1 3 4 3 xo.x ..o. xx.o 出力例 1 2 操作を 2 回行って、例えばマス (2, 1) とマス (2, 2) に書かれた文字をそれぞれ o に変更することで問題文中の条件を満たすことができ、これが最小の操作回数です。 入力例 2 4 2 3 .o .o .o .o 出力例 2 0 操作を一度も行わなくても問題文中の条件を満たします。 入力例 3 3 3 3 x.. ..x .x. 出力例 3 -1 問題文中の条件を満たすことは不可能なので、 -1 を出力します。 入力例 4 10 12 6 ......xo.o.. x...x.....o. x........... ..o...x..... .....oo..... o.........x. ox.oox.xx..x ....o...oox. ..o.....x.x. ...o........ 出力例 4 3",400.0,
atcoder,abc,public_sponsored_abc,toyota,abc337,トヨタ自動車プログラミングコンテスト2024#1（AtCoder Beginner Contest 337）,2024,,1705752000.0,2024.0,abc337_e,E,Bad Juice,E. Bad Juice,1155.0,5207,"['interactive', 'base representation', 'bit manipulation', 'information theory', 'constructive']",5,https://atcoder.jp/contests/abc337/tasks/abc337_e,https://atcoder-tagged-backend.onrender.com/problems/all,2.3.0-sponsor-abc-kenkoooo-diff,ja,2026-06-04T18:46:05.900291+00:00,50.858,1703.0,"配点 : 425 点 問題文 この問題は インタラクティブな問題 （あなたが作成したプログラムとジャッジプログラムが標準入出力を介して対話を行う形式の問題）です。 1 から N の番号がついた N 本のジュースがあります。 このうちちょうど 1 本が腐っていることが判明しました。 そのジュースを微量でも飲むと、翌日お腹を壊してしまいます。 高橋君は翌日までに腐ったジュースを特定しなければなりません。 高橋君はそのために 必要な最小の数 の友人を呼び、それぞれに N 本のジュースのうちの一部を振る舞うことにしました。 各友人には何本でもジュースを与えることができ、各ジュースは何人の友人にでも与えることができます。 呼ぶ友人の数とジュースの与え方を出力して、翌日に各友人がお腹を壊したかどうかの情報を受け取り、腐ったジュースの番号を出力してください。 制約 N は整数 2 \leq N \leq 100 入出力 この問題はインタラクティブな問題（あなたが作成したプログラムとジャッジプログラムが標準入出力を介して対話を行う形式の問題）です。 対話を行う前にジャッジは、腐ったジュースの番号 X として 1 以上 N 以下の整数を秘密裏に選択します。 X の値はあなたには与えられません。また、 対話の途中で X の値が制約および以前の出力に矛盾しない範囲で変わる場合があります。 まず、ジャッジから N が入力から与えられます。 N あなたは呼ぶ友人の数 M を出力し改行してください。 M さらに、あなたは次に述べる M 回の出力からなる手続きを行ってください。 i = 1, 2, \ldots, M について i 回目の出力では、 i 番目の友人に飲ませるジュースの本数 K_i および、それら K_i 本のジュースの番号を 昇順に 並べた列 A_{i, 1}, A_{i, 2}, \ldots, A_{i, K_i} を下記の形式で空白区切りで出力し、改行してください。 K_i A_{i, 1} A_{i, 2} \ldots A_{i, K_i} その後ジャッジから、各友人が翌日にお腹を壊したかどうかの情報が、 0 と 1 のみからなる長さ M の文字列 S として与えられます。 S i = 1, 2, \ldots, M について、 S の i 文字目が 1 のとき、かつそのときに限り、 i 番目の友人がお腹を壊したことを表します。 それに対し、あなたは腐ったジュースの番号 X' を出力し、改行してください。 X' その後、直ちにプログラムを終了してください。 あなたが出力した M が N 本のジュースから腐ったジュースを特定するために 必要な最小の 友人の数であり、かつ、あなたが出力した X' が腐ったジュースの番号 X と一致していれば、正解となります。 注意点 出力を行うたびに、末尾に改行を入れて標準出力を flush してください。そうしなかった場合、ジャッジ結果が TLE となる可能性があります。 対話の途中で不正な出力を行った、あるいはプログラムが途中で終了した場合のジャッジ結果は不定です。 特に、プログラムの実行中に実行時エラーが起こった場合に、ジャッジ結果が RE ではなく WA や TLE になる可能性があることに注意してください。 X' を出力したらただちにプログラムを終了してください。そうしない場合、ジャッジ結果は不定です。 この問題のジャッジはアダプティブです。つまり、制約および以前の出力に矛盾しない範囲で X の値が変わる場合があります。 入出力例 以下は、 N = 3 の場合の入出力例です。 入力 出力 説明 3 ジュースの本数 N が与えられます。 2 呼ぶ友人の数 M を出力します。 2 1 2 1 人目の友人にジュース 1 とジュース 2 を与えます。 1 2 2 人目の友人に、ジュース 2 を与えます。 10 翌日に各友人がお腹を壊したかどうかを表す文字列 S が与えられます。 1 腐ったジュースの番号を出力します。",425.0,
atcoder,abc,public_sponsored_abc,toyota,abc337,トヨタ自動車プログラミングコンテスト2024#1（AtCoder Beginner Contest 337）,2024,,1705752000.0,2024.0,abc337_f,F,Usual Color Ball Problems,F. Usual Color Ball Problems,2386.0,900,"['sliding window', 'two pointer', 'implementation', 'circular array']",4,https://atcoder.jp/contests/abc337/tasks/abc337_f,https://atcoder-tagged-backend.onrender.com/problems/all,2.3.0-sponsor-abc-kenkoooo-diff,ja,2026-06-04T18:46:05.900291+00:00,75.153,1631.0,"配点 : 550 点 問題文 正整数 N, M, K と、長さ N の正整数列 (C_1, C_2, \ldots, C_N) が与えられるので、 r = 0, 1, 2, \ldots, N-1 の場合それぞれについて、下記の問題の答えを出力してください。 色がついた N 個のボールからなる列があり、 i = 1, 2, \ldots, N について、列の先頭から i 番目にあるボールの色は C_i です。 また、 1 から M の番号がつけられた M 個の空の箱があります。 下記の手順を行った後に箱に入っているボールの総数を求めてください。 まず、下記の操作を r 回行う。 列の先頭のボール 1 個を列の最後尾に移動する。 その後、列にボールが 1 個以上残っている限り、下記の操作を繰り返す。 列の先頭のボールと同じ色のボールが既に 1 個以上 K 個未満入っている箱が存在する場合、その箱に列の先頭のボールを入れる。 そのような箱が存在しない場合、 空の箱が存在するなら、そのうち番号が最小のものに、列の先頭のボールを入れる。 空の箱が存在しない場合、列の先頭のボールをどの箱にも入れず、食べる。 制約 入力される値はすべて整数 1 \leq N \leq 2 \times 10^5 1 \leq M, K \leq N 1 \leq C_i \leq N 入力 入力は以下の形式で標準入力から与えられる。 N M K C_1 C_2 \ldots C_N 出力 r = 0, 1, 2, \ldots, N-1 のそれぞれの場合の問題の答え X_r を下記の通りに N 行にわたって出力せよ。 X_0 X_1 \vdots X_{N-1} 入力例 1 7 2 2 1 2 3 5 2 5 4 出力例 1 3 3 3 4 4 3 2 例として、 r = 1 の場合の手順を説明します。 まず「列の先頭のボール 1 個を列の最後尾に移動する」ことを 1 回行い、ボールの色の列は (2, 3, 5, 2, 5, 4, 1) となります。 その後、ボールを箱に入れていく操作を下記の通りに行います。 1 回目の操作：先頭のボールの色は 2 です。色 2 のボールが 1 個以上 2 個未満入った箱は存在しないため、先頭のボールを空の箱のうち番号が最小の箱 1 に入れます。 2 回目の操作：先頭のボールの色は 3 です。色 3 のボールが 1 個以上 2 個未満入った箱は存在しないため、先頭のボールを空の箱のうち番号が最小の箱 2 に入れます。 3 回目の操作：先頭のボールの色は 5 です。色 5 のボールが 1 個以上 2 個未満入った箱も空の箱も存在しないため、先頭のボールを食べます。 4 回目の操作：先頭のボールの色は 2 です。色 2 のボールが 1 個以上 2 個未満入った箱として箱 1 が存在するため、先頭のボールを箱 1 に入れます。 5 回目の操作：先頭のボールの色は 5 です。色 5 のボールが 1 個以上 2 個未満入った箱も空の箱も存在しないため、先頭のボールを食べます。 6 回目の操作：先頭のボールの色は 4 です。色 4 のボールが 1 個以上 2 個未満入った箱も空の箱も存在しないため、先頭のボールを食べます。 7 回目の操作：先頭のボールの色は 1 です。色 1 のボールが 1 個以上 2 個未満入った箱も空の箱も存在しないため、先頭のボールを食べます。 最終的に箱に入っているボールの総数は 3 個であるので、 r = 1 の問題の答えは 3 です。 入力例 2 20 5 4 20 2 20 2 7 3 11 20 3 8 7 9 1 11 8 20 2 18 11 18 出力例 2 14 14 14 14 13 13 13 11 8 9 9 11 13 14 14 14 14 14 14 13",550.0,
atcoder,abc,public_sponsored_abc,toyota,abc337,トヨタ自動車プログラミングコンテスト2024#1（AtCoder Beginner Contest 337）,2024,,1705752000.0,2024.0,abc337_g,G,Tree Inversion,G. Tree Inversion,2080.0,1402,"['tree', 'dfs', 'binary indexed tree', 'subtree', 'prefix sums on trees', 'range counting']",6,https://atcoder.jp/contests/abc337/tasks/abc337_g,https://atcoder-tagged-backend.onrender.com/problems/all,2.3.0-sponsor-abc-kenkoooo-diff,ja,2026-06-04T18:46:05.900291+00:00,69.114,1138.0,"配点 : 600 点 問題文 頂点 1, 頂点 2,\ldots, 頂点 N の N 頂点からなる木 T が与えられます。 i 番目 (1\leq i\lt N) の辺は頂点 u _ i と頂点 v _ i を結んでいます。 T の頂点 u について f(u) を次のように定めます。 f(u)\coloneqq T の頂点 v と頂点 w の組であって、次の 2 つの条件を満たすものの個数 頂点 u と頂点 v を結ぶパス上に頂点 w が含まれる。 v\lt w ただし、「頂点 u と頂点 v を結ぶパス上に頂点 w が含まれる」は、 u=w や v=w のときにも成立するとします。 f(1),f(2),\ldots,f(N) の値を求めてください。 制約 2\leq N\leq2\times10 ^ 5 1\leq u _ i\leq N\ (1\leq i\leq N) 1\leq v _ i\leq N\ (1\leq i\leq N) 与えられるグラフは木 入力はすべて整数 入力 入力は以下の形式で標準入力から与えられる。 N u _ 1 v _ 1 u _ 2 v _ 2 \vdots u _ {N-1} v _ {N-1} 出力 f(1),f(2),\ldots,f(N) の値をこの順に空白を区切りとして出力せよ。 入力例 1 7 1 2 2 3 2 4 4 5 4 6 6 7 出力例 1 0 1 3 4 8 9 15 与えられる木は以下のようになります。 例えば、 f(4)=4 です。 実際、 u=4 に対して (v,w)=(1,2),(1,4),(2,4),(3,4) の 4 通りが条件を満たします。 入力例 2 15 14 9 9 1 1 6 6 12 12 2 2 15 15 4 4 11 11 13 13 3 3 8 8 10 10 7 7 5 出力例 2 36 29 32 29 48 37 45 37 44 42 33 36 35 57 35 与えられる木は以下のようになります。 f(14) の値は、数列 (14,9,1,6,12,2,15,4,11,13,3,8,10,7,5) の転倒数 57 になります。 入力例 3 24 7 18 4 2 5 8 5 15 6 5 13 8 4 6 7 11 23 16 6 18 24 16 14 21 20 15 16 18 3 16 11 10 9 11 15 14 12 19 5 1 9 17 5 22 11 19 出力例 3 20 20 41 20 21 20 28 28 43 44 36 63 40 46 34 40 59 28 53 53 66 42 62 63",600.0,
atcoder,abc,public_sponsored_abc,toyota,abc341,Toyota Programming Contest 2024#2（AtCoder Beginner Contest 341）,2024,2024-02-17,1708171200.0,2024.0,abc341_a,A,Print 341,A. Print 341,-1033.0,18809,"['implementation', 'string', 'constructive']",3,https://atcoder.jp/contests/abc341/tasks/abc341_a,https://atcoder-tagged-backend.onrender.com/problems/all,2.3.0-sponsor-abc-kenkoooo-diff,ja,2026-06-04T18:46:05.900291+00:00,7.677,280.0,配点 : 100 点 問題文 正整数 N が与えられるので、 N 個の 0 と N+1 個の 1 からなる、 0 と 1 が交互に並んだ文字列を出力してください。 制約 N は整数 1 \leq N \leq 100 入力 入力は以下の形式で標準入力から与えられる。 N 出力 答えを出力せよ。 入力例 1 4 出力例 1 101010101 4 個の 0 と 5 個の 1 からなる、 0 と 1 が交互に並んだ文字列は 101010101 です。 入力例 2 1 出力例 2 101 入力例 3 10 出力例 3 101010101010101010101,100.0,
atcoder,abc,public_sponsored_abc,toyota,abc341,Toyota Programming Contest 2024#2（AtCoder Beginner Contest 341）,2024,2024-02-17,1708171200.0,2024.0,abc341_b,B,Foreign Exchange,B. Foreign Exchange,42.0,13918,"['simulation', 'greedy', 'implementation', 'math']",4,https://atcoder.jp/contests/abc341/tasks/abc341_b,https://atcoder-tagged-backend.onrender.com/problems/all,2.3.0-sponsor-abc-kenkoooo-diff,ja,2026-06-04T18:46:05.900291+00:00,28.893,1061.0,"配点 : 150 点 問題文 1 から N までの番号がつけられた N 個の国があり、 i = 1, 2, \ldots, N について、高橋君は国 i の通貨を A_i 単位持っています。 高橋君は、下記の操作を好きな回数（ 0 回でも良い）繰り返します。 まず、 1 以上 N-1 以下の整数 i を選ぶ。 その後、国 i の通貨を S_i 単位以上持っているなら、下記の行動を 1 回行う。 国 i の通貨を S_i 単位だけ支払い、国 (i+1) の通貨を T_i 単位だけ獲得する。 最終的に高橋君が持っている国 N の通貨の単位数としてあり得る最大値を出力してください。 制約 入力される値はすべて整数 2 \leq N \leq 2 \times 10^5 0 \leq A_i \leq 10^9 1 \leq T_i \leq S_i \leq 10^9 入力 入力は以下の形式で標準入力から与えられる。 N A_1 A_2 \ldots A_N S_1 T_1 S_2 T_2 \vdots S_{N-1} T_{N-1} 出力 答えを出力せよ。 入力例 1 4 5 7 0 3 2 2 4 3 5 2 出力例 1 5 以下の説明では、高橋君が持っている各国の通貨の単位数を、数列 A = (A_1, A_2, A_3, A_4) として表します。はじめ、 A = (5, 7, 0, 3) です。 下記の通りに 4 回操作を行うことを考えます。 i = 2 を選び、国 2 の通貨 4 単位を支払って、国 3 の通貨 3 単位を獲得する。その結果、 A = (5, 3, 3, 3) となる。 i = 1 を選び、国 1 の通貨 2 単位を支払って、国 2 の通貨 2 単位を獲得する。その結果、 A = (3, 5, 3, 3) となる。 i = 2 を選び、国 2 の通貨 4 単位を支払って、国 3 の通貨 3 単位を獲得する。その結果、 A = (3, 1, 6, 3) となる。 i = 3 を選び、国 3 の通貨 5 単位を支払って、国 4 の通貨 2 単位を獲得する。その結果、 A = (3, 1, 1, 5) となる。 このとき、最終的に高橋君が持っている国 4 の通貨の単位数は 5 であり、これが考えられる最大値です。 入力例 2 10 32 6 46 9 37 8 33 14 31 5 5 5 3 1 4 3 2 2 3 2 3 2 4 4 3 3 3 1 出力例 2 45",150.0,
atcoder,abc,public_sponsored_abc,toyota,abc341,Toyota Programming Contest 2024#2（AtCoder Beginner Contest 341）,2024,2024-02-17,1708171200.0,2024.0,abc341_c,C,Takahashi Gets Lost,C. Takahashi Gets Lost,406.0,11030,"['grid', 'brute force', 'implementation']",3,https://atcoder.jp/contests/abc341/tasks/abc341_c,https://atcoder-tagged-backend.onrender.com/problems/all,2.3.0-sponsor-abc-kenkoooo-diff,ja,2026-06-04T18:46:05.900291+00:00,36.077,1727.0,"配点 : 250 点 問題文 H 行 W 列のグリッドがあります。 グリッドの各マスは 陸 か 海 のどちらかであり、 その情報は H 個の長さ W の文字列 S_1, S_2, \ldots, S_H で与えられます。 上から i 行目、左から j 列目のマスを (i, j) で表すと、 S_i の j 文字目が . のときマス (i, j) は陸であり、 # のときマス (i, j) は海です。 ここで、グリッドの外周のマス（すなわち、 i = 1 、 i = H 、 j = 1 、 j = W のうち少なくとも 1 個以上を満たすマス (i, j) ）については、すべて海であることが制約として保証されます。 高橋君が乗った宇宙船が、グリッド上のあるマスに不時着してしまいました。 その後、高橋君は L 、 R 、 U 、 D のみからなる長さ N の文字列 T で表される手順に沿って、グリッド上を N 回移動しました。 i = 1, 2, \ldots, N について、 T の i 文字目は i 回目の移動の内容を下記の通り表します。 L のとき、左に 1 マス移動したことを表す。すなわち、移動前のマスを (i, j) とするとき、移動後のマスは (i, j-1) である。 R のとき、右に 1 マス移動したことを表す。すなわち、移動前のマスを (i, j) とするとき、移動後のマスは (i, j+1) である。 U のとき、上に 1 マス移動したことを表す。すなわち、移動前のマスを (i, j) とするとき、移動後のマスは (i-1, j) である。 D のとき、下に 1 マス移動したことを表す。すなわち、移動前のマスを (i, j) とするとき、移動後のマスは (i+1, j) である。 高橋君の移動経路上のマス（不時着したマスおよび現在いるマスを含む）はいずれも海でないことがわかっています。 高橋君が現在いるマスとしてあり得るものの個数を出力してください。 制約 H, W, N は整数 3 \leq H, W \leq 500 1 \leq N \leq 500 T は L 、 R 、 U 、 D のみからなる長さ N の文字列 S_i は . と # のみからなる長さ W の文字列 高橋君が現在いるマスとしてあり得るものが少なくとも 1 個存在する。 グリッドの外周のマスはすべて海である。 入力 入力は以下の形式で標準入力から与えられる。 H W N T S_1 S_2 \vdots S_H 出力 答えを出力せよ。 入力例 1 6 7 5 LULDR ####### #...#.# ##...## #.#...# #...#.# ####### 出力例 1 2 下記の 2 つの場合がありえるため、高橋君が現在いるマスとしてあり得るものは (3, 4) と (4, 5) の 2 個です。 マス (3, 5) に不時着し、 (3, 5) \rightarrow (3, 4) \rightarrow (2, 4) \rightarrow (2, 3) \rightarrow (3, 3) \rightarrow (3, 4) と移動した場合 マス (4, 6) に不時着し、 (4, 6) \rightarrow (4, 5) \rightarrow (3, 5) \rightarrow (3, 4) \rightarrow (4, 4) \rightarrow (4, 5) と移動した場合 入力例 2 13 16 9 ULURDLURD ################ ##..##.#..####.# ###.#..#.....#.# #..##..#####.### #...#..#......## ###.##.#..#....# ##.#####....##.# ###.###.#.#.#..# ######.....##..# #...#.#.######.# ##..###..#..#.## #...#.#.#...#..# ################ 出力例 2 6",250.0,
atcoder,abc,public_sponsored_abc,toyota,abc341,Toyota Programming Contest 2024#2（AtCoder Beginner Contest 341）,2024,2024-02-17,1708171200.0,2024.0,abc341_d,D,Only one of two,D. Only one of two,829.0,9042,"['binary search', 'inclusion exclusion', 'gcd', 'lcm', 'number theory']",5,https://atcoder.jp/contests/abc341/tasks/abc341_d,https://atcoder-tagged-backend.onrender.com/problems/all,2.3.0-sponsor-abc-kenkoooo-diff,ja,2026-06-04T18:46:05.900291+00:00,44.425,559.0,"配点 : 400 点 問題文 正整数 N , M , K が与えられます。ここで、 N と M は異なります。 正の整数であって、 N と M のうち ちょうど一方のみ で割り切れる数のうち小さい方から K 番目のものを出力してください。 制約 1\leq N, M\leq 10^8 1\leq K\leq 10^{10} N\neq M N , M , K は整数 入力 入力は以下の形式で標準入力から与えられる。 N M K 出力 N と M のうちちょうど一方のみで割り切れる正整数のうち小さい方から K 番目のものを出力せよ。 入力例 1 2 3 5 出力例 1 9 2 と 3 のうちちょうど一方のみで割り切れる正整数は小さい方から順に 2,3,4,8,9,10,\ldots です。 ここで、 6 は 2 と 3 の両方で割り切れるため条件をみたさないことに注意してください。 条件をみたす正整数のうち小さい方から 5 番目の数は 9 であるため、 9 を出力します。 入力例 2 1 2 3 出力例 2 5 条件をみたす数は小さい方から順に 1,3,5,7,\ldots です。 入力例 3 100000000 99999999 10000000000 出力例 3 500000002500000000",400.0,
atcoder,abc,public_sponsored_abc,toyota,abc341,Toyota Programming Contest 2024#2（AtCoder Beginner Contest 341）,2024,2024-02-17,1708171200.0,2024.0,abc341_e,E,Alternating String,E. Alternating String,1223.0,5162,"['segment tree', 'range update', 'range sum query', 'lazy propagation', 'binary string']",5,https://atcoder.jp/contests/abc341/tasks/abc341_e,https://atcoder-tagged-backend.onrender.com/problems/all,2.3.0-sponsor-abc-kenkoooo-diff,ja,2026-06-04T18:46:05.900291+00:00,52.201,1355.0,"配点 : 450 点 問題文 0 と 1 のみからなる文字列であって、文字列中のどの連続する 2 文字も異なるようなものを 良い文字列 とよびます。 0 と 1 のみからなる長さ N の文字列 S が与えられます。 Q 個のクエリが与えられるので、順に処理してください。 クエリは次の 2 種類です。 1 L R : S の L 文字目から R 文字目までの 0 と 1 を反転させる。すなわち、 L\leq i\leq R をみたす整数 i について、 S の i 文字目が 0 ならば 1 に、 1 ならば 0 に変更する。 2 L R : S の L 文字目から R 文字目までを（順番を変えずに）抜き出した長さ (R-L+1) の文字列を S' とする。 S' が良い文字列ならば Yes を、そうでないならば No を出力する。 制約 1\leq N, Q\leq 5\times 10^5 S は 0 と 1 のみからなる長さ N の文字列 1,2 種類目のクエリについて、 1\leq L\leq R\leq N 2 種類目のクエリが少なくとも 1 つ存在する。 N , Q , L , R は整数 入力 入力は以下の形式で標準入力から与えられる。 N Q S query_1 query_2 \vdots query_Q 各クエリ query_i (1\leq i\leq Q) は、 1 L R または、 2 L R の形で与えられる。 出力 2 種類目のクエリの数を K 個として、 K 行出力せよ。 i 行目には i 個目の 2 種類目のクエリに対する出力を出力せよ。 入力例 1 5 6 10100 2 1 3 2 1 5 1 1 4 2 1 5 1 3 3 2 2 4 出力例 1 Yes No Yes No 最初、 S= 10100 です。このとき、クエリを与えられた順に処理すると以下のようになります。 1 番目のクエリについて、 S の 1 文字目から 3 文字目までを抜き出した文字列は S'= 101 です。これは良い文字列なので Yes を出力します。 2 番目のクエリについて、 S の 1 文字目から 5 文字目までを抜き出した文字列は S'= 10100 です。これは良い文字列でないので No を出力します。 3 番目のクエリについて、 S の 1 文字目から 4 文字目までの 0 と 1 を反転させます。文字列 S は S= 01010 となります。 4 番目のクエリについて、 S の 1 文字目から 5 文字目までを抜き出した文字列は S'= 01010 です。これは良い文字列なので Yes を出力します。 5 番目のクエリについて、 S の 3 文字目の 0 と 1 を反転させます。文字列 S は S= 01110 となります。 6 番目のクエリについて、 S の 2 文字目から 4 文字目までを抜き出した文字列は S'= 111 です。これは良い文字列でないので No を出力します。 入力例 2 1 2 1 1 1 1 2 1 1 出力例 2 Yes 0 または 1 の 1 文字からなる文字列は良い文字列の条件をみたすことに注意してください。",450.0,
atcoder,abc,public_sponsored_abc,toyota,abc341,Toyota Programming Contest 2024#2（AtCoder Beginner Contest 341）,2024,2024-02-17,1708171200.0,2024.0,abc341_f,F,Breakdown,F. Breakdown,1604.0,2781,"['dp', 'knapsack', 'graph']",3,https://atcoder.jp/contests/abc341/tasks/abc341_f,https://atcoder-tagged-backend.onrender.com/problems/all,2.3.0-sponsor-abc-kenkoooo-diff,ja,2026-06-04T18:46:05.900291+00:00,59.72,1532.0,"配点 : 475 点 問題文 N 個の頂点と M 本の辺からなる単純な無向グラフが与えられます。 i = 1, 2, \ldots, M について、 i 番目の辺は頂点 u_i と頂点 v_i を結ぶ辺です。 また、 i = 1, 2, \ldots, N について、頂点 i には正整数 W_i が割り当てられており、 A_i 個のコマが置かれています。 グラフ上にコマが存在する限り、下記の操作を繰り返します。 まず、グラフ上のコマを 1 個選んで取り除き、そのコマが置かれていた頂点を x とおく。 x に隣接するいくつかの頂点からなる（空でも良い）集合 S であって、 \sum_{y \in S} W_y \lt W_x であるものを選び、 S に含まれる頂点それぞれに 1 個ずつコマを置く。 操作を行う回数としてあり得る最大値を出力してください。 なお、どのように操作を行っても、有限回の操作の後にはグラフ上にコマが存在しない状態に至ることが証明出来ます。 制約 入力される値はすべて整数 2 \leq N \leq 5000 1 \leq M \leq \min \lbrace N(N-1)/2, 5000 \rbrace 1 \leq u_i, v_i \leq N u_i \neq v_i i \neq j \implies \lbrace u_i, v_i \rbrace \neq \lbrace u_j, v_j \rbrace 1 \leq W_i \leq 5000 0 \leq A_i \leq 10^9 入力 入力は以下の形式で標準入力から与えられる。 N M u_1 v_1 u_2 v_2 \vdots u_M v_M W_1 W_2 \ldots W_N A_1 A_2 \ldots A_N 出力 答えを出力せよ。 入力例 1 6 6 1 2 2 3 3 1 3 4 1 5 5 6 9 2 3 1 4 4 1 0 0 0 0 1 出力例 1 5 以下の説明では、各頂点にあるコマの個数を、数列 A = (A_1, A_2, \ldots, A_N) として表します。 はじめ、 A = (1, 0, 0, 0, 0, 1) です。 下記の手順で操作を行うことを考えます。 頂点 1 にあるコマを 1 個取り除き、頂点 2, 3 にコマを 1 個ずつ置く。その結果、 A = (0, 1, 1, 0, 0, 1) となる。 頂点 2 にあるコマを 1 個取り除く。その結果、 A = (0, 0, 1, 0, 0, 1) となる。 頂点 6 にあるコマを 1 個取り除く。その結果、 A = (0, 0, 1, 0, 0, 0) となる。 頂点 3 にあるコマを 1 個取り除き、頂点 2 にコマを 1 個置く。その結果、 A = (0, 1, 0, 0, 0, 0) となる。 頂点 2 にあるコマを 1 個取り除く。その結果、 A = (0, 0, 0, 0, 0, 0) となる。 上記の手順で操作を行う回数は 5 回であり、これが操作を行う回数としてあり得る最大値です。 入力例 2 2 1 1 2 1 2 0 0 出力例 2 0 この入力例では、はじめからグラフ上にコマが存在しません。 入力例 3 10 20 4 8 1 10 1 7 5 9 9 10 8 10 7 5 1 4 7 3 8 7 2 8 5 8 4 2 5 1 7 2 8 3 3 4 8 9 7 10 2 3 25 5 1 1 16 5 98 3 21 1 35 39 32 11 35 37 14 29 36 1 出力例 3 1380",475.0,
atcoder,abc,public_sponsored_abc,toyota,abc341,Toyota Programming Contest 2024#2（AtCoder Beginner Contest 341）,2024,2024-02-17,1708171200.0,2024.0,abc341_g,G,Highest Ratio,G. Highest Ratio,2208.0,1184,"['convex hull', 'geometry', 'slope optimization', 'prefix sum']",4,https://atcoder.jp/contests/abc341/tasks/abc341_g,https://atcoder-tagged-backend.onrender.com/problems/all,2.3.0-sponsor-abc-kenkoooo-diff,ja,2026-06-04T18:46:05.900291+00:00,71.64,969.0,"配点 : 575 点 問題文 長さ N の数列 A=(A_1,A_2,\ldots,A_N) が与えられます。 k=1,2,\ldots,N について次の問題を解いてください。 k\leq r\leq N をみたす整数 r を選んだ時、数列 A の k 項目から r 項目までの平均値としてあり得る最大値を求めよ。 ここで、数列 A の k 項目から r 項目までの平均値は \frac{1}{r-k+1}\displaystyle\sum_{i=k}^r A_i で定義される値である。 制約 1\leq N\leq 2\times 10^5 1\leq A_i\leq 10^6 入力はすべて整数 入力 入力は以下の形式で標準入力から与えられる。 N A_1 A_2 \ldots A_N 出力 N 行出力せよ。 i 行目 (1\leq i\leq N) には、 k=i のときの問題の答えを出力せよ。 出力は、すべての行の出力について、その行の出力の真の値との絶対誤差または相対誤差が 10^{-6} 以下のとき正解と判定される。 入力例 1 5 1 1 4 5 3 出力例 1 2.80000000 3.33333333 4.50000000 5.00000000 3.00000000 k=1 のときについて、 r としてあり得るのは r=1,2,3,4,5 であり、それぞれの時の平均値は、 \frac{1}{1}=1 \frac{1}{2}(1+1)=1 \frac{1}{3}(1+1+4)=2 \frac{1}{4}(1+1+4+5)=2.75 \frac{1}{5}(1+1+4+5+3)=2.8 となります。よって、 r=5 のときが最大であり、 k=1 のときの答えは 2.8 となります。 同様に k=2,3,4,5 のときはそれぞれ r=4,4,4,5 としたときが最大であり、その値は \frac{10}{3}=3.333\ldots , \frac{9}{2}=4.5 , \frac{5}{1}=5 , \frac{3}{1}=3 となります。 入力例 2 3 999999 1 1000000 出力例 2 999999.00000000 500000.50000000 1000000.00000000",575.0,
atcoder,abc,public_sponsored_abc,toyota,abc344,Toyota Programming Contest 2024#3（AtCoder Beginner Contest 344）,2024,2024-03-09,1709985600.0,2024.0,abc344_a,A,Spoiler,A. Spoiler,-793.0,17495,"['string', 'substring', 'implementation']",3,https://atcoder.jp/contests/abc344/tasks/abc344_a,https://atcoder-tagged-backend.onrender.com/problems/all,2.3.0-sponsor-abc-kenkoooo-diff,ja,2026-06-04T18:46:05.900291+00:00,12.414,360.0,配点 : 150 点 問題文 英小文字と | のみからなる文字列 S が与えられます。 S は | をちょうど 2 個含むことが保証されます。 2 つの | の間にある文字および | を S から削除した文字列を出力してください。 制約 S は英小文字および | のみからなる長さ 2 以上 100 以下の文字列 S は | をちょうど 2 個含む 入力 入力は以下の形式で標準入力から与えられる。 S 出力 答えを出力せよ。 入力例 1 atcoder|beginner|contest 出力例 1 atcodercontest 2 つの | に挟まれた文字を全て削除して出力してください。 入力例 2 |spoiler| 出力例 2 全ての文字が削除されることもあります。 入力例 3 ||xyz 出力例 3 xyz,150.0,
atcoder,abc,public_sponsored_abc,toyota,abc344,Toyota Programming Contest 2024#3（AtCoder Beginner Contest 344）,2024,2024-03-09,1709985600.0,2024.0,abc344_b,B,Delimiter,B. Delimiter,-456.0,16170,"['implementation', 'array', 'reversal']",3,https://atcoder.jp/contests/abc344/tasks/abc344_b,https://atcoder-tagged-backend.onrender.com/problems/all,2.3.0-sponsor-abc-kenkoooo-diff,ja,2026-06-04T18:46:05.900291+00:00,19.065,537.0,"配点 : 150 点 問題文 N 個の整数 A_1,A_2,\dots,A_N が、 1 行に 1 つずつ、 N 行にわたって与えられます。但し、 N は入力では与えられません。 さらに、以下が保証されます。 A_i \neq 0 ( 1 \le i \le N-1 ) A_N = 0 A_N, A_{N-1},\dots,A_1 をこの順に出力してください。 制約 入力は全て整数 1 \le N \le 100 1 \le A_i \le 10^9 ( 1 \le i \le N-1 ) A_N = 0 入力 入力は以下の形式で標準入力から与えられる。 A_1 A_2 \vdots A_N 出力 A_N, A_{N-1},\dots,A_1 をこの順に、改行区切りで整数として出力せよ。 入力例 1 3 2 1 0 出力例 1 0 1 2 3 繰り返しになりますが、 N は入力では与えられないことに注意してください。 この入力においては N=4 で、 A=(3,2,1,0) です。 入力例 2 0 出力例 2 0 A=(0) です。 入力例 3 123 456 789 987 654 321 0 出力例 3 0 321 654 987 789 456 123",150.0,
atcoder,abc,public_sponsored_abc,toyota,abc344,Toyota Programming Contest 2024#3（AtCoder Beginner Contest 344）,2024,2024-03-09,1709985600.0,2024.0,abc344_c,C,A+B+C,C. A+B+C,131.0,14490,"['brute force', 'set', 'precomputation', 'query']",4,https://atcoder.jp/contests/abc344/tasks/abc344_c,https://atcoder-tagged-backend.onrender.com/problems/all,2.3.0-sponsor-abc-kenkoooo-diff,ja,2026-06-04T18:46:05.900291+00:00,30.649,737.0,"配点 : 250 点 問題文 3 個の数列 A=(A_1,\ldots,A_N), B=(B_1,\ldots,B_M), C=(C_1,\ldots,C_L) が与えられます。 さらに数列 X=(X_1,\ldots,X_Q) が与えられるので、各 i=1,\ldots,Q に対して次の問題を解いてください。 問題： A,B,C からそれぞれ 1 個ずつ要素を選び、和を X_i にすることができるか？ 制約 1 \leq N,M,L \leq 100 0 \leq A_i, B_i ,C_i \leq 10^8 1 \leq Q \leq 2\times 10^5 0 \leq X_i \leq 3\times 10^8 入力は全て整数である 入力 入力は以下の形式で標準入力から与えられる。 N A_1 \ldots A_N M B_1 \ldots B_M L C_1 \ldots C_L Q X_1 \ldots X_Q 出力 Q 行出力せよ。 i 行目には、 A,B,C からそれぞれ 1 個ずつ要素を選び和を X_i にすることができるならば Yes 、できないならば No と出力せよ。 入力例 1 3 1 2 3 2 2 4 6 1 2 4 8 16 32 4 1 5 10 50 出力例 1 No Yes Yes No A,B,C からそれぞれ 1 個ずつ要素を選び和を 1 にすることはできません。 A,B,C からそれぞれ 1,2,2 を選ぶと和を 5 にすることができます。 A,B,C からそれぞれ 2,4,4 を選ぶと和を 10 にすることができます。 A,B,C からそれぞれ 1 個ずつ要素を選び和を 50 にすることはできません。",250.0,
atcoder,abc,public_sponsored_abc,toyota,abc344,Toyota Programming Contest 2024#3（AtCoder Beginner Contest 344）,2024,2024-03-09,1709985600.0,2024.0,abc344_d,D,String Bags,D. String Bags,854.0,8111,"['dp', 'string matching', 'optimization']",3,https://atcoder.jp/contests/abc344/tasks/abc344_d,https://atcoder-tagged-backend.onrender.com/problems/all,2.3.0-sponsor-abc-kenkoooo-diff,ja,2026-06-04T18:46:05.900291+00:00,44.918,1056.0,"配点 : 425 点 問題文 あなたは最初、空文字列 S を持っています。 さらに、文字列がいくつか入った袋 1,2,\dots,N があります。 袋 i には A_i 個の文字列 S_{i,1},S_{i,2},\dots,S_{i,A_i} が入っています。 これから、以下の手順を i=1,2,\dots,N について繰り返します。 以下のふたつの行動のうち、どちらかを選択して行う。 1 円を支払い、袋 i からちょうどひとつの文字列を選択して S の末尾に連結する。 何もしない。 文字列 T が与えられるとき、最終的に S と T を一致させるために必要な最小の金額を求めてください。 但し、どのようにしても最終的な S を T に一致させることができない場合、 -1 と出力してください。 制約 T は長さ 1 以上 100 以下の英小文字からなる文字列 N は 1 以上 100 以下の整数 A_i は 1 以上 10 以下の整数 S_{i,j} は長さ 1 以上 10 以下の英小文字からなる文字列 入力 入力は以下の形式で標準入力から与えられる。 T N A_1 S_{1,1} S_{1,2} \dots S_{1,A_1} A_2 S_{2,1} S_{2,2} \dots S_{2,A_2} \vdots A_N S_{N,1} S_{N,2} \dots S_{N,A_N} 出力 答えを整数として出力せよ。 入力例 1 abcde 3 3 ab abc abcd 4 f c cd bcde 2 e de 出力例 1 2 例えば、以下のようにすると 2 円で最終的な S と T を一致させることができ、これが必要な金額の最低値であることが示せます。 i=1 について、袋 1 から abc を選択し S の末尾に連結する。 S= abc となる。 i=2 について、何もしない。 i=3 について、袋 3 から de を選択し S の末尾に連結する。 S= abcde となる。 入力例 2 abcde 3 2 ab abc 3 f c bcde 1 e 出力例 2 -1 どのようにしても最終的な S と T を一致させることができないので、 -1 と出力してください。 入力例 3 aaabbbbcccc 6 2 aa aaa 2 dd ddd 2 ab aabb 4 bbaa bbbc bbb bbcc 2 cc bcc 3 ccc cccc ccccc 出力例 3 4",425.0,
atcoder,abc,public_sponsored_abc,toyota,abc344,Toyota Programming Contest 2024#3（AtCoder Beginner Contest 344）,2024,2024-03-09,1709985600.0,2024.0,abc344_e,E,Insert or Erase,E. Insert or Erase,973.0,7383,"['linked list', 'data structure', 'simulation']",3,https://atcoder.jp/contests/abc344/tasks/abc344_e,https://atcoder-tagged-backend.onrender.com/problems/all,2.3.0-sponsor-abc-kenkoooo-diff,ja,2026-06-04T18:46:05.900291+00:00,47.267,1111.0,"配点 : 475 点 問題文 長さ N の数列 A=(A_1,\ldots,A_N) が与えられます。 A の要素は相異なります。 Q 個のクエリが与えられるので順に処理してください。各クエリは次の 2 種類のどちらかです。 1 x y ： A 内の要素 x の直後に y を挿入する。このクエリが与えられる時点で、 A には x が存在することが保証される。 2 x ： A 内の要素 x を削除する。このクエリが与えられる時点で、 A には x が存在することが保証される。 各クエリの処理後、 A は空でなく、要素は相異なることが保証されます。 全てのクエリを処理した後の A を出力してください。 制約 1 \leq N \leq 2\times 10^5 1 \leq Q \leq 2\times 10^5 1 \leq A_i \leq 10^9 A_i \neq A_j 1 種類目のクエリにおいて、 1 \leq x,y \leq 10^9 1 種類目のクエリが与えられる時点で、 A には x が存在する 2 種類目のクエリにおいて、 1 \leq x \leq 10^9 2 種類目のクエリが与えられる時点で、 A には x が存在する 各クエリの処理後、 A は空でなく、要素は相異なる 入力は全て整数である 入力 入力は以下の形式で標準入力から与えられる。 N A_1 \ldots A_N Q \mathrm{Query}_1 \vdots \mathrm{Query}_Q ここで \mathrm{Query}_i は i 番目のクエリを表し、次の形式で与えられる。 1 x y 2 x 出力 全てのクエリを処理したあとの数列 A を (A_1,\ldots,A_K) とする。 A_1,\ldots,A_K をこの順に空白区切りで出力せよ。 入力例 1 4 2 1 4 3 4 2 1 1 4 5 2 2 1 5 1 出力例 1 4 5 1 3 クエリは次のように処理されます。 最初 A=(2,1,4,3) である。 1 番目のクエリにより 1 を削除する。 A=(2,4,3) となる。 2 番目のクエリにより、 4 の直後に 5 を挿入する。 A=(2,4,5,3) となる。 3 番目のクエリにより 2 を削除する。 A=(4,5,3) となる。 4 番目のクエリにより、 5 の直後に 1 を挿入する。 A=(4,5,1,3) となる。 入力例 2 6 3 1 4 5 9 2 7 2 5 1 3 5 1 9 7 2 9 2 3 1 2 3 2 4 出力例 2 5 1 7 2 3",475.0,
atcoder,abc,public_sponsored_abc,toyota,abc344,Toyota Programming Contest 2024#3（AtCoder Beginner Contest 344）,2024,2024-03-09,1709985600.0,2024.0,abc344_f,F,Earn to Advance,F. Earn to Advance,1922.0,2303,"['dp', 'dp on grids', 'state']",3,https://atcoder.jp/contests/abc344/tasks/abc344_f,https://atcoder-tagged-backend.onrender.com/problems/all,2.3.0-sponsor-abc-kenkoooo-diff,ja,2026-06-04T18:46:05.900291+00:00,65.996,1195.0,"配点 : 550 点 問題文 縦 N 行横 N 列のグリッドがあります。上から i 行目、左から j 列目のマスをマス (i,j) と表します。 高橋君は最初マス (1,1) におり、所持金は 0 です。 高橋君はマス (i,j) にいるとき、 1 回の 行動 で以下のいずれかを行うことができます。 同じマスにとどまり、所持金を P_{i,j} 増やす。 所持金から R_{i,j} 払ってマス (i,j+1) に移動する。 所持金から D_{i,j} 払ってマス (i+1,j) に移動する。 所持金が負になる移動、グリッドの外に出る移動はできません。 高橋君が最適に行動したとき、何回の行動でマス (N,N) にたどり着くことができますか。 制約 2 \leq N \leq 80 1 \leq P_{i,j} \leq 10^9 1 \leq R_{i,j},D_{i,j} \leq 10^9 入力は全て整数である 入力 入力は以下の形式で標準入力から与えられる。 N P_{1,1} \ldots P_{1,N} \vdots P_{N,1} \ldots P_{N,N} R_{1,1} \ldots R_{1,N-1} \vdots R_{N,1} \ldots R_{N,N-1} D_{1,1} \ldots D_{1,N} \vdots D_{N-1,1} \ldots D_{N-1,N} 出力 答えを出力せよ。 入力例 1 3 1 2 3 3 1 2 2 1 1 1 2 4 3 4 2 1 5 7 5 3 3 出力例 1 8 以下のようにして 8 回の行動でマス (3,3) にたどり着くことができます。 マス (1,1) にとどまり、所持金を 1 増やす。所持金は 1 になる。 所持金から 1 払ってマス (2,1) に移動する。所持金は 0 になる。 マス (2,1) にとどまり、所持金を 3 増やす。所持金は 3 になる。 マス (2,1) にとどまり、所持金を 3 増やす。所持金は 6 になる。 マス (2,1) にとどまり、所持金を 3 増やす。所持金は 9 になる。 所持金から 4 払ってマス (2,2) に移動する。所持金は 5 になる。 所持金から 3 払ってマス (3,2) に移動する。所持金は 2 になる。 所持金から 2 払ってマス (3,3) に移動する。所持金は 0 になる。 入力例 2 3 1 1 1 1 1 1 1 1 1 1000000000 1000000000 1000000000 1000000000 1000000000 1000000000 1000000000 1000000000 1000000000 1000000000 1000000000 1000000000 出力例 2 4000000004",550.0,
atcoder,abc,public_sponsored_abc,toyota,abc344,Toyota Programming Contest 2024#3（AtCoder Beginner Contest 344）,2024,2024-03-09,1709985600.0,2024.0,abc344_g,G,Points and Comparison,G. Points and Comparison,3032.0,236,"['computational geometry', 'sorting', 'priority queue', 'binary search', 'plane sweep']",5,https://atcoder.jp/contests/abc344/tasks/abc344_g,https://atcoder-tagged-backend.onrender.com/problems/all,2.3.0-sponsor-abc-kenkoooo-diff,ja,2026-06-04T18:46:05.900291+00:00,87.902,1054.0,"配点 : 625 点 問題文 特殊な入力形式に注意してください。 xy 平面上に N 個の点 (X_i,Y_i) があります。これらの点の情報は入力から与えられます。 また、 Q 個の整数組 (A_j,B_j) が与えられます。 f(A_j,B_j) を Y_i \ge A_j \times X_i + B_j を満たす i の個数として定義します。 \displaystyle \sum^{Q}_{j=1} f(A_j,B_j) を求めてください。 但し、この問題では Q が非常に大きくなるため、 (A_j,B_j) は直接与えられません。 代わりに G_0,R_a,R_b が与えられ、 (A_j,B_j) は以下の方法で生成されます。 まず、 n \ge 0 に対して、 G_{n+1} = (48271 \times G_n) \mod (2^{31}-1) と定義します。 j=1,2,\dots,Q に対して、 (A_j,B_j) を次のように生成します。 A_j = -R_a + (G_{3j - 2} \mod (2 \times R_a + 1) ) B_j = -R_b + ((G_{3j - 1} \times (2^{31}-1) + G_{3 j}) \mod (2 \times R_b + 1) ) この生成法から、 A_j, B_j は以下の制約を満たすことが示せます。 -R_a \le A_j \le R_a -R_b \le B_j \le R_b 制約 入力は全て整数 1 \le N \le 5000 1 \le Q \le 10^7 |X_i|, |Y_i| \le 10^8 (X_i,Y_i) は相異なる 0 \le G_0 < (2^{31}-1) 0 \le R_a \le 10^8 0 \le R_b \le 10^{16} 入力 入力は以下の形式で標準入力から与えられる。 N X_1 Y_1 X_2 Y_2 \vdots X_N Y_N Q G_0 R_a R_b 出力 答えを整数として出力せよ。 入力例 1 7 2 -2 -1 -2 0 1 2 1 -2 2 1 2 0 -1 10 1 5 5 出力例 1 36 この入力には 10 個の質問が含まれます。 生成された (A_j,B_j) は (-2,4),(0,2),(-4,-2),(4,-5),(3,1),(-1,3),(2,-5),(3,-1),(3,5),(3,-2) です。",625.0,
atcoder,abc,public_sponsored_abc,unique_vision,abc346,UNIQUE VISION Programming Contest 2024 Spring(AtCoder Beginner Contest 346),2024,2024-03-23,1711195200.0,2024.0,abc346_a,A,Adjacent Product,A. Adjacent Product,-1074.0,17169,"['implementation', 'array', 'math']",3,https://atcoder.jp/contests/abc346/tasks/abc346_a,https://atcoder-tagged-backend.onrender.com/problems/all,2.3.0-sponsor-abc-kenkoooo-diff,ja,2026-06-04T18:46:05.900291+00:00,6.868,403.0,"配点 : 100 点 問題文 N 個の整数 A_1,A_2,\dots,A_N が与えられます。 また、 B_i=A_i\times A_{i+1}\ (1\leq i\leq N-1) と定めます。 B_1,B_2,\dots,B_{N-1} をこの順に空白区切りで出力してください。 制約 2\leq N \leq 100 1\leq A_i \leq 100 入力は全て整数 入力 入力は以下の形式で標準入力から与えられる。 N A_1 A_2 \dots A_N 出力 B_1,B_2,\dots,B_{N-1} をこの順に空白区切りで出力せよ。 入力例 1 3 3 4 6 出力例 1 12 24 B_1=A_1\times A_2 = 12, B_2=A_2\times A_3 = 24 です。 入力例 2 5 22 75 26 45 72 出力例 2 1650 1950 1170 3240",100.0,
atcoder,abc,public_sponsored_abc,unique_vision,abc346,UNIQUE VISION Programming Contest 2024 Spring(AtCoder Beginner Contest 346),2024,2024-03-23,1711195200.0,2024.0,abc346_b,B,Piano,B. Piano,213.0,12621,"['brute force', 'periodicity', 'string', 'implementation']",4,https://atcoder.jp/contests/abc346/tasks/abc346_b,https://atcoder-tagged-backend.onrender.com/problems/all,2.3.0-sponsor-abc-kenkoooo-diff,ja,2026-06-04T18:46:05.900291+00:00,32.268,645.0,"配点 : 200 点 問題文 無限に長いピアノの鍵盤があります。 この鍵盤内の連続する区間であって、白鍵 W 個と黒鍵 B 個からなるものは存在しますか？ 文字列 wbwbwwbwbwbw を無限に繰り返してできる文字列を S とおきます。 S の部分文字列であって、 W 個の w と B 個の b からなるものは存在しますか？ S の部分文字列とは S の部分文字列とは、ある 2 つの正整数 l,r\ (l\leq r) に対して、 S の l 文字目、 l+1 文字目、 \dots 、 r 文字目をこの順に繋げてできる文字列のことをいいます。 制約 W,B は整数 0\leq W,B \leq 100 W+B \geq 1 入力 入力は以下の形式で標準入力から与えられる。 W B 出力 S の部分文字列であって、 W 個の w と B 個の b からなるものが存在するならば Yes を、存在しないならば No を出力せよ。 入力例 1 3 2 出力例 1 Yes S の最初の 15 文字は wbwbwwbwbwbwwbw であり、 S の 11 文字目から 15 文字目までを取り出してできる文字列 bwwbw は 3 個の w と 2 個の b からなる部分文字列の一例です。 入力例 2 3 0 出力例 2 No 3 個の w と 0 個の b からなる文字列は www のみですが、これは S の部分文字列ではありません。 入力例 3 92 66 出力例 3 Yes",200.0,
atcoder,abc,public_sponsored_abc,unique_vision,abc346,UNIQUE VISION Programming Contest 2024 Spring(AtCoder Beginner Contest 346),2024,2024-03-23,1711195200.0,2024.0,abc346_c,C,Σ,C. Σ,78.0,14100,"['formula', 'set', 'deduplication']",3,https://atcoder.jp/contests/abc346/tasks/abc346_c,https://atcoder-tagged-backend.onrender.com/problems/all,2.3.0-sponsor-abc-kenkoooo-diff,ja,2026-06-04T18:46:05.900291+00:00,29.603,532.0,"配点 : 250 点 問題文 長さ N の正整数列 A=(A_1,A_2,\dots,A_N) および正整数 K が与えられます。 1 以上 K 以下の整数のうち、 A の中に一度も現れないものの総和を求めてください。 制約 1\leq N \leq 2\times 10^5 1\leq K \leq 2\times 10^9 1\leq A_i \leq 2\times 10^9 入力は全て整数 入力 入力は以下の形式で標準入力から与えられる。 N K A_1 A_2 \dots A_N 出力 答えを出力せよ。 入力例 1 4 5 1 6 3 1 出力例 1 11 1 以上 5 以下の整数のうち、 A の中に一度も現れないものは 2,4,5 の 3 つです。 よって、それらの総和である 2+4+5=11 を出力します。 入力例 2 1 3 346 出力例 2 6 入力例 3 10 158260522 877914575 24979445 623690081 262703497 24979445 1822804784 1430302156 1161735902 923078537 1189330739 出力例 3 12523196466007058",250.0,
atcoder,abc,public_sponsored_abc,unique_vision,abc346,UNIQUE VISION Programming Contest 2024 Spring(AtCoder Beginner Contest 346),2024,2024-03-23,1711195200.0,2024.0,abc346_d,D,Gomamayo Sequence,D. Gomamayo Sequence,845.0,7866,"['dp', 'prefix suffix', 'string', 'pattern']",4,https://atcoder.jp/contests/abc346/tasks/abc346_d,https://atcoder-tagged-backend.onrender.com/problems/all,2.3.0-sponsor-abc-kenkoooo-diff,ja,2026-06-04T18:46:05.900291+00:00,44.74,853.0,"配点 : 400 点 問題文 0 , 1 からなる長さ N の文字列 S が与えられます。 0 , 1 からなる長さ N の文字列 T は以下の条件を満たすとき、またそのときに限り 良い文字列 であると定義します。 1 \leq i \leq N - 1 を満たす整数 i であって、 T の i 文字目と i + 1 文字目が一致するようなものがちょうど 1 つ存在する。 i = 1,2,\ldots, N について以下の操作を 1 度行うか行わないか選ぶことができます。 S の i 文字目が 0 であるとき S の i 文字目を 1 に、そうでないとき S の i 文字目を 0 に置き換える。操作を行った場合、 C_i のコストがかかる。 S を良い文字列にするために必要なコストの総和の最小値を求めてください。 制約 2 \leq N \leq 2 \times 10^5 S は長さ N の 0 , 1 からなる文字列 1 \leq C_i \leq 10^9 N, C_i は整数 入力 入力は以下の形式で標準入力から与えられる。 N S C_1 C_2 \ldots C_N 出力 答えを出力せよ。 入力例 1 5 00011 3 9 2 6 4 出力例 1 7 i = 1, 5 に対して操作を行い、 i = 2, 3, 4 に対して操作を行わないことで S = 10010 となり、 S は良い文字列となります。このときかかるコストは 7 であり、コスト 7 未満で S を良い文字列にすることはできないため、 7 を出力します。 入力例 2 4 1001 1 2 3 4 出力例 2 0 入力例 3 11 11111100111 512298012 821282085 543342199 868532399 690830957 973970164 928915367 954764623 923012648 540375785 925723427 出力例 3 2286846953",400.0,
atcoder,abc,public_sponsored_abc,unique_vision,abc346,UNIQUE VISION Programming Contest 2024 Spring(AtCoder Beginner Contest 346),2024,2024-03-23,1711195200.0,2024.0,abc346_e,E,Paint,E. Paint,1053.0,6323,"['reversal', 'greedy', 'counting', 'simulation']",4,https://atcoder.jp/contests/abc346/tasks/abc346_e,https://atcoder-tagged-backend.onrender.com/problems/all,2.3.0-sponsor-abc-kenkoooo-diff,ja,2026-06-04T18:46:05.900291+00:00,48.845,1201.0,"配点 : 450 点 問題文 H 行 W 列のグリッドがあり、はじめすべてのマスは色 0 で塗られています。 これから i = 1, 2, \ldots, M の順で以下の操作を行います。 T_i = 1 のとき、 A_i 行目 のマスをすべて色 X_i に塗り替える T_i = 2 のとき、 A_i 列目 のマスをすべて色 X_i に塗り替える すべての操作を終えたとき、最終的に色 i で塗られたマスが存在するような各色 i についてその色で塗られたマスの個数を求めてください。 制約 1 \leq H, W, M \leq 2 \times 10^5 T_i \in \lbrace 1, 2 \rbrace T_i = 1 なる i に対して 1 \leq A_i \leq H T_i = 2 なる i に対して 1 \leq A_i \leq W 0 \leq X_i \leq 2 \times 10^5 入力される値はすべて整数 入力 入力は以下の形式で標準入力から与えられる。 H W M T_1 A_1 X_1 T_2 A_2 X_2 \vdots T_M A_M X_M 出力 色 i で塗られたマスが存在するような整数 i の個数を K として、 K + 1 行出力せよ。 1 行目には K の値を出力せよ。 2 行目以降には色 i で塗られたマスが存在するような各色 i について、色の番号およびその色で塗られたマスの個数を出力せよ。 具体的には、 i + 1 (1 \leq i \leq K) 行目には色の番号 c_i と色 c_i で塗られたマスの個数 x_i をこの順に空白区切りで出力せよ。 ただし、色の番号は 昇順で 出力せよ。すなわち、 c_1 < c_2 < \ldots < c_K を満たすように出力せよ。また、 x_i > 0 が必要であることに注意せよ。 入力例 1 3 4 4 1 2 5 2 4 0 1 3 3 1 3 2 出力例 1 3 0 5 2 4 5 3 操作によってグリッドの各マスの色は以下のように変化します。 0000 0000 0000 0000 0000 0000 → 5555 → 5550 → 5550 → 5550 0000 0000 0000 3333 2222 最終的に色 0 で塗られたマスは 5 つ、色 2 で塗られたマスは 4 つ、色 5 で塗られたマスは 3 つです。 入力例 2 1 1 5 1 1 1 1 1 10 2 1 100 1 1 1000 2 1 10000 出力例 2 1 10000 1 入力例 3 5 5 10 1 1 1 1 2 2 1 3 3 1 4 4 1 5 5 2 1 6 2 2 7 2 3 8 2 4 9 2 5 10 出力例 3 5 6 5 7 5 8 5 9 5 10 5",450.0,
atcoder,abc,public_sponsored_abc,unique_vision,abc346,UNIQUE VISION Programming Contest 2024 Spring(AtCoder Beginner Contest 346),2024,2024-03-23,1711195200.0,2024.0,abc346_f,F,SSttrriinngg in StringString,F. SSttrriinngg in StringString,1840.0,2360,"['binary search', 'string', 'subsequence', 'precomputation', 'greedy']",5,https://atcoder.jp/contests/abc346/tasks/abc346_f,https://atcoder-tagged-backend.onrender.com/problems/all,2.3.0-sponsor-abc-kenkoooo-diff,ja,2026-06-04T18:46:05.900291+00:00,64.377,879.0,"配点 : 525 点 問題文 長さ n の文字列 X に対して、 X を k 回繰り返して得られる文字列を f(X,k) と表記し、 X の 1 文字目、 2 文字目、 \dots 、 n 文字目を k 回ずつこの順に繰り返して得られる文字列を g(X,k) と表記します。 例えば、 X= abc のとき、 f(X,2)= abcabc 、 g(X,3)= aaabbbccc です。 また、任意の文字列 X に対して、 f(X,0) と g(X,0) は共に空文字列です。 正整数 N および文字列 S,T が与えられます。 g(T,k) が f(S,N) の（連続とは限らない）部分列であるような最大の非負整数 k を求めてください。 なお、定義より、 g(T,0) は常に f(S,N) の部分列であることに注意してください。 部分列とは 文字列 X の（連続とは限らない）部分列とは、 X から 0 個以上の文字を取り除いた後、残りの文字を元の順序で連結して得られる文字列のことをいいます。 例えば、 ac 、 atcoder 、 （空文字列）などはどれも atcoder の部分列ですが、 ta は atcoder の部分列ではありません。 制約 N は整数 1\leq N\leq 10^{12} S, T は英小文字からなる長さ 1 以上 10^5 以下の文字列 入力 入力は以下の形式で標準入力から与えられる。 N S T 出力 g(T,k) が f(S,N) の（連続とは限らない）部分列であるような最大の非負整数 k を出力せよ。 入力例 1 3 abc ab 出力例 1 2 f(S,3)= abcabcabc です。 g(T,2)= aabb は f(S,3) の部分列ですが、 g(T,3)= aaabbb は f(S,3) の部分列ではないので、 2 を出力します。 入力例 2 3 abc arc 出力例 2 0 入力例 3 1000000000000 kzazkakxkk azakxk 出力例 3 344827586207",525.0,
atcoder,abc,public_sponsored_abc,unique_vision,abc346,UNIQUE VISION Programming Contest 2024 Spring(AtCoder Beginner Contest 346),2024,2024-03-23,1711195200.0,2024.0,abc346_g,G,Alone,G. Alone,2166.0,1543,"['plane sweep', 'lazy segment tree', 'range update', '2d range counting', 'rectangle union']",5,https://atcoder.jp/contests/abc346/tasks/abc346_g,https://atcoder-tagged-backend.onrender.com/problems/all,2.3.0-sponsor-abc-kenkoooo-diff,ja,2026-06-04T18:46:05.900291+00:00,70.811,576.0,"配点 : 575 点 問題文 整数列 A = (A_1, A_2, \ldots, A_N) が与えられます。 整数の組 (L, R) であって、以下の条件を満たすものの個数を求めてください。 1 \leq L \leq R \leq N A_L, A_{L + 1}, \ldots, A_R の中に 1 度だけ出現する数が存在する。より厳密には、ある整数 x が存在して、 A_i = x かつ L \leq i \leq R を満たす整数 i の個数がちょうど 1 個である。 制約 2 \leq N \leq 2 \times 10^5 1 \leq A_i \leq N 入力される値はすべて整数 入力 入力は以下の形式で標準入力から与えられる。 N A_1 A_2 \ldots A_N 出力 答えを出力せよ。 入力例 1 5 2 2 1 2 1 出力例 1 12 (L, R) = (1, 1), (1, 3), (1, 4), (2, 2), (2, 3), (2, 4), (3, 3), (3, 4), (3, 5), (4, 4), (4, 5), (5, 5) の 12 個の整数の組が条件を満たします。 入力例 2 4 4 4 4 4 出力例 2 4 入力例 3 10 1 2 1 4 3 3 3 2 2 4 出力例 3 47",575.0,
atcoder,abc,public_sponsored_abc,toyota,abc348,Toyota Programming Contest 2024#4（AtCoder Beginner Contest 348）,2024,2024-04-06,1712404800.0,2024.0,abc348_a,A,Penalty Kick,A. Penalty Kick,-1088.0,16486,"['string', 'language features', 'math', 'implementation']",4,https://atcoder.jp/contests/abc348/tasks/abc348_a,https://atcoder-tagged-backend.onrender.com/problems/all,2.3.0-sponsor-abc-kenkoooo-diff,ja,2026-06-04T18:46:05.900291+00:00,6.592,407.0,配点 : 100 点 問題文 髙橋君はサッカーの試合で N 回ペナルティキックを蹴ります。 髙橋君は i 回目のペナルティキックでは、 i が 3 の倍数の場合は失敗しそれ以外の場合は成功します。 髙橋君がペナルティキックを蹴ったときの結果を出力してください。 制約 1 \leq N \leq 100 入力は全て整数である。 入力 入力は以下の形式で標準入力から与えられる。 N 出力 髙橋君のペナルティキックの結果を表す長さ N の文字列を出力せよ。結果を表す文字列の i (1 \leq i \leq N) 文字目は髙橋君が i 回目のペナルティキックで成功した場合は o 、失敗した場合は x とする。 入力例 1 7 出力例 1 ooxooxo 髙橋君は 3 回目と 6 回目のペナルティキックに失敗するので、 3 文字目と 6 文字目が x となります。 入力例 2 9 出力例 2 ooxooxoox,100.0,
atcoder,abc,public_sponsored_abc,toyota,abc348,Toyota Programming Contest 2024#4（AtCoder Beginner Contest 348）,2024,2024-04-06,1712404800.0,2024.0,abc348_b,B,Farthest Point,B. Farthest Point,-251.0,13877,"['brute force', 'geometry']",2,https://atcoder.jp/contests/abc348/tasks/abc348_b,https://atcoder-tagged-backend.onrender.com/problems/all,2.3.0-sponsor-abc-kenkoooo-diff,ja,2026-06-04T18:46:05.900291+00:00,23.11,769.0,"配点 : 200 点 問題文 xy 平面上に 1 から N までの番号が付いた N 個の点があります。点 i は座標 (X_i, Y_i) にあり、相異なる 2 点の座標は異なります。 各点について、その点からの距離が最大である点を求めてその点の番号を出力してください。 ただし、距離が最大である点が複数ある場合はその中で最も番号が小さい点の番号を出力してください。 ここで、距離はユークリッド距離、すなわち 2 点 (x_1,y_1) と (x_2,y_2) に対し、この 2 点間の距離が \sqrt{(x_1-x_2)^{2}+(y_1-y_2)^{2}} であるものとして定められています。 制約 2 \leq N \leq 100 -1000 \leq X_i, Y_i \leq 1000 i \neq j ならば (X_i, Y_i) \neq (X_j, Y_j) 入力は全て整数である。 入力 入力は以下の形式で標準入力から与えられる。 N X_1 Y_1 X_2 Y_2 \vdots X_N Y_N 出力 N 行出力せよ。 i 行目には点 i からの距離が最大である点の番号を出力せよ。 入力例 1 4 0 0 2 4 5 0 3 4 出力例 1 3 3 1 1 以下の図のように点が並んでいます。ここで P_i は点 i を表します。 点 1 からの距離が最大である点は点 3,4 で、その中で番号が小さいのは点 3 です。 点 2 からの距離が最大である点は点 3 です。 点 3 からの距離が最大である点は点 1,2 で、その中で番号が小さいのは点 1 です。 点 4 からの距離が最大である点は点 1 です。 入力例 2 6 3 2 1 6 4 5 1 3 5 5 9 8 出力例 2 6 6 6 6 6 4",200.0,
atcoder,abc,public_sponsored_abc,toyota,abc348,Toyota Programming Contest 2024#4（AtCoder Beginner Contest 348）,2024,2024-04-06,1712404800.0,2024.0,abc348_c,C,Colorful Beans,C. Colorful Beans,23.0,13108,"['data structure', 'hash map', 'implementation']",3,https://atcoder.jp/contests/abc348/tasks/abc348_c,https://atcoder-tagged-backend.onrender.com/problems/all,2.3.0-sponsor-abc-kenkoooo-diff,ja,2026-06-04T18:46:05.900291+00:00,28.518,735.0,"配点 : 250 点 問題文 N 種類のビーンズが 1 粒ずつあります。 i 種類目のビーンズはおいしさが A_i で色が C_i です。ビーンズは混ぜられており、色でしか区別することができません。 あなたはビーンズの色を 1 つ選び、その色のビーンズをどれか 1 粒食べます。ビーンズの色をうまく選ぶことで、食べる可能性のあるビーンズのおいしさの最小値を最大化してください。 制約 1 \leq N \leq 2 \times 10^{5} 1 \leq A_i \leq 10^{9} 1 \leq C_i \leq 10^{9} 入力は全て整数である。 入力 入力は以下の形式で標準入力から与えられる。 N A_1 C_1 A_2 C_2 \vdots A_N C_N 出力 食べる可能性のあるビーンズのおいしさの最小値の最大値を整数として出力せよ。 入力例 1 4 100 1 20 5 30 5 40 1 出力例 1 40 同じ色のビーンズは互いに区別がつかないことに注意してください。 選ぶことができる色は 色 1 と 色 5 です。 色 1 のビーンズは 2 種類あり、美味しさはそれぞれ 100, 40 です。よって、色 1 を選んだときのおいしさの最小値は 40 です。 色 5 のビーンズは 2 種類あり、美味しさはそれぞれ 20, 30 です。よって、色 5 を選んだときのおいしさの最小値は 20 です。 おいしさの最小値を最大化するには 色 1 を選べばよいため、そのときの最小値である 40 を出力します。 入力例 2 10 68 3 17 2 99 2 92 4 82 4 10 3 100 2 78 1 3 1 35 4 出力例 2 35",250.0,
atcoder,abc,public_sponsored_abc,toyota,abc348,Toyota Programming Contest 2024#4（AtCoder Beginner Contest 348）,2024,2024-04-06,1712404800.0,2024.0,abc348_d,D,Medicines on Grid,D. Medicines on Grid,1108.0,6335,"['bfs', 'graph', 'shortest path', 'grid']",4,https://atcoder.jp/contests/abc348/tasks/abc348_d,https://atcoder-tagged-backend.onrender.com/problems/all,2.3.0-sponsor-abc-kenkoooo-diff,ja,2026-06-04T18:46:05.900291+00:00,49.931,1404.0,"配点 : 425 点 問題文 H 行 W 列のグリッドがあります。上から i 行目、左から j 列目のマス目を (i, j) と表します。各マスの状態は文字 A_{i,j} で表され、意味は以下の通りです。 . : 空きマス。 # : 障害物。 S : 空きマスかつスタート地点。 T : 空きマスかつゴール地点。 高橋君は、今いるマスから上下左右に隣り合う空きマスへ、エネルギーを 1 消費して移動することができます。ただし、エネルギーが 0 の状態で移動することはできず、またグリッドの外へ移動することはできません。 グリッドには合計で N 個の薬があります。 i 番目の薬は空きマス (R_i, C_i) にあり、使うとエネルギーを E_i にする ことができます。必ずしもエネルギーが増えるとは限らないことに注意してください。高橋君は自分のいるマスにある薬を使うことができます。使った薬はなくなります。 高橋君ははじめエネルギー 0 の状態でスタート地点にいて、ゴール地点まで移動したいです。これが可能かどうか判定してください。 制約 1 \leq H, W \leq 200 A_{i, j} は . , # , S , T のいずれかである。 S と T は A_{i, j} にそれぞれちょうど 1 つ存在する。 1 \leq N \leq 300 1 \leq R_i \leq H 1 \leq C_i \leq W i \neq j ならば (R_i, C_i) \neq (R_j, C_j) A_{R_i, C_i} は # でない。 1 \leq E_i \leq HW 入力 入力は以下の形式で標準入力から与えられる。 H W A_{1, 1} A_{1, 2} \cdots A_{1, W} A_{2, 1} A_{2, 2} \cdots A_{2, W} \vdots A_{H, 1} A_{H, 2} \cdots A_{H, W} N R_1 C_1 E_1 R_2 C_2 E_2 \vdots R_N C_N E_N 出力 高橋君がスタート地点からゴール地点へ移動することが可能なら Yes 、不可能なら No を出力せよ。 入力例 1 4 4 S... #..# #... ..#T 4 1 1 3 1 3 5 3 2 1 2 3 1 出力例 1 Yes 例えば、以下のようにしてゴール地点へ移動することができます。 薬 1 を使う。エネルギーが 3 になる。 (1, 2) へ移動する。エネルギーが 2 になる。 (1, 3) へ移動する。エネルギーが 1 になる。 薬 2 を使う。エネルギーが 5 になる。 (2, 3) へ移動する。エネルギーが 4 になる。 (3, 3) へ移動する。エネルギーが 3 になる。 (3, 4) へ移動する。エネルギーが 2 になる。 (4, 4) へ移動する。エネルギーが 1 になる。 この移動の途中には (2, 3) にも薬がありますが、これを使うとゴールできません。 入力例 2 2 2 S. T. 1 1 2 4 出力例 2 No 高橋君はスタート地点から移動することができません。 入力例 3 4 5 ..#.. .S##. .##T. ..... 3 3 1 5 1 2 3 2 2 1 出力例 3 Yes",425.0,
atcoder,abc,public_sponsored_abc,toyota,abc348,Toyota Programming Contest 2024#4（AtCoder Beginner Contest 348）,2024,2024-04-06,1712404800.0,2024.0,abc348_e,E,Minimize Sum of Distances,E. Minimize Sum of Distances,1347.0,4972,"['dp on trees', 'rerooting', 'centroid']",3,https://atcoder.jp/contests/abc348/tasks/abc348_e,https://atcoder-tagged-backend.onrender.com/problems/all,2.3.0-sponsor-abc-kenkoooo-diff,ja,2026-06-04T18:46:05.900291+00:00,54.648,841.0,"配点 : 475 点 問題文 N 頂点からなる木が与えられます。頂点は 1 から N までの番号がついており、 i 番目の辺は頂点 A_i, B_i を結んでいます。 長さ N の正整数列 C = (C_1, C_2, \ldots ,C_N) が与えられます。 d(a, b) を頂点 a, b の間にある辺の数とし、 x = 1, 2, \ldots ,N に対して \displaystyle f(x) = \sum_{i=1}^{N} (C_i \times d(x, i)) とします。 \displaystyle \min_{1 \leq v \leq N} f(v) を求めてください。 制約 1 \leq N \leq 10^5 1 \leq A_i, B_i \leq N 与えられるグラフは木である。 1 \leq C_i \leq 10^9 入力 入力は以下の形式で標準入力から与えられる。 N A_1 B_1 A_2 B_2 \vdots A_{N - 1} B_{N - 1} C_1 C_2 \cdots C_N 出力 答えを一行に出力せよ。 入力例 1 4 1 2 1 3 2 4 1 1 1 2 出力例 1 5 例として、 f(1) を求めることを考えます。 d(1, 1) = 0, d(1, 2) = 1, d(1, 3) = 1, d(1, 4) = 2 です。 よって、 f(1) = 0 \times 1 + 1 \times 1 + 1 \times 1 + 2 \times 2 = 6 となります。 同様に、 f(2) = 5, f(3) = 9, f(4) = 6 です。 f(2) が最小なので 5 を出力します。 入力例 2 2 2 1 1 1000000000 出力例 2 1 f(2) = 1 で、これが最小です。 入力例 3 7 7 3 2 5 2 4 3 1 3 6 2 1 2 7 6 9 3 4 6 出力例 3 56",475.0,
atcoder,abc,public_sponsored_abc,toyota,abc348,Toyota Programming Contest 2024#4（AtCoder Beginner Contest 348）,2024,2024-04-06,1712404800.0,2024.0,abc348_f,F,Oddly Similar,F. Oddly Similar,1955.0,2541,"['bitset', 'xor', 'parity', 'implementation']",4,https://atcoder.jp/contests/abc348/tasks/abc348_f,https://atcoder-tagged-backend.onrender.com/problems/all,2.3.0-sponsor-abc-kenkoooo-diff,ja,2026-06-04T18:46:05.900291+00:00,66.647,778.0,"配点 : 550 点 問題文 N 個の長さ M の数列 A_1, A_2, \ldots, A_N があります。 i 番目の数列は M 個の整数 A_{i,1}, A_{i,2}, \ldots, A_{i,M} で表されます。 それぞれの長さが M の数列 X,Y について、 X_i = Y_i となるような i(1 \leq i \leq M) の個数が奇数であるときに、 X と Y は似ていると言います。 1 \leq i < j \leq N を満たす整数の組 (i,j) のうち、 A_i と A_j が似ているものの個数を求めてください。 制約 1 \leq N \leq 2000 1 \leq M \leq 2000 1 \leq A_{i,j} \leq 999 入力は全て整数である。 入力 入力は以下の形式で標準入力から与えられる。 N M A_{1,1} A_{1,2} \ldots A_{1,M} A_{2,1} A_{2,2} \ldots A_{2,M} \vdots A_{N,1} A_{N,2} \ldots A_{N,M} 出力 答えを整数として出力せよ。 入力例 1 3 3 1 2 3 1 3 4 2 3 4 出力例 1 1 (i,j) = (1,2) は条件を満たします。なぜならば、 A_{1,k} = A_{2,k} となるような k は k=1 の 1 個だけだからです。 (i,j) = (1,3) ,(2,3) は条件を満たさないため、条件を満たす (i,j) の組は (1,2) だけです。 入力例 2 6 5 8 27 27 10 24 27 8 2 4 5 15 27 26 17 24 27 27 27 27 27 27 7 22 11 27 19 27 27 27 27 出力例 2 5",550.0,
atcoder,abc,public_sponsored_abc,toyota,abc348,Toyota Programming Contest 2024#4（AtCoder Beginner Contest 348）,2024,2024-04-06,1712404800.0,2024.0,abc348_g,G,Max (Sum - Max),G. Max (Sum - Max),2559.0,708,"['divide and conquer', 'convex optimization', 'optimization', 'sequence']",4,https://atcoder.jp/contests/abc348/tasks/abc348_g,https://atcoder-tagged-backend.onrender.com/problems/all,2.3.0-sponsor-abc-kenkoooo-diff,ja,2026-06-04T18:46:05.900291+00:00,78.567,604.0,"配点 : 650 点 問題文 長さ N の整数列 A, B が与えられます。 k = 1, 2, \ldots ,N について、以下の問題を解いてください。 1 以上 N 以下の相異なる整数 k 個を選ぶことを考える。選んだ整数の集合を S として、 \displaystyle (\sum_{i \in S} A_i) - \max_{i \in S} B_i としてあり得る値の最大値を求めよ。 制約 1 \leq N \leq 2 \times 10^5 -10^9 \leq A_i \leq 10^9 -2 \times 10^{14} \leq B_i \leq 2 \times 10^{14} 入力 入力は以下の形式で標準入力から与えられる。 N A_1 B_1 A_2 B_2 \vdots A_N B_N 出力 N 行出力せよ。 i 行目には、 k=i についての問題の答えを出力せよ。 入力例 1 3 4 1 5 6 3 2 出力例 1 3 5 6 以下の選び方がそれぞれ最適です。 k = 1 : S = \{1\} k = 2 : S = \{1, 3\} k = 3 : S = \{1, 2, 3\} 入力例 2 2 0 1 0 1 出力例 2 -1 -1 入力例 3 6 9 7 2 4 7 1 -1000 0 3 4 8 5 出力例 3 6 10 17 20 22 -978",650.0,
atcoder,abc,public_sponsored_abc,panasonic,abc354,Panasonic Programming Contest 2024（AtCoder Beginner Contest 354）,2024,2024-05-18,1716033600.0,2024.0,abc354_a,A,Exponential Plant,A. Exponential Plant,-770.0,17084,"['implementation', 'simulation', 'geometric progression', 'powers of two']",4,https://atcoder.jp/contests/abc354/tasks/abc354_a,https://atcoder-tagged-backend.onrender.com/problems/all,2.3.0-sponsor-abc-kenkoooo-diff,ja,2026-06-04T18:46:05.900291+00:00,12.868,671.0,"配点 : 100 点 問題文 高橋君は植物を育てています。その植物の発芽時の高さは 0\,\mathrm{cm} です。発芽した日を 0 日目としたとき、発芽してから i (0 \le i) 日目の夜には 2^i\,\mathrm{cm} 植物の高さが伸びます。 高橋君の身長は H\,\mathrm{cm} です。 高橋君は毎朝この植物と背比べをします。植物の高さが高橋君の身長より高くなるのは発芽から何日目の朝か求めてください。 制約 1 \leq H \leq 10^{9} 入力は全て整数である。 入力 入力は以下の形式で標準入力から与えられる。 H 出力 植物の高さが高橋君の身長より高くなる日は発芽から何日目の朝か出力せよ。 入力例 1 54 出力例 1 6 植物が発芽してからの 1 日ごとの朝の高さは 1\,\mathrm{cm},3\,\mathrm{cm},7\,\mathrm{cm}, 15\,\mathrm{cm},31\,\mathrm{cm},63\,\mathrm{cm} となります。 6 日目の朝に高橋君より高くなるため、 6 を出力します。 入力例 2 7 出力例 2 4 植物が発芽してから 3 日目の朝の高さは 7\,\mathrm{cm} で、 4 日目の朝の高さは 15\,\mathrm{cm} です。 4 日目の朝に高橋君より高くなるため、 4 を出力します。 3 日目の朝のときは高橋君と同じ高さですが、高橋君より高くないことに注意してください。 入力例 3 262144 出力例 3 19",100.0,
atcoder,abc,public_sponsored_abc,panasonic,abc354,Panasonic Programming Contest 2024（AtCoder Beginner Contest 354）,2024,2024-05-18,1716033600.0,2024.0,abc354_b,B,AtCoder Janken 2,B. AtCoder Janken 2,-403.0,15331,"['implementation', 'sorting', 'string', 'modular arithmetic']",4,https://atcoder.jp/contests/abc354/tasks/abc354_b,https://atcoder-tagged-backend.onrender.com/problems/all,2.3.0-sponsor-abc-kenkoooo-diff,ja,2026-06-04T18:46:05.900291+00:00,20.111,1226.0,"配点 : 200 点 問題文 N 人の AtCoder ユーザーが集まり、 AtCoderじゃんけん2 を行います。 i 人目のユーザー名は S_i 、レートは C_i です。 AtCoderじゃんけん2 は以下の手順で行われます。 それぞれのユーザーに、ユーザー名の辞書順に 0, 1, \dots ,N - 1 の番号を割り当てる。 N 人のレートの総和を T とする。番号 T \bmod N を割り当てられたユーザーが勝者となる。 勝者のユーザー名を出力してください。 辞書順とは？ 辞書順とは簡単に説明すると「単語が辞書に載っている順番」を意味します。より厳密な説明として、英小文字からなる相異なる文字列 S, T の大小を判定するアルゴリズムを以下に説明します。 以下では「 S の i 文字目の文字」を S_i のように表します。また、 S が T より辞書順で小さい場合は S \lt T 、大きい場合は S \gt T と表します。 S, T のうち長さが大きくない方の文字列の長さを L とします。 i=1,2,\dots,L に対して S_i と T_i が一致するか調べます。 S_i \neq T_i である i が存在する場合、そのような i のうち最小のものを j とします。そして、 S_j と T_j を比較して、 S_j が T_j よりアルファベット順で小さい場合は S \lt T 、そうでない場合は S \gt T と決定して、アルゴリズムを終了します。 S_i \neq T_i である i が存在しない場合、 S と T の長さを比較して、 S が T より短い場合は S \lt T 、長い場合は S \gt T と決定して、アルゴリズムを終了します。 制約 1 \leq N \leq 100 S_i は英小文字からなる長さ 3 以上 16 以下の文字列 S_1, S_2, \dots ,S_N は全て異なる 1 \leq C_i \leq 4229 C_i は整数 入力 入力は以下の形式で標準入力から与えられる。 N S_1 C_1 S_2 C_2 \vdots S_N C_N 出力 答えを一行に出力せよ。 入力例 1 3 takahashi 2 aoki 6 snuke 5 出力例 1 snuke 3 人のレートの総和は 13 です。また、それぞれの名前を辞書順に並び替えると、 aoki snuke takahashi の順になるので aoki に番号 0 が、 snuke に 番号 1 が、 takahashi に番号 2 が割り当てられます。 13 \bmod 3 = 1 なので、番号 1 を割り当てられた snuke を出力します。 入力例 2 3 takahashi 2813 takahashixx 1086 takahashix 4229 出力例 2 takahashix",200.0,
atcoder,abc,public_sponsored_abc,panasonic,abc354,Panasonic Programming Contest 2024（AtCoder Beginner Contest 354）,2024,2024-05-18,1716033600.0,2024.0,abc354_c,C,AtCoder Magics,C. AtCoder Magics,441.0,11637,"['sorting', 'greedy', 'implementation']",3,https://atcoder.jp/contests/abc354/tasks/abc354_c,https://atcoder-tagged-backend.onrender.com/problems/all,2.3.0-sponsor-abc-kenkoooo-diff,ja,2026-06-04T18:46:05.900291+00:00,36.767,883.0,"配点 : 350 点 問題文 高橋くんは、カードゲーム「AtCoder Magics」のカードを N 枚持っています。 i 番目のカードをカード i と呼ぶことにします。各カードには強さとコストのパラメーターがあり、カード i の強さは A_i で、コストは C_i です。 高橋くんは、弱いカードは要らないので捨てることにしました。具体的には、以下の操作をできなくなるまで繰り返します。 2 つのカード x, y であって、 A_x > A_y かつ C_x < C_y であるようなものを選ぶ。カード y を捨てる。 操作ができなくなったとき、捨てられなかったカードの集合は一意に定まることが証明できます。これを求めてください。 制約 2 \leq N \leq 2 \times 10^5 1 \leq A_i, C_i \leq 10^9 A_1, A_2, \dots ,A_N は全て異なる C_1, C_2, \dots ,C_N は全て異なる 入力はすべて整数 入力 入力は以下の形式で標準入力から与えられる。 N A_1 C_1 A_2 C_2 \vdots A_N C_N 出力 捨てられなかったカードは m 枚あり、それらの番号が昇順に i_1, i_2, \dots ,i_m であったとする。このとき、以下の形式で出力せよ。 m i_1 i_2 \cdots i_m 入力例 1 3 2 4 1 1 3 2 出力例 1 2 2 3 カード 1, 3 に注目すると、 A_1 < A_3 かつ C_1 > C_3 なのでカード 1 を捨てることができます。 それ以上操作をすることはできません。このときカード 2, 3 が残っているので、これらを出力します。 入力例 2 5 1 1 10 2 100 3 1000 4 10000 5 出力例 2 5 1 2 3 4 5 この場合、どのカードも捨てることができません。 入力例 3 6 32 101 65 78 2 29 46 55 103 130 52 40 出力例 3 4 2 3 5 6",350.0,
atcoder,abc,public_sponsored_abc,panasonic,abc354,Panasonic Programming Contest 2024（AtCoder Beginner Contest 354）,2024,2024-05-18,1716033600.0,2024.0,abc354_d,D,AtCoder Wallpaper,D. AtCoder Wallpaper,1259.0,4855,"['2d prefix sum', 'inclusion exclusion', 'implementation', 'geometry', 'periodicity']",5,https://atcoder.jp/contests/abc354/tasks/abc354_d,https://atcoder-tagged-backend.onrender.com/problems/all,2.3.0-sponsor-abc-kenkoooo-diff,ja,2026-06-04T18:46:05.900291+00:00,52.911,756.0,"配点 : 450 点 問題文 AtCoder 社の壁紙の模様を xy 平面上に表現すると、以下のようになります。 以下の 3 種類の直線で領域が分割されている。 x = n ( n は整数) y = n ( n は偶数) x + y = n ( n は偶数) 各領域は白もしくは黒で塗られている。いずれかの直線で隣接する 2 領域は異なる色で塗られている。 (0.5, 0.5) を含む領域は黒で塗られている。 下の図は、模様の一部を表したものです。 整数 A, B, C, D が与えられます。各辺が x, y 軸に平行で、左下の頂点が (A, B) にあり右上の頂点が (C, D) にあるような長方形を考えます。この長方形の内側に存在する黒で塗られた領域の面積を求め、それを 2 倍したものを出力してください。 出力する値は整数になることが証明できます。 制約 -10^9 \leq A, B, C, D \leq 10^9 A < C かつ B < D 入力はすべて整数 入力 入力は以下の形式で標準入力から与えられる。 A B C D 出力 答えを一行に出力せよ。 入力例 1 0 0 3 3 出力例 1 10 求めるのは、以下の正方形で囲われた領域内の黒く塗られた領域の面積です。 これは 5 なので、 2 倍した 10 を出力します。 入力例 2 -1 -2 1 3 出力例 2 11 面積は 5.5 と小数になりますが、出力するべき値は整数になります。 入力例 3 -1000000000 -1000000000 1000000000 1000000000 出力例 3 4000000000000000000 これは長方形が最大のケースですが、出力は 64bit 符号付き整数の範囲に収まります。",450.0,
atcoder,abc,public_sponsored_abc,panasonic,abc354,Panasonic Programming Contest 2024（AtCoder Beginner Contest 354）,2024,2024-05-18,1716033600.0,2024.0,abc354_e,E,Remove Pairs,E. Remove Pairs,1223.0,5155,"['bitmask dp', 'game theory', 'memoization', 'impartial game']",4,https://atcoder.jp/contests/abc354/tasks/abc354_e,https://atcoder-tagged-backend.onrender.com/problems/all,2.3.0-sponsor-abc-kenkoooo-diff,ja,2026-06-04T18:46:05.900291+00:00,52.201,869.0,"配点 : 475 点 問題文 高橋君と青木君は N 枚のカードを使ってとあるゲームをします。 i 枚目のカードの表面には A_i が、裏面には B_i が書かれています。初めに場には N 枚のカードが並べられており、高橋君を先手として、 2 人は以下の操作を交互に繰り返します。 場にあるカードの中から表面同士に同じ数が書かれている、または裏面同士に同じ数が書かれている 2 枚のカードの組を選び、そのカードを場から取り除く。このようなカードの組が存在しない場合、操作を行えない。 先に操作を行えなくなった方が負けとなり、もう一方が勝ちとなります。 両者がそれぞれ勝つために最適な操作を選ぶ時、どちらが勝つか求めてください。 制約 1 \leq N \leq 18 1 \leq A_i,B_i \leq 10^9 入力は全て整数である。 入力 入力は以下の形式で標準入力から与えられる。 N A_1 B_1 A_2 B_2 \vdots A_N B_N 出力 2 人とも最適に操作を行なったとき、高橋君が勝つ場合は Takahashi と、青木君が勝つ場合は Aoki と出力せよ。 入力例 1 5 1 9 2 5 4 9 1 4 2 5 出力例 1 Aoki 髙橋君が最初に取り除いた 2 枚が 1 枚目と 3 枚目のカードだった場合: 青木君は 2 枚目と 5 枚目のカードを取り除くことで勝つことができる。 1 枚目と 4 枚目のカードだった場合: 青木君は 2 枚目と 5 枚目のカードを取り除くことで勝つことができる。 2 枚目と 5 枚目のカードだった場合: 青木君は 1 枚目と 3 枚目のカードを取り除くことで勝つことができる。 髙橋君が最初の操作で取り除くことができるカードの組み合わせは以上の 3 通りのみで、髙橋君がどのような操作を行っても青木君が勝つことができるため、青木君が答えとなります。 入力例 2 9 3 2 1 7 4 1 1 8 5 2 9 8 2 1 6 8 5 2 出力例 2 Takahashi",475.0,
atcoder,abc,public_sponsored_abc,panasonic,abc354,Panasonic Programming Contest 2024（AtCoder Beginner Contest 354）,2024,2024-05-18,1716033600.0,2024.0,abc354_f,F,Useless for LIS,F. Useless for LIS,1639.0,3031,"['lis', 'dp', 'binary search', 'coordinate compression']",4,https://atcoder.jp/contests/abc354/tasks/abc354_f,https://atcoder-tagged-backend.onrender.com/problems/all,2.3.0-sponsor-abc-kenkoooo-diff,ja,2026-06-04T18:46:05.900291+00:00,60.41,1170.0,"配点 : 525 点 問題文 長さ N の整数列 A が与えられます。 t = 1, 2, \dots ,N について、 A_t が A の最長増加部分列に含まれることがあるか判定してください。 A_t が A の最長増加部分列に含まれることがあるとは、以下のことをいいます。 最長増加部分列の長さを L とする。各要素が 1 以上 N 以下の単調増加な整数列 i = (i_1, i_2, \dots ,i_L) \ (i_1 であって以下をすべて満たすものが存在する。 A_{i_1} ある k \ (1 \leq k \leq L) が存在して i_k = t である T 個のテストケースが与えられるので、それぞれについて答えを求めてください。 最長増加部分列とは？ 列 A の部分列とは A の要素をいくつか抜き出して元の順に並べてできる列を指します。 列 A の最長増加部分列とは、 A の狭義単調増加な部分列のうち列の長さが最大のものを指します。 制約 1 \leq T \leq 2 \times 10^5 1 \leq N \leq 2 \times 10^5 1 \leq A_i \leq 10^9 全てのテストケースにおける N の総和は 2 \times 10^5 以下 入力 入力は以下の形式で標準入力から与えられる。 T \mathrm{case}_1 \mathrm{case}_2 \vdots \mathrm{case}_T ここで \mathrm{case_i} は i 番目のケースの入力を意味する。各ケースは以下の形式で与えられる。 N A_1 A_2 \cdots A_N 出力 以下の形式で出力せよ。 \mathrm{answer}_1 \mathrm{answer}_2 \vdots \mathrm{answer}_T ここで \mathrm{answer}_i は i 番目のケースの出力を意味する。各ケースについては、次の通りである。 A_t が A の最長増加部分列に含まれることがある t が m 個存在し、昇順に i_1, i_2, \dots ,i_m であったとする。このとき、以下の形式で出力せよ。 m i_1 i_2 \cdots i_m 入力例 1 1 5 2 1 4 5 3 出力例 1 4 1 2 3 4 最長増加部分列の 1 つは (2, 4, 5) で、長さは 3 です。 (1, 4, 5) も最長増加部分列の 1 つです。しかし、 A_5 を含む最長増加部分列はありません。 よって、 1, 2, 3, 4 を出力します。 入力例 2 2 6 2 5 3 4 3 4 5 10000 1000 100 1 10 出力例 2 5 1 3 4 5 6 2 4 5",525.0,
atcoder,abc,public_sponsored_abc,panasonic,abc354,Panasonic Programming Contest 2024（AtCoder Beginner Contest 354）,2024,2024-05-18,1716033600.0,2024.0,abc354_g,G,Select Strings,G. Select Strings,2665.0,623,"['string matching', 'poset', 'antichain', 'dilworth theorem', 'max flow', 'min cut']",6,https://atcoder.jp/contests/abc354/tasks/abc354_g,https://atcoder-tagged-backend.onrender.com/problems/all,2.3.0-sponsor-abc-kenkoooo-diff,ja,2026-06-04T18:46:05.900291+00:00,80.659,1179.0,"配点 : 625 点 問題文 N 個の英小文字からなる文字列 S_1,S_2,\ldots,S_N と N 個の正整数 A_1,A_2,\ldots,A_N があります。 ある \lbrace 1,2,\ldots,N \rbrace の部分集合 T は i,j \in T (i \neq j) で S_i が S_j の部分文字列となるような i,j の組がないとき 良い集合 であるといいます。 良い集合 T を選んだ時 \displaystyle \sum_{i \in T} A_i としてありえる値の最大値を求めてください。 部分文字列とは？ S の 部分文字列 とは、 S の先頭から 0 文字以上、末尾から 0 文字以上削除して得られる文字列のことをいいます。 例えば、 ab は abc の部分文字列ですが、 ac は abc の部分文字列ではありません。 制約 1 \leq N \leq 100 S_i は英小文字からなる文字列である 1 \leq |S_i| |S_1|+|S_2| + \ldots + |S_N| \leq 5000 1 \leq A_i \leq 10^9 入力 入力は以下の形式で標準入力から与えられる。 N S_1 S_2 \vdots S_N A_1 A_2 \ldots A_N 出力 答えを出力せよ。 入力例 1 4 atcoder at coder code 5 2 3 4 出力例 1 6 良い集合 としてありえる T とそれぞれに対する \displaystyle \sum_{i \in T} A_i は以下の通りです。 T = \lbrace 1 \rbrace のとき \displaystyle \sum_{i \in T} A_i = 5 T = \lbrace 2 \rbrace のとき \displaystyle \sum_{i \in T} A_i = 2 T = \lbrace 3 \rbrace のとき \displaystyle \sum_{i \in T} A_i = 3 T = \lbrace 4 \rbrace のとき \displaystyle \sum_{i \in T} A_i = 4 T = \lbrace 2,3 \rbrace のとき \displaystyle \sum_{i \in T} A_i = 5 T = \lbrace 2,4 \rbrace のとき \displaystyle \sum_{i \in T} A_i = 6 このうち最大値は 6 なので、 6 を出力します。 入力例 2 10 abcd abc ab a b c d ab bc cd 100 10 50 30 60 90 80 70 40 20 出力例 2 260",625.0,
atcoder,abc,public_sponsored_abc,tokyo_marine,abc355,Tokio Marine &amp; Nichido Fire Insurance Programming Contest 2024 (AtCoder Beginner Contest 355),2024,2024-05-25,1716638400.0,2024.0,abc355_a,A,Who Ate the Cake?,A. Who Ate the Cake?,-988.0,17008,"['implementation', 'case work']",2,https://atcoder.jp/contests/abc355/tasks/abc355_a,https://atcoder-tagged-backend.onrender.com/problems/all,2.3.0-sponsor-abc-kenkoooo-diff,ja,2026-06-04T18:46:05.900291+00:00,8.565,457.0,"配点 : 100 点 問題文 高橋君のケーキが誰かに食べられてしまいました。ケーキを食べた犯人の候補として、人 1 、人 2 、人 3 の三人が挙げられています。 犯人の目撃者はりんごさんとすぬけくんの二人がいます。りんごさんは人 A が犯人でないことを覚えており、すぬけくんは人 B が犯人でないことを覚えています。 二人の記憶から犯人を一人に特定できるかどうか判定し、特定できるならばその人の番号を出力してください。 制約 1\leq A,B\leq 3 入力は全て整数 入力 入力は以下の形式で標準入力から与えられる。 A B 出力 二人の記憶から犯人を一人に特定できるならばその人の番号を出力し、特定できないならば -1 を出力せよ。 入力例 1 1 2 出力例 1 3 二人の記憶から、人 3 が犯人であることが特定できます。 入力例 2 1 1 出力例 2 -1 二人の記憶からでは、人 2,3 のどちらが犯人か特定することができません。よって -1 を出力します。 入力例 3 3 1 出力例 3 2",100.0,
atcoder,abc,public_sponsored_abc,tokyo_marine,abc355,Tokio Marine &amp; Nichido Fire Insurance Programming Contest 2024 (AtCoder Beginner Contest 355),2024,2024-05-25,1716638400.0,2024.0,abc355_b,B,Piano 2,B. Piano 2,-136.0,14131,"['sorting', 'implementation', 'array']",3,https://atcoder.jp/contests/abc355/tasks/abc355_b,https://atcoder-tagged-backend.onrender.com/problems/all,2.3.0-sponsor-abc-kenkoooo-diff,ja,2026-06-04T18:46:05.900291+00:00,25.38,620.0,"配点 : 200 点 問題文 長さ N の数列 A=(A_1,A_2,\dots,A_N) と、長さ M の数列 B=(B_1,B_2,\dots,B_M) が与えられます。ここで、 A,B のすべての要素は互いに相異なります。 A,B のすべての要素を昇順に並べた長さ N+M の数列 C=(C_1,C_2,\dots,C_{N+M}) において、 A に現れる要素が2つ連続するかどうか判定してください。 制約 1\leq N,M \leq 100 1\leq A_i,B_j \leq 200 A_1, A_2, \dots, A_N, B_1, B_2, \dots, B_M は相異なる 入力はすべて整数 入力 入力は以下の形式で標準入力から与えられる。 N M A_1 A_2 \dots A_N B_1 B_2 \dots B_M 出力 A に現れる要素が C において2つ連続するならば Yes を、そうでないなら No を出力せよ。 入力例 1 3 2 3 2 5 4 1 出力例 1 Yes C=(1,2,3,4,5) です。 A に現れる 2,3 が C で連続しているため、 Yes を出力します。 入力例 2 3 2 3 1 5 4 2 出力例 2 No C=(1,2,3,4,5) です。 A に現れる要素が C で連続している箇所はないため、 No を出力します。 入力例 3 1 1 1 2 出力例 3 No",200.0,
atcoder,abc,public_sponsored_abc,tokyo_marine,abc355,Tokio Marine &amp; Nichido Fire Insurance Programming Contest 2024 (AtCoder Beginner Contest 355),2024,2024-05-25,1716638400.0,2024.0,abc355_c,C,Bingo 2,C. Bingo 2,317.0,11456,"['implementation', 'simulation', 'grid', 'counting']",4,https://atcoder.jp/contests/abc355/tasks/abc355_c,https://atcoder-tagged-backend.onrender.com/problems/all,2.3.0-sponsor-abc-kenkoooo-diff,ja,2026-06-04T18:46:05.900291+00:00,34.32,799.0,"配点 : 300 点 問題文 縦 N 行、横 N 列のマス目があり、上から i 行目、左から j 列目のマスには整数 N\times (i-1)+j が書かれています。 今から T ターンにわたって相異なる整数が宣言されます。 i ターン目には A_i が宣言され、 A_i が書かれたマスに印をつけます。初めてビンゴを達成するのは何ターン目か求めてください。ただし、 T ターンの中でビンゴを達成しない場合は -1 を出力してください。 ここで、ビンゴを達成するとは以下のいずれかのうち少なくとも一つ満たされることを言います。 マス目の横の列であって、列に含まれる N 個のマスすべてに印がついているものが存在する マス目の縦の列であって、列に含まれる N 個のマスすべてに印がついているものが存在する マス目の対角線の列であって、列に含まれる N 個のマスすべてに印がついているものが存在する 制約 2\leq N\leq 2\times 10^3 1\leq T\leq \min(N^2,2\times 10^5) 1\leq A_i\leq N^2 i\neq j ならば A_i\neq A_j 入力は全て整数 入力 入力は以下の形式で標準入力から与えられる。 N T A_1 A_2 \ldots A_T 出力 T ターンの中でビンゴを達成するならば初めてビンゴを達成するターンを、そうでないならば -1 を出力せよ。 入力例 1 3 5 5 1 8 9 7 出力例 1 4 マス目の状態は以下のように変化します。初めてビンゴを達成するのは 4 ターン目です。 入力例 2 3 5 4 2 9 7 5 出力例 2 -1 5 ターンの中でビンゴを達成できないので -1 を出力してください。 入力例 3 4 12 13 9 6 5 2 7 16 14 8 3 10 11 出力例 3 9",300.0,
atcoder,abc,public_sponsored_abc,tokyo_marine,abc355,Tokio Marine &amp; Nichido Fire Insurance Programming Contest 2024 (AtCoder Beginner Contest 355),2024,2024-05-25,1716638400.0,2024.0,abc355_d,D,Intersecting Intervals,D. Intersecting Intervals,735.0,8737,"['interval', 'sorting', 'two pointer', 'binary search']",4,https://atcoder.jp/contests/abc355/tasks/abc355_d,https://atcoder-tagged-backend.onrender.com/problems/all,2.3.0-sponsor-abc-kenkoooo-diff,ja,2026-06-04T18:46:05.900291+00:00,42.57,445.0,"配点 : 400 点 問題文 N 個の実数の区間が与えられます。 i\,(1 \leq i \leq N) 番目の区間は [l_i,r_i] です。 i 番目の区間と j 番目の区間が共通部分を持つような組 (i,j)\,(1\leq i < j \leq N) の個数を求めてください。 制約 2 \leq N \leq 5 \times 10^5 0 \leq l_i < r_i \leq 10^9 入力はすべて整数 入力 入力は以下の形式で標準入力から与えられる。 N l_1 r_1 l_2 r_2 \vdots l_N r_N 出力 答えを出力せよ。 入力例 1 3 1 5 7 8 3 7 出力例 1 2 与えられた区間は [1,5], [7,8], [3,7] です。このうち， 1 番目と 3 番目、 2 番目と 3 番目の区間が共通部分を持つため、答えは 2 です。 入力例 2 3 3 4 2 5 1 6 出力例 2 3 入力例 3 2 1 2 3 4 出力例 3 0",400.0,
atcoder,abc,public_sponsored_abc,tokyo_marine,abc355,Tokio Marine &amp; Nichido Fire Insurance Programming Contest 2024 (AtCoder Beginner Contest 355),2024,2024-05-25,1716638400.0,2024.0,abc355_e,E,Guess the Sum,E. Guess the Sum,2299.0,1471,"['interactive', 'bfs', 'shortest path', 'prefix sum', 'graph']",5,https://atcoder.jp/contests/abc355/tasks/abc355_e,https://atcoder-tagged-backend.onrender.com/problems/all,2.3.0-sponsor-abc-kenkoooo-diff,ja,2026-06-04T18:46:05.900291+00:00,73.436,1883.0,"配点 : 500 点 問題文 この問題は インタラクティブな問題 （あなたの作成したプログラムとジャッジシステムが入出力を介して対話を行う形式の問題）です。 正整数 N および 0 以上 2^N 未満の整数 L,R(L\leq R) が与えられます。 ジャッジシステムは、 0 以上 99 以下の整数からなる長さ 2^N の数列 A = (A_0, A_1, \dots, A_{2^N-1}) を隠し持っています。 あなたの目標は A_L+A_{L+1}+\dots+A_{R} を 100 で割った余りを求めることです。ただし、あなたは数列 A の要素の値を直接知ることはできません。 その代わりに、ジャッジシステムに対して以下の質問を行うことができます。 2^i(j+1)\leq 2^N を満たすように非負整数 i,j を選ぶ。 l=2^ij,r=2^i(j+1)-1 として A_l+A_{l+1}+\dots+A_{r} を 100 で割った余りを聞く。 どのような A であっても A_L+A_{L+1}+\dots+A_{R} を 100 で割った余りを特定することができる質問回数の最小値を m とします。 m 回以内の質問を行って A_L+A_{L+1}+\dots+A_{R} を 100 で割った余りを求めてください。 制約 1\leq N\leq 18 0\leq L\leq R\leq 2^N-1 入力は全て整数 入出力 この問題はインタラクティブな問題（あなたの作成したプログラムとジャッジシステムが入出力を介して対話を行う形式の問題）です。 最初に、整数 N,L,R を標準入力から受け取ってください。 N L R 次に、 A_L+A_{L+1}+\dots+A_{R} を 100 で割った余りを特定できるまで質問を繰り返してください。 質問は、以下の形式で標準出力に出力してください。 ? i j ここで、 i,j は以下を満たす必要があります。 i,j は非負整数 2^i(j+1)\leq 2^N これに対する応答は、次の形式で標準入力から与えられます。 T ここで、 T は質問に対する答えで、 l=2^ij,r=2^i(j+1)-1 としたとき A_l+A_{l+1}+\dots+A_{r} を 100 で割った余りです。 ただし、 i,j が制約を満たしていないか、質問回数が m 回を超えた場合は T は -1 となります。 ジャッジが -1 を返した場合、プログラムはすでに不正解とみなされています。この場合、ただちにプログラムを終了してください。 A_L+A_{L+1}+\dots+A_{R} を 100 で割った余りが特定出来たら、 S を A_L+A_{L+1}+\dots+A_{R} を 100 で割った余りとして以下の形式で出力してください。その後、ただちにプログラムを終了してください。 ! S 注意点 出力を行うたびに、末尾に改行を入れて標準出力を flush してください。そうしなかった場合、ジャッジ結果が TLE となる可能性があります。 対話の途中で誤った出力形式による出力を行った、あるいはプログラムが途中で終了した場合のジャッジ結果は不定です。 解答を出力したらただちにプログラムを終了してください。そうしない場合、ジャッジ結果は不定です。 入出力例 以下は、 N=3,L=1,R=5,A=(31,41,59,26,53,58,97,93) の場合の入出力例です。この場合 m=3 であるため、質問を 3 回まで行うことができます。 入力 出力 説明 3 1 5 まず整数 N,L,R が与えられます。 ? 0 1 (i,j)=(0,1) として質問を行います。 41 l=1,r=1 であるため、質問の答えは A_1=41 を 100 で割った余りである 41 です。ジャッジはその値を返します。 ? 1 1 (i,j) = (1,1) として質問を行います。 85 l=2,r=3 であるため、質問の答えは A_2+A_3=85 を 100 で割った余りである 85 です。ジャッジはその値を返します。 ? 1 2 (i,j) = (1,2) として質問を行います。 11 l=4,r=5 であるため、質問の答えは A_4+A_5=111 を 100 で割った余りである 11 です。ジャッジはその値を返します。 ! 37 答えは 37 であるとわかったので、それを出力します。",500.0,
atcoder,abc,public_sponsored_abc,tokyo_marine,abc355,Tokio Marine &amp; Nichido Fire Insurance Programming Contest 2024 (AtCoder Beginner Contest 355),2024,2024-05-25,1716638400.0,2024.0,abc355_f,F,MST Query,F. MST Query,1924.0,2520,"['minimum spanning tree', 'dsu', 'kruskal', 'graph theory']",4,https://atcoder.jp/contests/abc355/tasks/abc355_f,https://atcoder-tagged-backend.onrender.com/problems/all,2.3.0-sponsor-abc-kenkoooo-diff,ja,2026-06-04T18:46:05.900291+00:00,66.035,779.0,"配点 : 550 点 問題文 頂点に 1 から N の番号が、辺に 1 から N-1 の番号が付いた N 頂点 N-1 辺の重み付き無向連結グラフ G が与えられます。辺 i は頂点 a_i と頂点 b_i を結んでおり、その重みは c_i です。 Q 個のクエリが与えられるので順に処理してください。 i 番目のクエリは以下で説明されます。 整数 u_i,v_i,w_i が与えられる。 G の頂点 u_i,v_i の間に重み w_i の辺を追加する。その後、 G の最小全域木に含まれる辺の重みの和を出力する。 制約 2\leq N\leq 2 \times 10^5 1\leq Q\leq 2 \times 10^5 1\leq a_i\lt b_i\leq N 1\leq u_i\lt v_i\leq N 1\leq c_i,w_i\leq 10 クエリを処理する前のグラフは連結 入力はすべて整数 入力 入力は以下の形式で標準入力から与えられる。 N Q a_1 b_1 c_1 \vdots a_{N-1} b_{N-1} c_{N-1} u_1 v_1 w_1 \vdots u_Q v_Q w_Q 出力 Q 行出力せよ。 i 行目には i 番目のクエリに対する答えを出力せよ。 入力例 1 4 4 1 2 6 2 3 5 2 4 4 1 3 3 1 2 3 1 4 10 3 4 1 出力例 1 12 10 10 7 各クエリで辺を追加した後のグラフを示しています。最小全域木に含まれる辺は赤色で塗られています。 入力例 2 8 6 1 8 8 1 6 10 1 5 8 2 6 6 6 7 6 1 3 9 2 4 7 1 3 4 1 6 7 3 4 6 1 5 1 7 8 4 3 5 3 出力例 2 49 46 45 38 34 33",550.0,
atcoder,abc,public_sponsored_abc,tokyo_marine,abc355,Tokio Marine &amp; Nichido Fire Insurance Programming Contest 2024 (AtCoder Beginner Contest 355),2024,2024-05-25,1716638400.0,2024.0,abc355_g,G,Baseball,G. Baseball,2991.0,262,"['dp', 'alien trick', 'wqs binary search', 'monge optimization', 'divide and conquer optimization', 'quadrangle inequality', 'expectation']",7,https://atcoder.jp/contests/abc355/tasks/abc355_g,https://atcoder-tagged-backend.onrender.com/problems/all,2.3.0-sponsor-abc-kenkoooo-diff,ja,2026-06-04T18:46:05.900291+00:00,87.093,1308.0,"配点 : 650 点 問題文 長さ N の数列 P=(P_1,P_2,\dots,P_N) が与えられます。高橋君と青木君が、数列 P を使ってゲームを行います。 まず、高橋君が、 1,2,\dots,N から K 個の相異なる整数 x_1,x_2,\dots,x_K を選びます。 次に、青木君が、 1,2,\dots,N から 1 つの整数 y を P_y に比例する確率で選びます。すなわち、整数 y が選ばれる確率は \dfrac{P_y}{\sum_{y'=1}^N P_{y'}} です。そして、青木君が \displaystyle \min_{i=1,2,\dots,K} |x_i-y| のスコアを得ます。 高橋君は、青木君が得るスコアの期待値を 最小化 したいです。高橋君が適切に x_1,x_2,\dots,x_K を選んだときに、青木君が得るスコアの期待値の最小値を \sum_{y'=1}^N P_{y'} 倍した値を求めてください。なお、出力すべき値は整数になることが証明できます。 制約 1 \leq N \leq 5 \times 10^4 1 \leq K \leq N 0 \leq P_i \leq 10^5 1 \leq \sum_{y'=1}^N P_{y'} \leq 10^5 入力はすべて整数 入力 入力は以下の形式で標準入力から与えられる。 N K P_1 P_2 \dots P_N 出力 答えを出力せよ。 入力例 1 5 2 1 1 1 1 1 出力例 1 3 青木君が 1,2,\dots,N を選ぶ確率はすべて等しく \frac{1}{5} です。 高橋君が x_1=2,x_2=4 と選んだとすると、青木君が得るスコアの期待値は 1 \times \frac{1}{5} + 0 \times \frac{1}{5} + 1 \times \frac{1}{5} + 0 \times \frac{1}{5} + 1 \times \frac{1}{5} = \frac{3}{5} です。 高橋君が x_1=2,x_2=3 と選んだとすると、青木君が得るスコアの期待値は 1 \times \frac{1}{5} + 0 \times \frac{1}{5} + 0 \times \frac{1}{5} + 1 \times \frac{1}{5} + 2 \times \frac{1}{5} = \frac{4}{5} です。 高橋君が他の選び方をしても、青木君が得るスコアの期待値は \frac{3}{5} より小さくなりません。よって最小値は \frac{3}{5} であり、これを 5 倍した 3 を出力します。 入力例 2 5 1 0 0 1 0 0 出力例 2 0 入力例 3 1 1 100 出力例 3 0 入力例 4 20 7 4262 9522 2426 3823 7364 964 2743 2423 1955 5274 3684 847 363 35 278 3220 203 2904 6304 1928 出力例 4 22809",650.0,
atcoder,abc,public_sponsored_abc,unique_vision,abc359,UNIQUE VISION Programming Contest 2024 Summer (AtCoder Beginner Contest 359),2024,2024-06-22,1719057600.0,2024.0,abc359_a,A,Count Takahashi,A. Count Takahashi,-1075.0,16497,"['implementation', 'string', 'counting']",3,https://atcoder.jp/contests/abc359/tasks/abc359_a,https://atcoder-tagged-backend.onrender.com/problems/all,2.3.0-sponsor-abc-kenkoooo-diff,ja,2026-06-04T18:46:05.900291+00:00,6.848,636.0,"配点 : 100 点 問題文 文字列が N 個与えられます。 i 番目 (1\leq i\leq N) に与えられる文字列 S _ i は Takahashi か Aoki のどちらかと等しいです。 S _ i が Takahashi と等しい i がいくつあるか求めてください。 制約 1\leq N\leq 100 N は整数 S _ i は Takahashi か Aoki のいずれか (1\leq i\leq N) 入力 入力は以下の形式で標準入力から与えられる。 N S _ 1 S _ 2 \vdots S _ N 出力 S _ i が Takahashi と等しい i の個数を整数として一行に出力せよ。 入力例 1 3 Aoki Takahashi Takahashi 出力例 1 2 S _ 2,S _ 3 の 2 つが Takahashi と等しく、 S _ 1 はそうではありません。 よって、 2 を出力してください。 入力例 2 2 Aoki Aoki 出力例 2 0 Takahashi と等しい S _ i が存在しないこともあります。 入力例 3 20 Aoki Takahashi Takahashi Aoki Aoki Aoki Aoki Takahashi Aoki Aoki Aoki Takahashi Takahashi Aoki Takahashi Aoki Aoki Aoki Aoki Takahashi 出力例 3 7",100.0,
atcoder,abc,public_sponsored_abc,unique_vision,abc359,UNIQUE VISION Programming Contest 2024 Summer (AtCoder Beginner Contest 359),2024,2024-06-22,1719057600.0,2024.0,abc359_b,B,Couples,B. Couples,-678.0,15741,"['implementation', 'brute force', 'array']",3,https://atcoder.jp/contests/abc359/tasks/abc359_b,https://atcoder-tagged-backend.onrender.com/problems/all,2.3.0-sponsor-abc-kenkoooo-diff,ja,2026-06-04T18:46:05.900291+00:00,14.683,520.0,"配点 : 150 点 問題文 2N 人の人が横一列に並んでおり、左から i 番目の人は色 A_i の服を着ています。ここで、服の色は 1 から N の N 色であり、それぞれの色についてちょうど 2 人の人がその色の服を着ています。 i=1,2,\ldots,N のうち、以下の条件を満たすものは何通りあるか求めてください。 色 i の服を着た二人の人の間にはちょうど一人いる。 制約 2\leq N\leq 100 1\leq A_i \leq N A には 1 以上 N 以下の整数全てがそれぞれ 2 個ずつ含まれる 入力される数値は全て整数 入力 入力は以下の形式で標準入力から与えられる。 N A_1 A_2 \ldots A_{2N} 出力 答えを出力せよ。 入力例 1 3 1 2 1 3 2 3 出力例 1 2 条件を満たす i は 1 と 3 の 2 個です。 実際、色 1 の服を着ているのは左から 1 番目の人と左から 3 番目の人で、間にちょうど一人います。 入力例 2 2 1 1 2 2 出力例 2 0 条件を満たす i が存在しない場合もあります。 入力例 3 4 4 3 2 3 2 1 4 1 出力例 3 3",150.0,
atcoder,abc,public_sponsored_abc,unique_vision,abc359,UNIQUE VISION Programming Contest 2024 Summer (AtCoder Beginner Contest 359),2024,2024-06-22,1719057600.0,2024.0,abc359_c,C,Tile Distance 2,C. Tile Distance 2,828.0,7872,"['coordinate geometry', 'manhattan distance', 'greedy', 'case work', 'grid']",5,https://atcoder.jp/contests/abc359/tasks/abc359_c,https://atcoder-tagged-backend.onrender.com/problems/all,2.3.0-sponsor-abc-kenkoooo-diff,ja,2026-06-04T18:46:05.900291+00:00,44.405,1159.0,"配点 : 350 点 問題文 座標平面上に 2\times1 の大きさのタイルが敷き詰められています。 タイルは、次の規則に従って敷き詰められています。 整数の組 (i,j) に対し、正方形 A _ {i,j}=\lbrace(x,y)\mid i\leq x\leq i+1\wedge j\leq y\leq j+1\rbrace は 1 つのタイルに含まれる。 i+j が偶数のとき、 A _ {i,j} と A _ {i + 1,j} は同じタイルに含まれる。 ただし、タイルは境界を含むものとし、共通部分が正の面積をもつような 2 つの異なるタイルは存在しないとします。 原点の近くでは、タイルは以下のように敷き詰められています。 高橋君は、はじめ座標平面上の点 (S _ x+0.5,S _ y+0.5) にいます。 高橋君は、次の移動を好きなだけ繰り返します。 上下左右の方向と正の整数 n を選ぶ。その方向に n だけ進む。 高橋君が異なるタイルを通るたび、高橋君は通行料を 1 だけ支払います。 高橋君が点 (T _ x+0.5,T _ y+0.5) にたどり着くために支払わなければならない通行料の最小値を求めてください。 制約 0\leq S _ x\leq2\times10 ^ {16} 0\leq S _ y\leq2\times10 ^ {16} 0\leq T _ x\leq2\times10 ^ {16} 0\leq T _ y\leq2\times10 ^ {16} 入力はすべて整数 入力 入力は以下の形式で標準入力から与えられる。 S _ x S _ y T _ x T _ y 出力 高橋君が支払わなければならない通行料の最小値を出力せよ。 入力例 1 5 0 2 5 出力例 1 5 例えば、以下のように移動することで支払う通行料を 5 にすることができます。 左に 1 進む。通行料を 0 支払う。 上に 1 進む。通行料を 1 支払う。 左に 1 進む。通行料を 0 支払う。 上に 3 進む。通行料を 3 支払う。 左に 1 進む。通行料を 0 支払う。 上に 1 進む。通行料を 1 支払う。 支払う通行料を 4 以下にすることはできないので、 5 を出力してください。 入力例 2 3 1 4 1 出力例 2 0 通行料を支払わなくてよい場合もあります。 入力例 3 2552608206527595 5411232866732612 771856005518028 7206210729152763 出力例 3 1794977862420151 出力すべき値が 32\operatorname{bit} 整数の範囲に収まらない場合があることに注意してください。",350.0,
atcoder,abc,public_sponsored_abc,unique_vision,abc359,UNIQUE VISION Programming Contest 2024 Summer (AtCoder Beginner Contest 359),2024,2024-06-22,1719057600.0,2024.0,abc359_d,D,Avoid K Palindrome,D. Avoid K Palindrome,1381.0,4468,"['dp', 'bitmask dp', 'string', 'counting']",4,https://atcoder.jp/contests/abc359/tasks/abc359_d,https://atcoder-tagged-backend.onrender.com/problems/all,2.3.0-sponsor-abc-kenkoooo-diff,ja,2026-06-04T18:46:05.900291+00:00,55.319,895.0,"配点 : 450 点 問題文 A , B , ? からなる N 文字の文字列 S が与えられます。 正整数 K が与えられます。 A , B からなる文字列 T が次の条件を満たすとき、 T は 良い文字列 であるということにします。 T の長さ K の連続する部分文字列で、回文であるものが 存在しない 。 S に含まれる ? の個数を q 個とします。 q 個の ? をそれぞれ A , B のどちらかに置き換えて得られる文字列は 2 ^ q 通りありますが、その中に良い文字列がいくつあるか求めてください。 ただし、答えは非常に大きくなる場合があるので、 998244353 で割った余りを求めてください。 制約 2\leq K\leq N\leq 1000 K\leq 10 S は A , B , ? からなる文字列 S の長さは N N,K は整数 入力 入力は以下の形式で標準入力から与えられる。 N K S 出力 答えを出力せよ。 入力例 1 7 4 AB?A?BA 出力例 1 1 与えられた文字列の中に ? は 2 個あります。 2 個の ? をそれぞれ A , B のどちらかに置き換えて得られる文字列は次の 4 通りあります。 ABAAABA ABAABBA ABBAABA ABBABBA このうち、最初の ABAAABA 以外の 3 つの文字列は、長さ 4 の回文 ABBA を連続する部分文字列として含むため、良い文字列ではありません。 よって、 1 を出力してください。 入力例 2 40 7 ???????????????????????????????????????? 出力例 2 116295436 良い文字列の個数を 998244353 で割った余りを求めることに注意してください。 入力例 3 15 5 ABABA?????????? 出力例 3 0 ? をどのように置き換えても良い文字列にならないこともあります。 入力例 4 40 8 ?A?B??B?B?AA?A?B??B?A???B?BB?B???BA??BAA 出力例 4 259240",450.0,
atcoder,abc,public_sponsored_abc,unique_vision,abc359,UNIQUE VISION Programming Contest 2024 Summer (AtCoder Beginner Contest 359),2024,2024-06-22,1719057600.0,2024.0,abc359_e,E,Water Tank,E. Water Tank,1275.0,5382,"['monotonic stack', 'data structure', 'prefix sum']",3,https://atcoder.jp/contests/abc359/tasks/abc359_e,https://atcoder-tagged-backend.onrender.com/problems/all,2.3.0-sponsor-abc-kenkoooo-diff,ja,2026-06-04T18:46:05.900291+00:00,53.227,1241.0,"配点 : 500 点 ストーリー 長い水槽があり、高さの異なる板が等間隔に配置されています。 高橋くんは、この水槽の端へ水を注いでいったとき、板で区切られたそれぞれの領域に水が到達する時刻が知りたいです。 問題文 長さ N の正整数列 H=(H _ 1,H _ 2,\dotsc,H _ N) が与えられます。 長さ N+1 の非負整数列 A=(A _ 0,A _ 1,\dotsc,A _ N) があります。 はじめ、 A _ 0=A _ 1=\dotsb=A _ N=0 です。 A に対して、次の操作を繰り返します。 A _ 0 の値を 1 増やす。 i=1,2,\ldots,N に対して、この順に次の操作を行う。 A _ {i-1}\gt A _ i かつ A _ {i-1}\gt H _ i のとき、 A _ {i-1} の値を 1 減らし、 A _ i の値を 1 増やす。 i=1,2,\ldots,N のそれぞれに対して、初めて A _ i>0 が成り立つのは何回目の操作の後か求めてください。 制約 1\leq N\leq2\times10 ^ 5 1\leq H _ i\leq10 ^ 9\ (1\leq i\leq N) 入力はすべて整数 入力 入力は以下の形式で標準入力から与えられる。 N H _ 1 H _ 2 \dotsc H _ N 出力 i=1,2,\ldots,N に対する答えを、空白を区切りとして 1 行に出力せよ。 入力例 1 5 3 1 4 1 5 出力例 1 4 5 13 14 26 はじめ 5 回の操作では以下のようになります。 それぞれの行が一回の操作に対応し、左端が 1 番の操作を、それ以外が 2 番の操作に対応します。 この図から、 A _ 1\gt0 が初めて成り立つのは 4 回目の操作の後、 A _ 2\gt0 が初めて成り立つのは 5 回目の操作の後です。 同様にして、 A _ 3,A _ 4,A _ 5 に対する答えは 13,14,26 です。 よって、 4 5 13 14 26 を出力してください。 入力例 2 6 1000000000 1000000000 1000000000 1000000000 1000000000 1000000000 出力例 2 1000000001 2000000001 3000000001 4000000001 5000000001 6000000001 出力すべき値が 32\operatorname{bit} 整数に収まらない場合があることに注意してください。 入力例 3 15 748 169 586 329 972 529 432 519 408 587 138 249 656 114 632 出力例 3 749 918 1921 2250 4861 5390 5822 6428 6836 7796 7934 8294 10109 10223 11373",500.0,
atcoder,abc,public_sponsored_abc,unique_vision,abc359,UNIQUE VISION Programming Contest 2024 Summer (AtCoder Beginner Contest 359),2024,2024-06-22,1719057600.0,2024.0,abc359_f,F,Tree Degree Optimization,F. Tree Degree Optimization,1792.0,2835,"['greedy', 'priority queue', 'tree', 'convex optimization', 'prufer sequence']",5,https://atcoder.jp/contests/abc359/tasks/abc359_f,https://atcoder-tagged-backend.onrender.com/problems/all,2.3.0-sponsor-abc-kenkoooo-diff,ja,2026-06-04T18:46:05.900291+00:00,63.43,570.0,"配点 : 550 点 問題文 整数列 A=(A_1,\ldots,A_N) が与えられます。 N 頂点の木 T に対して、 f(T) を以下で定めます。 T の頂点 i の次数を d_i とする。このとき、 f(T)=\sum_{i=1}^N {d_i}^2 A_i とする。 f(T) として考えられる最小値を求めてください。 なお、制約下において答えが 2^{63} 未満となることは保証されています。 制約 2\leq N\leq 2\times 10^5 1\leq A_i \leq 10^9 入力される数値は全て整数 入力 入力は以下の形式で標準入力から与えられる。 N A_1 A_2 \ldots A_N 出力 答えを出力せよ。 入力例 1 4 3 2 5 2 出力例 1 24 頂点 1 と頂点 2 を結ぶ辺、頂点 2 と頂点 4 を結ぶ辺、頂点 4 と頂点 3 を結ぶ辺からなるような木 T を考えます。 このとき f(T) = 1^2\times 3 + 2^2\times 2+1^2\times 5 +2^2\times 2 = 24 です。これが f(T) の最小値であることが証明できます。 入力例 2 3 4 3 2 出力例 2 15 入力例 3 7 10 5 10 2 10 13 15 出力例 3 128",550.0,
atcoder,abc,public_sponsored_abc,unique_vision,abc359,UNIQUE VISION Programming Contest 2024 Summer (AtCoder Beginner Contest 359),2024,2024-06-22,1719057600.0,2024.0,abc359_g,G,Sum of Tree Distance,G. Sum of Tree Distance,2099.0,1949,"['tree', 'lca', 'virtual tree', 'auxiliary tree', 'small to large merging', 'dsu on tree', 'centroid decomposition', 'contribution counting', 'dp on trees']",9,https://atcoder.jp/contests/abc359/tasks/abc359_g,https://atcoder-tagged-backend.onrender.com/problems/all,2.3.0-sponsor-abc-kenkoooo-diff,ja,2026-06-04T18:46:05.900291+00:00,69.489,637.0,"配点 : 600 点 問題文 N 頂点の木が与えられます。 i 番目の辺は頂点 u_i と頂点 v_i を双方向に結んでいます。 また、整数列 A=(A_1,\ldots,A_N) が与えられます。 ここで f(i,j) を以下で定義します。 A_i=A_j のとき、 f(i,j) は頂点 i から頂点 j に移動する場合に通る辺数の最小値とする。 A_i\neq A_j のとき f(i,j)=0 とする。 次の式の値を求めてください。 \displaystyle \sum_{i=1}^{N-1}\sum_{j=i+1}^N f(i,j) 制約 2\leq N\leq 2\times 10^5 1\leq u_i,v_i \leq N 1\leq A_i\leq N 入力されるグラフは木 入力される数値は全て整数 入力 入力は以下の形式で標準入力から与えられる。 N u_1 v_1 \vdots u_{N-1} v_{N-1} A_1 A_2 \ldots A_N 出力 答えを出力せよ。 入力例 1 4 3 4 4 2 1 2 2 1 1 2 出力例 1 4 f(1,4)=2,f(2,3)=2 となります。また、それ以外の i,j\ (1\leq i < j\leq N) について f(i,j)=0 なので、答えは 2+2=4 です。 入力例 2 8 8 6 3 8 1 4 7 8 4 5 3 4 8 2 1 2 2 2 3 1 1 3 出力例 2 19",600.0,
atcoder,abc,public_sponsored_abc,denso,abc361,Denso Create Programming Contest 2024（AtCoder Beginner Contest 361）,2024,2024-07-06,1720267200.0,2024.5,abc361_a,A,Insert,A. Insert,-910.0,16141,"['implementation', 'array', 'linked list']",3,https://atcoder.jp/contests/abc361/tasks/abc361_a,https://atcoder-tagged-backend.onrender.com/problems/all,2.3.0-sponsor-abc-kenkoooo-diff,ja,2026-06-04T18:46:05.900291+00:00,10.105,438.0,"配点 : 100 点 問題文 長さ N の整数列 A と整数 K,X が与えられます。 整数列 A の K 要素目の直後に整数 X を 1 つ挿入した整数列 B を出力してください。 制約 入力は全て整数 1 \le K \le N \le 100 1 \le A_i,X \le 100 入力 入力は以下の形式で標準入力から与えられる。 N K X A_1 A_2 \dots A_N 出力 整数列 A の K 要素目の直後に整数 X を 1 つ挿入した整数列 B を、以下の形式で出力せよ。 B_1 B_2 \dots B_{N+1} 入力例 1 4 3 7 2 3 5 11 出力例 1 2 3 5 7 11 K=3, X=7, A=(2,3,5,11) のとき、 B=(2,3,5,7,11) です。 入力例 2 1 1 100 100 出力例 2 100 100 入力例 3 8 8 3 9 9 8 2 4 4 3 5 出力例 3 9 9 8 2 4 4 3 5 3",100.0,
atcoder,abc,public_sponsored_abc,denso,abc361,Denso Create Programming Contest 2024（AtCoder Beginner Contest 361）,2024,2024-07-06,1720267200.0,2024.5,abc361_b,B,Intesection of Cuboids,B. Intesection of Cuboids,283.0,11332,"['3d geometry', 'interval', 'bounding box']",3,https://atcoder.jp/contests/abc361/tasks/abc361_b,https://atcoder-tagged-backend.onrender.com/problems/all,2.3.0-sponsor-abc-kenkoooo-diff,ja,2026-06-04T18:46:05.900291+00:00,33.649,717.0,"配点 : 250 点 問題文 あなたは3Dゲームの当たり判定を実装しようとしています。 3 次元空間内の直方体であって、 2 点 (a,b,c),(d,e,f) を結ぶ線分を対角線とし、全ての面が xy 平面、 yz 平面、 zx 平面のいずれかに平行なものを C(a,b,c,d,e,f) と表します。 （この定義により C(a,b,c,d,e,f) は一意に定まります） 2 つの直方体 C(a,b,c,d,e,f) と C(g,h,i,j,k,l) が与えられるので、これらの共通部分の体積が正かどうか判定してください。 制約 0 \leq a < d \leq 1000 0 \leq b < e \leq 1000 0 \leq c < f \leq 1000 0 \leq g < j \leq 1000 0 \leq h < k \leq 1000 0 \leq i < l \leq 1000 入力は全て整数 入力 入力は以下の形式で標準入力から与えられる。 a b c d e f g h i j k l 出力 2 つの直方体の共通部分の体積が正なら Yes 、そうでなければ No を出力せよ。 入力例 1 0 0 0 4 5 6 2 3 4 5 6 7 出力例 1 Yes 2 つの直方体の位置関係は下図のようになっており、共通部分の体積は 8 です。 入力例 2 0 0 0 2 2 2 0 0 2 2 2 4 出力例 2 No 2 つの直方体は面で接していますが、共通部分の体積は 0 です。 入力例 3 0 0 0 1000 1000 1000 10 10 10 100 100 100 出力例 3 Yes",250.0,
atcoder,abc,public_sponsored_abc,denso,abc361,Denso Create Programming Contest 2024（AtCoder Beginner Contest 361）,2024,2024-07-06,1720267200.0,2024.5,abc361_c,C,Make Them Narrow,C. Make Them Narrow,337.0,11852,"['sorting', 'greedy', 'sliding window']",3,https://atcoder.jp/contests/abc361/tasks/abc361_c,https://atcoder-tagged-backend.onrender.com/problems/all,2.3.0-sponsor-abc-kenkoooo-diff,ja,2026-06-04T18:46:05.900291+00:00,34.715,520.0,"配点 : 250 点 問題文 長さ N の数列 A が与えられます。 A のうち丁度 K 要素を自由に選んで消し、残った要素を順序を保って連結した数列を B とします。 ( B の最大値 ) - ( B の最小値 ) としてありうる最小値を求めてください。 制約 入力は全て整数 1 \le K < N \le 2 \times 10^5 1 \le A_i \le 10^9 入力 入力は以下の形式で標準入力から与えられる。 N K A_1 A_2 \dots A_N 出力 答えを整数として出力せよ。 入力例 1 5 2 3 1 5 4 9 出力例 1 2 A=(3,1,5,4,9) から丁度 2 要素を自由に選んで消すことを考えます。 例えば 2 要素目の 1 、 5 要素目の 9 を消すと、消した後の数列 B=(3,5,4) となります。 このとき B の最大値は 5 、最小値は 3 なので ( B の最大値 ) - ( B の最小値 ) =2 となり、これは達成可能な最小値です。 入力例 2 6 5 1 1 1 1 1 1 出力例 2 0 入力例 3 8 3 31 43 26 6 18 36 22 13 出力例 3 18",250.0,
atcoder,abc,public_sponsored_abc,denso,abc361,Denso Create Programming Contest 2024（AtCoder Beginner Contest 361）,2024,2024-07-06,1720267200.0,2024.5,abc361_d,D,Go Stone Puzzle,D. Go Stone Puzzle,1202.0,5937,"['bfs', 'shortest path', 'search']",3,https://atcoder.jp/contests/abc361/tasks/abc361_d,https://atcoder-tagged-backend.onrender.com/problems/all,2.3.0-sponsor-abc-kenkoooo-diff,ja,2026-06-04T18:46:05.900291+00:00,51.786,912.0,"配点 : 425 点 問題文 N+2 個のマスが横一列に並んでいます。左から i 番目のマスをマス i と表します。 マス 1 からマス N には石が 1 個ずつ置かれています。 各 1\leq i \leq N について、 S_i が W のときマス i に置かれている石の色は白であり、 S_i が B のときマス i に置かれている石の色は黒です。 マス N+1,N+2 には何も置かれていません。 あなたは以下の操作を好きな回数( 0 回でもよい)行うことができます。 石が 2 個並んでいる箇所を選び、その 2 個の石を順序を保って空きマスに移す。 より正確には次の通り。 1 以上 N+1 以下の整数 x であって、マス x,x+1 の両方に石が置かれているものを選ぶ。石の置かれていないマスを k,k+1 とする。マス x,x+1 にある石をそれぞれマス k,k+1 に移動する。 以下の状態にすることが可能か判定し、可能なら操作回数の最小値を求めてください。 マス 1 からマス N には石が 1 個ずつ置かれており、各 1\leq i \leq N について、 T_i が W のときマス i に置かれている石の色は白、 T_i が B のときマス i に置かれている石の色は黒である。 制約 2 \leq N \leq 14 N は整数である S,T は B および W のみからなる長さ N の文字列である 入力 入力は以下の形式で標準入力から与えられる。 N S T 出力 目的の状態にすることが可能なら操作回数の最小値を出力せよ。不可能ならかわりに -1 を出力せよ。 入力例 1 6 BWBWBW WWWBBB 出力例 1 4 石が置かれていないマスを . と表します。以下のようにして 4 回の操作で目的の状態にすることができ、これが最小回数です。 BWBWBW.. BW..BWBW BWWBB..W ..WBBBWW WWWBBB.. 入力例 2 6 BBBBBB WWWWWW 出力例 2 -1 入力例 3 14 BBBWBWWWBBWWBW WBWWBBWWWBWBBB 出力例 3 7",425.0,
atcoder,abc,public_sponsored_abc,denso,abc361,Denso Create Programming Contest 2024（AtCoder Beginner Contest 361）,2024,2024-07-06,1720267200.0,2024.5,abc361_e,E,Tree and Hamilton Path 2,E. Tree and Hamilton Path 2,1213.0,5648,"['tree', 'tree diameter', 'graph theory', 'greedy', 'bfs', 'dfs']",6,https://atcoder.jp/contests/abc361/tasks/abc361_e,https://atcoder-tagged-backend.onrender.com/problems/all,2.3.0-sponsor-abc-kenkoooo-diff,ja,2026-06-04T18:46:05.900291+00:00,52.003,701.0,"配点 : 500 点 問題文 AtCoder国には 1 から N の番号がついた N 個の街と 1 から N-1 の番号がついた N-1 本の道路があります。 道路 i は街 A_i と街 B_i を双方向に結び、長さは C_i です。どの街同士も、いくつかの道路を通って互いに行き来することができます。 いずれかの街を出発し、道路による移動で全ての街を 1 度以上訪れるための移動距離の最小値を求めてください。 制約 2 \leq N \leq 2\times 10^5 1 \leq A_i,B_i \leq N 1 \leq C_i \leq 10^9 入力は全て整数である どの街同士も、いくつかの道路を通って互いに行き来できる 入力 入力は以下の形式で標準入力から与えられる。 N A_1 B_1 C_1 \vdots A_{N-1} B_{N-1} C_{N-1} 出力 答えを出力せよ。 入力例 1 4 1 2 2 1 3 3 1 4 4 出力例 1 11 4 \to 1 \to 2 \to 1 \to 3 と移動すると移動距離の合計は 11 となり、これが最小値です。 最初の街に戻ってくる必要はないことに注意してください。 入力例 2 10 10 9 1000000000 9 8 1000000000 8 7 1000000000 7 6 1000000000 6 5 1000000000 5 4 1000000000 4 3 1000000000 3 2 1000000000 2 1 1000000000 出力例 2 9000000000 オーバーフローに注意してください。",500.0,
atcoder,abc,public_sponsored_abc,denso,abc361,Denso Create Programming Contest 2024（AtCoder Beginner Contest 361）,2024,2024-07-06,1720267200.0,2024.5,abc361_f,F,x = a^b,F. x = a^b,1606.0,3510,"['mobius inversion', 'inclusion exclusion', 'number theory', 'binary search', 'perfect powers']",5,https://atcoder.jp/contests/abc361/tasks/abc361_f,https://atcoder-tagged-backend.onrender.com/problems/all,2.3.0-sponsor-abc-kenkoooo-diff,ja,2026-06-04T18:46:05.900291+00:00,59.759,280.0,"配点 : 500 点 問題文 1 以上 N 以下の正整数 x であって、ある正整数 a と 2 以上の 正整数 b を用いて x=a^b と表現できるものはいくつありますか？ 制約 入力は全て整数 1 \le N \le 10^{18} 入力 入力は以下の形式で標準入力から与えられる。 N 出力 答えを整数として出力せよ。 入力例 1 99 出力例 1 12 問題文中の条件を満たす整数は 1,4,8,9,16,25,27,32,36,49,64,81 の 12 個です。 入力例 2 1000000000000000000 出力例 2 1001003332",500.0,
atcoder,abc,public_sponsored_abc,denso,abc361,Denso Create Programming Contest 2024（AtCoder Beginner Contest 361）,2024,2024-07-06,1720267200.0,2024.5,abc361_g,G,Go Territory,G. Go Territory,2613.0,632,"['bfs', 'connected components', 'plane sweep', 'dsu', 'grid', 'geometry']",6,https://atcoder.jp/contests/abc361/tasks/abc361_g,https://atcoder-tagged-backend.onrender.com/problems/all,2.3.0-sponsor-abc-kenkoooo-diff,ja,2026-06-04T18:46:05.900291+00:00,79.633,842.0,"配点 : 600 点 問題文 2 次元平面上に N 個の石が置かれています。 i 番目の石は座標 (X_i,Y_i) にあります。石は全て第一象限(軸上含む)の格子点にあります。 石の置かれていない格子点 (x,y) であって、上下左右のいずれかに 1 移動することを繰り返すことで、石の置かれている座標を通らずに (-1,-1) に到達することが できない ものの個数を求めてください。 より正確には、石の置かれていない格子点 (x,y) であって、以下の 4 条件を全て満たすような整数の組の有限列 (x_0,y_0),\ldots,(x_k,y_k) が存在 しない ものの個数を求めてください。 (x_0,y_0)=(x,y) (x_k,y_k)=(-1,-1) 全ての 0\leq i < k で |x_i-x_{i+1}|+|y_i-y_{i+1}|=1 どの 0 \leq i \leq k でも、 (x_i,y_i) に石はない 制約 0 \leq N \leq 2\times 10^5 0 \leq X_i,Y_i \leq 2\times 10^5 (X_i,Y_i) は相異なる 入力は全て整数 入力 入力は以下の形式で標準入力から与えられる。 N X_1 Y_1 \vdots X_N Y_N 出力 条件を満たす格子点の個数を出力せよ。 入力例 1 5 1 0 0 1 2 3 1 2 2 1 出力例 1 1 (1,1) から (-1,-1) に到達することができません。 入力例 2 0 出力例 2 0 石が 1 つも置かれていないこともあります。 入力例 3 22 0 1 0 2 0 3 1 0 1 4 2 0 2 2 2 4 3 0 3 1 3 2 3 4 5 1 5 2 5 3 6 0 6 4 7 0 7 4 8 1 8 2 8 3 出力例 3 6 (6,1),(6,2),(6,3),(7,1),(7,2),(7,3) の 6 個が該当します。",600.0,
atcoder,abc,public_sponsored_abc,toyota,abc362,Toyota Programming Contest 2024#7（AtCoder Beginner Contest 362）,2024,2024-07-13,1720872000.0,2024.5,abc362_a,A,Buy a Pen,A. Buy a Pen,-1001.0,17110,"['implementation', 'conditional', 'string', 'optimization']",4,https://atcoder.jp/contests/abc362/tasks/abc362_a,https://atcoder-tagged-backend.onrender.com/problems/all,2.3.0-sponsor-abc-kenkoooo-diff,ja,2026-06-04T18:46:05.900291+00:00,8.309,527.0,"配点 : 100 点 問題文 高橋君はペンを買うためにお店にやって来ました。お店では赤色のペンが一本 R 円、緑色のペンが一本 G 円、青色のペンが一本 B 円で売られています。 高橋君は色 C が嫌いです。 C が Red のときは赤色のペンを、 Green のときは緑色のペンを、 Blue のときは青色のペンを買うことができません。 高橋君がペンを一本買うために必要な金額の最小値を求めてください。 制約 1\leq R,G,B\leq 100 R,G,B は整数 C は Red , Green , Blue のいずれか 入力 入力は以下の形式で標準入力から与えられる。 R G B C 出力 高橋君がペンを一本買うために必要な金額の最小値が X 円であるとき、 X を出力せよ。 入力例 1 20 30 10 Blue 出力例 1 20 赤色のペンは 20 円で、緑色のペンは 30 円で、青色のペンは 10 円で売られています。高橋君は青色のペンを買うことができないので、 20 円で赤色のペンを一本買うことができます。 入力例 2 100 100 100 Red 出力例 2 100 入力例 3 37 39 93 Blue 出力例 3 37",100.0,
atcoder,abc,public_sponsored_abc,toyota,abc362,Toyota Programming Contest 2024#7（AtCoder Beginner Contest 362）,2024,2024-07-13,1720872000.0,2024.5,abc362_b,B,Right Triangle,B. Right Triangle,-320.0,14905,"['geometry', 'coordinate geometry', 'pythagorean theorem', 'dot product', 'implementation']",5,https://atcoder.jp/contests/abc362/tasks/abc362_b,https://atcoder-tagged-backend.onrender.com/problems/all,2.3.0-sponsor-abc-kenkoooo-diff,ja,2026-06-04T18:46:05.900291+00:00,21.749,423.0,"配点 : 200 点 問題文 xy 平面上に、同一直線上にない 3 点 A(x_A,y_A), B(x_B,y_B),C(x_C,y_C) があります。三角形 ABC が直角三角形であるかどうか判定してください。 制約 -1000\leq x_A,y_A,x_B,y_B,x_C,y_C\leq 1000 3 点 A,B,C は同一直線上にない 入力は全て整数 入力 入力は以下の形式で標準入力から与えられる。 x_A y_A x_B y_B x_C y_C 出力 三角形 ABC が直角三角形であるならば Yes を、そうでないならば No を出力せよ。 入力例 1 0 0 4 0 0 3 出力例 1 Yes 三角形 ABC は直角三角形です。 入力例 2 -4 3 2 1 3 4 出力例 2 Yes 三角形 ABC は直角三角形です。 入力例 3 2 4 -3 2 1 -2 出力例 3 No 三角形 ABC は直角三角形ではありません。",200.0,
atcoder,abc,public_sponsored_abc,toyota,abc362,Toyota Programming Contest 2024#7（AtCoder Beginner Contest 362）,2024,2024-07-13,1720872000.0,2024.5,abc362_c,C,Sum = 0,C. Sum = 0,521.0,11323,"['greedy', 'constructive']",2,https://atcoder.jp/contests/abc362/tasks/abc362_c,https://atcoder-tagged-backend.onrender.com/problems/all,2.3.0-sponsor-abc-kenkoooo-diff,ja,2026-06-04T18:46:05.900291+00:00,38.346,682.0,"配点 : 350 点 問題文 N 個の整数の組 (L_1,R_1),(L_2,R_2),\ldots,(L_N,R_N) が与えられます。 以下の条件を満たす長さ N の整数列 X=(X_1,X_2,\ldots,X_N) が存在するか判定し、存在するならば一つ出力してください。 各 i=1,2,\ldots,N に対して L_i\leq X_i\leq R_i \displaystyle \sum_{i=1}^N X_i=0 制約 1\leq N\leq 2\times 10^5 -10^9\leq L_i\leq R_i\leq 10^9 入力は全て整数 入力 入力は以下の形式で標準入力から与えられる。 N L_1 R_1 L_2 R_2 \vdots L_N R_N 出力 存在しない場合は No を出力せよ。存在する場合は条件を満たす整数列 X を以下の形式で出力せよ。 Yes X_1 X_2 \ldots X_N 答えが複数存在する場合、どれを出力しても正解とみなされる。 入力例 1 3 3 5 -4 1 -2 3 出力例 1 Yes 4 -3 -1 数列 X=(4,-3,-1) は問題の条件をすべて満たします。ほかにも (3,-3,0) や (5,-4,-1) などが条件を満たします。 入力例 2 3 1 2 1 2 1 2 出力例 2 No 条件を満たす整数列 X は存在しません。 入力例 3 6 -87 12 -60 -54 2 38 -76 6 87 96 -17 38 出力例 3 Yes -66 -57 31 -6 89 9",350.0,
atcoder,abc,public_sponsored_abc,toyota,abc362,Toyota Programming Contest 2024#7（AtCoder Beginner Contest 362）,2024,2024-07-13,1720872000.0,2024.5,abc362_d,D,Shortest Path 3,D. Shortest Path 3,634.0,9380,"['dijkstra', 'shortest path', 'graph theory', 'vertex']",4,https://atcoder.jp/contests/abc362/tasks/abc362_d,https://atcoder-tagged-backend.onrender.com/problems/all,2.3.0-sponsor-abc-kenkoooo-diff,ja,2026-06-04T18:46:05.900291+00:00,40.576,1166.0,"配点 : 425 点 問題文 N 頂点 M 辺の単純連結無向グラフが与えられます。頂点 i\,(1\leq i \leq N) は重み A_i を持ちます。また、辺 j\,(1\leq j \leq M) は頂点 U_j,V_j を双方向に結び、重み B_j を持ちます。 このグラフ上のパスの重みを、パス上に現れる頂点の重みと辺の重みの総和と定義します。 各 i=2,3,\dots,N について、以下の問題を解いてください。 頂点 1 から頂点 i までのパスであって、重みが最小となるものの重みを求めよ。 制約 2 \leq N \leq 2 \times 10^5 N-1 \leq M \leq 2 \times 10^5 1 \leq U_j < V_j \leq N i\neq j なら (U_i,V_i) \neq (U_j,V_j) グラフは連結である 0 \leq A_i \leq 10^9 0 \leq B_j \leq 10^9 入力はすべて整数 入力 入力は以下の形式で標準入力から与えられる。 N M A_1 A_2 \dots A_N U_1 V_1 B_1 U_2 V_2 B_2 \vdots U_M V_M B_M 出力 i=2,3,\dots,N に対する答えを、この順に空白区切りで一行で出力せよ。 入力例 1 3 3 1 2 3 1 2 1 1 3 6 2 3 2 出力例 1 4 9 頂点 1 から頂点 2 へのパスを考えます。 パス 1 \to 2 の重みは A_1+B_1+A_2=1+1+2=4 、パス 1 \to 3 \to 2 の重みは A_1+B_2+A_3+B_3+A_2=1+6+3+2+2=14 であり、最小の重みは 4 です。 頂点 1 から頂点 3 へのパスを考えます。 パス 1 \to 3 の重みは A_1+B_2+A_3=1+6+3=10 、パス 1 \to 2 \to 3 の重みは A_1+B_1+A_2+B_3+A_3=1+1+2+2+3=9 であり、最小の重みは 9 です。 入力例 2 2 1 0 1 1 2 3 出力例 2 4 入力例 3 5 8 928448202 994752369 906965437 942744902 907560126 2 5 975090662 1 2 908843627 1 5 969061140 3 4 964249326 2 3 957690728 2 4 942986477 4 5 948404113 1 3 988716403 出力例 3 2832044198 2824130042 4696218483 2805069468 答えが 32-bit 整数に収まらないことがあることに注意してください。",425.0,
atcoder,abc,public_sponsored_abc,toyota,abc362,Toyota Programming Contest 2024#7（AtCoder Beginner Contest 362）,2024,2024-07-13,1720872000.0,2024.5,abc362_e,E,Count Arithmetic Subsequences,E. Count Arithmetic Subsequences,1225.0,5329,"['dp', 'arithmetic progression', 'subsequence dp']",3,https://atcoder.jp/contests/abc362/tasks/abc362_e,https://atcoder-tagged-backend.onrender.com/problems/all,2.3.0-sponsor-abc-kenkoooo-diff,ja,2026-06-04T18:46:05.900291+00:00,52.24,676.0,"配点 : 475 点 問題文 長さ N の数列 A=(A_1,A_2,\dots,A_N) が与えられます。各 k=1,2,\dots,N について、 A の長さ k の（連続するとは限らない）部分列であって等差数列であるようなものの個数を 998244353 で割ったあまりを求めてください。ただし、 2 つの部分列が列として同じでも、取り出す位置が異なるならば区別するものとします。 部分列とは 数列 A の部分列とは、 A の要素を 0 個以上選んで削除し、残った要素を元の順序を保って並べた数列のことを指します。 制約 1 \leq N \leq 80 1 \leq A_i \leq 10^9 入力はすべて整数 入力 入力は以下の形式で標準入力から与えられる。 N A_1 A_2 \dots A_N 出力 k=1,2,\dots,N に対する答えを、この順に空白区切りで一行で出力せよ。 入力例 1 5 1 2 3 2 3 出力例 1 5 10 3 0 0 長さ 1 の部分列は全部で 5 個あり、これらはすべて長さ 1 の等差数列です。 長さ 2 の部分列は全部で 10 個あり、これらはすべて長さ 2 の等差数列です。 長さ 3 の部分列であって等差数列であるものは、 (A_1,A_2,A_3),(A_1,A_2,A_5),(A_1,A_4,A_5) の 3 つです。 長さ 4 以上の部分列であって等差数列であるものは存在しません。 入力例 2 4 1 2 3 4 出力例 2 4 6 2 1 入力例 3 1 100 出力例 3 1",475.0,
atcoder,abc,public_sponsored_abc,toyota,abc362,Toyota Programming Contest 2024#7（AtCoder Beginner Contest 362）,2024,2024-07-13,1720872000.0,2024.5,abc362_f,F,Perfect Matching on a Tree,F. Perfect Matching on a Tree,2186.0,1522,"['tree', 'centroid', 'constructive', 'dfs']",4,https://atcoder.jp/contests/abc362/tasks/abc362_f,https://atcoder-tagged-backend.onrender.com/problems/all,2.3.0-sponsor-abc-kenkoooo-diff,ja,2026-06-04T18:46:05.900291+00:00,71.206,1159.0,"配点 : 550 点 問題文 N 頂点の木 T が与えられます。 T の頂点には 1 から N の番号がついており、 i\,(1\leq i \leq N-1) 番目の辺は頂点 u_i と頂点 v_i を双方向に結んでいます。 T を用いて、 N 頂点の完全グラフ G を次のように定めます。 G の頂点 x と頂点 y の間の辺の重み w(x,y) を、 T における頂点 x と頂点 y の間の最短距離とする G の 最大重み最大マッチング を一つ求めてください。すなわち、 \lfloor N/2 \rfloor 個の頂点のペアの集合 M=\{(x_1,y_1),(x_2,y_2),\dots,(x_{\lfloor N/2 \rfloor},y_{\lfloor N/2 \rfloor})\} であって、各頂点 1,2,\dots, N が M に現れる回数がたかだか 1 回であるようなもののうち、 \displaystyle \sum_{i=1}^{\lfloor N/2 \rfloor} w(x_i,y_i) が最大であるものを一つ求めてください。 制約 2 \leq N \leq 2 \times 10^5 1 \leq u_i < v_i \leq N 入力されるグラフは木である 入力はすべて整数 入力 入力は以下の形式で標準入力から与えられる。 N u_1 v_1 u_2 v_2 \vdots u_{N-1} v_{N-1} 出力 答えを \{(x_1,y_1),(x_2,y_2),\dots,(x_{\lfloor N/2 \rfloor},y_{\lfloor N/2 \rfloor})\} として、以下の形式で出力せよ。答えが複数あり得る場合、そのうちどれを出力しても良い。 x_1 y_1 x_2 y_2 \vdots x_{\lfloor N/2 \rfloor} y_{\lfloor N/2 \rfloor} 入力例 1 4 1 2 2 3 3 4 出力例 1 2 4 1 3 T において、頂点 2,4 間の距離は 2 、頂点 1,3 間の距離は 2 なので、マッチング \{(2,4),(1,3)\} の重みは 4 です。重みが 4 より大きいマッチングは存在しないので、これが最大重み最大マッチングの一つです。他にも、 2 3 1 4 などを出力しても正解になります。 入力例 2 3 1 2 2 3 出力例 2 1 3 T において、頂点 1,3 間の距離は 2 なので、マッチング \{(1,3)\} の重みは 2 です。重みが 2 より大きいマッチングは存在しないので、これが最大重み最大マッチングの一つです。他にも、 3 1 を出力しても正解になります。",550.0,
atcoder,abc,public_sponsored_abc,toyota,abc362,Toyota Programming Contest 2024#7（AtCoder Beginner Contest 362）,2024,2024-07-13,1720872000.0,2024.5,abc362_g,G,Count Substring Query,G. Count Substring Query,1625.0,2678,"['suffix array', 'aho corasick', 'suffix automaton', 'binary search', 'string']",5,https://atcoder.jp/contests/abc362/tasks/abc362_g,https://atcoder-tagged-backend.onrender.com/problems/all,2.3.0-sponsor-abc-kenkoooo-diff,ja,2026-06-04T18:46:05.900291+00:00,60.134,910.0,"配点 : 575 点 問題文 英小文字からなる文字列 S が与えられます。 Q 個のクエリが与えられるので順に処理してください。 i 番目のクエリは以下で説明されます。 英小文字からなる文字列 T_i が与えられる。 S の部分文字列であって、 T_i と一致するものは何通りあるか出力する。ただし、ある二つの部分文字列が文字列として同じでも、取り出された位置が異なるならばそれらは別々に数えるものとする。 制約 1\leq |S|\leq 5\times 10^5 1\leq Q\leq 5\times 10^5 1\leq |T_i|\leq |S| \displaystyle \sum_{i=1}^Q |T_i|\leq 5\times 10^5 S,T_i は英小文字列 Q は整数 入力 入力は以下の形式で標準入力から与えられる。 S Q T_1 T_2 \vdots T_Q 出力 Q 行出力せよ。 i 行目には i 番目のクエリに対する答えを出力せよ。 入力例 1 missisippi 5 i s a is missisippi 出力例 1 4 3 0 2 1 S の l 文字目から r 文字目までの部分文字列を S[l:r] とします。 1 つ目のクエリについて、 S の部分文字列であって i と一致するものは S[2:2],S[5:5],S[7:7],S[10:10] の 4 か所です。 2 つ目のクエリについて、 S の部分文字列であって s と一致するものは S[3:3],S[4:4],S[6:6] の 3 か所です。 3 つ目のクエリについて、 S の部分文字列であって a と一致するものは存在しません。 4 つ目のクエリについて、 S の部分文字列であって is と一致するものは S[2:3],S[5:6] の 2 か所です。 5 つ目のクエリについて、 S の部分文字列であって missisippi と一致するものは S[1:10] の 1 か所です。 入力例 2 aaaaaa 6 a aa aaa aaaa aaaaa aaaaaa 出力例 2 6 5 4 3 2 1",575.0,
atcoder,abc,public_sponsored_abc,toyota,abc365,Toyota Programming Contest 2024#8（AtCoder Beginner Contest 365）,2024,2024-08-03,1722686400.0,2024.5,abc365_a,A,Leap Year,A. Leap Year,-1071.0,17250,"['conditional', 'case work', 'divisibility', 'implementation']",4,https://atcoder.jp/contests/abc365/tasks/abc365_a,https://atcoder-tagged-backend.onrender.com/problems/all,2.3.0-sponsor-abc-kenkoooo-diff,ja,2026-06-04T18:46:05.900291+00:00,6.927,500.0,配点 : 100 点 問題文 1583 以上 2023 以下の整数 Y が与えられます。 西暦 Y 年の日数を求めてください。 なお、制約の範囲内では西暦 Y 年の日数は以下の通りです。 Y が 4 の倍数でない年は 365 日 Y が 4 の倍数で、かつ 100 の倍数でない年は 366 日 Y が 100 の倍数で、かつ 400 の倍数でない年は 365 日 Y が 400 の倍数である年は 366 日 制約 Y は 1583 以上 2023 以下の整数 入力 入力は以下の形式で標準入力から与えられる。 Y 出力 西暦 Y 年の日数を整数として出力せよ。 入力例 1 2023 出力例 1 365 2023 は 4 の倍数でないので 365 日です。 入力例 2 1992 出力例 2 366 1992 は 4 の倍数で、かつ 100 の倍数でないので 366 日です。 入力例 3 1800 出力例 3 365 1800 は 100 の倍数で、かつ 400 の倍数でないので 365 日です。 入力例 4 1600 出力例 4 366 1600 は 400 の倍数なので 366 日です。,100.0,
atcoder,abc,public_sponsored_abc,toyota,abc365,Toyota Programming Contest 2024#8（AtCoder Beginner Contest 365）,2024,2024-08-03,1722686400.0,2024.5,abc365_b,B,Second Best,B. Second Best,-757.0,15919,"['array', 'sorting', 'search', 'implementation']",4,https://atcoder.jp/contests/abc365/tasks/abc365_b,https://atcoder-tagged-backend.onrender.com/problems/all,2.3.0-sponsor-abc-kenkoooo-diff,ja,2026-06-04T18:46:05.900291+00:00,13.124,383.0,"配点 : 200 点 問題文 長さ N の整数列 A=(A_1,\ldots,A_N) が与えられます。ここで A_1,A_2,\ldots,A_N は相異なります。 A の中で二番目に大きい要素は A の何番目の要素でしょうか。 制約 2\leq N\leq 100 1\leq A_i \leq 10^9 A_1,A_2,\ldots,A_N は相異なる 入力される数値は全て整数 入力 入力は以下の形式で標準入力から与えられる。 N A_1 A_2 \ldots A_{N} 出力 A の中で二番目に大きい要素が A の X 番目であるとき、 X を整数として出力せよ。 入力例 1 4 8 2 5 1 出力例 1 3 A の中で二番目に大きい要素は A_3 なので 3 を出力してください。 入力例 2 8 1 2 3 4 5 10 9 11 出力例 2 6",200.0,
atcoder,abc,public_sponsored_abc,toyota,abc365,Toyota Programming Contest 2024#8（AtCoder Beginner Contest 365）,2024,2024-08-03,1722686400.0,2024.5,abc365_c,C,Transportation Expenses,C. Transportation Expenses,241.0,12580,"['binary search', 'binary search on answer', 'monotonic']",3,https://atcoder.jp/contests/abc365/tasks/abc365_c,https://atcoder-tagged-backend.onrender.com/problems/all,2.3.0-sponsor-abc-kenkoooo-diff,ja,2026-06-04T18:46:05.900291+00:00,32.82,878.0,"配点 : 300 点 問題文 あるイベントには N 人が参加し、 i 番目の人の交通費は A_i 円でした。 イベントの主催者である高橋くんは、交通費補助額の上限額 x を設定して、人 i には交通費補助額として \min(x,A_i) 円を支給することとしました。ここで x は非負整数である必要があります。 高橋くんの予算が M 円であり、 N 人に渡す交通費補助額の総和を M 円以下にしたいとき、交通費補助額の上限額 x は最大でいくらにできますか？ ただし、交通費補助額の上限額を無限に大きくできる場合は代わりにそのことを報告してください。 制約 1\leq N\leq 2\times 10^5 1\leq M \leq 2\times 10^{14} 1\leq A_i \leq 10^9 入力される数値は全て整数 入力 入力は以下の形式で標準入力から与えられる。 N M A_1 A_2 \ldots A_{N} 出力 予算の条件を満たすときの交通費補助額の上限額 x の最大値を整数として出力せよ。 ただし、交通費補助額の上限額を無限に大きくできる場合は代わりに infinite と出力せよ。 入力例 1 4 8 1 3 2 4 出力例 1 2 交通費補助額の上限額を 2 円にすると、 N 人に渡す交通費補助額の総和は \min(2,1) + \min(2,3) + \min(2,2) + \min(2,4) = 7 円となり、予算の 8 円以下となります。 交通費補助額の上限額を 3 円にすると、 N 人に渡す交通費補助額の総和は \min(3,1) + \min(3,3) + \min(3,2) + \min(3,4) = 9 円となり、予算の 8 円を超えてしまいます。 よって、交通費補助額の上限額の最大値は 2 円となります。 入力例 2 3 20 5 3 2 出力例 2 infinite 交通費補助額の上限額を無限に大きくできます。 入力例 3 10 23 2 5 6 5 2 1 7 9 7 2 出力例 3 2",300.0,
atcoder,abc,public_sponsored_abc,toyota,abc365,Toyota Programming Contest 2024#8（AtCoder Beginner Contest 365）,2024,2024-08-03,1722686400.0,2024.5,abc365_d,D,AtCoder Janken 3,D. AtCoder Janken 3,730.0,9249,"['dp', 'game theory', 'string']",3,https://atcoder.jp/contests/abc365/tasks/abc365_d,https://atcoder-tagged-backend.onrender.com/problems/all,2.3.0-sponsor-abc-kenkoooo-diff,ja,2026-06-04T18:46:05.900291+00:00,42.471,728.0,"配点 : 400 点 問題文 高橋くんと青木くんが N 回のじゃんけんを行いました。 青木くんが出した手は R , P , S からなる長さ N の文字列 S で表されます。 青木くんが i 回目 (1\leq i\leq N) のじゃんけんに出した手は、 S の i 文字目が R のときグー、 P のときパー、 S のときチョキです。 高橋くんが出した手について、次の条件を満たすことがわかっています。 高橋くんは青木くんに 1 度も負けなかった。 i=1,2,\ldots,N-1 について、高橋くんが i 回目のじゃんけんに出した手と i+1 回目のじゃんけんに出した手は異なる。 高橋くんが勝った回数としてありえる最大値を求めてください。 ここで、条件を満たすような高橋くんの手が存在することが証明できます。 制約 1\leq N\leq2\times10 ^ 5 S は R , P , S からなる長さ N の文字列 N は整数 入力 入力は以下の形式で標準入力から与えられる。 N S 出力 答えを出力せよ。 入力例 1 6 PRSSRS 出力例 1 5 青木くんは、 6 回のじゃんけんでそれぞれパー、グー、チョキ、チョキ、グー、チョキを出しました。 高橋くんは、それぞれチョキ、パー、グー、チョキ、パー、グーを出すことで、 1,2,3,5,6 回目のじゃんけんで勝つことができます。 条件を満たす高橋くんの手のうち 6 回のじゃんけんすべてで勝つものは存在しないため、 5 を出力してください。 入力例 2 10 SSSSSSSSSS 出力例 2 5 入力例 3 24 SPRPSRRRRRPPRPRPSSRSPRSS 出力例 3 18",400.0,
atcoder,abc,public_sponsored_abc,toyota,abc365,Toyota Programming Contest 2024#8（AtCoder Beginner Contest 365）,2024,2024-08-03,1722686400.0,2024.5,abc365_e,E,Xor Sigma Problem,E. Xor Sigma Problem,1102.0,6555,"['bit manipulation', 'prefix sum', 'counting']",3,https://atcoder.jp/contests/abc365/tasks/abc365_e,https://atcoder-tagged-backend.onrender.com/problems/all,2.3.0-sponsor-abc-kenkoooo-diff,ja,2026-06-04T18:46:05.900291+00:00,49.813,786.0,"配点 : 450 点 問題文 長さ N の整数列 A=(A_1,\ldots,A_N) が与えられます。次の式の値を求めてください。 \displaystyle \sum_{i=1}^{N-1}\sum_{j=i+1}^N (A_i \oplus A_{i+1}\oplus \ldots \oplus A_j) ビット単位 xor とは 非負整数 A, B のビット単位 xor 、 A \oplus B は、以下のように定義されます。 A \oplus B を二進表記した際の 2^k ( k \geq 0 ) の位の数は、 A, B を二進表記した際の 2^k の位の数のうち一方のみが 1 であれば 1 、そうでなければ 0 である。 例えば、 3 \oplus 5 = 6 となります (二進表記すると: 011 \oplus 101 = 110 )。 一般に k 個の整数 p_1, \dots, p_k の排他的論理和は (\cdots ((p_1 \oplus p_2) \oplus p_3) \oplus \cdots \oplus p_k) と定義され、これは p_1, \dots, p_k の順番によらないことが証明できます。 制約 2\leq N\leq 2\times 10^5 1\leq A_i \leq 10^8 入力される数値は全て整数 入力 入力は以下の形式で標準入力から与えられる。 N A_1 A_2 \ldots A_{N} 出力 答えを出力せよ。 入力例 1 3 1 3 2 出力例 1 3 A_1\oplus A_2 = 2, A_1 \oplus A_2\oplus A_3 = 0, A_2\oplus A_3 = 1 なので答えは 2+0+1=3 です。 入力例 2 7 2 5 6 5 2 1 7 出力例 2 83",450.0,
atcoder,abc,public_sponsored_abc,toyota,abc365,Toyota Programming Contest 2024#8（AtCoder Beginner Contest 365）,2024,2024-08-03,1722686400.0,2024.5,abc365_f,F,Takahashi on Grid,F. Takahashi on Grid,2561.0,646,"['segment tree', 'data structure', 'monoid', 'greedy']",4,https://atcoder.jp/contests/abc365/tasks/abc365_f,https://atcoder-tagged-backend.onrender.com/problems/all,2.3.0-sponsor-abc-kenkoooo-diff,ja,2026-06-04T18:46:05.900291+00:00,78.607,2354.0,"配点 : 575 点 問題文 平面上に無限個のマスがあります。 整数の 2 つ組 (x,y) すべてに対して対応するマスがひとつ存在し、マス (x,y) と呼ぶことにします。 すべてのマスは、それぞれ空きマスか壁マスのどちらか一方です。 長さ N の正整数列 L=(L _ 1,L _ 2,\dotsc,L _ N),U=(U _ 1,U _ 2,\dotsc,U _ N) が与えられます。 ここで、 i=1,2,\ldots,N について L _ i,U _ i は 1\leq L _ i\leq U _ i\leq10 ^ 9 を満たします。 マス (x,y)\ (1\leq x\leq N,L _ x\leq y\leq U _ x) はすべて空きマスで、それ以外のマスは壁マスです。 高橋くんが空きマスであるマス (x,y) にいるとき、次の行動のいずれかを行うことができます。 マス (x+1,y) が空きマスならば、マス (x+1,y) に移動する。 マス (x-1,y) が空きマスならば、マス (x-1,y) に移動する。 マス (x,y+1) が空きマスならば、マス (x,y+1) に移動する。 マス (x,y-1) が空きマスならば、マス (x,y-1) に移動する。 どの空きマスどうしも、高橋くんが行動を繰り返すことで行き来できることが保証されます。 次の形式の Q 個の質問に答えてください。 i 番目 (1\leq i\leq Q) の質問では整数の 4 つ組 (s _ {x,i},s _ {y,i},t _ {x,i},t _ {y,i}) が与えられるので、高橋くんがマス (s _ {x,i},s _ {y,i}) にいるところからマス (t _ {x,i},t _ {y,i}) に移動するために必要な行動回数の最小値を求めてください。 各質問について、与えられる 2 つのマスは空きマスであることが保証されます。 制約 1\leq N\leq2\times10 ^ 5 1\leq L _ i\leq U _ i\leq10 ^ 9\ (1\leq i\leq N) \lbrack L _ i,U _ i\rbrack\cap\lbrack L _ {i+1},U _ {i+1}\rbrack\neq\emptyset\ (1\leq i\lt N) 1\leq Q\leq2\times10 ^ 5 1\leq s _ {x,i}\leq N かつ L _ {s _ {x,i}}\leq s _ {y,i}\leq U _ {s _ {x,i}}\ (1\leq i\leq Q) 1\leq t _ {x,i}\leq N かつ L _ {t _ {x,i}}\leq t _ {y,i}\leq U _ {t _ {x,i}}\ (1\leq i\leq Q) 入力はすべて整数 入力 入力は以下の形式で標準入力から与えられる。 N L _ 1 U _ 1 L _ 2 U _ 2 \vdots L _ N U _ N Q s _ {x,1} s _ {y,1} t _ {x,1} t _ {y,1} s _ {x,2} s _ {y,2} t _ {x,2} t _ {y,2} \vdots s _ {x,Q} s _ {y,Q} t _ {x,Q} t _ {y,Q} 出力 Q 行にわたって出力せよ。 i 行目 (1\leq i\leq Q) には、 i 番目の質問に対する答えを出力せよ。 入力例 1 7 1 5 3 3 1 3 1 1 1 4 2 4 3 5 3 1 4 6 3 1 4 1 1 7 5 1 5 出力例 1 10 3 14 与えられたマスは以下のようになります。 1 つめの質問では、例えば以下のように移動することでマス (1,4) からマス (6,3) へ 10 回の行動で移動することができます。 9 回以下の行動でマス (1,4) からマス (6,3) へ移動することはできないため、 10 を出力してください。 入力例 2 12 1 1000000000 1000000000 1000000000 1 1000000000 1 1 1 1000000000 1000000000 1000000000 1 1000000000 1 1 1 1000000000 1000000000 1000000000 1 1000000000 1 1 1 1 1 12 1 出力例 2 6000000005 出力すべき値が 32\operatorname{bit} 整数に収まらない場合があることに注意してください。 入力例 3 10 1694 7483 3396 5566 2567 6970 1255 3799 2657 3195 3158 8007 3368 8266 1447 6359 5365 8614 3141 7245 15 3 3911 6 4694 7 5850 10 4641 1 5586 6 4808 2 3401 8 2676 3 3023 6 6923 8 4082 3 6531 6 3216 7 6282 8 5121 8 3459 8 4388 1 6339 6 6001 3 6771 10 5873 8 5780 1 6512 6 6832 8 5345 7 4975 10 4010 8 2355 7 5837 9 6279 出力例 3 2218 1212 4009 1077 3903 4228 3067 1662 4344 6385 95 6959 371 4367 444",575.0,
atcoder,abc,public_sponsored_abc,toyota,abc365,Toyota Programming Contest 2024#8（AtCoder Beginner Contest 365）,2024,2024-08-03,1722686400.0,2024.5,abc365_g,G,AtCoder Office,G. AtCoder Office,2254.0,1252,"['sqrt decomposition', 'prefix sum', 'two pointer']",3,https://atcoder.jp/contests/abc365/tasks/abc365_g,https://atcoder-tagged-backend.onrender.com/problems/all,2.3.0-sponsor-abc-kenkoooo-diff,ja,2026-06-04T18:46:05.900291+00:00,72.548,1537.0,"配点 : 575 点 問題文 AtCoder 社のオフィスには N 人の高橋くんが所属しています。 AtCoder 社ではオフィスの入退室の記録が取られており、記録が取られはじめてから M 回の入退室が行われました。 i 番目 (1\leq i\leq M) の入退室記録は整数の組 (T _ i,P _ i) で表され、時刻 T _ i に P _ i 番目の高橋くんがオフィスの外にいるならオフィスに入ったことを、オフィスの中にいるならオフィスから出たことを表します。 記録が取られはじめた時点ではどの高橋くんもオフィスの外におり、現在どの高橋くんもオフィスの外にいることがわかっています。 次の形式の Q 個の質問に答えてください。 i 番目 (1\leq i\leq Q) の質問では整数の組 (A _ i,B _ i) が与えられるので、記録を取っていた間に A _ i 番目の高橋くんと B _ i 番目の高橋くんがどちらもオフィスの中にいた時間の長さを求めてください。 制約 2\leq N\leq2\times10 ^ 5 2\leq M\leq2\times10 ^ 5 1\leq T _ 1\lt T _ 2\lt\dotsb\lt T _ M\leq10 ^ 9 1\leq P _ i\leq N\ (1\leq i\leq M) どの 1\leq p\leq N についても、 P _ i=p となる i は偶数個存在する 1\leq Q\leq2\times10 ^ 5 1\leq A _ i\lt B _ i\leq N\ (1\leq i\leq Q) 入力はすべて整数 入力 入力は以下の形式で標準入力から与えられる。 N M T _ 1 P _ 1 T _ 2 P _ 2 \vdots T _ M P _ M Q A _ 1 B _ 1 A _ 2 B _ 2 \vdots A _ Q B _ Q 出力 Q 行にわたって出力せよ。 i 行目 (1\leq i\leq Q) には i 番目の質問に対する答えを出力せよ。 入力例 1 3 8 10 1 20 2 30 1 40 3 60 3 70 1 80 2 90 1 3 1 2 1 3 2 3 出力例 1 20 0 20 3 人の高橋くんがオフィスの中にいた時間はそれぞれ以下の図のようになります。 それぞれの質問に対する答えは以下のようになります。 1 番目の高橋くんと 2 番目の高橋くんが同時にオフィスの中にいた時間は、時刻 20 から時刻 30 の間と時刻 70 から時刻 80 の間の 2 回です。長さはどちらも 10 なので、これらの合計である 20 を出力してください。 1 番目の高橋くんと 3 番目の高橋くんが同時にオフィスの中にいたことはありません。よって、 0 を出力してください。 2 番目の高橋くんと 3 番目の高橋くんが同時にオフィスの中にいた時間は、時刻 40 から時刻 60 の間の 1 回です。長さは 20 なので、 20 を出力してください。 入力例 2 10 20 10257 9 10490 4 19335 1 25893 5 32538 9 33433 3 38522 9 40629 9 42896 5 52106 1 53024 3 55610 5 56721 9 58286 9 63128 3 70513 3 70977 4 74936 5 79883 9 95116 9 7 1 3 3 9 1 9 4 9 1 5 5 9 3 5 出力例 2 18673 2107 15310 25720 17003 10317 16848",575.0,
atcoder,abc,public_sponsored_abc,hitachi,abc368,Hitachi Vantara Programming Contest 2024（AtCoder Beginner Contest 368）,2024,2024-08-24,1724500800.0,2024.5,abc368_a,A,Cut,A. Cut,-791.0,15602,"['implementation', 'array', 'simulation']",3,https://atcoder.jp/contests/abc368/tasks/abc368_a,https://atcoder-tagged-backend.onrender.com/problems/all,2.3.0-sponsor-abc-kenkoooo-diff,ja,2026-06-04T18:46:05.900291+00:00,12.453,521.0,"配点 : 100 点 問題文 N 枚からなるカードの山があり、上から i 枚目のカードには整数 A_i が書かれています。 山の下から K 枚のカードを取り出し、順序を保ったまま山の一番上に乗せました。 この操作後の山の上から順に、カードに書かれた整数を出力してください。 制約 1 \leq K < N \leq 100 1 \leq A_i \leq 100 入力は全て整数 入力 入力は以下の形式で標準入力から与えられる。 N K A_1 A_2 \ldots A_N 出力 操作後の山の上から i 枚目のカードに書かれた整数を B_i とする。 B_1,B_2,\ldots,B_N をこの順に空白区切りで出力せよ。 入力例 1 5 3 1 2 3 4 5 出力例 1 3 4 5 1 2 最初、カードに書かれた整数は山の上から順に 1,2,3,4,5 です。 山の下から 3 枚のカードを取り出し、そのまま山の一番上に乗せたあと、カードに書かれた整数は山の上から順に 3,4,5,1,2 となります。 入力例 2 6 2 1 2 1 2 1 2 出力例 2 1 2 1 2 1 2 カードに書かれている整数は相異なるとは限りません。",100.0,
atcoder,abc,public_sponsored_abc,hitachi,abc368,Hitachi Vantara Programming Contest 2024（AtCoder Beginner Contest 368）,2024,2024-08-24,1724500800.0,2024.5,abc368_b,B,Decrease 2 max elements,B. Decrease 2 max elements,-384.0,13762,"['simulation', 'sorting']",2,https://atcoder.jp/contests/abc368/tasks/abc368_b,https://atcoder-tagged-backend.onrender.com/problems/all,2.3.0-sponsor-abc-kenkoooo-diff,ja,2026-06-04T18:46:05.900291+00:00,20.485,503.0,"配点 : 200 点 問題文 長さ N の正整数列 A = (A_1, A_2, \dots ,A_N) が与えられます。高橋くんは、以下の操作を A に含まれる正の要素の個数が 1 つ以下になるまで繰り返します。 A を要素の降順に並び替える。それから、 A_1, A_2 を 1 減らす。 高橋くんが操作をする回数を求めてください。 制約 2 \leq N \leq 100 1 \leq A_i \leq 100 入力はすべて整数 入力 入力は以下の形式で標準入力から与えられる。 N A_1 A_2 \cdots A_N 出力 答えを出力せよ。 入力例 1 4 1 2 3 3 出力例 1 4 操作は以下のように進みます。 1 回目の操作で A = (2, 2, 2, 1) となる。 2 回目の操作で A = (1, 1, 2, 1) となる。 3 回目の操作で A = (1, 0, 1, 1) となる。 4 回目の操作で A = (0, 0, 1, 0) となる。 A に含まれる正の要素の個数が 1 つ以下になったので、ここで操作を終了する。 入力例 2 3 1 1 100 出力例 2 2",200.0,
atcoder,abc,public_sponsored_abc,hitachi,abc368,Hitachi Vantara Programming Contest 2024（AtCoder Beginner Contest 368）,2024,2024-08-24,1724500800.0,2024.5,abc368_c,C,Triple Attack,C. Triple Attack,367.0,11404,"['simulation', 'modular arithmetic']",2,https://atcoder.jp/contests/abc368/tasks/abc368_c,https://atcoder-tagged-backend.onrender.com/problems/all,2.3.0-sponsor-abc-kenkoooo-diff,ja,2026-06-04T18:46:05.900291+00:00,35.307,882.0,配点 : 300 点 問題文 あなたはゲームをプレイしています。 N 人の敵が一列に並んでおり、前から i 番目の敵の体力は H_i です。 あなたは 0 で初期化された変数 T を使い、全ての敵の体力が 0 以下になるまで次の行動を繰り返します。 T を 1 増やす。その後、体力が 1 以上である最も前の敵を攻撃する。このとき、 T が 3 の倍数ならばその敵の体力は 3 減り、そうでないなら 1 減る。 全ての敵の体力が 0 以下になったときの T の値を求めてください。 制約 1 \leq N \leq 2\times 10^5 1 \leq H_i \leq 10^9 入力は全て整数 入力 入力は以下の形式で標準入力から与えられる。 N H_1 H_2 \ldots H_N 出力 答えを出力せよ。 入力例 1 3 6 2 2 出力例 1 8 行動は次のように行われます。 T=1 になる。 1 番目の敵を攻撃し、その敵の体力は 6-1=5 となる。 T=2 になる。 1 番目の敵を攻撃し、その敵の体力は 5-1=4 となる。 T=3 になる。 1 番目の敵を攻撃し、その敵の体力は 4-3=1 となる。 T=4 になる。 1 番目の敵を攻撃し、その敵の体力は 1-1=0 となる。 T=5 になる。 2 番目の敵を攻撃し、その敵の体力は 2-1=1 となる。 T=6 になる。 2 番目の敵を攻撃し、その敵の体力は 1-3=-2 となる。 T=7 になる。 3 番目の敵を攻撃し、その敵の体力は 2-1=1 となる。 T=8 になる。 3 番目の敵を攻撃し、その敵の体力は 1-1=0 となる。 入力例 2 9 1 12 123 1234 12345 123456 1234567 12345678 123456789 出力例 2 82304529 入力例 3 5 1000000000 1000000000 1000000000 1000000000 1000000000 出力例 3 3000000000 オーバーフローに注意してください。,300.0,
atcoder,abc,public_sponsored_abc,hitachi,abc368,Hitachi Vantara Programming Contest 2024（AtCoder Beginner Contest 368）,2024,2024-08-24,1724500800.0,2024.5,abc368_d,D,Minimum Steiner Tree,D. Minimum Steiner Tree,816.0,8165,"['tree', 'graph theory', 'greedy', 'dp on trees', 'dfs']",5,https://atcoder.jp/contests/abc368/tasks/abc368_d,https://atcoder-tagged-backend.onrender.com/problems/all,2.3.0-sponsor-abc-kenkoooo-diff,ja,2026-06-04T18:46:05.900291+00:00,44.168,584.0,"配点 : 425 点 問題文 頂点に 1 から N の番号がついた N 頂点の木が与えられます。 i 番目の辺は頂点 A_i と頂点 B_i を結んでいます。 このグラフからいくつかの( 0 個でもよい)辺と頂点を削除してできる木のうち、指定された K 個の頂点、頂点 V_1,\ldots,V_K を全て含むようなものの頂点数の最小値を求めてください。 制約 1 \leq K \leq N \leq 2\times 10^5 1 \leq A_i,B_i \leq N 1 \leq V_1 < V_2 < \ldots < V_K \leq N 与えられるグラフは木である 入力は全て整数 入力 入力は以下の形式で標準入力から与えられる。 N K A_1 B_1 \vdots A_{N-1} B_{N-1} V_1 \ldots V_K 出力 答えを出力せよ。 入力例 1 7 3 1 2 1 3 2 4 2 5 3 6 3 7 1 3 5 出力例 1 4 与えられた木は下図左の通りであり、そこからいくつかの辺と頂点を削除してできる木のうち頂点 1,3,5 を全て含むような頂点数最小のものは下図右の通りです。 入力例 2 4 4 3 1 1 4 2 1 1 2 3 4 出力例 2 4 入力例 3 5 1 1 4 2 3 5 2 1 2 1 出力例 3 1",425.0,
atcoder,abc,public_sponsored_abc,hitachi,abc368,Hitachi Vantara Programming Contest 2024（AtCoder Beginner Contest 368）,2024,2024-08-24,1724500800.0,2024.5,abc368_e,E,Train Delay,E. Train Delay,2140.0,1779,"['sorting', 'plane sweep', 'greedy', 'dp']",4,https://atcoder.jp/contests/abc368/tasks/abc368_e,https://atcoder-tagged-backend.onrender.com/problems/all,2.3.0-sponsor-abc-kenkoooo-diff,ja,2026-06-04T18:46:05.900291+00:00,70.298,1337.0,"配点 : 475 点 問題文 Atcoder 国には 1 から N の番号がついた N 個の街と、 1 から M の番号がついた M 本の電車が走っています。 電車 i は街 A_i を時刻 S_i に発車し、街 B_i に時刻 T_i に到着します。 正の整数 X_1 が与えられるので、 0 以上の整数 X_2,\ldots,X_M を以下の条件を満たすように定める方法のうち、 X_2+\ldots+X_M が最小になるものを求めてください。 条件： 1 \leq i,j \leq M を満たす全ての組 (i,j) について、「 B_i=A_j かつ T_i \leq S_j 」ならば「 T_i+X_i \leq S_j+X_j 」 すなわち、もともと乗り換え可能だった電車の組は、各電車 i の発車時刻・到着時刻を X_i 遅らせても乗り換え可能である なお、 X_2+\ldots+X_M が最小になるような X_2,\ldots,X_M の定め方は一意であることが証明できます。 制約 2 \leq N \leq 2\times 10^5 2 \leq M \leq 2\times 10^5 1 \leq A_i,B_i \leq N A_i \neq B_i 0 \leq S_i < T_i \leq 10^9 1 \leq X_1 \leq 10^9 入力は全て整数 入力 入力は以下の形式で標準入力から与えられる。 N M X_1 A_1 B_1 S_1 T_1 \vdots A_M B_M S_M T_M 出力 条件を満たし、和を最小化するような X_2,\ldots,X_M を、この順に空白区切りで出力せよ。 入力例 1 3 6 15 1 2 10 20 1 2 20 30 2 3 25 40 2 3 35 50 3 1 15 30 3 1 45 60 出力例 1 0 10 0 0 5 街 1 から 2 へ行く電車 1 の到着が 15 遅れ、時刻 35 になりました。 街 2 での電車 1 から 3 への乗り換えのため、電車 3 の発車時刻を 10 遅らせて、時刻 35 発 時刻 50 着とします。 さらに街 3 での電車 3 から 6 への乗り換えのため、電車 6 の発車時刻を 5 遅らせて、時刻 50 発とします。 他の電車は発車を遅らせることなく、元々乗り換え可能だった電車の間を乗り換えることができるため、 (X_2,X_3,X_4,X_5,X_6)=(0,10,0,0,5) は条件を満たします。 また、条件を満たすもののうち和がこれより小さいものは存在しないため、これが答えとなります。 入力例 2 10 9 100 1 10 0 1 10 2 1 100 10 3 1 100 10 4 1 100 10 5 1 100 10 6 1 100 10 7 1 100 10 8 1 100 10 9 1 100 出力例 2 100 100 100 100 100 100 100 100 入力例 3 4 4 10 1 2 0 1 1 2 0 10 2 3 100 200 2 4 100 200 出力例 3 0 0 0",475.0,
atcoder,abc,public_sponsored_abc,hitachi,abc368,Hitachi Vantara Programming Contest 2024（AtCoder Beginner Contest 368）,2024,2024-08-24,1724500800.0,2024.5,abc368_f,F,Dividing Game,F. Dividing Game,1180.0,5106,"['game theory', 'nim', 'prime factorization', 'sprague grundy']",4,https://atcoder.jp/contests/abc368/tasks/abc368_f,https://atcoder-tagged-backend.onrender.com/problems/all,2.3.0-sponsor-abc-kenkoooo-diff,ja,2026-06-04T18:46:05.900291+00:00,51.352,724.0,"配点 : 475 点 問題文 各要素が 2 以上である長さ N の正整数列 A = (A_1, A_2, \dots ,A_N) が与えられます。Anna と Bruno はこれらの整数を用いてゲームをします。二人は、 Anna を先手として交互に以下の操作を行います。 整数 i \ (1 \leq i \leq N) を自由に選ぶ。 A_i の正の約数であって A_i 自身でないものを自由に選び x とし、 A_i を x で置き換える。 操作が行えなくなった方が負けで、負けなかった方が勝ちです。両者が勝ちを目指して最適な行動を取るとき、どちらが勝つか判定してください。 制約 1 \leq N \leq 10^5 2 \leq A_i \leq 10^5 入力はすべて整数 入力 入力は以下の形式で標準入力から与えられる。 N A_1 A_2 \cdots A_N 出力 Anna がゲームに勝つ場合 Anna と、 Bruno がゲームに勝つ場合 Bruno と出力せよ。 入力例 1 3 2 3 4 出力例 1 Anna 例えば、ゲームの進行として以下のようなものが考えられます。必ずしも両者が最適な行動を取った例とは限らないことに注意してください。 Anna が A_3 を 2 にする。 Bruno が A_1 を 1 にする。 Anna が A_2 を 1 にする。 Bruno が A_3 を 1 にする。 Anna のターンで操作ができないので Bruno の勝ちとなる。 実際には、このサンプルでは Anna が最適に行動すると常に Anna が勝つことができます。 入力例 2 4 2 3 4 6 出力例 2 Bruno",475.0,
atcoder,abc,public_sponsored_abc,hitachi,abc368,Hitachi Vantara Programming Contest 2024（AtCoder Beginner Contest 368）,2024,2024-08-24,1724500800.0,2024.5,abc368_g,G,Add and Multiply Queries,G. Add and Multiply Queries,1841.0,2300,"['segment tree', 'binary search']",2,https://atcoder.jp/contests/abc368/tasks/abc368_g,https://atcoder-tagged-backend.onrender.com/problems/all,2.3.0-sponsor-abc-kenkoooo-diff,ja,2026-06-04T18:46:05.900291+00:00,64.397,1106.0,"配点 : 575 点 問題文 長さ N の正整数列 A, B が与えられます。以下の形式で与えられる Q 個のクエリを、与えられた順番に処理してください。クエリは次の 3 種類のいずれかです。 タイプ 1 : 1 i x の形式で与えられる。 A_i を x に置き換える。 タイプ 2 : 2 i x の形式で与えられる。 B_i を x に置き換える。 タイプ 3 : 3 l r の形式で与えられる。以下の問題を解き、答えを出力する。 はじめ v = 0 とする。 i = l, l + 1, \dots ,r の順に、 v を v + A_i もしくは v \times B_i で置き換える操作を行う。最終的な v として実現できる最大値を求めよ。 ただし、 入力で与えられるタイプ 3 のクエリの答えは 10^{18} 以下であることが保証されています。 制約 1 \leq N \leq 10^5 1 \leq A_i \leq 10^9 1 \leq B_i \leq 10^9 1 \leq Q \leq 10^5 タイプ 1 , 2 のクエリにおいて、 1 \leq i \leq N タイプ 1 , 2 のクエリにおいて、 1 \leq x \leq 10^9 タイプ 3 のクエリにおいて、 1 \leq l \leq r \leq N タイプ 3 のクエリにおいて、出力すべき値は 10^{18} 以下である 入力 入力は以下の形式で標準入力から与えられる。 N A_1 A_2 \cdots A_N B_1 B_2 \cdots B_N Q query_1 query_2 \vdots query_Q ここで query_i は i 番目のクエリであり、以下のいずれかの形式で与えられる。 1 i x 2 i x 3 l r 出力 タイプ 3 のクエリの個数を q 個として、 q 行出力せよ。 i 行目には i 番目のタイプ 3 のクエリの答えを出力せよ。 入力例 1 3 3 2 4 1 2 2 3 3 1 3 1 1 1 3 1 3 出力例 1 12 7 1 番目のクエリでは、答えは ((0 + A_1) \times B_2) \times B_3 = 12 です。 3 番目のクエリでは、答えは ((0 + A_1) + A_2) + A_3 = 7 です。 入力例 2 6 65 32 12 5 8 312 4 1 3 15 16 2 6 3 2 6 3 1 5 1 5 6 2 4 9 3 2 6 3 3 5 出力例 2 46080 69840 27648 1728",575.0,
atcoder,abc,public_sponsored_abc,toyota,abc370,Toyota Programming Contest 2024#9（AtCoder Beginner Contest 370）,2024,2024-09-07,1725710400.0,2024.5,abc370_a,A,Raise Both Hands,A. Raise Both Hands,-1042.0,16458,"['implementation', 'conditional']",2,https://atcoder.jp/contests/abc370/tasks/abc370_a,https://atcoder-tagged-backend.onrender.com/problems/all,2.3.0-sponsor-abc-kenkoooo-diff,ja,2026-06-04T18:46:05.900291+00:00,7.5,574.0,"配点 : 100 点 問題文 高橋君はたこ焼きを作ってすぬけ君に振る舞うことにしました。高橋君はすぬけ君に、たこ焼きを食べたいならば左手のみを挙げて、そうでないならば右手のみを挙げるよう指示しました。 すぬけ君が挙げた手の情報は整数 L, R によって与えられます。 すぬけ君は L = 1 のとき、またそのときに限り左手を挙げており、 R = 1 のとき、またそのときに限り右手を挙げています。すぬけ君は指示に従わず、両手を挙げることも手を挙げないこともあります。 すぬけ君が片方の手のみを挙げている場合、すぬけ君がたこ焼きを食べたいならば Yes を、そうでないならば No を出力してください。すぬけ君が両手を挙げているか、手を挙げていないときは Invalid と出力してください。 ただし、すぬけ君が片方の手のみを挙げている場合は必ず指示に従った行動を取っているものとします。 制約 L, R は 0 または 1 入力 入力は以下の形式で標準入力から与えられる。 L R 出力 問題文の指示に従って Yes , No , Invalid のいずれかを出力せよ。 入力例 1 1 0 出力例 1 Yes すぬけ君はたこ焼きを食べたいので左手のみを挙げています。 入力例 2 1 1 出力例 2 Invalid すぬけ君は両手を挙げています。",100.0,
atcoder,abc,public_sponsored_abc,toyota,abc370,Toyota Programming Contest 2024#9（AtCoder Beginner Contest 370）,2024,2024-09-07,1725710400.0,2024.5,abc370_b,B,Binary Alchemy,B. Binary Alchemy,-226.0,13710,"['implementation', 'simulation', 'matrix', '2d array']",4,https://atcoder.jp/contests/abc370/tasks/abc370_b,https://atcoder-tagged-backend.onrender.com/problems/all,2.3.0-sponsor-abc-kenkoooo-diff,ja,2026-06-04T18:46:05.900291+00:00,23.604,671.0,"配点 : 200 点 問題文 N 種類の元素があり、元素には 1, 2, \ldots, N の番号が付けられています。 元素どうしは合成させることができ、元素 i と元素 j を合成すると i \geq j のとき元素 A_{i, j} に、 i < j のとき元素 A_{j, i} に変化します。 元素 1 に対して元素 1, 2, \ldots, N をこの順に合成したとき、最終的に得られる元素を求めてください。 制約 1 \leq N \leq 100 1 \leq A_{i, j} \leq N 入力される値はすべて整数 入力 入力は以下の形式で標準入力から与えられる。 N A_{1, 1} A_{2, 1} A_{2, 2} \vdots A_{N, 1} A_{N, 2} \ldots A_{N, N} 出力 最終的に得られる元素の番号を出力せよ。 入力例 1 4 3 2 4 3 1 2 2 1 2 4 出力例 1 2 元素 1 と元素 1 を合成すると、元素 3 が得られます。 元素 3 と元素 2 を合成すると、元素 1 が得られます。 元素 1 と元素 3 を合成すると、元素 3 が得られます。 元素 3 と元素 4 を合成すると、元素 2 が得られます。 したがって、出力するべき値は 2 です。 入力例 2 5 5 5 5 5 5 5 5 5 5 5 5 5 5 5 5 出力例 2 5 入力例 3 6 2 1 5 1 6 3 2 6 1 4 2 1 1 1 6 5 6 1 2 2 5 出力例 3 5",200.0,
atcoder,abc,public_sponsored_abc,toyota,abc370,Toyota Programming Contest 2024#9（AtCoder Beginner Contest 370）,2024,2024-09-07,1725710400.0,2024.5,abc370_c,C,Word Ladder,C. Word Ladder,176.0,12045,"['greedy', 'string', 'constructive', 'lexicographical']",4,https://atcoder.jp/contests/abc370/tasks/abc370_c,https://atcoder-tagged-backend.onrender.com/problems/all,2.3.0-sponsor-abc-kenkoooo-diff,ja,2026-06-04T18:46:05.900291+00:00,31.537,1164.0,"配点 : 300 点 問題文 英小文字からなる文字列 S, T が与えられます。ここで、 S と T の長さは等しいです。 X を空の配列とし、以下の操作を S と T が等しくなるまで繰り返します。 S の文字を 1 文字書き換え、 X の末尾に S を追加する。 こうして得られる文字列の配列 X のうち要素数最小のものを求めてください。要素数最小のものが複数考えられる場合は、そのうち辞書順最小のものを求めてください。 文字列の配列の辞書順とは 長さ N の文字列 S = S_1 S_2 \ldots S_N が長さ N の文字列 T = T_1 T_2 \ldots T_N より 辞書順で小さい とは、ある整数 1 \leq i \leq N が存在して下記の 2 つがともに成り立つことをいいます。 S_1 S_2 \ldots S_{i-1} = T_1 T_2 \ldots T_{i-1} S_i が T_i よりアルファベット順で早い。 要素数 M の文字列の配列 X = (X_1,X_2,\ldots,X_M) が要素数 M の文字列の配列 Y = (Y_1,Y_2,\ldots,Y_M) より 辞書順で小さい とは、ある整数 1 \leq j \leq M が存在して下記の 2 つがともに成り立つことをいいます。 (X_1,X_2,\ldots,X_{j-1}) = (Y_1,Y_2,\ldots,Y_{j-1}) X_j が Y_j より辞書順で小さい。 制約 S, T は英小文字からなる長さ 1 以上 100 以下の文字列 S と T の長さは等しい 入力 入力は以下の形式で標準入力から与えられる。 S T 出力 答えの要素数を M として M + 1 行出力せよ。 1 行目には M の値を出力せよ。 i + 1 (1 \leq i \leq M) 行目には答えの i 番目の要素を出力せよ。 入力例 1 adbe bcbc 出力例 1 3 acbe acbc bcbc はじめ、 S = adbe です。 以下のように操作することで、 X = ( acbe , acbc , bcbc ) とすることができます。 S を acbe に書き換え、 X の末尾に acbe を追加する。 S を acbc に書き換え、 X の末尾に acbc を追加する。 S を bcbc に書き換え、 X の末尾に bcbc を追加する。 入力例 2 abcde abcde 出力例 2 0 入力例 3 afwgebrw oarbrenq 出力例 3 8 aawgebrw aargebrw aarbebrw aarbebnw aarbebnq aarbeenq aarbrenq oarbrenq",300.0,
atcoder,abc,public_sponsored_abc,toyota,abc370,Toyota Programming Contest 2024#9（AtCoder Beginner Contest 370）,2024,2024-09-07,1725710400.0,2024.5,abc370_d,D,Cross Explosion,D. Cross Explosion,1088.0,6635,"['set', 'binary search', 'balanced bst', 'grid']",4,https://atcoder.jp/contests/abc370/tasks/abc370_d,https://atcoder-tagged-backend.onrender.com/problems/all,2.3.0-sponsor-abc-kenkoooo-diff,ja,2026-06-04T18:46:05.900291+00:00,49.536,1441.0,"配点 : 400 点 問題文 縦 H マス、横 W マスのグリッドがあります。上から i 行目、左から j 列目のマスを (i, j) と表します。 はじめ、全てのマスには壁が 1 個ずつ立てられています。 以下で説明されるクエリを Q 個与えられる順に処理した後に、残っている壁の個数を求めてください。 q 番目のクエリでは整数 R_q, C_q が与えられます。 あなたは (R_q, C_q) に爆弾を置いて壁を爆破します。その結果、以下の処理が行われます。 (R_q, C_q) に壁が存在する場合は、その壁を破壊して処理を終了する。 (R_q, C_q) に壁が存在しない場合は、 (R_q, C_q) から上下左右に見て最初に現れる壁を破壊する。厳密に述べると、以下の 4 個の処理が同時に行われる。 (i, C_q) に壁が存在して (k, C_q) (i \lt k \lt R_q) に壁が存在しないような i \lt R_q が存在する時、 (i, C_q) に存在する壁を破壊する。 (i, C_q) に壁が存在して (k, C_q) (R_q \lt k \lt i) に壁が存在しないような i \gt R_q が存在する時、 (i, C_q) に存在する壁を破壊する。 (R_q, j) に壁が存在して (R_q, k) (j \lt k \lt C_q) に壁が存在しないような j \lt C_q が存在する時、 (R_q, j) に存在する壁を破壊する。 (R_q, j) に壁が存在して (R_q, k) (C_q \lt k \lt j) に壁が存在しないような j \gt C_q が存在する時、 (R_q, j) に存在する壁を破壊する。 制約 1 \leq H, W H \times W \leq 4 \times 10^5 1 \leq Q \leq 2 \times 10^5 1 \leq R_q \leq H 1 \leq C_q \leq W 入力される値は全て整数 入力 入力は以下の形式で標準入力から与えられる。 H W Q R_1 C_1 R_2 C_2 \vdots R_Q C_Q 出力 クエリを全て処理した後に、残っている壁の個数を出力せよ。 入力例 1 2 4 3 1 2 1 2 1 3 出力例 1 2 クエリを処理する手順を説明すると次のようになります。 1 番目のクエリでは (R_1, C_1) = (1, 2) である。 (1, 2) に壁は存在するので (1, 2) の壁が爆破される。 2 番目のクエリでは (R_2, C_2) = (1, 2) である。 (1, 2) に壁は存在しないので、 (1, 2) から上下左右に見て最初に現れる壁である (2,2),(1,1),(1,3) が爆破される。 3 番目のクエリでは (R_2, C_2) = (1, 3) である。 (1, 3) に壁は存在しないので、 (1, 3) から上下左右に見て最初に現れる壁である (2,3),(1,4) が爆破される。 全てのクエリを処理した後に残っている壁は (2, 1), (2, 4) の 2 個です。 入力例 2 5 5 5 3 3 3 3 3 2 2 2 1 2 出力例 2 10 入力例 3 4 3 10 2 2 4 1 1 1 4 2 2 1 3 1 1 3 1 2 4 3 4 2 出力例 3 2",400.0,
atcoder,abc,public_sponsored_abc,toyota,abc370,Toyota Programming Contest 2024#9（AtCoder Beginner Contest 370）,2024,2024-09-07,1725710400.0,2024.5,abc370_e,E,Avoid K Partition,E. Avoid K Partition,1453.0,4236,"['dp', 'prefix sum', 'map', 'counting']",4,https://atcoder.jp/contests/abc370/tasks/abc370_e,https://atcoder-tagged-backend.onrender.com/problems/all,2.3.0-sponsor-abc-kenkoooo-diff,ja,2026-06-04T18:46:05.900291+00:00,56.74,851.0,"配点 : 475 点 問題文 長さ N の数列 A = (A_1, A_2, \dots, A_N) および整数 K があります。 A をいくつかの連続部分列に分割する方法は 2^{N-1} 通りありますが、そのうち分割後に要素の和が K である列が存在しない分割の方法は何通りありますか。答えを 998244353 で割った余りを求めてください。 ここで、「 A をいくつかの連続部分列に分割する」とは次の手順のことを言います。 分割後の数列の個数 k (1 \leq k \leq N) および 1 = i_1 \lt i_2 \lt \dots \lt i_k \lt i_{k+1} = N+1 を満たす整数列 (i_1, i_2, \dots, i_k, i_{k+1}) を自由に選ぶ。 1 \leq n \leq k について、 n 番目の数列を、 A の i_n 番目から i_{n+1} - 1 番目までの要素を順番を保ったまま取り出して出来る数列とする。 A = (1, 2, 3, 4, 5) のときの分割の例を以下に挙げます。 (1, 2, 3), (4), (5) (1, 2), (3, 4, 5) (1, 2, 3, 4, 5) 制約 1 \leq N \leq 2 \times 10^5 -10^{15} \leq K \leq 10^{15} -10^9 \leq A_i \leq 10^9 入力される値は全て整数 入力 入力は以下の形式で標準入力から与えられる。 N K A_1 A_2 \dots A_N 出力 答えを 998244353 で割った余りを出力せよ。 入力例 1 3 3 1 2 3 出力例 1 2 問題文の条件を満たす分割は次の 2 通りです。 (1), (2, 3) (1, 2, 3) 入力例 2 5 0 0 0 0 0 0 出力例 2 0 入力例 3 10 5 -5 -1 -7 6 -6 -2 -5 10 2 -10 出力例 3 428",475.0,
atcoder,abc,public_sponsored_abc,toyota,abc370,Toyota Programming Contest 2024#9（AtCoder Beginner Contest 370）,2024,2024-09-07,1725710400.0,2024.5,abc370_f,F,Cake Division,F. Cake Division,2102.0,1668,"['binary search on answer', 'binary lifting', 'two pointer', 'prefix sum', 'circular array', 'greedy']",6,https://atcoder.jp/contests/abc370/tasks/abc370_f,https://atcoder-tagged-backend.onrender.com/problems/all,2.3.0-sponsor-abc-kenkoooo-diff,ja,2026-06-04T18:46:05.900291+00:00,69.548,1186.0,"配点 : 575 点 問題文 円形のケーキがあり、ケーキは切り目によって N 個のピースに分けられています。各切り目は円の中心と円弧上の点を結ぶ線分です。 ピースおよび切り目には時計回りに 1, 2, \ldots, N の番号が付けられており、ピース i の質量は A_i です。ピース 1 をピース N + 1 とも呼ぶこととします。 切り目 i は ピース i とピース i + 1 の間にあり、ピース 1 , 切り目 1 , ピース 2 , 切り目 2 , \ldots , ピース N , 切り目 N の順に時計回りに並んでいます。 このケーキを以下の条件を満たすように K 人に分けようとしています。ただし、 i 番目の人が受け取るピースの質量の合計を w_i とします。 すべての人が 1 つ以上の 連続する ピースを受け取る 誰も受け取らないピースは存在しない 上の 2 つの条件を満たすという条件下で \min(w_1, w_2, \ldots, w_K) が最大になるようにする 条件を満たす分け方における \min(w_1, w_2, \ldots, w_K) の値および条件を満たすすべての分け方で切られることのない切り目の個数を求めてください。ただし、切り目 i が切られるとは、ピース i とピース i + 1 が異なる人に分けられることを指します。 制約 2 \leq K \leq N \leq 2 \times 10^5 1 \leq A_i \leq 10^4 入力される値はすべて整数 入力 入力は以下の形式で標準入力から与えられる。 N K A_1 A_2 \ldots A_N 出力 条件を満たす分け方における \min(w_1, w_2, \ldots, w_K) の値を x 、 切られることのない切り目の個数を y として、 x と y をこの順に空白区切りで出力せよ。 入力例 1 5 2 3 6 8 6 4 出力例 1 13 1 以下の分け方が条件を満たします。 一方の人にピース 2, 3 を渡し、もう一方の人にピース 4, 5, 1 を渡す。ピース 2, 3 の質量の合計は 14 、ピース 4, 5, 1 の質量の合計は 13 である。 一方の人にピース 3, 4 を渡し、もう一方の人にピース 5, 1, 2 を渡す。ピース 3, 4 の質量の合計は 14 、ピース 5, 1, 2 の質量の合計は 13 である。 条件を満たす分け方における \min(w_1, w_2) の値は 13 であり、どちらの分け方でも切られない切り目は切り目 5 の 1 つです。 入力例 2 6 3 4 7 11 3 9 2 出力例 2 11 1 入力例 3 10 3 2 9 8 1 7 9 1 3 5 8 出力例 3 17 4",575.0,
atcoder,abc,public_sponsored_abc,toyota,abc370,Toyota Programming Contest 2024#9（AtCoder Beginner Contest 370）,2024,2024-09-07,1725710400.0,2024.5,abc370_g,G,Divisible by 3,G. Divisible by 3,3428.0,137,"['min 25 sieve', 'math', 'combinatorics', 'stars and bars', 'number theory']",5,https://atcoder.jp/contests/abc370/tasks/abc370_g,https://atcoder-tagged-backend.onrender.com/problems/all,2.3.0-sponsor-abc-kenkoooo-diff,ja,2026-06-04T18:46:05.900291+00:00,95.717,420.0,"配点 : 650 点 問題文 正整数 n の正の約数の総和が 3 で割り切れる時、 n を良い整数と呼びます。 正整数 N, M が与えられます。長さ M の正整数列 A のうち、 A の要素の総積が N 以下の良い整数になるものの個数を 998244353 で割った余りを求めてください。 制約 1 \leq N \leq 10^{10} 1 \leq M \leq 10^5 N, M は整数 入力 入力は以下の形式で標準入力から与えられる。 N M 出力 答えを出力せよ。 入力例 1 10 1 出力例 1 5 条件を満たす数列は次の 5 個です。 (2) (5) (6) (8) (10) 入力例 2 4 2 出力例 2 2 条件を満たす数列は次の 2 個です。 (1, 2) (2, 1) 入力例 3 370 907 出力例 3 221764640 入力例 4 10000000000 100000 出力例 4 447456146",650.0,
atcoder,abc,public_sponsored_abc,unique_vision,abc372,UNIQUE VISION Programming Contest 2024 Autumn (AtCoder Beginner Contest 372),2024,2024-09-21,1726920000.0,2024.5,abc372_a,A,delete .,A. delete .,-1013.0,14538,"['string', 'implementation', 'iteration']",3,https://atcoder.jp/contests/abc372/tasks/abc372_a,https://atcoder-tagged-backend.onrender.com/problems/all,2.3.0-sponsor-abc-kenkoooo-diff,ja,2026-06-04T18:46:05.900291+00:00,8.072,317.0,配点 : 100 点 問題文 英小文字および . からなる文字列 S が与えられます。 S から . を全て削除した文字列を求めてください。 制約 S は英小文字および . からなる長さ 1 以上 100 以下の文字列 入力 入力は以下の形式で標準入力から与えられる。 S 出力 S から . を全て削除した文字列を出力せよ。 入力例 1 .v. 出力例 1 v .v. から . を全て削除すると v になります。したがって、 v を出力してください。 入力例 2 chokudai 出力例 2 chokudai S に . が含まれない場合もあります。 入力例 3 ... 出力例 3 S の文字が全て . である場合もあります。,100.0,
atcoder,abc,public_sponsored_abc,unique_vision,abc372,UNIQUE VISION Programming Contest 2024 Autumn (AtCoder Beginner Contest 372),2024,2024-09-21,1726920000.0,2024.5,abc372_b,B,3^A,B. 3^A,-48.0,11754,"['base representation', 'base conversion', 'greedy', 'implementation']",4,https://atcoder.jp/contests/abc372/tasks/abc372_b,https://atcoder-tagged-backend.onrender.com/problems/all,2.3.0-sponsor-abc-kenkoooo-diff,ja,2026-06-04T18:46:05.900291+00:00,27.117,593.0,"配点 : 200 点 問題文 正整数 M が与えられます。 以下の条件を全て満たす正整数 N と非負整数列 A=(A_1,A_2,\ldots,A_N) を一つ求めてください。 1\le N\le 20 0\le A_i\le 10 (1\le i\le N) \displaystyle \sum_{i=1}^N 3^{A_i}=M ただし、制約下では条件を満たす N と A の組が必ず存在することが証明できます。 制約 1\le M\le 10^5 入力 入力は以下の形式で標準入力から与えられる。 M 出力 以下の形式で条件を満たす N と A を出力せよ。 N A_1 A_2 \ldots A_N なお、条件を満たす N と A の組が複数存在する場合は、どれを出力しても正答となる。 入力例 1 6 出力例 1 2 1 1 N=2 、 A=(1,1) とすると \displaystyle \sum_{i=1}^N 3^{A_i}=3+3=6 より全ての条件を満たします。 他に N=4 、 A=(0,0,1,0) なども条件を満たします。 入力例 2 100 出力例 2 4 2 0 2 4 入力例 3 59048 出力例 3 20 0 0 1 1 2 2 3 3 4 4 5 5 6 6 7 7 8 8 9 9 1\le N\le 20 という制約に注意してください。",200.0,
atcoder,abc,public_sponsored_abc,unique_vision,abc372,UNIQUE VISION Programming Contest 2024 Autumn (AtCoder Beginner Contest 372),2024,2024-09-21,1726920000.0,2024.5,abc372_c,C,Count ABC Again,C. Count ABC Again,336.0,10315,"['string', 'point update', 'contribution counting']",3,https://atcoder.jp/contests/abc372/tasks/abc372_c,https://atcoder-tagged-backend.onrender.com/problems/all,2.3.0-sponsor-abc-kenkoooo-diff,ja,2026-06-04T18:46:05.900291+00:00,34.695,965.0,配点 : 350 点 問題文 長さ N の文字列 S が与えられます。クエリが Q 個与えられるので、順番に処理してください。 i 番目のクエリは以下の通りです。 整数 X_i と文字 C_i が与えられるので、 S の X_i 番目の文字を C_i に置き換える。その後、 S に文字列 ABC が部分文字列として何箇所含まれるかを出力する。 ここで、 S の 部分文字列 とは、 S の先頭から 0 文字以上、末尾から 0 文字以上削除して得られる文字列のことをいいます。 例えば、 ab は abc の部分文字列ですが、 ac は abc の部分文字列ではありません。 制約 3\le N\le 2\times 10^5 1\le Q\le 2\times 10^5 S は英大文字からなる長さ N の文字列 1\le X_i\le N C_i は英大文字 入力 入力は以下の形式で標準入力から与えられる。 N Q S X_1 C_1 X_2 C_2 \vdots X_Q C_Q 出力 Q 行出力せよ。 i 行目 (1\le i\le Q) には i 番目のクエリに対する答えを出力せよ。 入力例 1 7 4 ABCDABC 4 B 3 A 5 C 4 G 出力例 1 2 1 1 0 各クエリを処理した後の S は次のようになります。 1 つ目のクエリを処理後： S= ABCBABC となる。この中に ABC は部分文字列として 2 回登場する。 2 つ目のクエリを処理後： S= ABABABC となる。この中に ABC は部分文字列として 1 回登場する。 3 つ目のクエリを処理後： S= ABABCBC となる。この中に ABC は部分文字列として 1 回登場する。 4 つ目のクエリを処理後： S= ABAGCBC となる。この中に ABC は部分文字列として 0 回登場する。 入力例 2 3 3 ABC 1 A 2 B 3 C 出力例 2 1 1 1 クエリの処理前と処理後で S が変わらない場合もあります。 入力例 3 15 10 BBCCBCACCBACACA 9 C 11 B 5 B 11 B 4 A 8 C 8 B 5 B 7 B 14 B 出力例 3 0 0 0 0 1 1 2 2 1 1,350.0,
atcoder,abc,public_sponsored_abc,unique_vision,abc372,UNIQUE VISION Programming Contest 2024 Autumn (AtCoder Beginner Contest 372),2024,2024-09-21,1726920000.0,2024.5,abc372_d,D,Buildings,D. Buildings,901.0,7550,"['monotonic stack', 'difference array', 'data structure', 'array']",4,https://atcoder.jp/contests/abc372/tasks/abc372_d,https://atcoder-tagged-backend.onrender.com/problems/all,2.3.0-sponsor-abc-kenkoooo-diff,ja,2026-06-04T18:46:05.900291+00:00,45.846,632.0,"配点 : 400 点 問題文 ビル 1 , ビル 2 , \ldots , ビル N の N 棟のビルがこの順で一列に並んでいます。ビル i\ (1\leq i\leq N) の高さは H_i です。 各 i=1,2,\ldots,N について、次を満たす整数 j\ (i\lt j\leq N) の個数を求めてください。 ビル i とビル j の間にビル j より高いビルが存在しない。 制約 1\leq N\leq 2\times 10^5 1\leq H_i\leq N H_i\neq H_j\ (i\neq j) 入力は全て整数 入力 入力は以下の形式で標準入力から与えられる。 N H_1 H_2 \ldots H_N 出力 各 i=1,2,\ldots,N に対して条件を満たす j の個数を c_i としたとき、 c_1,c_2,\ldots,c_N をこの順で空白区切りで出力せよ。 入力例 1 5 2 1 4 3 5 出力例 1 3 2 2 1 0 i=1 について、条件を満たす j は 2,3,5 の 3 つです。（ビル 1 とビル 4 の間にはビル 4 より高いビル 3 が存在するため、 j=4 は条件を満たしません。）よって、出力の 1 つ目は 3 になります。 入力例 2 4 1 2 3 4 出力例 2 3 2 1 0 入力例 3 10 1 9 6 5 2 7 10 4 8 3 出力例 3 2 3 3 3 2 1 2 1 1 0",400.0,
atcoder,abc,public_sponsored_abc,unique_vision,abc372,UNIQUE VISION Programming Contest 2024 Autumn (AtCoder Beginner Contest 372),2024,2024-09-21,1726920000.0,2024.5,abc372_e,E,K-th Largest Connected Components,E. K-th Largest Connected Components,1042.0,6054,"['dsu', 'connected components', 'merge', 'search']",4,https://atcoder.jp/contests/abc372/tasks/abc372_e,https://atcoder-tagged-backend.onrender.com/problems/all,2.3.0-sponsor-abc-kenkoooo-diff,ja,2026-06-04T18:46:05.900291+00:00,48.628,1382.0,"配点 : 475 点 問題文 N 頂点 0 辺の無向グラフがあります。頂点には 1 から N の番号がつけられています。 Q 個のクエリが与えられるので、与えられた順に処理してください。各クエリは以下の 2 種類のいずれかです。 タイプ 1 : 1 u v の形式で与えられる。頂点 u と頂点 v の間に辺を追加する。 タイプ 2 : 2 v k の形式で与えられる。頂点 v と連結な頂点の中で、 k 番目に頂点番号が大きいものを出力する。ただし、頂点 v と連結な頂点が k 個未満のときは -1 を出力する。 制約 1\leq N,Q\leq 2\times 10^5 タイプ 1 のクエリにおいて、 1\leq u\lt v\leq N タイプ 2 のクエリにおいて、 1\leq v\leq N, 1\leq k\leq 10 入力は全て整数 入力 入力は以下の形式で標準入力から与えられる。 N Q \mathrm{query}_1 \mathrm{query}_2 \vdots \mathrm{query}_Q ただし、 \mathrm{query}_i は i 個目のクエリであり、以下のいずれかの形式で与えられる。 1 u v 2 v k 出力 タイプ 2 のクエリの個数を q として、 q 行出力せよ。 i 行目には i 個目のタイプ 2 に対するクエリの答えを出力せよ。 入力例 1 4 10 1 1 2 2 1 1 2 1 2 2 1 3 1 1 3 1 2 3 1 3 4 2 1 1 2 1 3 2 1 5 出力例 1 2 1 -1 4 2 -1 1 個目のクエリについて、頂点 1 と頂点 2 の間に辺が追加されます。 2 個目のクエリについて、頂点 1 と連結な頂点は 1,2 の 2 つです。この中で 1 番目に大きい 2 を出力します。 3 個目のクエリについて、頂点 1 と連結な頂点は 1,2 の 2 つです。この中で 2 番目に大きい 1 を出力します。 4 個目のクエリについて、頂点 1 と連結な頂点は 1,2 の 2 つです。 3 個未満なので -1 を出力します。 5 個目のクエリについて、頂点 1 と頂点 3 の間に辺が追加されます。 6 個目のクエリについて、頂点 2 と頂点 3 の間に辺が追加されます。 7 個目のクエリについて、頂点 3 と頂点 4 の間に辺が追加されます。 8 個目のクエリについて、頂点 1 と連結な頂点は 1,2,3,4 の 4 つです。この中で 1 番目に大きい 4 を出力します。 9 個目のクエリについて、頂点 1 と連結な頂点は 1,2,3,4 の 4 つです。この中で 3 番目に大きい 2 を出力します。 10 個目のクエリについて、頂点 1 と連結な頂点は 1,2,3,4 の 4 つです。 5 個未満なので -1 を出力します。 入力例 2 6 20 1 3 4 1 3 5 2 1 1 2 3 1 1 1 5 2 6 9 2 1 3 2 6 1 1 4 6 2 2 1 2 6 2 2 4 7 1 1 4 2 6 2 2 3 4 1 2 5 2 4 1 1 1 6 2 3 3 2 1 3 出力例 2 1 5 -1 3 6 2 5 -1 5 3 6 4 4",475.0,
atcoder,abc,public_sponsored_abc,unique_vision,abc372,UNIQUE VISION Programming Contest 2024 Autumn (AtCoder Beginner Contest 372),2024,2024-09-21,1726920000.0,2024.5,abc372_f,F,Teleporting Takahashi 2,F. Teleporting Takahashi 2,1722.0,2584,"['dp', 'graph theory', 'path', 'dp optimization', 'array']",5,https://atcoder.jp/contests/abc372/tasks/abc372_f,https://atcoder-tagged-backend.onrender.com/problems/all,2.3.0-sponsor-abc-kenkoooo-diff,ja,2026-06-04T18:46:05.900291+00:00,62.049,1166.0,"配点 : 525 点 問題文 N 頂点 N+M 辺の単純有向グラフ G があります。頂点には 1 から N の番号が、辺には 1 から N+M までの番号がつけられています。 辺 i (1 \leq i \leq N) は頂点 i から頂点 i+1 へ張られています。（ただし、頂点 N+1 は頂点 1 とみなします。） 辺 N+i\ (1\leq i\leq M) は頂点 X_i から頂点 Y_i へ張られています。 高橋君は頂点 1 にいます。各頂点において、高橋君はその頂点から有向辺が張られている頂点に移動することができます。 高橋君がちょうど K 回移動する方法が何通りあるかを求めてください。 すなわち、長さ K+1 の 整数列 (v_0,v_1,\dots,v_K) であって、下記の 3 つの条件をすべて満たすものの個数を求めてください。 i=0,1,\dots,K について、 1\leq v_i\leq N v_0=1 i=1,2,\ldots,K について、頂点 v_{i-1} から頂点 v_i へ有向辺が張られている。 ただし、答えは非常に大きくなることがあるので、答えを 998244353 で割った余りを出力してください。 制約 2\leq N\leq 2\times 10^5 0\leq M\leq 50 1\leq K\leq 2\times 10^5 1\leq X_i,Y_i\leq N,X_i\neq Y_i N+M 本の有向辺はすべて異なる 入力は全て整数 入力 入力は以下の形式で標準入力から与えられる。 N M K X_1 Y_1 X_2 Y_2 \vdots X_M Y_M 出力 答えを 998244353 で割った余りを出力せよ。 入力例 1 6 2 5 1 4 2 5 出力例 1 5 上図はグラフ G を表しています。以下の 5 通りの移動方法が存在します。 頂点 1\to 頂点 2\to 頂点 3\to 頂点 4\to 頂点 5\to 頂点 6 頂点 1\to 頂点 2\to 頂点 5\to 頂点 6\to 頂点 1\to 頂点 2 頂点 1\to 頂点 2\to 頂点 5\to 頂点 6\to 頂点 1\to 頂点 4 頂点 1\to 頂点 4\to 頂点 5\to 頂点 6\to 頂点 1\to 頂点 2 頂点 1\to 頂点 4\to 頂点 5\to 頂点 6\to 頂点 1\to 頂点 4 入力例 2 10 0 200000 出力例 2 1 入力例 3 199 10 1326 122 39 142 49 164 119 197 127 188 145 69 80 6 120 24 160 18 154 185 27 出力例 3 451022766",525.0,
atcoder,abc,public_sponsored_abc,unique_vision,abc372,UNIQUE VISION Programming Contest 2024 Autumn (AtCoder Beginner Contest 372),2024,2024-09-21,1726920000.0,2024.5,abc372_g,G,Ax + By < C,G. Ax + By < C,2925.0,232,"['half plane intersection', 'convex hull', 'floor sum', 'euclidean algorithm', 'geometry', 'lattice points']",6,https://atcoder.jp/contests/abc372/tasks/abc372_g,https://atcoder-tagged-backend.onrender.com/problems/all,2.3.0-sponsor-abc-kenkoooo-diff,ja,2026-06-04T18:46:05.900291+00:00,85.79,1232.0,"配点 : 625 点 問題文 長さ N の正整数列 A=(A_1,A_2,\ldots,A_N),B=(B_1,B_2,\ldots,B_N),C=(C_1,C_2,\ldots,C_N) が与えられます。 以下の条件を満たす正整数の組 (x,y) の個数を求めてください。 全ての 1\le i\le N に対して A_i\times x+B_i\times y < C_i が成立する。 なお、条件を満たす正整数の組の個数は有限個であることが証明できます。 T 個のテストケースが与えられるので、それぞれに対して答えを求めてください。 制約 1\le T\le 2\times 10^5 1\le N\le 2\times 10^5 1\le A_i,B_i,C_i\le 10^9 全てのテストケースにおける N の総和は 2\times 10^5 以下である 入力は全て整数 入力 入力は以下の形式で標準入力から与えられる。ここで、 \mathrm{case}_i は i 番目のテストケースを意味する。 T \mathrm{case}_1 \mathrm{case}_2 \vdots \mathrm{case}_T 各テストケースは以下の形式で与えられる。 N A_1 B_1 C_1 A_2 B_2 C_2 \vdots A_N B_N C_N 出力 T 行出力せよ。 i 行目 (1\le i\le T) には \mathrm{case}_i に対する答えを出力せよ。 入力例 1 2 2 1 1 4 1 2 5 1 1 1 2 出力例 1 2 0 1 つ目のテストケースでは、条件を満たす正整数の組は (x,y)=(1,1),(2,1) の 2 つです。したがって、 1 行目には 2 を出力してください。 2 つ目のテストケースでは、条件を満たす正整数の組は存在しません。したがって、 2 行目には 0 を出力してください。 入力例 2 3 7 138 16011 918976 5478 7748 499926 5234 17727 748589 1157 10511 643136 31200 3005 721285 28839 14469 798851 1933 5378 864127 9 17775 1665 386430 37001 863 922418 9756 4182 746671 12379 9106 807578 3984 4049 640539 25333 9869 780810 20372 7000 688738 16107 11974 827227 10779 10531 770510 5 4916 14132 460944 11856 45422 610561 56014 18216 825793 10363 6220 945356 37418 33866 851593 出力例 2 660 995 140",625.0,
atcoder,abc,public_sponsored_abc,panasonic,abc375,Panasonic Programming Contest 2024（AtCoder Beginner Contest 375）,2024,2024-10-12,1728734400.0,2024.5,abc375_a,A,Seats,A. Seats,-789.0,15488,"['implementation', 'string', 'brute force']",3,https://atcoder.jp/contests/abc375/tasks/abc375_a,https://atcoder-tagged-backend.onrender.com/problems/all,2.3.0-sponsor-abc-kenkoooo-diff,ja,2026-06-04T18:46:05.900291+00:00,12.493,463.0,"配点 : 100 点 問題文 N 個の座席が並んでおり、座席には 1, 2, \ldots, N の番号が付けられています。 座席の状態は # , . からなる長さ N の文字列 S によって与えられます。 S の i 文字目が # のとき座席 i には人が座っていることを表し、 S の i 文字目が . のとき座席 i には人が座っていないことを表します。 1 以上 N - 2 以下の整数 i であって、以下の条件を満たすものの個数を求めてください。 座席 i, i + 2 には人が座っており、座席 i + 1 には人が座っていない 制約 N は 1 以上 2 \times 10^5 以下の整数 S は # , . からなる長さ N の文字列 入力 入力は以下の形式で標準入力から与えられる。 N S 出力 答えを出力せよ。 入力例 1 6 #.##.# 出力例 1 2 i = 1, 4 が条件を満たすので、答えは 2 です。 入力例 2 1 # 出力例 2 0 入力例 3 9 ##.#.#.## 出力例 3 3",100.0,
atcoder,abc,public_sponsored_abc,panasonic,abc375,Panasonic Programming Contest 2024（AtCoder Beginner Contest 375）,2024,2024-10-12,1728734400.0,2024.5,abc375_b,B,Traveling Takahashi Problem,B. Traveling Takahashi Problem,-325.0,13776,"['computational geometry', 'euclidean distance', 'simulation', 'implementation']",4,https://atcoder.jp/contests/abc375/tasks/abc375_b,https://atcoder-tagged-backend.onrender.com/problems/all,2.3.0-sponsor-abc-kenkoooo-diff,ja,2026-06-04T18:46:05.900291+00:00,21.65,935.0,"配点 : 150 点 問題文 2 次元座標平面の原点に高橋くんがいます。 高橋くんが座標平面上の点 (a,b) から点 (c,d) に移動するには \sqrt{(a-c)^2+(b-d)^2} のコストがかかります。 高橋くんが原点からスタートし N 個の点 (X_1,Y_1),\ldots,(X_N,Y_N) へこの順に移動したのち原点に戻るときの、コストの総和を求めてください。 制約 1 \leq N \leq 2\times 10^5 -10^9 \leq X_i,Y_i \leq 10^9 入力は全て整数である 入力 入力は以下の形式で標準入力から与えられる。 N X_1 Y_1 \vdots X_N Y_N 出力 答えを出力せよ。 真の値との相対誤差または絶対誤差が 10^{-6} 以下であれば正解とみなされる。 入力例 1 2 1 2 -1 0 出力例 1 6.06449510224597979401 移動は次の 3 行程からなります。 (0,0) から (1,2) に移動する。 \sqrt{(0-1)^2+(0-2)^2}=\sqrt{5}=2.236067977... のコストがかかる (1,2) から (-1,0) に移動する。 \sqrt{(1-(-1))^2+(2-0)^2}=\sqrt{8}=2.828427124... のコストがかかる (-1,0) から (0,0) に移動する。 \sqrt{(-1-0)^2+(0-0)^2}=\sqrt{1}=1 のコストがかかる コストの総和は 6.064495102... となります。 入力例 2 7 -14142 13562 -17320 50807 -22360 67977 24494 89742 -26457 51311 28284 27124 31622 77660 出力例 2 384694.57587932075868509383 入力例 3 5 -100000 100000 100000 -100000 -100000 100000 100000 -100000 -100000 100000 出力例 3 1414213.56237309504880168872",150.0,
atcoder,abc,public_sponsored_abc,panasonic,abc375,Panasonic Programming Contest 2024（AtCoder Beginner Contest 375）,2024,2024-10-12,1728734400.0,2024.5,abc375_c,C,Spiral Rotation,C. Spiral Rotation,972.0,6715,"['grid', 'coordinate geometry', 'modular arithmetic', 'implementation', 'observation']",5,https://atcoder.jp/contests/abc375/tasks/abc375_c,https://atcoder-tagged-backend.onrender.com/problems/all,2.3.0-sponsor-abc-kenkoooo-diff,ja,2026-06-04T18:46:05.900291+00:00,47.247,1723.0,"配点 : 400 点 問題文 N 行 N 列のグリッドが与えられます。ここで、 N は偶数です。グリッドの上から i 行目、左から j 列目のマスをマス (i, j) と表記します。 グリッドの各マスは黒か白のいずれかで塗られており、 A_{i, j} = # のときマス (i, j) は黒、 A_{i, j} = . のときマス (i, j) は白で塗られています。 i = 1, 2, \ldots, \frac{N}{2} の順に以下の操作を行った後のグリッドの各マスの色を求めてください。 i 以上 N + 1 - i 以下の整数 x, y について、マス (y, N + 1 - x) の色をマス (x, y) の色で置き換える。この置き換えは 条件を満たすすべての整数 x, y について同時に行う 。 制約 N は 2 以上 3000 以下の偶数 A_{i, j} は # または . 入力 入力は以下の形式で標準入力から与えられる。 N A_{1, 1} A_{1, 2} \ldots A_{1, N} A_{2, 1} A_{2, 2} \ldots A_{2, N} \vdots A_{N, 1} A_{N, 2} \ldots A_{N, N} 出力 すべての操作を終えた後、マス (i, j) の色が黒であるとき B_{i, j} = # 、マス (i, j) の色が白であるとき B_{i, j} = . として以下の形式で出力せよ。 B_{1, 1} B_{1, 2} \ldots B_{1, N} B_{2, 1} B_{2, 2} \ldots B_{2, N} \vdots B_{N, 1} B_{N, 2} \ldots B_{N, N} 入力例 1 8 .......# .......# .####..# .####..# .##....# .##....# .####### .####### 出力例 1 ........ #######. #.....#. #.###.#. #.#...#. #.#####. #....... ######## 操作によってグリッドの各マスの色は以下のように変化します。 .......# ........ ........ ........ ........ .......# ######.. #######. #######. #######. .####..# ######.. #....##. #.....#. #.....#. .####..# → ##..##.. → #....##. → #.##..#. → #.###.#. .##....# ##..##.. #..####. #.##..#. #.#...#. .##....# ##...... #..####. #.#####. #.#####. .####### ##...... #....... #....... #....... .####### ######## ######## ######## ######## 入力例 2 6 .#.#.# ##.#.. ...### ###... ..#.## #.#.#. 出力例 2 #.#.#. .#.#.# #.#.#. .#.#.# #.#.#. .#.#.# 入力例 3 12 .......#.### #...#...#..# ###.#..##### ..#.#.#.#... .#.....#.### .......#.#.. #...#..#.... #####....... ...#...#.#.# ..###..#..## #..#.#.#.#.# .####....... 出力例 3 .#..##...##. #.#.#.#.#... ###.##..#... #.#.#.#.#... #.#.##...##. ............ ............ .###.###.### ...#...#.#.. .###...#.### ...#...#...# .###...#.###",400.0,
atcoder,abc,public_sponsored_abc,panasonic,abc375,Panasonic Programming Contest 2024（AtCoder Beginner Contest 375）,2024,2024-10-12,1728734400.0,2024.5,abc375_d,D,ABA,D. ABA,658.0,9136,"['counting', 'string', 'prefix sum', 'contribution counting']",4,https://atcoder.jp/contests/abc375/tasks/abc375_d,https://atcoder-tagged-backend.onrender.com/problems/all,2.3.0-sponsor-abc-kenkoooo-diff,ja,2026-06-04T18:46:05.900291+00:00,41.05,431.0,"配点 : 400 点 問題文 英大文字からなる文字列 S が与えられます。 整数の組 (i, j, k) であって、以下の条件をともに満たすものの個数を求めてください。 1 \leq i < j < k \leq |S| S_i , S_j , S_k をこの順に結合して得られる長さ 3 の文字列が回文となる ただし、 |S| は文字列 S の長さ、 S_x は S の x 番目の文字を指します。 制約 S は長さ 1 以上 2 \times 10^5 以下の英大文字からなる文字列 入力 入力は以下の形式で標準入力から与えられる。 S 出力 答えを出力せよ。 入力例 1 ABCACC 出力例 1 5 (i, j, k) = (1, 2, 4), (1, 3, 4), (3, 4, 5), (3, 4, 6), (3, 5, 6) が条件を満たします。 入力例 2 OOOOOOOO 出力例 2 56 入力例 3 XYYXYYXYXXX 出力例 3 75",400.0,
atcoder,abc,public_sponsored_abc,panasonic,abc375,Panasonic Programming Contest 2024（AtCoder Beginner Contest 375）,2024,2024-10-12,1728734400.0,2024.5,abc375_e,E,3 Team Division,E. 3 Team Division,1424.0,4665,"['dp', 'knapsack', 'subset sum']",3,https://atcoder.jp/contests/abc375/tasks/abc375_e,https://atcoder-tagged-backend.onrender.com/problems/all,2.3.0-sponsor-abc-kenkoooo-diff,ja,2026-06-04T18:46:05.900291+00:00,56.167,877.0,"配点 : 450 点 問題文 N 人の人がおり、 3 つのチームに分かれています。 人には 1, 2, \ldots, N の番号、チームには 1, 2, 3 の番号がついており、現在人 i はチーム A_i に所属しています。 各人には 強さ という値が定まっており、人 i の強さは B_i です。また、チームの 強さ をチームに所属する人の強さの和として定めます。 0 人以上の人が所属するチームを変更することですべてのチームの強さが等しくなるようにできるか判定してください。すべてのチームの強さが等しくなるようにできる場合は所属するチームを変更する人数として考えられる最小値を求めてください。 ただし、チーム 1, 2, 3 の他に新たにチームを作ることはできません。 制約 3 \leq N \leq 100 A_i \in \lbrace 1, 2, 3 \rbrace 各 x \in \lbrace 1, 2, 3 \rbrace に対し、ある i が存在して A_i = x 1 \leq B_i \displaystyle\sum_{i = 1}^{N} B_i \leq 1500 入力される値はすべて整数 入力 入力は以下の形式で標準入力から与えられる。 N A_1 B_1 A_2 B_2 \vdots A_N B_N 出力 すべてのチームの強さが等しくなるようにできる場合は所属するチームを変更する人数として考えられる最小値を出力せよ。そうでない場合は -1 を出力せよ。 入力例 1 6 1 2 2 5 1 5 3 3 1 3 3 6 出力例 1 2 人 1 がチーム 3 、人 4 がチーム 2 へと所属するチームを変更することですべてのチームの強さが 8 となります。 入力例 2 4 1 1 1 2 2 3 3 4 出力例 2 -1 入力例 3 3 1 1 2 1 3 1 出力例 3 0 入力例 4 12 2 5 1 4 3 3 2 3 3 9 1 2 2 2 3 9 2 6 1 9 1 1 3 1 出力例 4 3",450.0,
atcoder,abc,public_sponsored_abc,panasonic,abc375,Panasonic Programming Contest 2024（AtCoder Beginner Contest 375）,2024,2024-10-12,1728734400.0,2024.5,abc375_f,F,Road Blocked,F. Road Blocked,1546.0,3837,"['floyd warshall', 'shortest path', 'all pairs shortest paths', 'offline processing', 'reversal']",5,https://atcoder.jp/contests/abc375/tasks/abc375_f,https://atcoder-tagged-backend.onrender.com/problems/all,2.3.0-sponsor-abc-kenkoooo-diff,ja,2026-06-04T18:46:05.900291+00:00,58.575,1097.0,"配点 : 550 点 問題文 AtCoder国には 1 から N の番号がついた N 個の都市と、 1 から M の番号がついた M 本の道路があります。 道路 i は都市 A_i と都市 B_i を双方向に結び長さは C_i です。 Q 個のクエリが与えられるので順に処理してください。クエリは以下の 2 種類のどちらかです。 1 i ：道路 i が通行止めとなる。 2 x y ：通行止めでない道路のみを通るときの都市 x から都市 y への最短距離を出力する。都市 x から都市 y に到達できないときは代わりに -1 を出力する。 なお、 1 種類目のクエリはテストケースごとに 300 回以下であることが保証されます。 制約 2 \leq N \leq 300 0 \leq M \leq \frac{N(N-1)}{2} 1\leq A_i < B_i \leq N (A_i,B_i) は相異なる 1 \leq C_i \leq 10^9 1 \leq Q \leq 2\times 10^5 1 種類目のクエリにおいて、 1\leq i \leq M 1 種類目のクエリにおいて与えられる道路は、その時点で通行止めでない 1 種類目のクエリは 300 回以下である 2 種類目のクエリにおいて、 1\leq x < y \leq N 入力は全て整数である 入力 入力は以下の形式で標準入力から与えられる。 N M Q A_1 B_1 C_1 \vdots A_M B_M C_M \mathrm{query}_1 \vdots \mathrm{query}_Q 各クエリは次の 2 種類の形式のどちらかである。 1 i 2 x y 出力 クエリを順に処理せよ。 入力例 1 3 3 5 1 2 5 1 3 10 2 3 6 2 1 3 1 2 2 1 3 1 1 2 1 3 出力例 1 10 11 -1 1 番目のクエリでは、都市 1 から都市 3 への最短距離である 10 を出力します。 2 番目のクエリにより、道路 2 が通行止めとなりました。 3 番目のクエリでは、都市 1 から都市 3 への最短距離である 11 を出力します。 4 番目のクエリにより、道路 1 が通行止めとなりました。 5 番目のクエリでは、都市 1 から都市 3 には到達できないので、 -1 を出力します。 入力例 2 4 6 6 2 3 1 2 4 1 3 4 1 1 2 1 1 3 1 1 4 1 1 4 1 5 1 6 2 1 2 2 1 3 2 1 4 出力例 2 -1 -1 -1",550.0,
atcoder,abc,public_sponsored_abc,panasonic,abc375,Panasonic Programming Contest 2024（AtCoder Beginner Contest 375）,2024,2024-10-12,1728734400.0,2024.5,abc375_g,G,Road Blocked 2,G. Road Blocked 2,2014.0,1782,"['dijkstra', 'shortest path', 'bridge', 'graph theory']",4,https://atcoder.jp/contests/abc375/tasks/abc375_g,https://atcoder-tagged-backend.onrender.com/problems/all,2.3.0-sponsor-abc-kenkoooo-diff,ja,2026-06-04T18:46:05.900291+00:00,67.811,1183.0,"配点 : 575 点 問題文 AtCoder国には 1 から N の番号がついた N 個の都市と、 1 から M の番号がついた M 本の道路があります。 道路 i は都市 A_i と都市 B_i を双方向に結び長さは C_i です。 各 i=1,\ldots,M について、以下の 2 つの値が異なるかどうか判定してください。 全ての道路が通行可能なときの、都市 1 から都市 N への最短距離 道路 i 以外の M-1 本の道路が通行可能なときの、都市 1 から都市 N への最短距離 ただし、一方では都市 1 から都市 N に到達可能で、他方では到達不可能なとき、両者の値は異なるとみなします。 制約 2 \leq N \leq 2\times 10^5 1 \leq M \leq 2\times 10^5 1\leq A_i < B_i \leq N (A_i,B_i) は相異なる 1 \leq C_i \leq 10^9 全ての道路が通行可能なとき、都市 1 から都市 N へは到達可能 入力は全ては整数である 入力 入力は以下の形式で標準入力から与えられる。 N M A_1 B_1 C_1 \vdots A_M B_M C_M 出力 M 行出力せよ。 i 行目には、「全ての道路が通行可能なときの、都市 1 から都市 N への最短距離」と「道路 i 以外の M-1 本の道路が通行可能なときの、都市 1 から都市 N への最短距離」が異なるとき Yes 、同じとき No と出力せよ。 ただし、一方では都市 1 から都市 N に到達可能で、他方では到達不可能なとき、両者の値は異なるとみなす。 入力例 1 3 3 1 2 5 1 3 10 2 3 6 出力例 1 No Yes No 全ての道路が通行可能なとき、都市 1 から都市 3 への最短距離は 10 です。 道路 1 以外の 2 本の道路が通行可能なときの、都市 1 から都市 3 への最短距離 は 10 です 道路 2 以外の 2 本の道路が通行可能なときの、都市 1 から都市 3 への最短距離 は 11 です 道路 3 以外の 2 本の道路が通行可能なときの、都市 1 から都市 3 への最短距離 は 10 です 入力例 2 4 6 2 3 1 2 4 1 3 4 1 1 2 1 1 3 1 1 4 1 出力例 2 No No No No No Yes 全ての道路が通行可能なとき、都市 1 から都市 4 への最短距離は 1 です。 道路 6 以外の 5 本の道路が通行可能なときの、都市 1 から都市 4 への最短距離 は 2 です。 入力例 3 2 1 1 2 1 出力例 3 Yes 道路 1 以外の 0 本の道路が通行可能なとき、都市 1 から都市 2 へは到達できません。",575.0,
atcoder,abc,public_sponsored_abc,toyota,abc379,Toyota Programming Contest 2024#11（AtCoder Beginner Contest 379）,2024,2024-11-09,1731153600.0,2024.5,abc379_a,A,Cyclic,A. Cyclic,-1053.0,14724,"['implementation', 'string', 'digit']",3,https://atcoder.jp/contests/abc379/tasks/abc379_a,https://atcoder-tagged-backend.onrender.com/problems/all,2.3.0-sponsor-abc-kenkoooo-diff,ja,2026-06-04T18:46:05.900291+00:00,7.282,439.0,"配点 : 100 点 問題文 各桁が 1 以上 9 以下の整数である 3 桁の整数 N が与えられます。 N の 100 の位を a 、 10 の位を b 、 1 の位を c としたとき、 b,c,a をこの順に並べた整数と c,a,b をこの順に並べた整数をそれぞれ出力してください。 制約 N は各桁が 1 以上 9 以下の整数である 3 桁の整数 入力 入力は以下の形式で標準入力から与えられる。 N 出力 b,c,a をこの順に並べた整数と c,a,b をこの順に並べた整数をこの順で空白区切りで出力せよ。 入力例 1 379 出力例 1 793 937 379 の 100 の位は 3 、 10 の位は 7 、 1 の位は 9 です。よって、 793 と 937 をそれぞれ出力します。 入力例 2 919 出力例 2 199 991 919 の 100 の位は 9 、 10 の位は 1 、 1 の位は 9 です。よって、 199 と 991 をそれぞれ出力します。",100.0,
atcoder,abc,public_sponsored_abc,toyota,abc379,Toyota Programming Contest 2024#11（AtCoder Beginner Contest 379）,2024,2024-11-09,1731153600.0,2024.5,abc379_b,B,Strawberries,B. Strawberries,-533.0,13345,"['greedy', 'implementation', 'string']",3,https://atcoder.jp/contests/abc379/tasks/abc379_b,https://atcoder-tagged-backend.onrender.com/problems/all,2.3.0-sponsor-abc-kenkoooo-diff,ja,2026-06-04T18:46:05.900291+00:00,17.545,644.0,"配点 : 200 点 問題文 高橋君は歯が左右一列に N 本生えています。現在の高橋君の歯の状態はある文字列 S によって表されます。 S の i 文字目が O のとき、左から i 番目の歯が丈夫であることを表します。 S の i 文字目が X のとき、左から i 番目の歯が虫歯にかかっていることを表します。丈夫である歯は虫歯にかかっていません。 高橋君はある連続する K 本の歯が丈夫であるとき、その K 本の歯を使ってイチゴを 1 個食べることができます。イチゴを食べると、その K 本の歯が虫歯にかかり丈夫でなくなります。 このとき、高橋君は最大で何個のイチゴを食べることができるか求めてください。 制約 1 \leq K \leq N \leq 100 N,K は整数 S は O と X からなる長さ N の文字列 入力 入力は以下の形式で標準入力から与えられる。 N K S 出力 答えを出力せよ。 入力例 1 7 3 OOXOOOO 出力例 1 1 左から 4 本目の歯から左から 6 本目の歯までの連続する 3 本の丈夫な歯を使ってイチゴを 1 個食べることができます。これ以降、イチゴを食べることができません。また、他にどのような方法でイチゴを食べても 1 個以下しか食べることができません。よって、 1 を出力します。 入力例 2 12 2 OXXOOOXOOOOX 出力例 2 3 入力例 3 22 5 XXOOOOOOOOXXOOOOOXXXXX 出力例 3 2",200.0,
atcoder,abc,public_sponsored_abc,toyota,abc379,Toyota Programming Contest 2024#11（AtCoder Beginner Contest 379）,2024,2024-11-09,1731153600.0,2024.5,abc379_c,C,Sowing Stones,C. Sowing Stones,951.0,7272,"['sorting', 'greedy', 'arithmetic progression']",3,https://atcoder.jp/contests/abc379/tasks/abc379_c,https://atcoder-tagged-backend.onrender.com/problems/all,2.3.0-sponsor-abc-kenkoooo-diff,ja,2026-06-04T18:46:05.900291+00:00,46.832,925.0,配点 : 300 点 問題文 1 から N まで番号がつけられた N 個のマスが一列に並んでいます。最初、 M 個のマスに石が入っており、マス X_i には A_i 個 (1 \leq i \leq M) の石が入っています。 あなたは以下の操作を好きな回数( 0 回でもよい)行うことができます。 マス i (1 \leq i \leq N-1) に石があるとき、マス i から石を 1 つマス i+1 に移動させる。 N 個のマスすべてに石がちょうど 1 個ずつ入っている状態にするために必要な操作回数の最小値を求めてください。ただし、不可能な場合は -1 を出力してください。 制約 2 \leq N \leq 2 \times 10^{9} 1 \leq M \leq 2 \times 10^{5} M \leq N 1 \leq X_i \leq N (1 \leq i \leq M) X_i \neq X_j (1 \leq i < j \leq M) 1 \leq A_i \leq 2 \times 10^{9} (1 \leq i \leq M) 入力は全て整数 入力 入力は以下の形式で標準入力から与えられる。 N M X_1 X_2 \ldots X_M A_1 A_2 \ldots A_M 出力 答えを出力せよ。 入力例 1 5 2 1 4 3 2 出力例 1 4 以下の 4 回の操作で、 5 個のマスすべてに石がちょうど 1 個ずつ入っている状態にすることができます。 マス 1 の石を 1 つマス 2 に移動させる。 マス 2 の石を 1 つマス 3 に移動させる。 マス 4 の石を 1 つマス 5 に移動させる。 マス 1 の石を 1 つマス 2 に移動させる。 また、 3 回以下の操作では 5 個のマスすべてに石がちょうど 1 個ずつ入っている状態にすることはできません。よって、 4 を出力します。 入力例 2 10 3 1 4 8 4 2 4 出力例 2 -1 どのように操作を行っても 10 個のマスすべてに石がちょうど 1 個ずつ入っている状態にすることはできません。よって、 -1 を出力します。,300.0,
atcoder,abc,public_sponsored_abc,toyota,abc379,Toyota Programming Contest 2024#11（AtCoder Beginner Contest 379）,2024,2024-11-09,1731153600.0,2024.5,abc379_d,D,Home Garden,D. Home Garden,745.0,7591,"['queue', 'simulation', 'monotonic']",3,https://atcoder.jp/contests/abc379/tasks/abc379_d,https://atcoder-tagged-backend.onrender.com/problems/all,2.3.0-sponsor-abc-kenkoooo-diff,ja,2026-06-04T18:46:05.900291+00:00,42.767,1096.0,"配点 : 400 点 問題文 高橋君は 10^{100} 個の植木鉢を持っています。最初、高橋君は植物を 1 個も育てていません。 Q 個のクエリが与えられるので、順に処理してください。 クエリは次の 3 種類です。 1 : 植物が植えられていない植木鉢を 1 個用意し、その植木鉢に植物を植える。このとき植物の高さは 0 である。 2 T : T 日待つ。このとき植えてあるすべての植物の高さが T 増加する。 3 H : 高さが H 以上の植物をすべて収穫し、収穫した植物の数を出力する。収穫した植物は植木鉢から取り除かれる。 ただし、高橋君が 1 種類目と 3 種類目のクエリを行うとき、かかる時間は 0 であるとします。 制約 1 \leq Q \leq 2 \times 10^{5} 1 \leq T,H \leq 10^{9} 3 種類目のクエリが 1 つ以上存在する 入力は全て整数 入力 入力は以下の形式で標準入力から与えられる。 Q \text{query}_1 \text{query}_2 \vdots \text{query}_Q 各クエリは以下のいずれかの形式で与えられる。 1 2 T 3 H 出力 3 種類目のクエリが K 個あるとき、 K 行出力せよ。 i 行目 (1\leq i\leq K) には、 i 個目の 3 種類目のクエリに対する答えを出力せよ。 入力例 1 6 1 2 15 1 3 10 2 20 3 20 出力例 1 1 1 クエリは次の順で処理されます。 1 個目のクエリでは高さ 0 の植物が 1 個植えられます。 2 個目のクエリでは高さ 0 の植物が高さ 15 になります。 3 個目のクエリでは高さ 0 の植物が 1 個植えられます。このとき、高さ 0 と高さ 15 の植物が 1 個ずつあります。 4 個目のクエリでは高さ 10 以上の植物が収穫されます。このとき、高さ 15 の植物が 1 個収穫されて高さ 0 の植物が 1 個残ります。 1 個の植物を収穫したため、 1 行目に 1 と出力します。 5 個目のクエリでは高さ 0 の植物が高さ 20 になります。 6 個目のクエリでは高さ 20 以上の植物が収穫されます。このとき、高さ 20 の植物が 1 個収穫されます。よって、 2 行目に 1 と出力します。 入力例 2 15 1 1 2 226069413 3 1 1 1 2 214168203 1 3 214168203 1 1 1 2 314506461 2 245642315 3 1 出力例 2 2 2 4",400.0,
atcoder,abc,public_sponsored_abc,toyota,abc379,Toyota Programming Contest 2024#11（AtCoder Beginner Contest 379）,2024,2024-11-09,1731153600.0,2024.5,abc379_e,E,Sum of All Substrings,E. Sum of All Substrings,1246.0,4687,"['contribution counting', 'prefix sum', 'big integer', 'math']",4,https://atcoder.jp/contests/abc379/tasks/abc379_e,https://atcoder-tagged-backend.onrender.com/problems/all,2.3.0-sponsor-abc-kenkoooo-diff,ja,2026-06-04T18:46:05.900291+00:00,52.654,488.0,"配点 : 475 点 問題文 1 から 9 までの数字からなる長さ N の文字列 S が与えられます。 整数の組 (i,j) \ (1\leq i\leq j\leq N) に対して、 f(i,j) を「 S の i 文字目から j 文字目までの連続部分文字列を 10 進法の整数としてみなしたときの値」とします。 \displaystyle \sum_{i=1}^N \sum_{j=i}^N f(i,j) を求めてください。 制約 1\leq N\leq 2\times 10^5 N は整数 S は 1 から 9 までの数字からなる長さ N の文字列 入力 入力は以下の形式で標準入力から与えられる。 N S 出力 答えを出力せよ。 入力例 1 3 379 出力例 1 514 答えは f(1,1)+f(1,2)+f(1,3)+f(2,2)+f(2,3)+f(3,3)=3+37+379+7+79+9=514 です。 入力例 2 30 314159265358979323846264338327 出力例 2 369673254065355789035427227741",475.0,
atcoder,abc,public_sponsored_abc,toyota,abc379,Toyota Programming Contest 2024#11（AtCoder Beginner Contest 379）,2024,2024-11-09,1731153600.0,2024.5,abc379_f,F,Buildings 2,F. Buildings 2,1659.0,2757,"['monotonic stack', 'binary indexed tree', 'offline processing', 'range query']",4,https://atcoder.jp/contests/abc379/tasks/abc379_f,https://atcoder-tagged-backend.onrender.com/problems/all,2.3.0-sponsor-abc-kenkoooo-diff,ja,2026-06-04T18:46:05.900291+00:00,60.805,1019.0,"配点 : 550 点 問題文 ビル 1 , ビル 2 , \ldots , ビル N の N 棟がこの順で東西に一列に並んでおり、ビル 1 が最も西に、ビル N が最も東に建っています。ビル i\ (1\leq i\leq N) の高さは H_i です。 整数の組 (i,j)\ (1\leq i\lt j\leq N) に対して、以下の条件を満たすとき ビル i からビル j を見ることができます。 ビル i とビル j の間にビル j より高いビルが存在しない。すなわち、 H_k\gt H_j を満たす整数 k\ (i\lt k\lt j) が存在しない。 Q 個の質問に答えてください。 i 番目の質問では整数の組 (l_i,r_i)\ (l_i\lt r_i) が与えられるので、ビル r_i より東にあるビル（ビル r_i+1 , ビル r_i+2 , \ldots ,ビル N ）のうちビル l_i とビル r_i の両方から見ることができるものの個数を答えてください。 制約 2\leq N\leq 2\times 10^5 1\leq Q\leq 2\times 10^5 1\leq H_i\leq N H_i\neq H_j\ (i\neq j) 1\leq l_i\lt r_i\leq N 入力は全て整数 入力 入力は以下の形式で標準入力から与えられる。 N Q H_1 H_2 \ldots H_N l_1 r_1 l_2 r_2 \vdots l_Q r_Q 出力 Q 行出力せよ。 i\ (1\leq i\leq Q) 行目には i 番目の質問に対する答えを出力せよ。 入力例 1 5 3 2 1 4 3 5 1 2 3 5 1 4 出力例 1 2 0 1 1 つ目の質問について、ビル 2 より東にあるビルのうち ビル 1 とビル 2 の両方から見ることができるものはビル 3,5 の 2 つです。 2 つ目の質問について、ビル 5 より東にあるビルは存在しません。 3 つ目の質問について、ビル 4 より東にあるビルのうち、ビル 1,4 の両方から見ることができるビルはビル 5 の 1 つです。 入力例 2 10 10 2 1 5 3 4 6 9 8 7 10 3 9 2 5 4 8 5 6 3 8 2 10 7 8 6 7 8 10 4 10 出力例 2 1 3 1 2 1 0 1 1 0 0",550.0,
atcoder,abc,public_sponsored_abc,toyota,abc379,Toyota Programming Contest 2024#11（AtCoder Beginner Contest 379）,2024,2024-11-09,1731153600.0,2024.5,abc379_g,G,Count Grid 3-coloring,G. Count Grid 3-coloring,2304.0,881,"['dp', 'bitmask dp', 'broken profile dp', 'combinatorics']",4,https://atcoder.jp/contests/abc379/tasks/abc379_g,https://atcoder-tagged-backend.onrender.com/problems/all,2.3.0-sponsor-abc-kenkoooo-diff,ja,2026-06-04T18:46:05.900291+00:00,73.535,754.0,"配点 : 575 点 問題文 1 , 2 , 3 , ? からなる H 行 W 列のグリッド S が与えられます。上から i 行目、左から j 列目の文字は S_{i,j} です。 S の各 ? を 1 , 2 , 3 のいずれかに置き換えて得られるグリッドは ? の個数を q として 3^q 通りありますが、そのうち以下の条件を満たすものはいくつありますか？ 998244353 で割った余りを出力してください。 隣接する（辺を共有する）どの 2 つのマスにも異なる数字が書かれている。 制約 1\leq H,W H\times W\leq 200 H,W は整数 S は 1 , 2 , 3 , ? からなる H 行 W 列のグリッド 入力 入力は以下の形式で標準入力から与えられる。 H W S_{1,1}S_{1,2}\ldots S_{1,W} S_{2,1}S_{2,2}\ldots S_{2,W} \vdots S_{H,1}S_{H,2}\ldots S_{H,W} 出力 答えを出力せよ。 入力例 1 2 2 1? ?? 出力例 1 6 S の各 ? を 1 , 2 , 3 のいずれかに置き換えて得られるグリッドのうち、条件を満たすものは以下の 6 つです。 12 12 12 13 13 13 21 23 31 21 31 32 入力例 2 2 3 123 3?1 出力例 2 0 S の各 ? を 1 , 2 , 3 のいずれかに置き換えて得られるグリッドはすべて条件を満たしません。 入力例 3 8 8 3?1????? ???1???? ??????2? ???????? ???????? ????13?? ??13?1?? ???????? 出力例 3 779135038",575.0,
atcoder,abc,public_sponsored_abc,toyota,abc384,Toyota Programming Contest 2024#12（AtCoder Beginner Contest 384）,2024,2024-12-14,1734177600.0,2024.5,abc384_a,A,aaaadaa,A. aaaadaa,-1039.0,14575,"['implementation', 'string']",2,https://atcoder.jp/contests/abc384/tasks/abc384_a,https://atcoder-tagged-backend.onrender.com/problems/all,2.3.0-sponsor-abc-kenkoooo-diff,ja,2026-06-04T18:46:05.900291+00:00,7.559,436.0,"配点 : 100 点 問題文 長さ N の英小文字からなる文字列 S と英小文字 c_1,c_2 が与えられます。 S の文字のうち c_1 であるもの 以外 を全て c_2 に置き換えた文字列を求めてください。 制約 1\le N\le 100 N は整数 c_1,c_2 は英小文字 S は英小文字からなる長さ N の文字列 入力 入力は以下の形式で標準入力から与えられる。 N c_1 c_2 S 出力 答えを出力せよ。 入力例 1 3 b g abc 出力例 1 gbg S= abc のうち、 b でない a と c を g に置き換えた結果 gbg になります。したがって、 gbg を出力してください。 入力例 2 1 s h s 出力例 2 s 置き換えた後の文字列が元の文字列と変わらない場合もあります。 入力例 3 7 d a atcoder 出力例 3 aaaadaa 入力例 4 10 b a acaabcabba 出力例 4 aaaabaabba",100.0,
atcoder,abc,public_sponsored_abc,toyota,abc384,Toyota Programming Contest 2024#12（AtCoder Beginner Contest 384）,2024,2024-12-14,1734177600.0,2024.5,abc384_b,B,ARC Division,B. ARC Division,-641.0,13010,"['simulation', 'implementation', 'conditional']",3,https://atcoder.jp/contests/abc384/tasks/abc384_b,https://atcoder-tagged-backend.onrender.com/problems/all,2.3.0-sponsor-abc-kenkoooo-diff,ja,2026-06-04T18:46:05.900291+00:00,15.413,1543.0,配点 : 200 点 問題文 AtCoder では、ARC が 2 つの division に分けられています。 ARC Div. 1 では、コンテスト開始時のレーティングが 1600 以上 2799 以下の参加者がレーティング更新の対象です。 ARC Div. 2 では、コンテスト開始時のレーティングが 1200 以上 2399 以下の参加者がレーティング更新の対象です。 高橋くんは、これから N 回の ARC に参加することにしました。 はじめ、高橋くんのレーティングは R です。 i 回目 (1\leq i\leq N) の ARC は Div. D _ i で、高橋くんが取った成績は整数 A _ i で表されます。 i 回目の ARC において高橋くんがレーティング更新の対象ならば、コンテスト開始時の高橋くんのレーティングを T として、更新後の高橋くんのレーティングは T+A _ i になります。 高橋くんがレーティング更新の対象でなければ、高橋くんのレーティングは変化しません。 ARC でのレーティングの更新はコンテストが終了したあと直ちに行われ、次のコンテストのレーティング更新の対象であるかは更新後のレーティングをもとに判定されます。 N 回の ARC を終えたとき、高橋くんのレーティングがいくつになっているか求めてください。 ただし、高橋くんはこの N 回の ARC 以外のコンテストには参加せず、ARC 以外でレーティングが変動することはありません。 制約 1\leq N\leq 100 0\leq R\leq 4229 1\leq D _ i\leq 2\ (1\leq i\leq N) -1000\leq A _ i\leq 1000\ (1\leq i\leq N) 入力はすべて整数 入力 入力は以下の形式で標準入力から与えられる。 N R D _ 1 A _ 1 D _ 2 A _ 2 \vdots D _ N A _ N 出力 N 回の ARC を終えた後の、高橋くんのレーティングを出力せよ。 入力例 1 4 1255 2 900 1 521 2 600 1 52 出力例 1 2728 はじめ、高橋くんのレーティングは 1255 です。 それぞれのコンテストで、高橋くんのレーティングは次のように変化します。 1 回目の ARC は Div. 2 です。高橋くんはレーティング更新の対象なので、高橋くんのレーティングは 1255+900=2155 になります。 2 回目の ARC は Div. 1 です。高橋くんはレーティング更新の対象なので、高橋くんのレーティングは 2155+521=2676 になります。 3 回目の ARC は Div. 2 です。高橋くんはレーティング更新の対象ではないので、高橋くんのレーティングは変化しません。 4 回目の ARC は Div. 1 です。高橋くんはレーティング更新の対象なので、高橋くんのレーティングは 2676+52=2728 になります。 4 回の ARC を終えた後、高橋くんのレーティングは 2728 となっているので、 2728 を出力してください。 入力例 2 2 3031 1 1000 2 -1000 出力例 2 3031 高橋くんはレッドコーダーなので、ARC でどのような成績を取ってもレーティングは変動しません。 入力例 3 15 2352 2 -889 2 420 2 -275 1 957 1 -411 1 -363 1 151 2 -193 2 289 2 -770 2 109 1 345 2 551 1 -702 1 355 出力例 3 1226,200.0,
atcoder,abc,public_sponsored_abc,toyota,abc384,Toyota Programming Contest 2024#12（AtCoder Beginner Contest 384）,2024,2024-12-14,1734177600.0,2024.5,abc384_c,C,Perfect Standings,C. Perfect Standings,95.0,10908,"['bitmask', 'brute force', 'sorting', 'implementation']",4,https://atcoder.jp/contests/abc384/tasks/abc384_c,https://atcoder-tagged-backend.onrender.com/problems/all,2.3.0-sponsor-abc-kenkoooo-diff,ja,2026-06-04T18:46:05.900291+00:00,29.939,1608.0,"配点 : 300 点 問題文 高橋くんは、プログラミングコンテストを主催することにしました。 コンテストは A 問題、B 問題、C 問題、D 問題、E 問題の 5 問からなり、それぞれの配点は a 点、 b 点、 c 点、 d 点、 e 点です。 コンテストには 31 人が参加し、全員が 1 問以上解きました。 より具体的には、文字列 ABCDE の空でない（連続するとは限らない）部分列すべてについて、その部分列を名前とする参加者が存在し、その参加者は名前に含まれる文字に対応する問題をすべて解き、それ以外の問題は解きませんでした。 例えば、A さんは A 問題のみを、BCE さんは B 問題、C 問題、E 問題を解きました。 参加者の名前を、取った点数が大きいほうから順に出力してください。 ただし、参加者が取った点数は、その参加者が解いた問題の配点の合計です。 ただし、同じ点数を獲得した参加者については、名前が辞書順で小さいほうを先に出力してください。 辞書順で小さいとは？ 辞書順とは、一言で説明すると「単語が辞書に載っている順番」を意味します。 より厳密には、英大文字からなる相異なる文字列 S,T について、 S が T より辞書順で小さいとは、以下の条件のどちらかが成り立つことを意味します。 S の長さ |S| が T の長さより短く、 T の先頭 |S| 文字が S と一致する ある整数 1\leq i\leq\min\lbrace|S|,|T|\rbrace が存在して、次の 2 つの条件を両方を満たす 1\leq j\lt i を満たすすべての整数 j に対して S の j 文字目と T の j 文字目が等しい S の i 文字目が T の i 文字目よりアルファベット順で小さい 例えば、 S= AB ,T= ABC とすると、ひとつめの条件が成り立つため S は T より小さいです。 また、 S= ABD ,T= ACD とすると、ふたつめの条件が i=2 で成り立つため S は T より小さいです。 制約 100\leq a\leq b\leq c\leq d\leq e\leq 2718 入力はすべて整数 入力 入力は以下の形式で標準入力から与えられる。 a b c d e 出力 31 行出力せよ。 i 行目 (1\leq i\leq 31) には、 i 番目に高い得点を獲得した参加者の名前を出力せよ。 同じ得点を獲得した参加者については、それらのうち辞書順で小さい名前をもつ参加者を先に出力せよ。 入力例 1 400 500 600 700 800 出力例 1 ABCDE BCDE ACDE ABDE ABCE ABCD CDE BDE ADE BCE ACE BCD ABE ACD ABD ABC DE CE BE CD AE BD AD BC AC AB E D C B A それぞれの参加者の得点は以下のようになります。 例えば、ADE さんと BCE さんは同じ得点を獲得していますが、ADE さんのほうが辞書順で小さい名前をもつため、ADE さんを先に出力してください。 入力例 2 800 800 900 900 1000 出力例 2 ABCDE ACDE BCDE ABCE ABDE ABCD CDE ACE ADE BCE BDE ABE ACD BCD ABC ABD CE DE AE BE CD AC AD BC BD AB E C D A B 入力例 3 128 256 512 1024 2048 出力例 3 ABCDE BCDE ACDE CDE ABDE BDE ADE DE ABCE BCE ACE CE ABE BE AE E ABCD BCD ACD CD ABD BD AD D ABC BC AC C AB B A",300.0,
atcoder,abc,public_sponsored_abc,toyota,abc384,Toyota Programming Contest 2024#12（AtCoder Beginner Contest 384）,2024,2024-12-14,1734177600.0,2024.5,abc384_d,D,Repeated Sequence,D. Repeated Sequence,666.0,8086,"['modular arithmetic', 'prefix sum', 'binary search', 'two pointer']",4,https://atcoder.jp/contests/abc384/tasks/abc384_d,https://atcoder-tagged-backend.onrender.com/problems/all,2.3.0-sponsor-abc-kenkoooo-diff,ja,2026-06-04T18:46:05.900291+00:00,41.208,1003.0,"配点 : 400 点 問題文 周期 N をもつ無限数列 A=(A _ 1,A _ 2,A _ 3,\dotsc) の先頭 N 項 A _ 1,A _ 2,\dotsc,A _ N が与えられます。 この数列の空でない連続する部分列のうち、和が S となるものが存在するか判定してください。 ただし、無限数列 A が周期 N をもつとは、 i\gt N を満たすすべての整数 i に対して A _ i=A _ {i-N} が成り立つことをいいます。 制約 1\leq N\leq2\times10 ^ 5 1\leq A _ i\leq 10 ^ 9 1\leq S\leq 10 ^ {18} 入力はすべて整数 入力 入力は以下の形式で標準入力から与えられる。 N S A _ 1 A _ 2 \dotsc A _ N 出力 A の連続する部分列 (A _ l,A _ {l+1},\dotsc,A _ r) であって、 A _ l+A _ {l+1}+\dotsb+A _ r=S となるものが存在するならば Yes を、そうでないならば No を出力せよ。 入力例 1 3 42 3 8 4 出力例 1 Yes 数列 A は (3,8,4,3,8,4,3,8,4,\dotsc) のようになります。 A の部分列 (A _ 2,A _ 3,A _ 4,A _ 5,A _ 6,A _ 7,A _ 8,A _ 9)=(8,4,3,8,4,3,8,4) について 8+4+3+8+4+3+8+4=42 が成り立つので、 Yes を出力してください。 入力例 2 3 1 3 8 4 出力例 2 No A の要素はすべて 3 以上なので、 A の空でない連続する部分列の総和は 3 以上です。 よって、総和が 1 となるような部分列は存在しないため、 No を出力してください。 入力例 3 20 83298426 748 169 586 329 972 529 432 519 408 587 138 249 656 114 632 299 984 755 404 772 出力例 3 Yes 入力例 4 20 85415869 748 169 586 329 972 529 432 519 408 587 138 249 656 114 632 299 984 755 404 772 出力例 4 No",400.0,
atcoder,abc,public_sponsored_abc,toyota,abc384,Toyota Programming Contest 2024#12（AtCoder Beginner Contest 384）,2024,2024-12-14,1734177600.0,2024.5,abc384_e,E,Takahashi is Slime 2,E. Takahashi is Slime 2,1002.0,5744,"['greedy', 'priority queue', 'bfs', 'grid']",4,https://atcoder.jp/contests/abc384/tasks/abc384_e,https://atcoder-tagged-backend.onrender.com/problems/all,2.3.0-sponsor-abc-kenkoooo-diff,ja,2026-06-04T18:46:05.900291+00:00,47.839,1657.0,"配点 : 450 点 問題文 縦 H 行横 W 列のマス目があります。 上から i 行目 (1\leq i\leq H) 、左から j 列目 (1\leq j\leq W) のマスをマス (i,j) と呼ぶことにします。 はじめ、マス (i,j) には強さ S _ {i,j} のスライムがおり、マス (P,Q) にいるスライムが高橋くんです。 高橋くんが以下の行動を好きな回数（ 0 回でもよい）行ったあとの、高橋くんの強さとしてありえる最大値を求めてください。 高橋くんに隣接するスライムのうち、強さが高橋くんの強さの \dfrac1X 倍 未満 のものを選んで吸収する。 その結果、吸収されたスライムは消滅し、高橋君の強さは吸収したスライムの強さだけ増加する。 上記の行動の際、スライムが吸収され消滅したことで生じた隙間は直ちに高橋くんによって埋められ、消滅したスライムに隣接していたスライム（それらが存在すれば）は新たに高橋くんと隣接します（入出力例１の説明も参照してください）。 制約 1\leq H,W\leq500 1\leq P\leq H 1\leq Q\leq W 1\leq X\leq10^9 1\leq S _ {i,j}\leq10^{12} 入力はすべて整数 入力 入力は以下の形式で標準入力から与えられる。 H W X P Q S _ {1,1} S _ {1,2} \ldots S _ {1,W} S _ {2,1} S _ {2,2} \ldots S _ {2,W} \vdots S _ {H,1} S _ {H,2} \ldots S _ {H,W} 出力 高橋くんが行動を行ったあとの高橋くんの強さとしてありえる最大値を出力せよ。 入力例 1 3 3 2 2 2 14 6 9 4 9 20 17 15 7 出力例 1 28 はじめ、それぞれのマスにいるスライムの強さは以下の図のようになっています。 例えば、高橋くんは次のように行動を行うことができます。 マス (2,1) にいるスライムを吸収する。高橋くんの強さは 9+4=13 となり、新たにマス (1,1) のスライムとマス (3,1) のスライムが高橋くんと隣接する。 マス (1,2) にいるスライムを吸収する。高橋くんの強さは 13+6=19 となり、新たにマス (1,3) のスライムが高橋くんと隣接する。 マス (1,3) にいるスライムを吸収する。高橋くんの強さは 19+9=28 となる。 以上の行動を行ったあと、高橋くんの強さは 28 となります。 高橋くんがどのように行動を行っても、高橋くんの強さを 28 より大きくすることはできないため、 28 を出力してください。 高橋くんの強さの \dfrac12 倍未満のスライムしか吸収できないことに注意してください。 例えば、上図の右側の状態からマス (1,1) にいるスライムを吸収することはできません。 入力例 2 3 4 1 1 1 5 10 1 1 10 1 1 1 1 1 1 1 出力例 2 5 高橋くんはどのスライムも吸収できません。 入力例 3 8 10 2 1 5 388 130 971 202 487 924 247 286 237 316 117 166 918 106 336 928 493 391 235 398 124 280 425 955 212 988 227 222 307 226 336 302 478 246 950 368 291 236 170 101 370 200 204 141 287 410 388 314 205 460 291 104 348 337 404 399 416 263 415 339 105 420 302 334 231 481 466 366 401 452 119 432 292 403 371 417 351 231 482 184 出力例 3 1343",450.0,
atcoder,abc,public_sponsored_abc,toyota,abc384,Toyota Programming Contest 2024#12（AtCoder Beginner Contest 384）,2024,2024-12-14,1734177600.0,2024.5,abc384_f,F,Double Sum 2,F. Double Sum 2,1908.0,2127,"['contribution counting', 'bit manipulation', 'modular arithmetic', 'math']",4,https://atcoder.jp/contests/abc384/tasks/abc384_f,https://atcoder-tagged-backend.onrender.com/problems/all,2.3.0-sponsor-abc-kenkoooo-diff,ja,2026-06-04T18:46:05.900291+00:00,65.719,552.0,"配点 : 500 点 問題文 正整数 x に対して f(x) を「 x が偶数である間 x を 2 で割り続けたときの、最終的な x の値」として定義します。例えば f(4)=f(2)=f(1)=1 、 f(12)=f(6)=f(3)=3 です。 長さ N の整数列 A=(A_1,A_2,\ldots, A_N) が与えられるので、 \displaystyle \sum_{i=1}^N \sum_{j=i}^N f(A_i+A_j) を求めてください。 制約 1\le N\le 2\times 10^5 1\le A_i\le 10^7 入力は全て整数 入力 入力は以下の形式で標準入力から与えられる。 N A_1 A_2 \ldots A_N 出力 答えを出力せよ。 入力例 1 2 4 8 出力例 1 5 f(A_1+A_1)=f(8)=1 、 f(A_1+A_2)=f(12)=3 、 f(A_2+A_2)=f(16)=1 です。したがって、 1+3+1=5 を出力してください。 入力例 2 3 51 44 63 出力例 2 384 入力例 3 8 577752 258461 183221 889769 278633 577212 392309 326001 出力例 3 20241214",500.0,
atcoder,abc,public_sponsored_abc,toyota,abc384,Toyota Programming Contest 2024#12（AtCoder Beginner Contest 384）,2024,2024-12-14,1734177600.0,2024.5,abc384_g,G,Abs Sum,G. Abs Sum,2343.0,992,"[""mo's algorithm"", 'binary indexed tree', 'coordinate compression', 'offline processing', 'sqrt decomposition']",5,https://atcoder.jp/contests/abc384/tasks/abc384_g,https://atcoder-tagged-backend.onrender.com/problems/all,2.3.0-sponsor-abc-kenkoooo-diff,ja,2026-06-04T18:46:05.900291+00:00,74.304,974.0,"配点 : 575 点 問題文 長さ N の整数列 A=(A_1,A_2,\ldots, A_N) 、 B=(B_1,B_2,\ldots,B_N) と長さ K の整数列 X=(X_1,X_2,\ldots,X_K) 、 Y=(Y_1,Y_2,\ldots,Y_K) が与えられます。 k=1,2,\ldots,K に対して \displaystyle \sum_{i=1}^{X_k} \sum_{j=1}^{Y_k} \left|A_i-B_j \right| を求めてください。 制約 1\le N\le 10^5 0\le A_i,B_j\le 2\times 10^8 1\le K\le 10^4 1\le X_k,Y_k\le N 入力は全て整数 入力 入力は以下の形式で標準入力から与えられる。 N A_1 A_2 \ldots A_N B_1 B_2 \ldots B_N K X_1 Y_1 X_2 Y_2 \vdots X_K Y_K 出力 K 行出力せよ。 i 行目 (1\le i\le K) には、 k=i の場合の答えを出力せよ。 入力例 1 2 2 4 3 5 4 1 1 1 2 2 1 2 2 出力例 1 1 4 2 6 k=1 の場合、答えは |A_1-B_1|=1 となります。したがって、 1 行目には 1 を出力してください。 k=2 の場合、答えは |A_1-B_1|+|A_1-B_2|=1+3=4 となります。したがって、 2 行目には 4 を出力してください。 k=3 の場合、答えは |A_1-B_1|+|A_2-B_1|=1+1=2 となります。したがって、 3 行目には 2 を出力してください。 k=4 の場合、答えは |A_1-B_1|+|A_1-B_2|+|A_2-B_1|+|A_2-B_2|=1+3+1+1=6 となります。したがって、 4 行目には 6 を出力してください。 入力例 2 5 1163686 28892 1263085 2347878 520306 1332157 1202905 2437161 1291976 563395 5 5 3 1 5 2 3 1 2 5 5 出力例 2 13331322 2209746 6366712 207690 20241215",575.0,
atcoder,abc,public_sponsored_abc,unique_vision,abc385,UNIQUE VISION Programming Contest 2024 Christmas (AtCoder Beginner Contest 385),2024,2024-12-21,1734782400.0,2024.5,abc385_a,A,Equally,A. Equally,-938.0,14544,"['implementation', 'conditional', 'case work']",3,https://atcoder.jp/contests/abc385/tasks/abc385_a,https://atcoder-tagged-backend.onrender.com/problems/all,2.3.0-sponsor-abc-kenkoooo-diff,ja,2026-06-04T18:46:05.900291+00:00,9.552,457.0,"配点 : 100 点 問題文 3 つの整数 A,B,C が与えられます。これら 3 つの整数を 2 つ以上のグループに分けて、それぞれのグループ内の数の和を等しくできるかどうか判定してください。 制約 1 \leq A,B,C \leq 1000 入力はすべて整数 入力 入力は以下の形式で標準入力から与えられる。 A B C 出力 A,B,C を和の等しい 2 つ以上のグループに分けることができるならば Yes を、できないならば No を出力せよ。 入力例 1 3 8 5 出力例 1 Yes 例えば、 (3,5),(8) と 2 つのグループに分けることで、それぞれのグループ内の和をどちらも 8 にすることができます。 入力例 2 2 2 2 出力例 2 Yes (2),(2),(2) と 3 つのグループに分けることで、それぞれのグループ内の和をどれも 2 にすることができます。 入力例 3 1 2 4 出力例 3 No どのように 2 つ以上のグループに分けても、和を等しくすることはできません。",100.0,
atcoder,abc,public_sponsored_abc,unique_vision,abc385,UNIQUE VISION Programming Contest 2024 Christmas (AtCoder Beginner Contest 385),2024,2024-12-21,1734782400.0,2024.5,abc385_b,B,Santa Claus 1,B. Santa Claus 1,-257.0,11853,"['simulation', 'grid', 'implementation', 'set']",4,https://atcoder.jp/contests/abc385/tasks/abc385_b,https://atcoder-tagged-backend.onrender.com/problems/all,2.3.0-sponsor-abc-kenkoooo-diff,ja,2026-06-04T18:46:05.900291+00:00,22.992,2060.0,"配点 : 200 点 問題文 縦 H 行横 W 列のマス目があります。上から i 行目、左から j 列目のマスをマス (i,j) と表します。 マス (i,j) は S_{i,j} が # のとき通行不可能、 . のとき通行可能であり家が建っていない、 @ のとき通行可能であり家が建っていることを表します。 最初、マス (X,Y) にサンタクロースがいます。サンタクロースは文字列 T に従って以下の行動を行います。 文字列 T の長さを |T| とする。 i=1,2,\ldots,|T| の順に以下のように移動する。 現在サンタクロースがいるマスを (x,y) とする。 T_i が U かつマス (x-1,y) が通行可能ならマス (x-1,y) に移動する。 T_i が D かつマス (x+1,y) が通行可能ならマス (x+1,y) に移動する。 T_i が L かつマス (x,y-1) が通行可能ならマス (x,y-1) に移動する。 T_i が R かつマス (x,y+1) が通行可能ならマス (x,y+1) に移動する。 それ以外の場合、マス (x,y) に留まる。 行動を終えたあとにサンタクロースがいるマスと、行動により通過または到達した家の数を求めてください。ただし、同じ家を複数回通過または到達してもそれらは重複して数えません。 制約 3 \leq H,W \leq 100 1 \leq X \leq H 1 \leq Y \leq W 与えられる数値は全て整数である S_{i,j} は # , . , @ のいずれか 全ての 1 \leq i \leq H について S_{i,1},S_{i,W} は # 全ての 1 \leq j \leq W について S_{1,j},S_{H,j} は # S_{X,Y}= . T は U , D , L , R のいずれかからなる長さ 1 以上 10^4 以下の文字列 入力 入力は以下の形式で標準入力から与えられる。 H W X Y S_{1,1}S_{1,2}\ldots S_{1,W} \dots S_{H,1}S_{H,2}\ldots S_{H,W} T 出力 行動を終えたあとサンタクロースがいるマスを (X,Y) 、行動により通過または到達した家の数を C とするとき、 X,Y,C をこの順に空白区切りで出力せよ。 入力例 1 5 5 3 4 ##### #...# #.@.# #..@# ##### LLLDRUU 出力例 1 2 3 1 サンタクロースは以下のように行動します。 T_1= L なのでマス (3,4) からマス (3,3) に移動する。これにより家を通過する。 T_2= L なのでマス (3,3) からマス (3,2) に移動する。 T_3= L だがマス (3,1) は通行不可能なので、マス (3,2) に留まる。 T_4= D なのでマス (3,2) からマス (4,2) に移動する。 T_5= R なのでマス (4,2) からマス (4,3) に移動する。 T_6= U なのでマス (4,3) からマス (3,3) に移動する。これにより家を通過するが、この家はすでに通過したことがある家である。 T_7= U なのでマス (3,3) からマス (2,3) に移動する。 行動により通過または到達した家の数は 1 です。 入力例 2 6 13 4 6 ############# #@@@@@@@@@@@# #@@@@@@@@@@@# #@@@@.@@@@@@# #@@@@@@@@@@@# ############# UURUURLRLUUDDURDURRR 出力例 2 3 11 11 入力例 3 12 35 7 10 ################################### #.................................# #..........@......................# #......@................@.........# #.............##............@.....# #...##........##....##............# #...##........##....##.......##...# #....##......##......##....##.....# #....##......##......##..##.......# #.....#######.........###.........# #.................................# ################################### LRURRRUUDDULUDUUDLRLRDRRLULRRUDLDRU 出力例 3 4 14 1",200.0,
atcoder,abc,public_sponsored_abc,unique_vision,abc385,UNIQUE VISION Programming Contest 2024 Christmas (AtCoder Beginner Contest 385),2024,2024-12-21,1734782400.0,2024.5,abc385_c,C,Illuminate Buildings,C. Illuminate Buildings,446.0,9544,"['brute force', 'implementation', 'arithmetic progression', 'modular arithmetic', 'array']",5,https://atcoder.jp/contests/abc385/tasks/abc385_c,https://atcoder-tagged-backend.onrender.com/problems/all,2.3.0-sponsor-abc-kenkoooo-diff,ja,2026-06-04T18:46:05.900291+00:00,36.866,528.0,"配点 : 350 点 問題文 N 棟のビルが等間隔に一列に並んでいます。手前から i 番目のビルの高さは H_i です。 あなたは次の条件をともに満たすようにいくつかのビルを選んで電飾で飾ろうとしています。 選んだビルたちは高さが等しい 選んだビルたちは等間隔に並んでいる 最大でいくつのビルを選ぶことができますか？ なお、ちょうど 1 つのビルを選んだときは条件を満たすとみなします。 制約 1 \leq N \leq 3000 1 \leq H_i \leq 3000 入力は全て整数である 入力 入力は以下の形式で標準入力から与えられる。 N H_1 \ldots H_N 出力 答えを出力せよ。 入力例 1 8 5 7 5 7 7 5 7 7 出力例 1 3 手前から 2,5,8 番目のビルを選ぶと条件を満たします。 入力例 2 10 100 200 300 400 500 600 700 800 900 1000 出力例 2 1 1つのビルを選んだときは条件を満たすとみなします。 入力例 3 32 3 1 4 1 5 9 2 6 5 3 5 8 9 7 9 3 2 3 8 4 6 2 6 4 3 3 8 3 2 7 9 5 出力例 3 3",350.0,
atcoder,abc,public_sponsored_abc,unique_vision,abc385,UNIQUE VISION Programming Contest 2024 Christmas (AtCoder Beginner Contest 385),2024,2024-12-21,1734782400.0,2024.5,abc385_d,D,Santa Claus 2,D. Santa Claus 2,1171.0,5111,"['simulation', 'binary search', 'set', 'geometry', 'data structure']",5,https://atcoder.jp/contests/abc385/tasks/abc385_d,https://atcoder-tagged-backend.onrender.com/problems/all,2.3.0-sponsor-abc-kenkoooo-diff,ja,2026-06-04T18:46:05.900291+00:00,51.174,1273.0,"配点 : 425 点 問題文 2次元平面上の N 点 (X_1,Y_1),\ldots,(X_N,Y_N) に家が建っています。 最初、点 (S_x,S_y) にサンタクロースがいます。サンタクロースは列 (D_1,C_1),\ldots,(D_M,C_M) に従って以下の行動を行います。 i=1,2,\ldots,M の順に以下のように移動する。 現在サンタクロースがいる点を (x,y) とする。 D_i が U なら、 (x,y) から (x,y+C_i) に直線で移動する。 D_i が D なら、 (x,y) から (x,y-C_i) に直線で移動する。 D_i が L なら、 (x,y) から (x-C_i,y) に直線で移動する。 D_i が R なら、 (x,y) から (x+C_i,y) に直線で移動する。 行動を終えたあとにサンタクロースがいる点と、行動により通過または到達した家の数を求めてください。ただし、同じ家を複数回通過または到達してもそれらは重複して数えません。 制約 1 \leq N \leq 2\times 10^5 1 \leq M \leq 2\times 10^5 -10^9 \leq X_i,Y_i \leq 10^9 (X_i,Y_i) は相異なる -10^9 \leq S_x,S_y \leq 10^9 (S_x,S_y) に家は建っていない D_i は U , D , L , R のいずれかである 1 \leq C_i \leq 10^9 与えられる数値は全て整数である 入力 入力は以下の形式で標準入力から与えられる。 N M S_x S_y X_1 Y_1 \vdots X_N Y_N D_1 C_1 \vdots D_M C_M 出力 行動を終えたあとサンタクロースがいる点を (X,Y) 、行動により通過または到達した家の数を C とするとき、 X,Y,C をこの順に空白区切りで出力せよ。 入力例 1 3 4 3 2 2 2 3 3 2 1 L 2 D 1 R 1 U 2 出力例 1 2 3 2 サンタクロースは以下のように行動します。 D_1= L なので (3,2) から (3-2,2) に直線で移動する。このとき (2,2) に建っている家を通過する。 D_2= D なので (1,2) から (1,2-1) に直線で移動する。 D_3= R なので (1,1) から (1+1,1) に直線で移動する。このとき (2,1) に建っている家を通過する。 D_4= U なので (2,1) から (2,1+2) に直線で移動する。このとき (2,2) に建っている家を通過するが、この家はすでに通過したことがある家である。 行動により通過または到達した家の数は 2 です。 入力例 2 1 3 0 0 1 1 R 1000000000 R 1000000000 R 1000000000 出力例 2 3000000000 0 0 オーバーフローに注意してください。",425.0,
atcoder,abc,public_sponsored_abc,unique_vision,abc385,UNIQUE VISION Programming Contest 2024 Christmas (AtCoder Beginner Contest 385),2024,2024-12-21,1734782400.0,2024.5,abc385_e,E,Snowflake Tree,E. Snowflake Tree,1406.0,3767,"['tree', 'greedy', 'sorting', 'enumeration']",4,https://atcoder.jp/contests/abc385/tasks/abc385_e,https://atcoder-tagged-backend.onrender.com/problems/all,2.3.0-sponsor-abc-kenkoooo-diff,ja,2026-06-04T18:46:05.900291+00:00,55.812,729.0,"配点 : 450 点 問題文 「 ユ木 」を、以下の手順で生成することができる木と定義します。 正整数 x,y を選ぶ 頂点を 1 つ用意する 別に x 個の頂点を用意し、それぞれを手順 2 で用意した頂点と辺で結ぶ 手順 3 で用意した x 個の頂点それぞれに、 y 個の葉をつける x=4,y=2 のユ木を下図に示します。手順 2,3,4 で用意される頂点をそれぞれ赤、青、緑で示しています。 N 頂点の木 T が与えられます。頂点には 1 から N の番号が付けられており、 i\;(=1,2,\dots,N-1) 番目の辺は頂点 u_i と頂点 v_i を結びます。 T の 0 個以上の頂点とそれに隣接する辺を削除して 1 つのユ木にするとき、削除する頂点数の最小値を求めてください。なお、本問題の制約下で、 T をかならずユ木にすることができます。 制約 3 \leq N \leq 3 \times 10^5 1 \leq u_i < v_i \leq N 与えられるグラフは木である 入力はすべて整数 入力 入力は以下の形式で標準入力から与えられる。 N u_1 v_1 u_2 v_2 \vdots u_{N-1} v_{N-1} 出力 答えを出力せよ。 入力例 1 8 1 3 2 3 3 4 4 5 5 6 5 7 4 8 出力例 1 1 頂点 8 を削除することで、与えられた木を x=2,y=2 のユ木にすることができます。 入力例 2 3 1 2 2 3 出力例 2 0 与えられた木はすでに x=1,y=1 のユ木です。 入力例 3 10 1 3 1 2 5 7 6 10 2 8 1 6 8 9 2 7 1 4 出力例 3 3",450.0,
atcoder,abc,public_sponsored_abc,unique_vision,abc385,UNIQUE VISION Programming Contest 2024 Christmas (AtCoder Beginner Contest 385),2024,2024-12-21,1734782400.0,2024.5,abc385_f,F,Visible Buildings,F. Visible Buildings,1905.0,2134,"['geometry', 'convex hull', 'data types']",3,https://atcoder.jp/contests/abc385/tasks/abc385_f,https://atcoder-tagged-backend.onrender.com/problems/all,2.3.0-sponsor-abc-kenkoooo-diff,ja,2026-06-04T18:46:05.900291+00:00,65.66,866.0,配点 : 525 点 問題文 1 から N の番号がついた N 棟のビルが数直線上に建っています。 ビル i は座標 X_i にあり、高さは H_i です。ビルの高さ方向以外の大きさは無視できるものとします。 座標 x の高さ h の地点 P からビル i が見えるとは、ビル i 上のある点 Q であって、線分 PQ が他のビルと共有点を持たないものが存在することと定めます。 座標 0 から全てのビルを見ることができない高さの最大値を求めてください。ただし、高さは非負の値を取るとし、高さ 0 で全てのビルを見ることができる場合はかわりに -1 と答えてください。 制約 1 \leq N \leq 2 \times 10^5 1 \leq X_1 < \dots < X_N \leq 10^9 1 \leq H_i \leq 10^9 入力は全て整数である 入力 入力は以下の形式で標準入力から与えられる。 N X_1 H_1 \vdots X_N H_N 出力 座標 0 、高さ 0 の地点から全てのビルを見ることができる場合は -1 と出力せよ。 そうでないとき、座標 0 から全てのビルを見ることができない高さの最大値を出力せよ。真の解との絶対誤差または相対誤差が 10^{-9} 以下のとき正解と判定される。 入力例 1 3 3 2 5 4 7 5 出力例 1 1.500000000000000000 座標 0 高さ 1.5 の位置ではビル 3 を見ることができません。高さが 1.5 より僅かでも高ければビル 3 を含む全てのビルを見ることができるため、答えは 1.5 です。 入力例 2 2 1 1 2 100 出力例 2 -1 -1.000 などの出力では不正解となることに注意してください。 入力例 3 3 1 1 2 2 3 3 出力例 3 0.000000000000000000 入力例 4 4 10 10 17 5 20 100 27 270 出力例 4 17.142857142857142350,525.0,
atcoder,abc,public_sponsored_abc,unique_vision,abc385,UNIQUE VISION Programming Contest 2024 Christmas (AtCoder Beginner Contest 385),2024,2024-12-21,1734782400.0,2024.5,abc385_g,G,Counting Buildings,G. Counting Buildings,2492.0,448,"['permutation', 'stirling numbers', 'generating function', 'ntt', 'divide and conquer']",5,https://atcoder.jp/contests/abc385/tasks/abc385_g,https://atcoder-tagged-backend.onrender.com/problems/all,2.3.0-sponsor-abc-kenkoooo-diff,ja,2026-06-04T18:46:05.900291+00:00,77.245,806.0,"配点 : 600 点 問題文 (1,2,\dots,N) の並び替え P=(P_1,P_2,\dots,P_N) に対し、整数 L(P),R(P) を以下のように定めます。 N 個のビルが左右一列に並んでおり、左から i 番目のビルの高さは P_i であるとする。このビルの列を左側から見たときに見えるビルの数を L(P) 、右側から見たときに見えるビルの数を R(P) とする。 より形式的には、 L(P) はすべての j<i に対して P_j < P_i を満たす i の個数であり、 R(P) はすべての j > i に対して P_i > P_j を満たす i の個数である。 整数 N,K が与えられます。 (1,2,\dots,N) の並び替え P であって、 L(P)-R(P)=K となるようなものの個数を 998244353 で割ったあまりを求めてください。 制約 1 \leq N \leq 2 \times 10^5 |K| \leq N-1 入力はすべて整数 入力 入力は以下の形式で標準入力から与えられる。 N K 出力 答えを出力せよ。 入力例 1 3 -1 出力例 1 1 P=(1,2,3) : L(P)-R(P)=3-1=2 です。 P=(1,3,2) : L(P)-R(P)=2-2=0 です。 P=(2,1,3) : L(P)-R(P)=2-1=1 です。 P=(2,3,1) : L(P)-R(P)=2-2=0 です。 P=(3,1,2) : L(P)-R(P)=1-2=-1 です。 P=(3,2,1) : L(P)-R(P)=1-3=-2 です。 よって、 L(P)-R(P)=-1 となる P の個数は 1 です。 入力例 2 1 0 出力例 2 1 入力例 3 2024 385 出力例 3 576300012 998244353 で割ったあまりを出力してください。",600.0,
atcoder,abc,public_sponsored_abc,hhkb,abc388,HHKB Programming Contest 2025(AtCoder Beginner Contest 388),2025,2025-01-11,1736596800.0,2025.0,abc388_a,A,?UPC,A. ?UPC,-1184.0,15227,"['string', 'implementation']",2,https://atcoder.jp/contests/abc388/tasks/abc388_a,https://atcoder-tagged-backend.onrender.com/problems/all,2.3.0-sponsor-abc-kenkoooo-diff,ja,2026-06-04T18:46:05.900291+00:00,4.697,322.0,配点 : 100 点 問題文 文字列 S が与えられます。ここで、 S の 1 文字目は英大文字、 2 文字目以降は英小文字です。 S の 1 文字目と UPC をこの順に結合した文字列を出力してください。 制約 S は長さ 1 以上 100 以下の文字列 S の 1 文字目は英大文字 S の 2 文字目以降は英小文字 入力 入力は以下の形式で標準入力から与えられる。 S 出力 S の 1 文字目と UPC をこの順に結合した文字列を出力せよ。 入力例 1 Kyoto 出力例 1 KUPC Kyoto の 1 文字目は K であるため、 K と UPC を結合した KUPC を出力します。 入力例 2 Tohoku 出力例 2 TUPC,100.0,
atcoder,abc,public_sponsored_abc,hhkb,abc388,HHKB Programming Contest 2025(AtCoder Beginner Contest 388),2025,2025-01-11,1736596800.0,2025.0,abc388_b,B,Heavy Snake,B. Heavy Snake,-633.0,13754,"['brute force', 'implementation', 'simulation']",3,https://atcoder.jp/contests/abc388/tasks/abc388_b,https://atcoder-tagged-backend.onrender.com/problems/all,2.3.0-sponsor-abc-kenkoooo-diff,ja,2026-06-04T18:46:05.900291+00:00,15.571,622.0,"配点 : 200 点 問題文 N 匹のヘビがいます。 はじめ、 i 匹目のヘビの太さは T_i 、長さは L_i です。 ヘビの重さは太さと長さの積となります。 1 \leq k \leq D を満たす各整数 k について、すべてのヘビの長さが k 伸びたときの最も重いヘビの重さを求めてください。 制約 1 \leq N, D \leq 100 1 \leq T_i, L_i \leq 100 入力される値はすべて整数 入力 入力は以下の形式で標準入力から与えられる。 N D T_1 L_1 T_2 L_2 \vdots T_N L_N 出力 D 行出力せよ。 k 行目には、すべてのヘビの長さが k 伸びたときの最も重いヘビの重さを出力せよ。 入力例 1 4 3 3 3 5 1 2 4 1 10 出力例 1 12 15 20 すべてのヘビの長さが 1 伸びたとき、ヘビの重さはそれぞれ 12, 10, 10, 11 となるので 1 行目には 12 を出力します。 すべてのヘビの長さが 2 伸びたとき、ヘビの重さはそれぞれ 15, 15, 12, 12 となるので 2 行目には 15 を出力します。 すべてのヘビの長さが 3 伸びたとき、ヘビの重さはそれぞれ 18, 20, 14, 13 となるので 3 行目には 20 を出力します。 入力例 2 1 4 100 100 出力例 2 10100 10200 10300 10400",200.0,
atcoder,abc,public_sponsored_abc,hhkb,abc388,HHKB Programming Contest 2025(AtCoder Beginner Contest 388),2025,2025-01-11,1736596800.0,2025.0,abc388_c,C,Various Kagamimochi,C. Various Kagamimochi,145.0,11883,"['binary search', 'two pointer', 'counting']",3,https://atcoder.jp/contests/abc388/tasks/abc388_c,https://atcoder-tagged-backend.onrender.com/problems/all,2.3.0-sponsor-abc-kenkoooo-diff,ja,2026-06-04T18:46:05.900291+00:00,30.926,821.0,"配点 : 300 点 問題文 N 個の餅が小さいほうから順に並んでいます。 i 番目 (1\leq i\leq N) の餅の大きさは A _ i です。 2 つの餅 A,B の大きさをそれぞれ a,b としたとき、 a が b の半分以下であるとき、かつそのときに限り、餅 A を餅 B の上に乗せて鏡餅を 1 つ作ることができます。 N 個の餅から 2 つの餅を選び、一方をもう一方の上に乗せることで鏡餅を 1 つ作ります。 何種類の鏡餅を作ることができるか求めてください。 ただし、鏡餅を構成する餅の大きさが同じでも、少なくとも一方が異なる餅であれば別の種類の鏡餅として数えます。 制約 2\leq N\leq 5\times 10 ^ 5 1\leq A _ i\leq 10 ^ 9\ (1\leq i\leq N) A _ i\leq A _ {i+1}\ (1\leq i\lt N) 入力はすべて整数 入力 入力は以下の形式で標準入力から与えられる。 N A _ 1 A _ 2 \cdots A _ N 出力 作ることができる鏡餅の種類数を出力せよ。 入力例 1 6 2 3 4 4 7 10 出力例 1 8 与えられた餅の大きさは以下のようになっています。 このとき、以下の 8 種類の鏡餅を作ることができます。 大きさ 4 の餅の上に大きさ 2 の餅を乗せた鏡餅や、大きさ 10 の餅の上に大きさ 4 の餅を乗せた鏡餅は 2 種類あることに注意してください。 入力例 2 3 387 388 389 出力例 2 0 鏡餅を 1 種類も作ることができない場合もあります。 入力例 3 32 1 2 4 5 8 10 12 16 19 25 33 40 50 64 87 101 149 175 202 211 278 314 355 405 412 420 442 481 512 582 600 641 出力例 3 388",300.0,
atcoder,abc,public_sponsored_abc,hhkb,abc388,HHKB Programming Contest 2025(AtCoder Beginner Contest 388),2025,2025-01-11,1736596800.0,2025.0,abc388_d,D,Coming of Age Celebration,D. Coming of Age Celebration,659.0,8454,"['simulation', 'difference array', 'range update']",3,https://atcoder.jp/contests/abc388/tasks/abc388_d,https://atcoder-tagged-backend.onrender.com/problems/all,2.3.0-sponsor-abc-kenkoooo-diff,ja,2026-06-04T18:46:05.900291+00:00,41.07,800.0,"配点 : 400 点 問題文 ある星には N 人の宇宙人がおり、全員未成年です。 i 人目の宇宙人は現在 A_i 個の石を所持しており、ちょうど i 年後に成人します。 この星では誰かが成人するとき、石を 1 個以上所持している 成人 全員が、成人する宇宙人に成人祝いとして石を 1 個渡します。 N 年後に各宇宙人が所持している石の個数を求めてください。 ただし、今後新たな宇宙人は産まれないものとします。 制約 1 \leq N \leq 5 \times 10^5 0 \leq A_i \leq 5 \times 10^5 入力される値はすべて整数 入力 入力は以下の形式で標準入力から与えられる。 N A_1 A_2 \ldots A_N 出力 N 年後に i 人目の宇宙人が所持している石の個数を B_i として B_1, B_2, \ldots, B_N をこの順に空白区切りで出力せよ。 入力例 1 4 5 0 9 3 出力例 1 2 0 10 5 i 人目の宇宙人が持っている石の個数を C_i で表します。 はじめ (C_1, C_2, C_3, C_4) = (5, 0, 9, 3) です。 1 年後には (C_1, C_2, C_3, C_4) = (5, 0, 9, 3) となります。 2 年後には (C_1, C_2, C_3, C_4) = (4, 1, 9, 3) となります。 3 年後には (C_1, C_2, C_3, C_4) = (3, 0, 11, 3) となります。 4 年後には (C_1, C_2, C_3, C_4) = (2, 0, 10, 5) となります。 入力例 2 5 4 6 7 2 5 出力例 2 0 4 7 4 9 入力例 3 10 2 9 1 2 0 4 6 7 1 5 出力例 3 0 2 0 0 0 4 7 10 4 10",400.0,
atcoder,abc,public_sponsored_abc,hhkb,abc388,HHKB Programming Contest 2025(AtCoder Beginner Contest 388),2025,2025-01-11,1736596800.0,2025.0,abc388_e,E,Simultaneous Kagamimochi,E. Simultaneous Kagamimochi,1068.0,6478,"['binary search', 'two pointer', 'greedy']",3,https://atcoder.jp/contests/abc388/tasks/abc388_e,https://atcoder-tagged-backend.onrender.com/problems/all,2.3.0-sponsor-abc-kenkoooo-diff,ja,2026-06-04T18:46:05.900291+00:00,49.142,793.0,"配点 : 450 点 問題文 N 個の餅が小さいほうから順に並んでいます。 i 番目 (1\leq i\leq N) の餅の大きさは A _ i です。 2 つの餅 A,B の大きさをそれぞれ a,b としたとき、 a が b の半分以下であるとき、かつそのときに限り、餅 A を餅 B の上に乗せて鏡餅を 1 つ作ることができます。 同時にいくつの鏡餅を作ることができるか求めてください。 より厳密には、以下ができるような最大の非負整数 K を求めてください。 N 個の餅から 2K 個の餅を選んで K 個の 2 つ組に分け、それぞれの組について一方をもう一方の上に乗せることで鏡餅を K 個作る。 制約 2\leq N\leq 5\times 10 ^ 5 1\leq A _ i\leq 10 ^ 9\ (1\leq i\leq N) A _ i\leq A _ {i+1}\ (1\leq i\lt N) 入力はすべて整数 入力 入力は以下の形式で標準入力から与えられる。 N A _ 1 A _ 2 \dotsc A _ N 出力 同時に K 個鏡餅を作れるような最大の K を出力せよ。 入力例 1 6 2 3 4 4 7 10 出力例 1 3 与えられた餅の大きさは以下のようになっています。 このとき、以下の 3 つの鏡餅を同時に作ることができます。 6 つの餅から 4 つ以上の鏡餅を作ることはできないので、 3 を出力してください。 入力例 2 3 387 388 389 出力例 2 0 鏡餅を 1 つも作ることができない場合もあります。 入力例 3 24 307 321 330 339 349 392 422 430 477 481 488 537 541 571 575 602 614 660 669 678 712 723 785 792 出力例 3 6",450.0,
atcoder,abc,public_sponsored_abc,hhkb,abc388,HHKB Programming Contest 2025(AtCoder Beginner Contest 388),2025,2025-01-11,1736596800.0,2025.0,abc388_f,F,Dangerous Sugoroku ,F. Dangerous Sugoroku ,2214.0,1177,"['dp', 'bitset', 'frobenius number']",3,https://atcoder.jp/contests/abc388/tasks/abc388_f,https://atcoder-tagged-backend.onrender.com/problems/all,2.3.0-sponsor-abc-kenkoooo-diff,ja,2026-06-04T18:46:05.900291+00:00,71.758,810.0,"配点 : 550 点 問題文 N 個のマスが 1 列に並んでおり、順に 1, 2, \ldots, N の番号が付けられています。 M 個の整数組 (L_1, R_1), \ldots, (L_M, R_M) が与えられます。 マス j はある i に対して L_i \leq j \leq R_i を満たすとき、またそのときに限り 悪いマス であると定めます。 マス 1 から以下の行動を繰り返すことでマス N に移動できるか判定してください。 現在位置しているマスをマス x とする。以下の条件をすべて満たすような整数 i を選び、マス x + i に移動する。 A \leq i \leq B x + i \leq N マス x + i は悪いマスでない 制約 2 \leq N \leq 10^{12} 0 \leq M \leq 2 \times 10^4 1 \leq A \leq B \leq 20 1 < L_i \leq R_i < N (1 \leq i \leq M) R_i < L_{i + 1} (1 \leq i \leq M - 1) 入力される値はすべて整数 入力 入力は以下の形式で標準入力から与えられる。 N M A B L_1 R_1 L_2 R_2 \vdots L_M R_M 出力 問題文中の行動を繰り返すことでマス N に移動できる場合は Yes を、そうでない場合は No を出力せよ。 入力例 1 24 2 3 5 7 8 17 20 出力例 1 Yes マス 1 \to 6 \to 9 \to 12 \to 16 \to 21 \to 24 のように移動することでマス N に移動することができます。 入力例 2 30 1 5 8 4 24 出力例 2 No 入力例 3 100 4 10 11 16 18 39 42 50 55 93 99 出力例 3 Yes",550.0,
atcoder,abc,public_sponsored_abc,hhkb,abc388,HHKB Programming Contest 2025(AtCoder Beginner Contest 388),2025,2025-01-11,1736596800.0,2025.0,abc388_g,G,Simultaneous Kagamimochi 2,G. Simultaneous Kagamimochi 2,2001.0,1736,"['binary search on answer', 'range maximum query', 'sparse table', 'two pointer', 'greedy']",5,https://atcoder.jp/contests/abc388/tasks/abc388_g,https://atcoder-tagged-backend.onrender.com/problems/all,2.3.0-sponsor-abc-kenkoooo-diff,ja,2026-06-04T18:46:05.900291+00:00,67.555,1513.0,"配点 : 575 点 問題文 N 個の餅が小さいほうから順に並んでいます。 i 番目 (1\leq i\leq N) の餅の大きさは A _ i です。 2 つの餅 A,B の大きさをそれぞれ a,b としたとき、 a が b の半分以下であるとき、かつそのときに限り、餅 A を餅 B の上に乗せて鏡餅を 1 つ作ることができます。 整数の 2 つ組が Q 個与えられます。 i 番目 (1\leq i\leq Q) の 2 つ組を (L _ i,R _ i) として、次の問題をすべての i について解いてください。 L _ i 番目から R _ i 番目までの R _ i-L _ i+1 個の餅だけを使って、同時にいくつの鏡餅を作ることができるか求めてください。 より厳密には、以下ができるような最大の非負整数 K を求めてください。 L _ i 番目から R _ i 番目までの R _ i-L _ i+1 個の餅から 2K 個の餅を選んで K 個の 2 つ組に分け、それぞれの組について一方をもう一方の上に乗せることで鏡餅を K 個作る。 制約 2\leq N\leq 2\times 10 ^ 5 1\leq A _ i\leq 10 ^ 9\ (1\leq i\leq N) A _ i\leq A _ {i+1}\ (1\leq i\lt N) 1\leq Q\leq 2\times 10 ^ 5 1\leq L _ i\lt R _ i\leq N\ (1\leq i\leq Q) 入力はすべて整数 入力 入力は以下の形式で標準入力から与えられる。 N A _ 1 A _ 2 \dotsc A _ N Q L _ 1 R _ 1 L _ 2 R _ 2 \vdots L _ Q R _ Q 出力 Q 行出力せよ。 i 行目 (1\leq i\leq Q) には、 i 番目の 2 つ組に対応する問題の答えを出力せよ。 入力例 1 11 1 1 2 3 4 4 7 10 11 12 20 5 2 5 3 8 7 11 1 2 1 11 出力例 1 2 3 1 0 5 それぞれの問題に対する答えは以下のようになります。 鏡餅の作り方は一例です。 それぞれの餅の大きさは (1,2,3,4) です。 (1,3),(2,4) の 2 つの鏡餅を作ることができます。 それぞれの餅の大きさは (2,3,4,4,7,10) です。 (2,4),(3,7),(4,10) の 3 つの鏡餅を作ることができます。 それぞれの餅の大きさは (7,10,11,12,20) です。 (10,20) の 1 つの鏡餅を作ることができます。 それぞれの餅の大きさは (1,1) です。 1 つも鏡餅を作ることができません。 それぞれの餅の大きさは (1,1,2,3,4,4,7,10,11,12,20) です。 (1,2),(1,3),(4,10),(4,11),(7,20) の 5 つの鏡餅を作ることができます。 以上より、 2 3 1 0 5 をこの順に出力してください。 入力例 2 24 127 148 170 174 258 311 331 414 416 436 517 523 532 587 591 638 660 748 760 776 837 857 972 984 15 7 11 8 9 8 13 12 15 9 23 1 17 8 12 1 5 6 17 3 7 12 19 13 18 7 22 1 12 14 15 出力例 2 0 0 0 0 2 6 0 1 1 0 0 0 3 5 0",575.0,
atcoder,abc,public_sponsored_abc,toyota,abc389,Toyota Programming Contest  2025（AtCoder Beginner Contest 389),2025,2025-01-18,1737201600.0,2025.0,abc389_a,A,9x9,A. 9x9,-1170.0,15958,"['implementation', 'string', 'math']",3,https://atcoder.jp/contests/abc389/tasks/abc389_a,https://atcoder-tagged-backend.onrender.com/problems/all,2.3.0-sponsor-abc-kenkoooo-diff,ja,2026-06-04T18:46:05.900291+00:00,4.973,313.0,配点 : 100 点 問題文 1 文字目が数字、 2 文字目が文字 x 、 3 文字目が数字であるような 3 文字の文字列 S が与えられます。 S の 2 つの数の積を求めてください。 制約 S は 1 文字目が 1 以上 9 以下の整数、 2 文字目が文字 x 、 3 文字目が 1 以上 9 以下の整数であるような 3 文字の文字列 入力 入力は以下の形式で標準入力から与えられる。 S 出力 答えを整数として出力せよ。 入力例 1 3x8 出力例 1 24 3 \times 8 = 24 より、 24 を出力します。 入力例 2 9x9 出力例 2 81 9 \times 9 = 81 より、 81 を出力します。,100.0,
atcoder,abc,public_sponsored_abc,toyota,abc389,Toyota Programming Contest  2025（AtCoder Beginner Contest 389),2025,2025-01-18,1737201600.0,2025.0,abc389_b,B,tcaF,B. tcaF,-703.0,14837,"['factorial', 'implementation', 'brute force']",3,https://atcoder.jp/contests/abc389/tasks/abc389_b,https://atcoder-tagged-backend.onrender.com/problems/all,2.3.0-sponsor-abc-kenkoooo-diff,ja,2026-06-04T18:46:05.900291+00:00,14.19,346.0,配点 : 150 点 問題文 2 以上の整数 X が与えられます。 N!=X を満たすような正の整数 N を求めてください。 ただし、 N! は N の階乗を表し、そのような N がただ一つ存在することは保証されています。 制約 2 \leq X \leq 3 \times 10^{18} N!=X を満たすような正の整数 N がただ一つ存在する 入力は全て整数 入力 入力は以下の形式で標準入力から与えられる。 X 出力 答えを出力せよ。 入力例 1 6 出力例 1 3 3!=3\times2\times1=6 より、 3 を出力します。 入力例 2 2432902008176640000 出力例 2 20 20!=2432902008176640000 より、 20 を出力します。,150.0,
atcoder,abc,public_sponsored_abc,toyota,abc389,Toyota Programming Contest  2025（AtCoder Beginner Contest 389),2025,2025-01-18,1737201600.0,2025.0,abc389_c,C,Snake Queue,C. Snake Queue,220.0,11260,"['queue', 'prefix sum', 'implementation']",3,https://atcoder.jp/contests/abc389/tasks/abc389_c,https://atcoder-tagged-backend.onrender.com/problems/all,2.3.0-sponsor-abc-kenkoooo-diff,ja,2026-06-04T18:46:05.900291+00:00,32.406,1463.0,"配点 : 300 点 問題文 ヘビの待ち行列があります。最初、列は空です。 クエリが Q 個与えられるので、与えられた順に処理してください。クエリは以下の 3 種類です。 タイプ 1 : 1 l の形式で与えられる。長さ l のヘビが列の末尾に追加される。このとき追加するヘビの頭の位置は、元の列が空の場合は座標 0 、そうでない場合は最後尾のヘビの頭の座標に最後尾のヘビの長さを加えた座標となる。 タイプ 2 : 2 の形式で与えられる。列の先頭にいるヘビが列から抜ける。このとき、列が空でないことは保証される。抜けたヘビの長さを m として、列に残っている全てのヘビの頭の座標が m だけ減少する。 タイプ 3 : 3 k の形式で与えられる。列の先頭から数えて k 番目にいるヘビの頭の座標を出力せよ。このとき、列には少なくとも k 匹のヘビがいることが保証される。 制約 1 \leq Q \leq 3 \times 10^{5} タイプ 1 のクエリにおいて、 1 \leq l \leq 10^{9} タイプ 2 のクエリにおいて、列が空でないことが保証される タイプ 3 のクエリにおいて、列にいるヘビの数を n として、 1 \leq k \leq n 入力は全て整数 入力 入力は以下の形式で標準入力から与えられる。 Q \text{query}_1 \text{query}_2 \vdots \text{query}_Q ただし、 \text{query}_i は i 個目のクエリを表し、以下のいずれかの形式である。 1 l 2 3 k 出力 タイプ 3 のクエリの個数を q として、 q 行出力せよ。 i 行目には、 i 個目のタイプ 3 のクエリに対する答えを出力せよ。 入力例 1 7 1 5 1 7 3 2 1 3 1 4 2 3 3 出力例 1 5 10 1 個目のクエリ : 長さ 5 のヘビが列に追加される。列にヘビはいないため、追加されたヘビの頭の座標は 0 となる。 2 個目のクエリ : 長さ 7 のヘビが列に追加される。追加する前の最後尾のヘビの頭の座標が 0 で長さが 5 のため、追加されたヘビの頭の座標は 5 となる。 3 個目のクエリ : 前から 2 番目にいるヘビの頭の座標を出力する。列にいるヘビの頭の座標は前から順に 0, 5 であるため、 5 を出力する。 4 個目のクエリ : 長さ 3 のヘビが列に追加される。追加する前の最後尾のヘビの頭の座標が 5 で長さが 7 のため、追加されたヘビの頭の座標は 12 となる。 5 個目のクエリ : 長さ 4 のヘビが列に追加される。追加する前の最後尾のヘビの頭の座標が 12 で長さが 3 のため、追加されたヘビの頭の座標は 15 となる。 6 個目のクエリ : 先頭のヘビが列から抜ける。抜けたヘビの長さが 5 であるため、列にいるヘビの頭の座標は 5 だけ減少する。列に残っているヘビの頭の座標は先頭から順に 0,7,10 となる。 7 個目のクエリ : 前から 3 番目にいるヘビの頭の座標を出力する。列にいるヘビの頭の座標は前から順に 0, 7, 10 であるため、 10 を出力する。 入力例 2 3 1 1 2 1 3 出力例 2 タイプ 3 のクエリが 1 つもない場合もあります。 入力例 3 10 1 15 1 10 1 5 2 1 5 1 10 1 15 2 3 4 3 2 出力例 3 20 5",300.0,
atcoder,abc,public_sponsored_abc,toyota,abc389,Toyota Programming Contest  2025（AtCoder Beginner Contest 389),2025,2025-01-18,1737201600.0,2025.0,abc389_d,D,Squares in Circle,D. Squares in Circle,749.0,7393,"['coordinate geometry', 'counting', 'two pointer', 'symmetry']",4,https://atcoder.jp/contests/abc389/tasks/abc389_d,https://atcoder-tagged-backend.onrender.com/problems/all,2.3.0-sponsor-abc-kenkoooo-diff,ja,2026-06-04T18:46:05.900291+00:00,42.846,427.0,"配点 : 400 点 問題文 二次元座標平面上に 1\times 1 の正方形が無限に敷き詰められています。 ある正方形の中心を中心として、半径 R の円を描いたとき、円に完全に内包される正方形は何個あるでしょうか？ より厳密には、整数組 (i,j) であって、 4 点 (i+0.5,j+0.5),(i+0.5,j-0.5),(i-0.5,j+0.5),(i-0.5,j-0.5) 全てが原点との距離が R 以下という条件を満たすものの個数を求めてください。 制約 1\leq R\leq 10^{6} 入力される数値は全て整数 入力 入力は以下の形式で標準入力から与えられる。 R 出力 答えを出力せよ。 入力例 1 2 出力例 1 5 正方形の中心が円の中心と一致するような正方形、及びその正方形に隣接する正方形 4 個の、合計 5 個の正方形が円に完全に内包されています。 入力例 2 4 出力例 2 37 入力例 3 26 出力例 3 2025",400.0,
atcoder,abc,public_sponsored_abc,toyota,abc389,Toyota Programming Contest  2025（AtCoder Beginner Contest 389),2025,2025-01-18,1737201600.0,2025.0,abc389_e,E,Square Price,E. Square Price,1897.0,2752,"['binary search on answer', 'greedy', 'optimization']",3,https://atcoder.jp/contests/abc389/tasks/abc389_e,https://atcoder-tagged-backend.onrender.com/problems/all,2.3.0-sponsor-abc-kenkoooo-diff,ja,2026-06-04T18:46:05.900291+00:00,65.502,499.0,配点 : 475 点 問題文 N 種類の商品がそれぞれ 10^{100} 個ずつあります。 あなたはこれらの商品を各種類について 0 個以上買うことが出来ます。 i 番目の商品を k 個買うには k^2P_i 円かかります。 購入金額の合計を M 円以下にするとき、最大何個の商品を買うことができるか求めてください。 制約 1\leq N\leq 2\times 10^{5} 1\leq M\leq 10^{18} 1\leq P_i\leq 2\times 10^{9} 入力される数値は全て整数 入力 入力は以下の形式で標準入力から与えられる。 N M P_1 \ldots P_N 出力 答えを出力せよ。 入力例 1 3 9 4 1 9 出力例 1 3 1 種類目の商品を 1 個、 2 種類目の商品を 2 個買うとき、購入金額の合計は 1^2 \times 4+2^2\times 1=8 です。 購入金額の合計が 9 円以下で 4 個以上の商品を買うことはできないため、 3 が答えとなります。 入力例 2 10 1000 2 15 6 5 12 1 7 9 17 2 出力例 2 53,475.0,
atcoder,abc,public_sponsored_abc,toyota,abc389,Toyota Programming Contest  2025（AtCoder Beginner Contest 389),2025,2025-01-18,1737201600.0,2025.0,abc389_f,F,Rated Range,F. Rated Range,1642.0,2811,"['segment tree', 'lazy propagation', 'binary search on segment tree', 'monotonic']",4,https://atcoder.jp/contests/abc389/tasks/abc389_f,https://atcoder-tagged-backend.onrender.com/problems/all,2.3.0-sponsor-abc-kenkoooo-diff,ja,2026-06-04T18:46:05.900291+00:00,60.47,1594.0,"配点 : 525 点 問題文 高橋君はAtCoderのコンテストに N 回参加しようとしています。 i 回目 (1 \leq i \leq N) のコンテストでは、レーティングが L_i 以上 R_i 以下である場合、レーティングが 1 増加します。 以下の形式で与えられる Q 個のクエリに答えてください。 整数 X が与えられる。高橋君の最初のレーティングが X であった場合、 N 回のコンテストを終えた後のレーティングを求めてください。 制約 1 \leq N \leq 2 \times 10^5 1 \leq L_i \leq R_i \leq 5 \times 10^5 (1 \leq i \leq N) 1 \leq Q \leq 3 \times 10^5 各クエリについて 1 \leq X \leq 5 \times 10^5 入力は全て整数 入力 入力は以下の形式で標準入力から与えられる。 N L_1 R_1 L_2 R_2 \vdots L_N R_N Q \text{query}_1 \text{query}_2 \vdots \text{query}_Q ただし、 \text{query}_i は i 個目のクエリを表し、以下の形式である。 X 出力 Q 行出力せよ。 i 行目には、 i 個目のクエリに対する答えを出力せよ。 入力例 1 5 1 5 1 3 3 6 2 4 4 7 3 3 2 5 出力例 1 6 6 8 1 個目のクエリでは以下のようにコンテストごとにレーティングが変化します。 1 回目のコンテストではレーティングが 1 以上 5 以下のため、レーティングが 1 増加し 4 になります。 2 回目のコンテストではレーティングが 1 以上 3 以下でないため、レーティングが増加せず 4 のままです。 3 回目のコンテストではレーティングが 3 以上 6 以下のため、レーティングが 1 増加し 5 になります。 4 回目のコンテストではレーティングが 2 以上 4 以下でないため、レーティングが増加せず 5 のままです。 5 回目のコンテストではレーティングが 4 以上 7 以下のため、レーティングが 1 増加し 6 になります。 2 個目のクエリでは 1,2,3,5 回目のコンテストでレーティングが 1 増加するため、レーティングは 6 になります。 3 個目のクエリでは 1,3,5 回目のコンテストでレーティングが 1 増加するため、レーティングは 8 になります。 入力例 2 10 1 1999 1 1999 1200 2399 1 1999 1 1999 1 1999 2000 500000 1 1999 1 1999 1600 2799 7 1 1995 2000 2399 500000 2799 1000 出力例 2 8 2002 2003 2402 500001 2800 1007 入力例 3 15 260522 414575 436426 479445 148772 190081 190629 433447 47202 203497 394325 407775 304784 463982 302156 468417 131932 235902 78537 395728 223857 330739 286918 329211 39679 238506 63340 186568 160016 361868 10 287940 296263 224593 101449 336991 390310 323355 177068 11431 8580 出力例 3 287946 296269 224599 101453 336997 390315 323363 177075 11431 8580",525.0,
atcoder,abc,public_sponsored_abc,toyota,abc389,Toyota Programming Contest  2025（AtCoder Beginner Contest 389),2025,2025-01-18,1737201600.0,2025.0,abc389_g,G,Odd Even Graph,G. Odd Even Graph,2762.0,356,"['dp', 'inclusion exclusion', 'generating function', 'combinatorics']",4,https://atcoder.jp/contests/abc389/tasks/abc389_g,https://atcoder-tagged-backend.onrender.com/problems/all,2.3.0-sponsor-abc-kenkoooo-diff,ja,2026-06-04T18:46:05.900291+00:00,82.574,957.0,"配点 : 600 点 問題文 正偶数 N 、素数 P が与えられます。 M=N-1,\ldots,\frac{N(N-1)}{2} について、以下の問題を解いてください。 頂点に 1 から N の番号が付いた N 頂点 M 辺の無向連結単純グラフであって、頂点 1 からの最短距離が偶数の頂点の個数と距離が奇数の頂点の個数が等しいものは何個あるでしょうか。個数を P で割ったあまりを求めてください。 制約 2\leq N\leq 30 10^8\leq P\leq 10^9 N は偶数 P は素数 入力される数値は全て整数 入力 入力は以下の形式で標準入力から与えられる。 N P 出力 M=N-1,\ldots,\frac{N(N-1)}{2} に対する答えを順に空白区切りで一行に出力せよ。 入力例 1 4 998244353 出力例 1 12 9 3 0 4 頂点 3 辺の条件を満たす単純連結無向グラフは 12 個あります。 4 頂点 4 辺の条件を満たす単純連結無向グラフは 9 個あります。 4 頂点 5 辺の条件を満たす単純連結無向グラフは 3 個あります。 4 頂点 6 辺の条件を満たす単純連結無向グラフは 0 個あります。 入力例 2 6 924844033 出力例 2 810 2100 3060 3030 2230 1210 450 100 10 0 0 入力例 3 10 433416647 出力例 3 49218750 419111280 321937732 107111441 372416570 351559278 312484809 334285827 317777667 211471846 58741385 422156135 323887465 54923551 121645733 94354149 346849276 72744827 385773306 163421544 351691775 59915863 430096957 166653801 346330874 185052506 245426328 47501118 7422030 899640 79380 4536 126 0 0 0 0 個数を P で割ったあまりを求めることに注意してください。",600.0,
atcoder,abc,public_sponsored_abc,unique_vision,abc398,UNIQUE VISION Programming Contest 2025 Spring (AtCoder Beginner Contest 398),2025,2025-03-22,1742644800.0,2025.0,abc398_a,A,Doors in the Center,A. Doors in the Center,-1093.0,15464,"['string', 'constructive', 'implementation', 'parity', 'palindrome']",5,https://atcoder.jp/contests/abc398/tasks/abc398_a,https://atcoder-tagged-backend.onrender.com/problems/all,2.3.0-sponsor-abc-kenkoooo-diff,ja,2026-06-04T18:46:05.900291+00:00,6.493,255.0,配点 : 100 点 問題文 以下の条件を全て満たす長さ N の文字列を求めてください。 各文字は - または = である 回文である 文字列中に = は 1 個または 2 個含まれる。 2 個含まれる場合、それらの = は隣接している なお、そのような文字列はちょうど 1 つ存在します。 制約 1 \leq N \leq 100 N は整数である 入力 入力は以下の形式で標準入力から与えられる。 N 出力 答えを出力せよ。 入力例 1 4 出力例 1 -==- 入力例 2 7 出力例 2 ---=---,100.0,
atcoder,abc,public_sponsored_abc,unique_vision,abc398,UNIQUE VISION Programming Contest 2025 Spring (AtCoder Beginner Contest 398),2025,2025-03-22,1742644800.0,2025.0,abc398_b,B,Full House 3,B. Full House 3,-461.0,13774,"['implementation', 'brute force', 'counting', 'case work']",4,https://atcoder.jp/contests/abc398/tasks/abc398_b,https://atcoder-tagged-backend.onrender.com/problems/all,2.3.0-sponsor-abc-kenkoooo-diff,ja,2026-06-04T18:46:05.900291+00:00,18.966,576.0,"配点 : 250 点 問題文 7 枚のカードがあります。 i 番目 (i=1,\ldots,7) のカードには整数 A_i が書かれています。 これらのカードから 5 枚を選び、フルハウスとできるか判定してください。 ただし、 5 枚組のカードは以下の条件を満たすとき、またそのときに限って、フルハウスであると呼ばれます。 異なる整数 x,y について、 x が書かれたカード 3 枚と y が書かれたカード 2 枚からなる。 制約 A_i は 1 以上 13 以下の整数 入力 入力は以下の形式で標準入力から与えられる。 A_1 A_2 A_3 A_4 A_5 A_6 A_7 出力 5 枚カードを選んでフルハウスとできるなら Yes 、そうでないなら No と出力せよ。 入力例 1 1 4 1 4 2 1 3 出力例 1 Yes 例えば、 (1,1,1,4,4) とカードを選択することでフルハウスとできます。 入力例 2 11 12 13 10 13 12 11 出力例 2 No 7 枚のカードからどのように 5 枚を選んでもフルハウスとはできません。 入力例 3 7 7 7 7 7 7 7 出力例 3 No 同じカード 5 枚組はフルハウスではないことに注意してください。 入力例 4 13 13 1 1 7 4 13 出力例 4 Yes",250.0,
atcoder,abc,public_sponsored_abc,unique_vision,abc398,UNIQUE VISION Programming Contest 2025 Spring (AtCoder Beginner Contest 398),2025,2025-03-22,1742644800.0,2025.0,abc398_c,C,Uniqueness,C. Uniqueness,-70.0,12840,"['implementation', 'counting', 'hashing']",3,https://atcoder.jp/contests/abc398/tasks/abc398_c,https://atcoder-tagged-backend.onrender.com/problems/all,2.3.0-sponsor-abc-kenkoooo-diff,ja,2026-06-04T18:46:05.900291+00:00,26.682,643.0,"配点 : 300 点 問題文 1 から N の番号がついた N 人の人がいます。人 i は数 A_i を持っています。 「自分と同じ数を持っている人が自分以外の N-1 人の中に存在しない」という条件を満たす人のうち、持っている数が最大である人の番号を求めてください。 条件を満たす人が存在しない場合、代わりにそのことを報告してください。 制約 1 \leq N \leq 3\times 10^5 1 \leq A_i \leq 10^9 入力は全て整数である 入力 入力は以下の形式で標準入力から与えられる。 N A_1 A_2 \ldots A_N 出力 「自分と同じ数を持っている人が自分以外の N-1 人の中に存在しない」という条件を満たす人が存在しない場合、 -1 と出力せよ。 条件を満たす人が存在する場合、そのうち、持っている数が最大である人の番号を出力せよ。 入力例 1 9 2 9 9 7 9 2 4 5 8 出力例 1 9 「自分と同じ数を持っている人が自分以外の N-1 人の中に存在しない」という条件を満たすのは人 4,7,8,9 の 4 人です。 これらの人が持っている数はそれぞれ 7,4,5,8 であり、最大の数を持っているのは人 9 です。 よって答えは 9 となります。 入力例 2 4 1000000000 1000000000 998244353 998244353 出力例 2 -1 条件を満たす人が存在しない場合、 -1 を出力してください。",300.0,
atcoder,abc,public_sponsored_abc,unique_vision,abc398,UNIQUE VISION Programming Contest 2025 Spring (AtCoder Beginner Contest 398),2025,2025-03-22,1742644800.0,2025.0,abc398_d,D,Bonfire,D. Bonfire,746.0,7983,"['prefix sum', 'hash map', 'ad hoc', 'simulation', 'grid']",5,https://atcoder.jp/contests/abc398/tasks/abc398_d,https://atcoder-tagged-backend.onrender.com/problems/all,2.3.0-sponsor-abc-kenkoooo-diff,ja,2026-06-04T18:46:05.900291+00:00,42.787,1328.0,"配点 : 425 点 問題文 無限に広い 2 次元グリッドがあり、このグリッドの座標 (0,0) に焚き火があります。 時刻 t=0 では、マス (0,0) にのみ煙が存在します。 N , W , S , E からなる長さ N の文字列 S が与えられ、時刻 t=1,2,\dots,N では次の現象が順番に発生します。 風が吹き、現時点で存在する全ての煙が以下の通りに移動する。 S の t 文字目が N であるとき、マス (r,c) にある煙がマス (r-1,c) に移動する。 S の t 文字目が W であるとき、マス (r,c) にある煙がマス (r,c-1) に移動する。 S の t 文字目が S であるとき、マス (r,c) にある煙がマス (r+1,c) に移動する。 S の t 文字目が E であるとき、マス (r,c) にある煙がマス (r,c+1) に移動する。 マス (0,0) に煙が存在しない場合、新たな煙がマス (0,0) に生成される。 高橋君はマス (R,C) に立っています。 整数 1 \le t \le N について、時刻 t+0.5 においてマス (R,C) に煙が存在するか判定し、出力欄の形式に従って出力してください。 制約 N は 1 以上 200000 以下の整数 S は N , W , S , E からなる長さ N の文字列 R,C は -N 以上 N 以下の整数 (R,C) \neq (0,0) 入力 入力は以下の形式で標準入力から与えられる。 N R C S 出力 答えを N 文字の 0 , 1 からなる文字列として出力せよ。 出力する文字列のうち t 文字目 ( 1 \le t \le N ) は次の通りにせよ。 時刻 t+0.5 においてマス (R,C) に煙が存在するなら 1 時刻 t+0.5 においてマス (R,C) に煙が存在しないなら 0 入力例 1 6 -2 1 NNEEWS 出力例 1 001010 時刻 1.5,2.5,4.5,6.5 ではマス (-2,1) には煙が存在せず、時刻 3.5,5.5 ではマス (-2,1) に煙が存在します。 よって、 001010 と出力します。 図では焚き火のあるマス (0,0) を基準として、マス (r,c) を r < 0 なら -r マス上に r \ge 0 なら r マス下に c < 0 なら -c マス左に c \ge 0 なら c マス右に 描画します。 時刻 0.5 でのグリッドの状態は次の通りです。 時刻 1.5 でのグリッドの状態は次の通りです。 時刻 2.5 でのグリッドの状態は次の通りです。 時刻 3.5 でのグリッドの状態は次の通りです。 時刻 4.5 でのグリッドの状態は次の通りです。 時刻 5.5 でのグリッドの状態は次の通りです。 時刻 6.5 でのグリッドの状態は次の通りです。 入力例 2 10 1 2 NEESESWEES 出力例 2 0001101011 入力例 3 20 -1 -2 WWNNWSWEWNSWWENSNWWN 出力例 3 00100111111000101111",425.0,
atcoder,abc,public_sponsored_abc,unique_vision,abc398,UNIQUE VISION Programming Contest 2025 Spring (AtCoder Beginner Contest 398),2025,2025-03-22,1742644800.0,2025.0,abc398_e,E,Tree Game,E. Tree Game,1238.0,4205,"['bipartite graph', 'game theory', 'graph theory', 'interactive', 'dfs', 'parity']",6,https://atcoder.jp/contests/abc398/tasks/abc398_e,https://atcoder-tagged-backend.onrender.com/problems/all,2.3.0-sponsor-abc-kenkoooo-diff,ja,2026-06-04T18:46:05.900291+00:00,52.497,1429.0,"配点 : 425 点 問題文 この問題は インタラクティブな問題 （あなたの作成したプログラムとジャッジシステムが入出力を介して対話を行う形式の問題）です。 1 から N の番号がついた N 頂点からなる木 G が与えられます。 i 番目の辺は頂点 U_i と頂点 V_i を結んでいます。 この木 G を使って、あなたと高橋君がゲームをします。まず、あなたは先手後手を決めます。その後、先手から順に交互に以下の操作を行います。 1 \leq i < j \leq N を満たす整数の組 (i,j) であって、以下の条件をともに満たすものを選び、頂点 i と頂点 j を結ぶ辺を G に追加する。 G は頂点 i と頂点 j を結ぶ辺を持たない 頂点 i と頂点 j を結ぶ辺を G に追加しても、奇閉路ができない 操作を行えなくなった方が負けであり、負けでない方が勝ちです。実際に高橋君とゲームをして勝ってください。 奇閉路とは？ G の頂点の列 (v_0,v_1,\ldots,v_k) が以下の条件を全て満たすとき、かつ、そのときに限りこの列を G の奇閉路といいます。 k は奇数である。 v_0=v_k である。 全ての 1\leq i \leq k に対して、 v_{i-1} と v_{i} を結ぶ辺が存在する。 制約 2 \leq N \leq 100 1 \leq U_i < V_i \leq N 与えられるグラフは木である 入力は全て整数である 入出力 この問題はインタラクティブな問題（あなたの作成したプログラムとジャッジシステムが入出力を介して対話を行う形式の問題）です。 最初に、 N および G の情報を標準入力から受け取ってください。以下の形式で与えられます。 N U_1 V_1 U_2 V_2 \vdots U_{N-1} V_{N-1} 次に、あなたが先手と後手のどちらを選ぶか決めてください。先手を選ぶ場合 First 、後手を選ぶ場合 Second と標準出力に出力してください。 その後ゲームが始まります。 あなたの手番では、操作のために選んだ整数の組 (i,j) を、 i,j の順に空白区切りで標準出力に出力してください。 i j 高橋君の手番では、 2 つの整数 i,j が順に空白区切りで標準入力に与えられます。 i j (i,j)=(-1,-1) のとき、あなたがゲームに勝利しゲームが終了したことを意味します。この場合、直ちにプログラムを終了してください。 それ以外のとき、 (i,j) は高橋君が操作のために選んだ整数の組を表します。 注意点 出力を行うたびに、末尾に改行を入れて標準出力を flush してください。そうしなかった場合、ジャッジ結果が TLE となる可能性があります。 対話の途中で誤った出力形式による出力を行った、あるいはプログラムが途中で終了した場合のジャッジ結果は不定です。 ゲームが終了したらただちにプログラムを終了してください。そうしない場合、ジャッジ結果は不定です。 入出力例 入力 出力 説明 4 1 2 2 3 3 4 まず整数 N および G の情報が与えられます。 First あなたは先手を選びました。 1 4 あなたは (1,4) に対して操作を行いました。 -1 -1 高橋君が操作を行えなくなったためゲームを終了します。ジャッジ結果は AC になります。",425.0,
atcoder,abc,public_sponsored_abc,unique_vision,abc398,UNIQUE VISION Programming Contest 2025 Spring (AtCoder Beginner Contest 398),2025,2025-03-22,1742644800.0,2025.0,abc398_f,F,ABCBA,F. ABCBA,1033.0,5259,"['manacher', 'hashing', 'kmp', 'palindrome', 'string']",5,https://atcoder.jp/contests/abc398/tasks/abc398_f,https://atcoder-tagged-backend.onrender.com/problems/all,2.3.0-sponsor-abc-kenkoooo-diff,ja,2026-06-04T18:46:05.900291+00:00,48.451,297.0,配点 : 500 点 問題文 S を接頭辞に持つ最短の回文を 1 つ求めてください。 制約 S は英大文字からなる長さ 1 以上 500000 以下の文字列 入力 入力は以下の形式で標準入力から与えられる。 S 出力 答えを出力せよ。 解が複数存在する場合、どれを出力しても正解とみなされる。 入力例 1 ABC 出力例 1 ABCBA ABCBA は S= ABC を接頭辞に持つ最短の回文です。 入力例 2 Z 出力例 2 Z Z は S= Z を接頭辞に持つ最短の回文です。 入力例 3 TREE 出力例 3 TREERT TREERT は S= TREE を接頭辞に持つ最短の回文です。,500.0,
atcoder,abc,public_sponsored_abc,unique_vision,abc398,UNIQUE VISION Programming Contest 2025 Spring (AtCoder Beginner Contest 398),2025,2025-03-22,1742644800.0,2025.0,abc398_g,G,Not Only Tree Game,G. Not Only Tree Game,3352.0,208,"['game theory', 'bipartite graph', 'connected components', 'bfs', 'dfs', 'parity']",6,https://atcoder.jp/contests/abc398/tasks/abc398_g,https://atcoder-tagged-backend.onrender.com/problems/all,2.3.0-sponsor-abc-kenkoooo-diff,ja,2026-06-04T18:46:05.900291+00:00,94.217,971.0,"配点 : 600 点 問題文 頂点に 1 から N の番号が、辺に 1 から M の番号がついた N 頂点 M 辺からなる単純無向グラフが与えられます。 i 番目の辺は頂点 U_i と頂点 V_i を結んでいます。最初、 G は奇閉路を持ちません。 このグラフ G を使って、青木君と高橋君がゲームをします。先手の青木君から順に交互に以下の操作を行います。 1 \leq i < j \leq N を満たす整数の組 (i,j) であって、以下の条件をともに満たすものを選び、頂点 i と頂点 j を結ぶ辺を G に追加する。 G は頂点 i と頂点 j を結ぶ辺を持たない 頂点 i と頂点 j を結ぶ辺を G に追加しても、奇閉路ができない 操作を行えなくなった方が負けであり、負けでない方が勝ちです。 両者が最適に行動したとき、どちらが勝つか判定してください。 奇閉路とは？ G の頂点の列 (v_0,v_1,\ldots,v_k) が以下の条件を全て満たすとき、かつ、そのときに限りこの列を G の奇閉路といいます。 k は奇数である。 v_0=v_k である。 全ての 1\leq i \leq k に対して、 v_{i-1} と v_{i} を結ぶ辺が存在する。 制約 1 \leq N \leq 2\times 10^5 0 \leq M \leq 2\times 10^5 1 \leq U_i < V_i \leq N 与えられるグラフは奇閉路を持たない 与えられるグラフは多重辺を持たない 入力は全て整数である 入力 入力は以下の形式で標準入力から与えられる。 N M U_1 V_1 U_2 V_2 \vdots U_M V_M 出力 先手の青木君が勝つならば Aoki 、後手の高橋君が勝つならば Takahashi と出力せよ。 入力例 1 4 3 1 2 2 3 3 4 出力例 1 Aoki 先手の青木君が (1,4) を選んで辺を追加すると、後手の高橋君は操作を行うことができません。よって青木君が勝ちます。 入力例 2 4 2 1 2 3 4 出力例 2 Takahashi 青木君がどのように操作を行っても、高橋君が勝ちます。 入力例 3 9 5 2 9 2 3 4 6 5 7 1 8 出力例 3 Aoki",600.0,
atcoder,abc,public_sponsored_abc,tokyo_marine,abc402,Tokio Marine &amp; Nichido Fire Insurance Programming Contest 2025  (AtCoder Beginner Contest 402),2025,2025-04-19,1745064000.0,2025.0,abc402_a,A,CBC,A. CBC,-1084.0,14900,"['implementation', 'string']",2,https://atcoder.jp/contests/abc402/tasks/abc402_a,https://atcoder-tagged-backend.onrender.com/problems/all,2.3.0-sponsor-abc-kenkoooo-diff,ja,2026-06-04T18:46:05.900291+00:00,6.671,366.0,配点 : 100 点 問題文 英大文字と英小文字からなる文字列 S が与えられます。 S の英大文字のみを元の順序で連結して得られる文字列を出力してください。 制約 S は英大文字と英小文字からなる文字列である S の長さは 1 以上 100 以下である 入力 入力は以下の形式で標準入力から与えられる。 S 出力 S の英大文字のみを元の順序で連結して得られる文字列を出力せよ。 入力例 1 AtCoderBeginnerContest 出力例 1 ACBC S の英大文字のみを元の順序で連結して得られる文字列は ACBC です。よって、 ACBC を出力します。 入力例 2 PaymentRequired 出力例 2 PR 入力例 3 program 出力例 3 S に英大文字が含まれないことがあることに注意してください。,100.0,
atcoder,abc,public_sponsored_abc,tokyo_marine,abc402,Tokio Marine &amp; Nichido Fire Insurance Programming Contest 2025  (AtCoder Beginner Contest 402),2025,2025-04-19,1745064000.0,2025.0,abc402_b,B,Restaurant Queue,B. Restaurant Queue,-680.0,13838,"['queue', 'simulation', 'data structure']",3,https://atcoder.jp/contests/abc402/tasks/abc402_b,https://atcoder-tagged-backend.onrender.com/problems/all,2.3.0-sponsor-abc-kenkoooo-diff,ja,2026-06-04T18:46:05.900291+00:00,14.644,1274.0,"配点 : 200 点 問題文 高橋君はAtCoderレストランの前の待ち行列の管理をしたいです。はじめ、待ち行列に並んでいる人はいません。 また、待ち行列に並ぶ人は必ず注文する料理のメニュー番号が書かれた食券を持って並びます。 Q 個のクエリが与えられるので順に処理してください。クエリは 2 種類あり、以下のいずれかの形式で与えられます。 1 X : 待ち行列の末尾に 1 人並ぶ。このとき並ぶ人はメニュー番号が X の食券を持って並ぶ。 2 : 待ち行列の先頭にいる人をレストランに案内する。このとき案内される人が持っている食券のメニュー番号を出力する。 制約 1 \leq Q \leq 100 1 \leq X \leq 100 2 つ目の形式のクエリについて、案内する前に待ち行列に並んでいる人がいる 入力は全て整数 入力 入力は以下の形式で標準入力から与えられる。 Q \mathrm{query}_1 \mathrm{query}_2 \vdots \mathrm{query}_Q 各クエリは以下の 2 種類のいずれかの形式で与えられる。 1 X 2 出力 問題文の指示に従ってクエリへの答えを改行区切りで出力せよ。 入力例 1 6 1 3 1 1 1 15 2 1 3 2 出力例 1 3 1 はじめ、待ち行列に並んでいる人はいません。 1 つ目のクエリについて、メニュー番号が 3 の食券を持った人が待ち行列の末尾に並びます。この時、待ち行列に並んでいる人が持っている食券のメニュー番号は先頭の人から順に 3 です。 2 つ目のクエリについて、メニュー番号が 1 の食券を持った人が待ち行列の末尾に並びます。この時、待ち行列に並んでいる人が持っている食券のメニュー番号は先頭の人から順に 3,1 です。 3 つ目のクエリについて、メニュー番号が 15 の食券を持った人が待ち行列の末尾に並びます。この時、待ち行列に並んでいる人が持っている食券のメニュー番号は先頭の人から順に 3,1,15 です。 4 つ目のクエリについて、待ち行列の先頭にいる人をレストランに案内します。案内する人はメニュー番号が 3 の食券を持っているので 3 を出力します。この時、待ち行列に並んでいる人が持っている食券のメニュー番号は先頭の人から順に 1,15 です。 5 つ目のクエリについて、メニュー番号が 3 の食券を持った人が待ち行列の末尾に並びます。この時、待ち行列に並んでいる人が持っている食券のメニュー番号は先頭の人から順に 1,15,3 です。 6 つ目のクエリについて、待ち行列の先頭にいる人をレストランに案内します。案内する人はメニュー番号が 1 の食券を持っているので 1 を出力します。この時、待ち行列に並んでいる人が持っている食券のメニュー番号は先頭の人から順に 15,3 です。 入力例 2 7 1 3 1 1 1 4 1 1 1 5 1 9 1 2 出力例 2 2 つ目の形式のクエリがないことがあることに注意してください。",200.0,
atcoder,abc,public_sponsored_abc,tokyo_marine,abc402,Tokio Marine &amp; Nichido Fire Insurance Programming Contest 2025  (AtCoder Beginner Contest 402),2025,2025-04-19,1745064000.0,2025.0,abc402_c,C,Dislike Foods,C. Dislike Foods,331.0,9993,"['simulation', 'graph', 'counting', 'implementation', 'reasoning']",5,https://atcoder.jp/contests/abc402/tasks/abc402_c,https://atcoder-tagged-backend.onrender.com/problems/all,2.3.0-sponsor-abc-kenkoooo-diff,ja,2026-06-04T18:46:05.900291+00:00,34.596,1575.0,"配点 : 300 点 問題文 AtCoderレストランでは 1 から N までの番号がつけられている N 種類の食材を扱っています。 また、AtCoderレストランでは 1 から M までの番号がつけられている M 個の料理を提供しています。料理 i には K_i 種類の食材が使われており、食材 A_{i,1}, A_{i,2}, \ldots, A_{i,K_i} が使われています。 すぬけくんは現在 N 種類の食材がすべて苦手です。また、すぬけ君は苦手な食材が 1 種類でも使われている料理を食べることができず、苦手な食材が 1 種類も使われていない料理を食べることができます。 すぬけ君はこれから N 日間かけて苦手な食材を克服しようとしています。 すぬけ君は i 日目に食材 B_i を克服し、それ以降苦手な食材でなくなります。 i=1,2,\ldots,N について以下の値を求めてください。 i 日目にすぬけ君が食材 B_i を克服した直後、すぬけ君が食べることができるAtCoderレストランの料理の個数 制約 1 \leq N \leq 3 \times 10^{5} 1 \leq M \leq 3 \times 10^{5} 1 \leq K_i \leq N (1 \leq i \leq M) K_i の総和は 3 \times 10^{5} 以下 1 \leq A_{i,j} \leq N (1 \leq i \leq M, 1 \leq j \leq K_i) A_{i,j} \neq A_{i,k} (1 \leq i \leq M, j \neq k) 1 \leq B_i \leq N (1 \leq i \leq N) B_i \neq B_j (i \neq j ) 入力は全て整数 入力 入力は以下の形式で標準入力から与えられる。 N M K_1 A_{1,1} A_{1,2} \ldots A_{1,K_1} K_2 A_{2,1} A_{2,2} \ldots A_{2,K_2} \vdots K_M A_{M,1} A_{M,2} \ldots A_{M,K_M} B_1 B_2 \ldots B_N 出力 N 行出力せよ。 k 行目には、 i=k のときの値を出力せよ。 入力例 1 5 4 2 1 2 3 3 4 5 3 1 2 5 1 3 1 3 2 5 4 出力例 1 0 1 2 3 4 以下のようにすぬけ君は苦手な食材を克服します。 1 日目: 食材 1 を克服する。このとき、どの料理にも苦手な食材が使われているため 0 を出力する。 2 日目: 食材 3 を克服する。このとき、料理 4 は苦手な食材が使われなくなるため食べられるようになる。料理 4 以外の料理は苦手な食材が使われているため、 1 を出力する。 3 日目: 食材 2 を克服する。このとき、料理 1 は苦手な食材が使われなくなるため食べられるようになる。料理 1,4 以外の料理は苦手な食材が使われているため、 2 を出力する。 4 日目: 食材 5 を克服する。このとき、料理 3 は苦手な食材が使われなくなるため食べられるようになる。料理 1,3,4 以外の料理は苦手な食材が使われているため、 3 を出力する。 5 日目: 食材 4 を克服する。このとき、料理 2 は苦手な食材が使われなくなるため食べられるようになる。全ての料理に苦手な食材が使われていないため、 4 を出力する。 入力例 2 9 8 1 4 5 6 9 7 4 3 4 2 4 1 3 1 1 5 7 9 8 1 5 2 9 8 1 2 1 1 6 5 2 7 8 4 1 9 3 出力例 2 0 0 1 1 1 2 4 6 8",300.0,
atcoder,abc,public_sponsored_abc,tokyo_marine,abc402,Tokio Marine &amp; Nichido Fire Insurance Programming Contest 2025  (AtCoder Beginner Contest 402),2025,2025-04-19,1745064000.0,2025.0,abc402_d,D,Line Crossing,D. Line Crossing,827.0,7061,"['sorting', 'binary indexed tree', 'plane sweep', 'geometry']",4,https://atcoder.jp/contests/abc402/tasks/abc402_d,https://atcoder-tagged-backend.onrender.com/problems/all,2.3.0-sponsor-abc-kenkoooo-diff,ja,2026-06-04T18:46:05.900291+00:00,44.385,679.0,"配点 : 400 点 問題文 円周上に N 個の点が等間隔に並んでおり、時計回りに 1,2,\ldots,N と番号がつけられています。 M 本の相異なる 直線 があり、 i 本目の直線は異なる 2 つの点、点 A_i と点 B_i を通る直線です。 (1 \leq i \leq M) 以下の 2 つの条件をともに満たすような整数の組 (i,j) の個数を求めてください。 1 \leq i < j \leq M i 本目の直線と j 本目の直線は交わる 制約 2 \leq N \leq 10^6 1 \leq M \leq 3 \times 10^{5} 1 \leq A_i < B_i \leq N (1 \leq i \leq M) (A_i,B_i) \neq (A_j,B_j) (i \neq j) 入力は全て整数 入力 入力は以下の形式で標準入力から与えられる。 N M A_1 B_1 A_2 B_2 \vdots A_M B_M 出力 答えを出力せよ。 入力例 1 8 3 1 5 1 8 2 4 出力例 1 2 次の図のように円周上に 8 個の点と 3 本の直線があります。 1 本目の直線と 2 本目の直線は交わります。 1 本目の直線と 3 本目の直線は交わりません。 2 本目の直線と 3 本目の直線は交わります。 (i,j)=(1,2),(2,3) の 2 つの組が条件を満たすため、 2 を出力します。 入力例 2 5 10 2 5 1 5 1 2 2 4 2 3 1 3 1 4 3 5 3 4 4 5 出力例 2 40",400.0,
atcoder,abc,public_sponsored_abc,tokyo_marine,abc402,Tokio Marine &amp; Nichido Fire Insurance Programming Contest 2025  (AtCoder Beginner Contest 402),2025,2025-04-19,1745064000.0,2025.0,abc402_e,E,Payment Required,E. Payment Required,1409.0,3610,"['dp', 'bitmask dp', 'expectation', 'probability']",4,https://atcoder.jp/contests/abc402/tasks/abc402_e,https://atcoder-tagged-backend.onrender.com/problems/all,2.3.0-sponsor-abc-kenkoooo-diff,ja,2026-06-04T18:46:05.900291+00:00,55.871,1009.0,配点 : 450 点 問題文 時は 30XX 年、あるコンテストでは提出を行うたびにお金が必要になりました。 このコンテストには N 問の問題が出題されます。 i 問目の得点は S_i 点であり、 1 回提出を行うために C_i 円が必要です。 高橋君は i 問目に提出すると P_i % の確率でその問題に正解することができます。各提出で正解できるかどうかはそれまでの提出とは独立に決まります。 高橋君の所持金は X 円です。提出のために払った金額の総額が X 円を超えるような提出はできません。 高橋君がコンテストで正解した問題の得点の総和の期待値が最大になるように提出を行った際の総得点の期待値を求めてください。 ただし、高橋君は提出の結果を見てから次にどの問題に提出するかを決めることができるものとします。また、同じ問題に 2 回以上正解しても得点は 1 回正解した場合と変わらないとします。 制約 1\le N\le 8 1\le S_i\le 2718 1\le C_i\le X\le 5000 1\le P_i\le 100 入力される値は全て整数である 入力 入力は以下の形式で標準入力から与えられる。 N X S_1 C_1 P_1 S_2 C_2 P_2 \vdots S_N C_N P_N 出力 答えを出力せよ。真の値と出力との絶対誤差または相対誤差が 10^{-6} 以下のとき、正解と判定される。 入力例 1 3 2 100 1 50 200 1 20 1000 1 1 出力例 1 95 以下のような提出方法を考えます。 まず 1 問目に提出する。 上の提出が正解なら 2 問目に、そうでないなら再び 1 問目に提出する。 この場合の得点の期待値は 95 点です。得点の期待値を 95 点より大きくすることはできないので、 95 を出力してください。 入力例 2 2 7 100 3 50 100 2 50 出力例 2 125 入力例 3 5 32 500 9 57 300 4 8 300 3 32 300 7 99 100 8 69 出力例 3 953.976967020096 入力例 4 7 78 100 1 100 200 2 90 300 3 80 400 4 60 450 5 50 525 6 30 650 7 1 出力例 4 1976.2441416041121021,450.0,
atcoder,abc,public_sponsored_abc,tokyo_marine,abc402,Tokio Marine &amp; Nichido Fire Insurance Programming Contest 2025  (AtCoder Beginner Contest 402),2025,2025-04-19,1745064000.0,2025.0,abc402_f,F,Path to Integer,F. Path to Integer,1645.0,2358,"['meet in the middle', 'dp', 'grid', 'modular arithmetic']",4,https://atcoder.jp/contests/abc402/tasks/abc402_f,https://atcoder-tagged-backend.onrender.com/problems/all,2.3.0-sponsor-abc-kenkoooo-diff,ja,2026-06-04T18:46:05.900291+00:00,60.529,922.0,"配点 : 525 点 問題文 N 行 N 列のグリッドがあります。上から i 行目、左から j 列目のマスをマス (i,j) と表します。各マスには 1 から 9 までの数字が書かれており、マス (i,j) には数字 A_{i,j} が書かれています。 はじめ、コマがマス (1,1) にあります。また、 S を空文字列とし、以下の操作を 2N-1 回繰り返します： S の末尾に現在コマが存在するマスに書かれた数字を連結する。 コマを現在のマスの下か右に 1 マス移動する。ただし、 2N-1 回目の操作では移動させない。 2N-1 回の操作の後、コマはマス (N,N) に存在し、 S の長さは 2N-1 となります。 最終的な文字列 S を整数としてみた値を M で割ったあまりがスコアとなります。 達成可能なスコアの最大値を求めてください。 制約 1\le N\le 20 2\le M\le 10^9 1\le A_{i,j}\le 9 入力される値は全て整数である 入力 入力は以下の形式で標準入力から与えられる。 N M A_{1,1} A_{1,2} \ldots A_{1,N} A_{2,1} A_{2,2} \ldots A_{2,N} \vdots A_{N,1} A_{N,2} \ldots A_{N,N} 出力 答えを出力せよ。 入力例 1 2 7 1 2 3 1 出力例 1 5 コマの動かし方は以下の 2 通りがあります： コマを (1,1),(1,2),(2,2) と順に動かしていく。 S= 121 となり、この場合のスコアは 121 を 7 で割った 2 である。 コマを (1,1),(2,1),(2,2) と順に動かしていく。 S= 131 となり、この場合のスコアは 131 を 7 で割った 5 である。 スコアの最大値は 5 なので、 5 を出力してください。 入力例 2 3 100000 1 2 3 3 5 8 7 1 2 出力例 2 13712 入力例 3 5 402 8 1 3 8 9 8 2 4 1 8 4 1 8 5 9 6 2 1 6 7 6 6 7 7 6 出力例 3 384",525.0,
atcoder,abc,public_sponsored_abc,tokyo_marine,abc402,Tokio Marine &amp; Nichido Fire Insurance Programming Contest 2025  (AtCoder Beginner Contest 402),2025,2025-04-19,1745064000.0,2025.0,abc402_g,G,Sum of Prod of Mod of Linear,G. Sum of Prod of Mod of Linear,3381.0,115,"['floor sum', 'euclidean algorithm', 'number theory', 'polynomial']",4,https://atcoder.jp/contests/abc402/tasks/abc402_g,https://atcoder-tagged-backend.onrender.com/problems/all,2.3.0-sponsor-abc-kenkoooo-diff,ja,2026-06-04T18:46:05.900291+00:00,94.79,1168.0,"配点 : 650 点 問題文 整数 N,M,A,B_1,B_2 が与えられます。 \displaystyle\sum_{k=0}^{N-1}\left\lbrace (Ak+B_1)\ \text{mod}\ M \right\rbrace\left\lbrace (Ak+B_2)\ \text{mod}\ M \right\rbrace を求めてください。 T 個のテストケースが与えられるので、それぞれについて答えを求めてください。 制約 1\le T\le 10^5 1\le N\le 10^6 1\le M\le 10^6 0\le A,B_1,B_2 < M 入力される値は全て整数 入力 入力は以下の形式で標準入力から与えられる。 T \text{case}_1 \text{case}_2 \vdots \text{case}_T ただし、 \text{case}_i は i 個目のテストケースを表す。 各テストケースは以下の形式で与えられる。 N M A B_1 B_2 出力 T 行出力せよ。 i 行目には i 番目のテストケースの答えを出力せよ。 入力例 1 5 4 7 2 1 4 12 15 2 8 7 777 1 0 0 0 100 101 0 100 100 402 402 4 19 256 出力例 1 27 866 0 1000000 13728568 1 番目のテストケースについて考えます。 k=0 のとき： \left\lbrace (2k+1)\ \text{mod}\ 7 \right\rbrace=1,\ \left\lbrace (2k+4)\ \text{mod}\ 7 \right\rbrace=4 です。 k=1 のとき： \left\lbrace (2k+1)\ \text{mod}\ 7 \right\rbrace=3,\ \left\lbrace (2k+4)\ \text{mod}\ 7 \right\rbrace=6 です。 k=2 のとき： \left\lbrace (2k+1)\ \text{mod}\ 7 \right\rbrace=5,\ \left\lbrace (2k+4)\ \text{mod}\ 7 \right\rbrace=1 です。 k=3 のとき： \left\lbrace (2k+1)\ \text{mod}\ 7 \right\rbrace=0,\ \left\lbrace (2k+4)\ \text{mod}\ 7 \right\rbrace=3 です。 よって、求める値は 1\times 4+3\times 6+5\times 1+0\times 3=27 です。したがって、 1 行目には 27 を出力してください。",650.0,
atcoder,abc,public_sponsored_abc,panasonic,abc406,Panasonic Programming Contest 2025（AtCoder Beginner Contest 406）,2025,2025-05-17,1747483200.0,2025.0,abc406_a,A,Not Acceptable,A. Not Acceptable,-1020.0,15729,"['implementation', 'conditional']",2,https://atcoder.jp/contests/abc406/tasks/abc406_a,https://atcoder-tagged-backend.onrender.com/problems/all,2.3.0-sponsor-abc-kenkoooo-diff,ja,2026-06-04T18:46:05.900291+00:00,7.934,576.0,"配点 : 100 点 問題文 高橋君は 2025 年 5 月 17 日 A 時 B 分締切のレポートを、 2025 年 5 月 17 日 C 時 D 分に提出しました。 ここで、「 A 時 B 分」と「 C 時 D 分」は異なる時刻であることが保証されます。 高橋君が締切前にレポートを提出しているならば Yes を、そうでないならば No を出力してください。 制約 0 \leq A,C \leq 23 0 \leq B,D \leq 59 (A,B)\neq(C,D) A,B,C,D は整数 入力 入力は以下の形式で標準入力から与えられる。 A B C D 出力 高橋君が締切前にレポートを提出しているならば Yes を、そうでないならば No を出力せよ。 入力例 1 22 40 22 30 出力例 1 Yes レポートの締切は 22 時 40 分であり、高橋君は 22 時 30 分に提出しているため、締切前にレポートを提出しています。 よって、 Yes を出力します。 入力例 2 22 40 22 45 出力例 2 No レポートの締切は 22 時 40 分であり、高橋君は 22 時 45 分に提出しているため、締切後にレポートを提出しています。 よって、 No を出力します。 入力例 3 12 0 11 30 出力例 3 Yes",100.0,
atcoder,abc,public_sponsored_abc,panasonic,abc406,Panasonic Programming Contest 2025（AtCoder Beginner Contest 406）,2025,2025-05-17,1747483200.0,2025.0,abc406_b,B,Product Calculator,B. Product Calculator,75.0,12289,"['implementation', 'simulation', 'integer overflow', 'math']",4,https://atcoder.jp/contests/abc406/tasks/abc406_b,https://atcoder-tagged-backend.onrender.com/problems/all,2.3.0-sponsor-abc-kenkoooo-diff,ja,2026-06-04T18:46:05.900291+00:00,29.544,784.0,配点 : 200 点 問題文 高橋君は電卓を持っています。電卓には最初 1 が表示されています。 高橋君は電卓に対して N 回操作を行います。 i 回目 (1\leq i\leq N) の操作では、その時点で画面に表示されている数に正の整数 A_i をかけます。 しかし、電卓には K 桁までしか表示できないため、計算結果が (K+1) 桁以上になる場合、代わりに 1 が画面に表示されます。 そうでない場合は正しく計算結果が表示されます。 N 回の操作の後に電卓に表示されている数を求めてください。 制約 1 \leq N \leq 100 1 \leq K \leq 18 1 \leq A_i < 10^K 入力はすべて整数 入力 入力は以下の形式で標準入力から与えられる。 N K A_1 A_2 \ldots A_N 出力 N 回の操作の後に電卓に表示されている数を出力せよ。 入力例 1 5 2 7 13 3 2 5 出力例 1 10 今回電卓は 2 桁まで表示することができ、最初 1 が表示されています。これに対して、次のように高橋君は操作を行います。 1 回目の操作で、 7 をかけます。 1\times 7=7 であり、電卓には 7 が表示されます。 2 回目の操作で、 13 をかけます。 7\times 13=91 であり、電卓には 91 が表示されます。 3 回目の操作で、 3 をかけます。 91\times 3=273 であり、 3 桁になってしまうため、電卓には 1 が表示されます。 4 回目の操作で、 2 をかけます。 1\times 2=2 であり、電卓には 2 が表示されます。 5 回目の操作で、 5 をかけます。 2\times 5=10 であり、電卓には 10 が表示されます。 入力例 2 2 1 2 5 出力例 2 1,200.0,
atcoder,abc,public_sponsored_abc,panasonic,abc406,Panasonic Programming Contest 2025（AtCoder Beginner Contest 406）,2025,2025-05-17,1747483200.0,2025.0,abc406_c,C,~,C. ~,862.0,7448,"['compression', 'combinatorics', 'counting', 'subarray']",4,https://atcoder.jp/contests/abc406/tasks/abc406_c,https://atcoder-tagged-backend.onrender.com/problems/all,2.3.0-sponsor-abc-kenkoooo-diff,ja,2026-06-04T18:46:05.900291+00:00,45.076,724.0,"配点 : 350 点 問題文 整数列 A = (A_1, A_2, \ldots, A_{|A|}) に対し、 A が チルダ型 とは以下の 4 つの条件をすべて満たすことであると定義します。 A の長さ |A| は 4 以上である A_1 < A_2 である A_{i - 1} < A_i > A_{i + 1} を満たす 2 \leq i < |A| なる整数 i はちょうど 1 個である A_{i - 1} > A_i < A_{i + 1} を満たす 2 \leq i < |A| なる整数 i はちょうど 1 個である 数列 (1, 2, \ldots, N) を並べ替えて得られる数列 P = (P_1, P_2, \ldots, P_N) が与えられます。 P の連続部分列であってチルダ型である数列の個数を求めてください。 制約 4 \leq N \leq 3 \times 10^5 P = (P_1, P_2, \ldots, P_N) は (1, 2, \ldots, N) を並べ替えて得られる数列 入力される値はすべて整数 入力 入力は以下の形式で標準入力から与えられる。 N P_1 P_2 \ldots P_N 出力 答えを出力せよ。 入力例 1 6 1 3 6 4 2 5 出力例 1 2 数列 (1, 3, 6, 4, 2, 5) の連続部分列のうちチルダ型であるものは (3, 6, 4, 2, 5) , (1, 3, 6, 4, 2, 5) の 2 つのみです。 入力例 2 6 1 2 3 4 5 6 出力例 2 0 入力例 3 12 11 3 8 9 5 2 10 4 1 6 12 7 出力例 3 4",350.0,
atcoder,abc,public_sponsored_abc,panasonic,abc406,Panasonic Programming Contest 2025（AtCoder Beginner Contest 406）,2025,2025-05-17,1747483200.0,2025.0,abc406_d,D,Garbage Removal,D. Garbage Removal,694.0,7662,"['data structure', 'set', 'simulation', 'amortized analysis']",4,https://atcoder.jp/contests/abc406/tasks/abc406_d,https://atcoder-tagged-backend.onrender.com/problems/all,2.3.0-sponsor-abc-kenkoooo-diff,ja,2026-06-04T18:46:05.900291+00:00,41.76,1557.0,"配点 : 400 点 問題文 H 行 W 列のマス目があり、上から i 行目、左から j 列目のマスをマス (i, j) と表記します。 マス目の上には N 個のゴミが落ちており、 i 番目のゴミはマス (X_i, Y_i) に落ちています。 Q 個のクエリが与えられるので、順に処理したときの各クエリの答えを求めてください。各クエリは、以下のいずれかです。 タイプ 1 : 1 x の形式で入力として与えられる。マス目の x 行目に落ちているゴミの個数を答えとして求める。その後、 x 行目に落ちているゴミはすべて捨てられ、マス目上から取り除かれる。 タイプ 2 : 2 y の形式で入力として与えられる。マス目の y 列目に落ちているゴミの個数を答えとして求める。その後、 y 列目に落ちているゴミはすべて捨てられ、マス目上から取り除かれる。 制約 1 \leq H, W, N \leq 2 \times 10^5 1 \leq X_i \leq H 1 \leq Y_i \leq W i \neq j のとき (X_i, Y_i) \neq (X_j, Y_j) 1 \leq Q \leq 2 \times 10^5 タイプ 1 のクエリについて、 1 \leq x \leq H タイプ 2 のクエリについて、 1 \leq y \leq W 入力される値はすべて整数 入力 入力は以下の形式で標準入力から与えられる。 H W N X_1 Y_1 X_2 Y_2 \vdots X_N Y_N Q \text{query}_1 \text{query}_2 \vdots \text{query}_Q ここで、 \text{query}_i は i 番目のクエリであり、以下のいずれかの形式で与えられる。 1 x 2 y 出力 Q 行出力せよ。 i 行目には i 番目のクエリの答えを出力せよ。 入力例 1 3 4 5 1 2 1 3 3 4 3 1 2 2 5 1 1 1 2 2 2 2 4 1 2 出力例 1 2 1 0 1 0 はじめ、ゴミはマス (1, 2), (1, 3), (3, 4), (3, 1), (2, 2) に落ちています。 1 番目のクエリでは、 1 行目に落ちているゴミはマス (1, 2), (1, 3) に落ちているゴミの 2 つであるため答えは 2 となります。これらの 2 つのゴミは捨てられ、残ったゴミはマス (3, 4), (3, 1), (2, 2) に落ちているゴミです。 2 番目のクエリでは、 2 行目に落ちているゴミはマス (2, 2) にあるゴミの 1 つであるため答えは 1 となります。このゴミは捨てられ、残ったゴミはマス (3, 4), (3, 1) に落ちているゴミです。 3 番目のクエリでは、 2 列目に落ちているゴミは存在しないため答えは 0 となります。 4 番目のクエリでは、 4 列目に落ちているゴミはマス (3, 4) にあるゴミの 1 つであるため答えは 1 となります。このゴミは捨てられ、残ったゴミはマス (3, 1) に落ちているゴミです。 5 番目のクエリでは、 2 行目に落ちているゴミは存在しないため答えは 0 となります。 入力例 2 1 2 1 1 2 7 2 1 2 1 2 1 2 1 2 1 2 1 2 1 出力例 2 0 0 0 0 0 0 0 入力例 3 4 4 16 1 1 1 2 1 3 1 4 2 1 2 2 2 3 2 4 3 1 3 2 3 3 3 4 4 1 4 2 4 3 4 4 7 2 1 1 1 2 2 1 2 2 3 1 3 2 4 出力例 3 4 3 3 2 2 1 1",400.0,
atcoder,abc,public_sponsored_abc,panasonic,abc406,Panasonic Programming Contest 2025（AtCoder Beginner Contest 406）,2025,2025-05-17,1747483200.0,2025.0,abc406_e,E,Popcount Sum 3,E. Popcount Sum 3,1365.0,3665,"['digit dp', 'combinatorics', 'bit manipulation']",3,https://atcoder.jp/contests/abc406/tasks/abc406_e,https://atcoder-tagged-backend.onrender.com/problems/all,2.3.0-sponsor-abc-kenkoooo-diff,ja,2026-06-04T18:46:05.900291+00:00,55.003,844.0,"配点 : 450 点 問題文 正の整数 N,K が与えられます。 N 以下の正の整数 x であって、次の条件をみたすものの 総和 を 998244353 で割った余りを求めてください。 x の popcount の値はちょうど K である。 T 個のテストケースが与えられるので、それぞれについて答えを求めてください。 popcount とは 正整数 y に対して、 y の popcount の値 \mathrm{popcount}(y) は、 y を二進数表記したとき 1 となっている桁の個数を表します。 例えば、 \mathrm{popcount}(5)=2 , \mathrm{popcount}(16)=1 , \mathrm{popcount}(25)=3 です。 制約 1\leq T\leq 100 1\leq N < 2^{60} 1\leq K \leq 60 T,N,K は整数 入力 入力は以下の形式で標準入力から与えられる。 T \mathrm{case}_1 \mathrm{case}_2 \vdots \mathrm{case}_T \mathrm{case}_i は i 番目のテストケースを表す。 各テストケースは以下の形式で与えられる。 N K 出力 T 行出力せよ。 i 行目 (1\leq i\leq T) には i 番目のテストケースに対する答えを出力せよ。 入力例 1 2 20 2 1234567890 17 出力例 1 100 382730918 1 番目のテストケースについて、 20 以下の正の整数のうち、popcount の値が 2 であるものは 3,5,6,9,10,12,17,18,20 の 9 つであり、その総和は 100 となります。 100 を 998244353 で割った余りは 100 であるため、 1 行目には 100 を出力します。 998244353 で割った余りを出力する必要があることに注意してください。",450.0,
atcoder,abc,public_sponsored_abc,panasonic,abc406,Panasonic Programming Contest 2025（AtCoder Beginner Contest 406）,2025,2025-05-17,1747483200.0,2025.0,abc406_f,F,Compare Tree Weights,F. Compare Tree Weights,1470.0,2976,"['tree', 'dfs', 'euler tour', 'subtree', 'binary indexed tree']",5,https://atcoder.jp/contests/abc406/tasks/abc406_f,https://atcoder-tagged-backend.onrender.com/problems/all,2.3.0-sponsor-abc-kenkoooo-diff,ja,2026-06-04T18:46:05.900291+00:00,57.075,1511.0,"配点 : 500 点 問題文 N 頂点の木 T があり、 頂点および辺はそれぞれ頂点 1 , 頂点 2 , \ldots , 頂点 N 、辺 1 , 辺 2 , \ldots , 辺 (N-1) と番号づけられています。 特に、辺 i (1\leq i\leq N-1) は頂点 U_i と頂点 V_i を結んでいます。 また、各頂点には重みが定められており、最初、各頂点の重みはすべて 1 です。 Q 個のクエリが与えられるので、順に処理してください。 各クエリは次の 2 種類のいずれかです。 1 x w : 頂点 x の重みを w 増加させる。 2 y : 辺 y を削除すると、 T は 2 つの部分木（連結成分）に分かれる。それぞれの部分木に含まれる頂点の重みの総和をその部分木の重みとするとき、 2 つの部分木の重みの差を出力する。 2 種類目のクエリについて、 T から任意の辺を 1 つ選んで削除したとき、 T は必ず 2 つの部分木に分かれることが証明できます。 また、 2 種類目のクエリでは、実際に辺を削除しているわけではないことに注意してください。 制約 2\leq N\leq 3\times 10^5 1\leq U_i,V_i\leq N 1\leq Q\leq 3\times 10^5 1\leq x\leq N 1\leq w\leq 1000 1\leq y\leq N-1 入力はすべて整数 与えられるグラフは木である。 2 種類目のクエリが少なくとも 1 つ存在する。 入力 入力は以下の形式で標準入力から与えられる。 N U_1 V_1 U_2 V_2 \vdots U_{N-1} V_{N-1} Q \mathrm{query}_1 \mathrm{query}_2 \vdots \mathrm{query}_Q 各クエリ \mathrm{query}_i (1\leq i\leq Q) は次の形式のいずれかで与えられる。 1 x w 2 y 出力 2 種類目のクエリの個数を K 個として、 K 行出力せよ。 i 行目 (1\leq i\leq K) には i 番目の 2 種類目のクエリに対する答えを出力せよ。 入力例 1 6 1 2 1 3 2 4 4 5 4 6 5 2 1 1 1 3 2 1 1 4 10 2 5 出力例 1 2 1 17 木 T の構造、頂点番号の対応は下図左の通りです。最初、各頂点の重みはすべて 1 です。 1 番目のクエリでは、辺 1 を削除することを考えます。 このとき、頂点 1 を含む部分木と頂点 2 を含む部分木に分かれます。 頂点 1 を含む部分木の重みは 2 、頂点 2 を含む部分木の重みは 4 であるため、その差の 2 を出力します。（下図右） 2 番目のクエリでは、頂点 1 の重みを 3 増加させます。 3 番目のクエリでは、辺 1 を削除することを考えます。 頂点 1 を含む部分木の重みは 5 、頂点 2 を含む部分木の重みは 4 であるため、その差の 1 を出力します。（下図左） 4 番目のクエリでは、頂点 4 の重みを 10 増加させます。 5 番目のクエリでは、辺 5 を削除することを考えます。 このとき、頂点 4 を含む部分木と頂点 6 のみからなる部分木に分かれます。 頂点 4 を含む部分木の重みは 18 、頂点 6 のみからなる部分木の重みは 1 であるため、その差の 17 を出力します。（下図右） よって、 2 種類目のクエリの答えである 2,1,17 をこの順に改行区切りで出力します。",500.0,
atcoder,abc,public_sponsored_abc,panasonic,abc406,Panasonic Programming Contest 2025（AtCoder Beginner Contest 406）,2025,2025-05-17,1747483200.0,2025.0,abc406_g,G,Travelling Salesman Problem,G. Travelling Salesman Problem,3197.0,118,"['dp', 'slope trick', 'dp optimization', 'data structure']",4,https://atcoder.jp/contests/abc406/tasks/abc406_g,https://atcoder-tagged-backend.onrender.com/problems/all,2.3.0-sponsor-abc-kenkoooo-diff,ja,2026-06-04T18:46:05.900291+00:00,91.158,1429.0,"配点 : 625 点 問題文 数直線上にあなたと N 人の商人がいます。商人には 1, 2, \ldots, N の番号が付けられています。 はじめ、あなたは座標 0 におり、商人 i は座標 X_i にいます。また、各商人は品物を 1 つずつ持っており、商人 i が持っている品物を品物 i と表記します。 あなたの目的は、品物 1, 2, \ldots, N をこの順に受け取ることです。 あなたは、以下の 3 つの操作を好きな順序で好きな回数繰り返すことができます。 自分が 1 移動する。この操作にはコストが C かかる。 商人を 1 人選び、選んだ商人に 1 移動してもらう。この操作にはコストが D かかる。 商人を 1 人選び、選んだ商人を商人 i とする。あなたと商人 i のいる座標が一致しており、あなたが商人 i から品物を受け取ったことがない場合、商人 i から品物 i を受け取る。そうでない場合、何もしない。この操作にはコストが 0 かかる。 目的を達成するためにかかるコストの合計の最小値を求めてください。 また、目的を達成するためにかかるコストの合計を最小化したときに各商人から品物を受け取る座標として考えられるもののうちのひとつを求めてください。 制約 1 \leq N \leq 2 \times 10^5 1 \leq C, D \leq 10^5 -10^5 \leq X_i \leq 10^5 入力される値はすべて整数 入力 入力は以下の形式で標準入力から与えられる。 N C D X_1 X_2 \ldots X_N 出力 2 行出力せよ。 1 行目には目的を達成するためにかかるコストの合計の最小値を出力せよ。 2 行目には、 N 個の整数 A_1, A_2, \ldots, A_N をこの順に空白区切りで出力せよ。ただし、ある操作列が存在し、この操作列において以下の条件がともに満たされているようにせよ。 目的を達成しており、目的を達成するという条件のもとコストの合計は最小である。 1 \leq i \leq N なるすべての整数 i に対して商人 i から 座標 A_i で品物を受け取っている。 入力例 1 3 2 3 1 -1 2 出力例 1 10 0 0 2 例えば以下のように操作をすることで、コストの合計を 10 として目的を達成することができます。 商人 1 に座標 1 から座標 0 に移動してもらう。この操作にはコストが 3 かかる。 商人 2 に座標 -1 から座標 0 に移動してもらう。この操作にはコストが 3 かかる。 商人 1 から品物 1 を受け取る。この操作にはコストが 0 かかる。 商人 2 から品物 2 を受け取る。この操作にはコストが 0 かかる。 あなたが座標 0 から座標 1 に移動する。この操作にはコストが 2 かかる。 あなたが座標 1 から座標 2 に移動する。この操作にはコストが 2 かかる。 商人 3 から品物 3 を受け取る。この操作にはコストが 0 かかる。 コストの合計を 10 未満として目的を達成することはできません。 入力例 2 2 100000 60000 100000 -100000 出力例 2 12000000000 0 0 入力例 3 6 4 4 2 -1 5 -2 -2 2 出力例 3 56 0 -1 -1 -2 -2 2",625.0,
atcoder,abc,public_sponsored_abc,unique_vision,abc411,UNIQUE VISION Programming Contest 2025 Summer (AtCoder Beginner Contest 411),2025,2025-06-21,1750507200.0,2025.0,abc411_a,A,Required Length,A. Required Length,-1028.0,13787,"['implementation', 'conditional', 'string']",3,https://atcoder.jp/contests/abc411/tasks/abc411_a,https://atcoder-tagged-backend.onrender.com/problems/all,2.3.0-sponsor-abc-kenkoooo-diff,ja,2026-06-04T18:46:05.900291+00:00,7.776,547.0,配点 : 100 点 問題文 高橋君は、ある web サイトに設定するパスワードを、英小文字のみからなる文字列 P にしようと考えています。 一方で、その web サイトのパスワードは長さ L 以上の文字列である必要があります。 P が長さの条件をみたすか、すなわち長さ L 以上の文字列であるか判定してください。 制約 P は英小文字のみからなる長さ 1 以上 100 以下の文字列 1 \leq L \leq 100 L は整数 入力 入力は以下の形式で標準入力から与えられる。 P L 出力 P が長さの条件をみたすならば Yes を、そうでないならば No を出力せよ。 入力例 1 chokudai 5 出力例 1 Yes chokudai の長さは 8 であり、特に 5 以上であるため長さの条件をみたしています。 よって、 Yes を出力します。 入力例 2 ac 3 出力例 2 No ac の長さは 2 であり、特に 3 未満であるため長さの条件をみたしていません。 よって、 No を出力します。 入力例 3 atcoder 7 出力例 3 Yes atcoder の長さは 7 であり、特に 7 以上であるため長さの条件をみたしています。 よって、 Yes を出力します。,100.0,
atcoder,abc,public_sponsored_abc,unique_vision,abc411,UNIQUE VISION Programming Contest 2025 Summer (AtCoder Beginner Contest 411),2025,2025-06-21,1750507200.0,2025.0,abc411_b,B,Distance Table,B. Distance Table,-606.0,12689,"['implementation', 'prefix sum']",2,https://atcoder.jp/contests/abc411/tasks/abc411_b,https://atcoder-tagged-backend.onrender.com/problems/all,2.3.0-sponsor-abc-kenkoooo-diff,ja,2026-06-04T18:46:05.900291+00:00,16.104,797.0,"配点 : 200 点 問題文 N 個の駅、駅 1 , 駅 2 , \ldots , 駅 N が直線上にこの順に並んでいます。 ここで、 1\leq i\leq N-1 について、駅 i と駅 (i+1) の間の距離は D_i です。 1\leq i<j\leq N をみたす整数の組 (i,j) それぞれについて、駅 i と駅 j の間の距離を求めてください。 なお、出力形式については出力の欄を参照してください。 制約 2 \leq N \leq 50 1 \leq D_i \leq 100 入力はすべて整数 入力 入力は以下の形式で標準入力から与えられる。 N D_1 D_2 \ldots D_{N-1} 出力 N-1 行出力せよ。 i 行目 (1\leq i\leq N-1) には、 (N-i) 個の整数を空白区切りで出力せよ。 i 行目の j 番目 (1\leq j\leq N-i) には、駅 i と駅 (i+j) の間の距離を出力せよ。 入力例 1 5 5 10 2 3 出力例 1 5 15 17 20 10 12 15 2 5 3 各駅の間の距離は次のようになります。 駅 1 と駅 2 の間の距離は 5 です。 駅 1 と駅 3 の間の距離は 5+10=15 です。 駅 1 と駅 4 の間の距離は 5+10+2=17 です。 駅 1 と駅 5 の間の距離は 5+10+2+3=20 です。 駅 2 と駅 3 の間の距離は 10 です。 駅 2 と駅 4 の間の距離は 10+2=12 です。 駅 2 と駅 5 の間の距離は 10+2+3=15 です。 駅 3 と駅 4 の間の距離は 2 です。 駅 3 と駅 5 の間の距離は 2+3=5 です。 駅 4 と駅 5 の間の距離は 3 です。 よって、上記のように出力します。 入力例 2 2 100 出力例 2 100",200.0,
atcoder,abc,public_sponsored_abc,unique_vision,abc411,UNIQUE VISION Programming Contest 2025 Summer (AtCoder Beginner Contest 411),2025,2025-06-21,1750507200.0,2025.0,abc411_c,C,Black Intervals,C. Black Intervals,185.0,10360,"['simulation', 'ad hoc', 'difference array', 'case work', 'counting']",5,https://atcoder.jp/contests/abc411/tasks/abc411_c,https://atcoder-tagged-backend.onrender.com/problems/all,2.3.0-sponsor-abc-kenkoooo-diff,ja,2026-06-04T18:46:05.900291+00:00,31.715,1301.0,"配点 : 350 点 問題文 左右一列に N 個のマスが並んでいます。 最初、すべてのマスは白く塗られています。 Q 個のクエリを順に処理してください。 i 個目のクエリでは 1 以上 N 以下の整数 A_i が与えられ、次の操作を行います。 左から A_i 番目のマスの色を反転させる。 具体的には、左から A_i 番目のマスが、白く塗られていたならば黒く塗り、黒く塗られていたならば白く塗る。 その後、黒く塗られたマスが連続している区間の個数を求める。 ここで、黒く塗られたマスが連続している区間とは次をすべてみたす整数の組 (l,r) (1\leq l\leq r\leq N) を指す。 左から l, l+1, \ldots, r 番目のマスはすべて黒く塗られている。 l=1 であるか、または左から (l-1) 番目のマスは白く塗られている。 r=N であるか、または左から (r+1) 番目のマスは白く塗られている。 制約 1\leq N,Q\leq 5\times 10^5 1\leq A_i\leq N 入力はすべて整数 入力 入力は以下の形式で標準入力から与えられる。 N Q A_1 A_2 \ldots A_Q 出力 Q 行出力せよ。 i 行目 (1\leq i\leq Q) には i 個目のクエリの答えを出力せよ。 入力例 1 5 7 2 3 3 5 1 5 2 出力例 1 1 1 1 2 2 1 1 以下では、左から i 番目のマスを マス i と表します。 各クエリの後は次のような状態になっています。 1 個目のクエリの後、マス 2 のみが黒く塗られています。黒く塗られたマスが連続している区間は (l,r)=(2,2) の 1 つです。 2 個目のクエリの後、マス 2,3 が黒く塗られています。黒く塗られたマスが連続している区間は (l,r)=(2,3) の 1 つです。 3 個目のクエリの後、マス 2 のみが黒く塗られています。黒く塗られたマスが連続している区間は (l,r)=(2,2) の 1 つです。 4 個目のクエリの後、マス 2,5 が黒く塗られています。黒く塗られたマスが連続している区間は (l,r)=(2,2), (5,5) の 2 つです。 5 個目のクエリの後、マス 1,2,5 が黒く塗られています。黒く塗られたマスが連続している区間は (l,r)=(1,2), (5,5) の 2 つです。 6 個目のクエリの後、マス 1,2 のみが黒く塗られています。黒く塗られたマスが連続している区間は (l,r)=(1,2) の 1 つです。 7 個目のクエリの後、マス 1 のみが黒く塗られています。黒く塗られたマスが連続している区間は (l,r)=(1,1) の 1 つです。 よって、 1,1,1,2,2,1,1 を改行区切りで出力します。 入力例 2 1 2 1 1 出力例 2 1 0 2 個目のクエリの後、すべてのマスは白く塗られているため、 2 行目には 0 を出力します。 入力例 3 3 3 1 3 2 出力例 3 1 2 1",350.0,
atcoder,abc,public_sponsored_abc,unique_vision,abc411,UNIQUE VISION Programming Contest 2025 Summer (AtCoder Beginner Contest 411),2025,2025-06-21,1750507200.0,2025.0,abc411_d,D,Conflict 2,D. Conflict 2,1018.0,5866,"['offline processing', 'persistent data structure', 'string', 'tree']",4,https://atcoder.jp/contests/abc411/tasks/abc411_d,https://atcoder-tagged-backend.onrender.com/problems/all,2.3.0-sponsor-abc-kenkoooo-diff,ja,2026-06-04T18:46:05.900291+00:00,48.155,1349.0,"配点 : 425 点 問題文 1 台のサーバーと N 台の PC があります。 サーバーおよび各 PC はそれぞれ 1 つずつ文字列を保持しており、最初は全て空文字列です。 Q 個のクエリが与えられます。各クエリは以下のいずれかの形式です。 1 p ：PC p の文字列をサーバーの文字列で置き換える。 2 p s ：PC p の文字列の末尾に文字列 s を追加する。 3 p ：サーバーの文字列をPC p の文字列で置き換える。 全てのクエリを与えられた順に処理したときの最終的なサーバーの文字列を求めてください。 制約 N,Q は整数 1\leq N,Q \leq 2\times 10^5 全てのクエリについて、 p は整数であり、 1 \leq p\leq N 全ての 2 種類目のクエリについて、 s は英小文字からなる長さ 1 以上の文字列 全ての 2 種類目のクエリに対する s の長さの総和は 10^6 以下 入力 入力は以下の形式で標準入力から与えられる。 N Q \mathrm{query}_1 \mathrm{query}_2 \vdots \mathrm{query}_Q ここで \mathrm{query}_i は i 番目のクエリを表し、以下のいずれかの形式で与えられる。 1 p 2 p s 3 p 出力 答えを出力せよ。 入力例 1 2 6 2 1 at 3 1 2 2 on 1 2 2 2 coder 3 2 出力例 1 atcoder 最初、サーバーおよび PC 1,2 の文字列は全て空である。 1 番目のクエリ： PC 1 の文字列の末尾に at を追加する。このとき、サーバー、PC 1,2 の文字列はそれぞれ空、 at 、空である。 2 番目のクエリ： サーバーの文字列を PC 1 の文字列で置き換える。このとき、サーバー、PC 1,2 の文字列はそれぞれ at 、 at 、空である。 3 番目のクエリ： PC 2 の文字列の末尾に on を追加する。このとき、サーバー、PC 1,2 の文字列はそれぞれ at 、 at 、 on である。 4 番目のクエリ： PC 2 の文字列をサーバーの文字列で置き換える。このとき、サーバー、PC 1,2 の文字列はそれぞれ at 、 at 、 at である。 5 番目のクエリ： PC 2 の文字列の末尾に coder を追加する。このとき、サーバー、PC 1,2 の文字列はそれぞれ at 、 at 、 atcoder である。 6 番目のクエリ： サーバーの文字列を PC 2 の文字列で置き換える。このとき、サーバー、PC 1,2 の文字列はそれぞれ atcoder 、 at 、 atcoder である。 よって、最終的なサーバーの文字列は atcoder です。 入力例 2 100000 3 1 100 2 300 abc 3 200 出力例 2 最終的なサーバーの文字列は空です。 入力例 3 10 10 2 7 ladxf 2 7 zz 2 7 kfm 3 7 1 5 2 5 irur 3 5 1 6 2 6 ptilun 3 6 出力例 3 ladxfzzkfmirurptilun",425.0,
atcoder,abc,public_sponsored_abc,unique_vision,abc411,UNIQUE VISION Programming Contest 2025 Summer (AtCoder Beginner Contest 411),2025,2025-06-21,1750507200.0,2025.0,abc411_e,E,E [max],E. E [max],1400.0,3162,"['expectation', 'probability', 'coordinate compression', 'modular arithmetic', 'plane sweep']",5,https://atcoder.jp/contests/abc411/tasks/abc411_e,https://atcoder-tagged-backend.onrender.com/problems/all,2.3.0-sponsor-abc-kenkoooo-diff,ja,2026-06-04T18:46:05.900291+00:00,55.694,1541.0,"配点 : 450 点 問題文 N 個の六面サイコロがあります。 サイコロには 1 から N までの番号が付けられており、サイコロ i の各面に書かれた数はそれぞれ A_{i,1},A_{i,2},\dots,A_{i,6} です。 今からこれら N 個のサイコロを全て同時に振ります。 各サイコロの上を向いた面に書かれた数の最大値の期待値を \bmod\ 998244353 で求めてください。 なお、いずれのサイコロについても、そのサイコロを振った際に上を向く面は独立かつ一様ランダムに選ばれるものとします。 期待値を \bmod\ 998244353 で求めるとは 求める期待値は必ず有理数になることが証明できます。 また、この問題の制約のもとでは、その値を既約分数 \frac{P}{Q} で表した時、 Q \not\equiv 0 \pmod{998244353} となることも証明できます。 よって、 R \times Q \equiv P \pmod{998244353}, 0 \leq R < 998244353 を満たす整数 R が一意に定まります。 この R を求めてください。 制約 1\leq N \leq 10^5 1\leq A_{i,j} \leq 10^9 入力は全て整数 入力 入力は以下の形式で標準入力から与えられる。 N A_{1,1} A_{1,2} \dots A_{1,6} A_{2,1} A_{2,2} \dots A_{2,6} \vdots A_{N,1} A_{N,2} \dots A_{N,6} 出力 答えを出力せよ。 入力例 1 2 1 1 4 4 4 4 1 1 1 3 3 3 出力例 1 332748121 サイコロ i の上を向いた面に書かれた数を x_i とします。 x_1=1,x_2=1 のケース： \frac{2}{6}\times\frac{3}{6}=\frac{1}{6} の確率で発生し、上を向いた面に書かれた数の最大値は 1 です。 x_1=1,x_2=3 のケース： \frac{2}{6}\times\frac{3}{6}=\frac{1}{6} の確率で発生し、上を向いた面に書かれた数の最大値は 3 です。 x_1=4,x_2=1 のケース： \frac{4}{6}\times\frac{3}{6}=\frac{1}{3} の確率で発生し、上を向いた面に書かれた数の最大値は 4 です。 x_1=4,x_2=3 のケース： \frac{4}{6}\times\frac{3}{6}=\frac{1}{3} の確率で発生し、上を向いた面に書かれた数の最大値は 4 です。 よって、求める期待値は \frac{1}{6}\times 1 + \frac{1}{6}\times 3 + \frac{1}{3}\times 4 + \frac{1}{3}\times 4 = \frac{10}{3} \equiv 332748121 \pmod{998244353} です。 入力例 2 2 1 1 1 1 1 1 2 2 2 2 2 2 出力例 2 2 サイコロ 1,2 の上を向いた面に書かれた数はそれぞれ常に 1,2 であり、その最大値は常に 2 です。 入力例 3 8 55 76 80 21 34 28 82 84 2 32 56 17 11 57 37 28 39 18 47 2 97 25 75 29 72 45 22 75 26 81 6 79 16 68 68 40 31 80 68 57 18 55 49 10 63 91 93 40 出力例 3 213725517",450.0,
atcoder,abc,public_sponsored_abc,unique_vision,abc411,UNIQUE VISION Programming Contest 2025 Summer (AtCoder Beginner Contest 411),2025,2025-06-21,1750507200.0,2025.0,abc411_f,F,Contraction,F. Contraction,1898.0,1739,"['dsu', 'small to large merging', 'graph', 'amortized analysis', 'simulation']",5,https://atcoder.jp/contests/abc411/tasks/abc411_f,https://atcoder-tagged-backend.onrender.com/problems/all,2.3.0-sponsor-abc-kenkoooo-diff,ja,2026-06-04T18:46:05.900291+00:00,65.522,1888.0,"配点 : 525 点 問題文 N 頂点 M 辺の無向グラフ G_0 が与えられます。 G_0 の頂点および辺は、それぞれ頂点 1 , 頂点 2 , \ldots , 頂点 N および辺 1 , 辺 2 , \ldots , 辺 M と番号づけられており、 辺 i (1\leq i\leq M) は頂点 U_i と頂点 V_i を結んでいます。 高橋君はグラフ G と、駒 1 , 駒 2 , \ldots , 駒 N と番号づけられた N 個の駒を持っています。 最初、 G=G_0 であり、さらに G の頂点 i (1\leq i\leq N) には駒 i が置かれています。 高橋君はこれから Q 回の操作を順に行います。 i 回目 (1\leq i\leq Q) の操作では 1 以上 M 以下の整数 X_i が与えられ、次の操作を行います。 G において駒 U_{X_i} と駒 V_{X_i} が異なる頂点に置かれており、 それらの間に（ G 上の）辺 e が存在するならばその辺を縮約したグラフ G' を作成する。 この際、自己ループができた場合は取り除き、多重辺が存在した場合は単純辺に置き換える。 その後、 G において辺 e が結んでいた 2 頂点に置かれていた駒はすべて、 G' の e の縮約によって新たに生成された頂点に置く。 G 上のその他の頂点に置かれていた駒については、 G' の対応する頂点に置く。 最後に、このようにしてできた G' を新たな G とする。 駒 U_{X_i} と駒 V_{X_i} が同じ頂点に置かれていた場合、あるいは置かれている頂点の間が辺で結ばれていなかった場合は何も行わない。 i=1,2,\ldots, Q 回目の操作それぞれについて、 i 回目の操作の後の G の辺の数を出力してください。 辺の縮約 とは 頂点 u と頂点 v を結ぶ辺の縮約とは、頂点 u,v を 1 つの頂点にまとめる操作です。 より正確には、 G に対して辺の縮約を行なって得られるグラフとは G に対して次の操作を行って得られるものを指します。 G に新たに頂点 w を追加する。 G 上の u,v 以外の各頂点 x について、 u と x を結ぶ辺、あるいは v と x を結ぶ辺の少なくとも一方が存在するとき、かつその時に限り、 w と x を結ぶ辺を加える。 頂点 u,v を削除し、頂点 u と v を結ぶ辺および頂点 u または v と他の頂点を結ぶ辺をすべて削除する。 制約 2\leq N\leq 3\times 10^5 1\leq M\leq 3\times 10^5 1\leq U_i<V_i\leq N i\neq j ならば (U_i,V_i)\neq (U_j,V_j) 1\leq Q\leq 3\times 10^5 1\leq X_i\leq M 入力はすべて整数 入力 入力は以下の形式で標準入力から与えられる。 N M U_1 V_1 U_2 V_2 \vdots U_M V_M Q X_1 X_2 \ldots X_Q 出力 Q 行出力せよ。 i 行目 (1\leq i\leq Q) には、 i 回目の操作の後の G の辺の数を出力せよ。 入力例 1 7 7 1 2 1 3 2 3 1 4 1 5 2 5 6 7 5 1 2 3 1 5 出力例 1 4 3 3 3 2 最初、 G は下図のようになっています。丸付き数字はその番号の駒を表します。 1 回目の操作では、駒 1 と駒 2 が置かれている頂点の間の辺（下図左）の縮約を行います。 操作後、 G は下図右のようになり、特に辺の数は 4 です。 自己ループの削除および多重辺の単純辺への置換が行われていることに注意してください。 2 回目の操作では、駒 1 と駒 3 が置かれている頂点の間の辺の縮約を行います。 操作後、 G は下図左のようになり、辺の数は 3 となります。 3 回目の操作では、駒 2 と駒 3 は同じ頂点に置かれているため、 G はそのままであり、辺の数も 3 のままです。 4 回目の操作でも、駒 1 と駒 2 は同じ頂点に置かれているため、 G はそのままであり、辺の数も 3 のままです。 5 回目の操作では、駒 1 と駒 5 が置かれている頂点の間の辺の縮約を行います。 操作後、 G は下図右のようになり、辺の数は 2 となります。 よって、 4,3,3,3,2 をこの順に改行区切りで出力します。",525.0,
atcoder,abc,public_sponsored_abc,unique_vision,abc411,UNIQUE VISION Programming Contest 2025 Summer (AtCoder Beginner Contest 411),2025,2025-06-21,1750507200.0,2025.0,abc411_g,G,Count Cycles,G. Count Cycles,2093.0,1067,"['bitmask dp', 'graph', 'counting', 'combinatorics', 'cycle']",5,https://atcoder.jp/contests/abc411/tasks/abc411_g,https://atcoder-tagged-backend.onrender.com/problems/all,2.3.0-sponsor-abc-kenkoooo-diff,ja,2026-06-04T18:46:05.900291+00:00,69.37,1016.0,"配点 : 600 点 問題文 N 頂点 M 辺の無向グラフ G があります。 G は自己ループを含みませんが、多重辺は含む可能性があります。 頂点には 1 から N までの、辺には 1 から M までの番号がそれぞれ付けられており、辺 i は頂点 U_i,V_i の間に張られています。 G に含まれるサイクルの個数を 998244353 で割った余りを求めてください。 より形式的には、与えられた辺集合の部分集合 \lbrace e_1,e_2,\dots,e_k\rbrace \subseteq \lbrace 1,2,\dots,M\rbrace\ (k\geq 2) であって以下の条件を満たすものの個数を 998244353 で割った余りを求めてください。 (e_1,e_2,\dots,e_k) の並び替え (e_1',e_2',\dots,e_k') および頂点列 (v_1,v_2,\dots,v_k) の組であって、以下を全て満たすものが存在する。 v_1,v_2,\dots,v_k は互いに相異なる 全ての j\ (1\leq j\leq k) について、辺 e_j' は頂点 v_j,v_{(j\bmod k) + 1} の間に張られている 制約 2\leq N \leq 20 2\leq M \leq 2\times 10^5 1\leq U_i < V_i \leq N 入力は全て整数 入力 入力は以下の形式で標準入力から与えられる。 N M U_1 V_1 U_2 V_2 \vdots U_M V_M 出力 答えを出力せよ。 入力例 1 3 4 1 3 1 2 2 3 1 3 出力例 1 3 以下の図の通り、全部で 3 個のサイクルが存在します。 丸の中に書かれた数字と線の横に書かれた数字はそれぞれ頂点番号、辺番号を表します。 赤い線がサイクルに含まれる辺、黒い線がそれ以外の辺を表します。 左から順に、辺集合 \lbrace 1,2,3 \rbrace,\lbrace 2,3,4 \rbrace,\lbrace 1,4 \rbrace をそれぞれ選ぶことに対応しています。 入力例 2 4 2 1 4 2 3 出力例 2 0 入力例 3 5 15 1 5 3 4 2 3 2 4 3 5 4 5 2 5 2 3 1 3 4 5 2 5 4 5 1 2 3 4 1 5 出力例 3 166",600.0,
atcoder,abc,public_sponsored_abc,denso,abc413,Denso Create Programming Contest 2025（AtCoder Beginner Contest 413）,2025,2025-07-05,1751716800.0,2025.5,abc413_a,A,Content Too Large,A. Content Too Large,-1081.0,14614,"['implementation', 'sum', 'comparison']",3,https://atcoder.jp/contests/abc413/tasks/abc413_a,https://atcoder-tagged-backend.onrender.com/problems/all,2.3.0-sponsor-abc-kenkoooo-diff,ja,2026-06-04T18:46:05.900291+00:00,6.73,690.0,配点 : 100 点 問題文 高橋くんは、 N 個の品物と 1 つのカバンを持っています。 i 番目 (1\le i\le N) の品物の大きさは A _ i で、カバンの大きさは M です。 カバンに入れようとしている品物の大きさの合計が M 以下のとき、かつそのときに限り、それらの品物をすべて同時にカバンに入れることができます。 高橋くんが N 個の品物すべてを同時にカバンに入れることができるなら Yes 、そうでなければ No と出力してください。 制約 1\le N\le100 1\le M\le10000 1\le A _ i\le100\ (1\le i\le N) 入力はすべて整数 入力 入力は以下の形式で標準入力から与えられる。 N M A _ 1 A _ 2 \ldots A _ N 出力 高橋くんがすべての品物を同時にカバンに入れられるなら Yes を、そうでなければ No を出力せよ。 入力例 1 5 15 3 1 4 1 5 出力例 1 Yes 5 つの品物の大きさの合計は 3+1+4+1+5=14 です。 これは、カバンの大きさ 15 以下なので、高橋くんはすべての品物を同時にカバンに入れることができます。 なので、 Yes を出力してください。 入力例 2 5 5 3 1 4 1 5 出力例 2 No 5 つの品物の大きさの合計は 14 で、カバンの大きさ 5 より大きいため、高橋くんはすべての品物を同時にカバンに入れることができません。 なので、 No を出力してください。 入力例 3 1 10000 100 出力例 3 Yes,100.0,
atcoder,abc,public_sponsored_abc,denso,abc413,Denso Create Programming Contest 2025（AtCoder Beginner Contest 413）,2025,2025-07-05,1751716800.0,2025.5,abc413_b,B,cat 2,B. cat 2,-426.0,12970,"['brute force', 'implementation', 'string', 'set']",4,https://atcoder.jp/contests/abc413/tasks/abc413_b,https://atcoder-tagged-backend.onrender.com/problems/all,2.3.0-sponsor-abc-kenkoooo-diff,ja,2026-06-04T18:46:05.900291+00:00,19.657,854.0,"配点 : 200 点 問題文 N 種類の文字列 S _ 1,S _ 2,\ldots,S _ N が与えられます。 あなたは、次の操作を 1 度だけ行います。 相異なる 整数 i,j\ (1\le i\le N,1\le j\le N) を選び、 S _ i と S _ j をこの順で連結する。 この操作で連結した結果の文字列としてありえるものは何通りあるか求めてください。 選んだ (i,j) が異なっても、連結した文字列が同じ場合は 1 通りと数えることに注意してください。 制約 2\le N\le100 N は整数 S _ i は英小文字からなる長さ 1 以上 10 以下の文字列 S _ i\ne S _ j\ (1\le i\lt j\le N) 入力 入力は以下の形式で標準入力から与えられる。 N S _ 1 S _ 2 \vdots S _ N 出力 操作の結果できる文字列が何通りあるかを出力せよ。 入力例 1 4 at atco coder der 出力例 1 11 できる文字列は、 atatco , atcoat , atcoder , atcocoder , atder , coderat , coderatco , coderder , derat , deratco , dercoder の 11 通りです。 よって、 11 を出力してください。 入力例 2 5 a aa aaa aaaa aaaaa 出力例 2 7 できる文字列は、 aaa , aaaa , aaaaa , aaaaaa , aaaaaaa , aaaaaaaa , aaaaaaaaa の 7 通りです。 よって、 7 を出力してください。 入力例 3 10 armiearggc ukupaunpiy cogzmjmiob rtwbvmtruq qapfzsitbl vhkihnipny ybonzypnsn esxvgoudra usngxmaqpt yfseonwhgp 出力例 3 90",200.0,
atcoder,abc,public_sponsored_abc,denso,abc413,Denso Create Programming Contest 2025（AtCoder Beginner Contest 413）,2025,2025-07-05,1751716800.0,2025.5,abc413_c,C,Large Queue,C. Large Queue,177.0,10977,"['simulation', 'queue', 'compression']",3,https://atcoder.jp/contests/abc413/tasks/abc413_c,https://atcoder-tagged-backend.onrender.com/problems/all,2.3.0-sponsor-abc-kenkoooo-diff,ja,2026-06-04T18:46:05.900291+00:00,31.557,1364.0,"配点 : 300 点 問題文 空の整数列 A=() があります。クエリが Q 個与えられるので、与えられた順に処理してください。クエリは以下の 2 種類です。 タイプ 1 : 1 c x の形式で与えられる。 A の末尾に x を c 個追加する。 タイプ 2 : 2 k の形式で与えられる。 A の先頭 k 要素を削除し、削除した k 個の整数の総和を出力する。このとき、 k はその時点での A の長さ以下であることが保証される。 制約 1 \leq Q \leq 2 \times 10^{5} タイプ 1 のクエリにおいて、 1 \leq c \leq 10^{9} タイプ 1 のクエリにおいて、 1 \leq x \leq 10^{9} タイプ 2 のクエリにおいて、その時点での A の長さを n として、 1 \leq k \leq \min(10^{9},n) 入力はすべて整数 入力 入力は以下の形式で標準入力から与えられる。 Q \text{query}_1 \text{query}_2 \vdots \text{query}_Q ただし、 \text{query}_i は i 個目のクエリを表し、以下のいずれかの形式である。 1 c x 2 k 出力 タイプ 2 のクエリの個数を q として、 q 行出力せよ。 i 行目には、 i 個目のタイプ 2 のクエリに対する答えを出力せよ。 入力例 1 5 1 2 3 1 4 5 2 3 1 6 2 2 5 出力例 1 11 19 1 個目のクエリ: A の末尾に 3 を 2 個追加する。このとき、 A=(3,3) となる。 2 個目のクエリ: A の末尾に 5 を 4 個追加する。このとき、 A=(3,3,5,5,5,5) となる。 3 個目のクエリ: A の先頭 3 要素を削除する。このとき、削除した 3 個の整数の総和は 3+3+5=11 となるため 11 と出力する。削除後、 A=(5,5,5) となる。 4 個目のクエリ: A の末尾に 2 を 6 個追加する。このとき、 A=(5,5,5,2,2,2,2,2,2) となる。 5 個目のクエリ: A の先頭 5 要素を削除する。このとき、削除した 5 個の整数の総和は 5+5+5+2+2=19 となるため 19 と出力する。削除後、 A=(2,2,2,2) となる。 入力例 2 10 1 75 22 1 81 72 1 2 97 1 84 82 1 2 32 1 39 57 2 45 1 40 16 2 32 2 42 出力例 2 990 804 3024 入力例 3 10 1 160449218 954291757 2 17217760 1 353195922 501899080 1 350034067 910748511 1 824284691 470338674 2 180999835 1 131381221 677959980 1 346948152 208032501 1 893229302 506147731 2 298309896 出力例 3 16430766442004320 155640513381884866 149721462357295680",300.0,
atcoder,abc,public_sponsored_abc,denso,abc413,Denso Create Programming Contest 2025（AtCoder Beginner Contest 413）,2025,2025-07-05,1751716800.0,2025.5,abc413_d,D,Make Geometric Sequence,D. Make Geometric Sequence,943.0,6808,"['sorting', 'case work', 'implementation', 'number theory', 'geometric progression']",5,https://atcoder.jp/contests/abc413/tasks/abc413_d,https://atcoder-tagged-backend.onrender.com/problems/all,2.3.0-sponsor-abc-kenkoooo-diff,ja,2026-06-04T18:46:05.900291+00:00,46.675,1057.0,"配点 : 425 点 問題文 長さ N の整数列 A=(A _ 1,A _ 2,\ldots,A _ N) が与えられます。 ここで、どの i\ (1\le i\le N) についても A _ i が 0 でないことが保証されます。 A を適切に並べ替えた数列 B=(B _ 1,B _ 2,\ldots,B _ N) が等比数列になることがあるか判定してください。 ただし、数列 S=(S _ 1,S _ 2,\ldots,S _ N) が等比数列であるとは、ある実数 r が存在してすべての整数 1\le i\lt N に対して S _ {i+1}=rS _ i が成り立つことをいいます。 1 つの入力ファイルにつき、 T 個のテストケースを解いてください。 制約 1\le T\le10 ^ 5 2\le N\le2\times10 ^ 5 -10 ^ 9\le A _ i\le10 ^ 9\ (1\le i\le N) A _ i\ne0\ (1\le i\le N) 1 つの入力ファイルにおける N の総和は 2\times10 ^ 5 以下 入力はすべて整数 入力 入力は以下の形式で標準入力から与えられる。 T \mathrm{testcase} _ 1 \mathrm{testcase} _ 2 \vdots \mathrm{testcase} _ T ここで、 \mathrm{testcase} _ i は i 番目 (1\le i\le T) のテストケースであり、各テストケースは以下の形式で与えられる。 N A _ 1 A _ 2 \ldots A _ N 出力 T 行にわたって出力せよ。 i 行目 (1\le i\le T) には、 i 番目のテストケースにおいて A を並べ替えて等比数列にできる場合は Yes を、そうでない場合は No を出力せよ。 入力例 1 3 5 1 8 2 4 16 5 -16 24 54 81 -36 7 90000 8100 -27000 729 -300000 -2430 1000000 出力例 1 Yes No Yes 1 つめのテストケースでは、 A を並べ替えた (16,8,4,2,1) は、公比 r=\dfrac12 の等比数列になります。 よって、 1 行目には Yes と出力してください。 2 つめのテストケースでは、 A をどのように並べ替えても条件を満たしません。 よって、 2 行目には No と出力してください。",425.0,
atcoder,abc,public_sponsored_abc,denso,abc413,Denso Create Programming Contest 2025（AtCoder Beginner Contest 413）,2025,2025-07-05,1751716800.0,2025.5,abc413_e,E,Reverse 2^i,E. Reverse 2^i,1241.0,4384,"['divide and conquer', 'greedy', 'binary tree', 'constructive', 'permutation']",5,https://atcoder.jp/contests/abc413/tasks/abc413_e,https://atcoder-tagged-backend.onrender.com/problems/all,2.3.0-sponsor-abc-kenkoooo-diff,ja,2026-06-04T18:46:05.900291+00:00,52.556,1430.0,"配点 : 450 点 問題文 (1,2,3,\ldots,2^{N}) の順列 P=(P_0,P_1,\ldots,P_{2^{N}-1}) が与えられます。 あなたは次の操作を何回でも( 0 回でもよい)行うことができます。 0 \leq a \times 2^{b} < (a+1) \times 2^{b} \leq 2^{N} を満たす非負整数 a,b を選び、 P_{a \times 2^{b}}, P_{a\times 2^{b}+1},\ldots,P_{(a+1) \times 2^{b}-1} を反転する。ここで、 P_{a \times 2^{b}},P_{a \times 2^{b}+1},\ldots,P_{(a+1) \times 2^{b}-1} を反転するとは、 P_{a \times 2^{b}}, P_{a\times 2^{b}+1},\ldots,P_{(a+1) \times 2^{b}-1} を P_{(a+1) \times 2^{b}-1}, P_{(a+1) \times 2^{b}-2},\ldots,P_{a \times 2^{b}} に同時に置き換えることを意味する。 操作を繰り返して得られる P のうち、辞書順最小のものを求めてください。 T 個のテストケースが与えられるので、それぞれについて答えを求めてください。 制約 1 \leq T \leq 10^{5} 1 \leq N \leq 18 P は (1,2,3,\ldots,2^{N}) の順列 各入力ファイルについて、すべてのテストケースの 2^N の総和は 3 \times 10^{5} 以下 入力はすべて整数 入力 入力は以下の形式で標準入力から与えられる。 T \textrm{case}_1 \textrm{case}_2 \vdots \textrm{case}_T \textrm{case}_i は i 番目のテストケースを表し、以下の形式で与えられる。 N P_0 P_1 \ldots P_{2^N-1} 出力 T 行出力せよ。 i 行目 (1 \leq i \leq T) には i 番目のテストケースに対する答えを出力せよ。 入力例 1 4 1 1 2 2 1 3 4 2 2 2 3 4 1 3 8 3 4 2 1 5 7 6 出力例 1 1 2 1 3 2 4 1 4 2 3 1 5 6 7 2 4 3 8 1 番目のテストケースにおいて、 P に対して操作を一回も行わないとき、 P=(1,2) となります。これは辞書順で最小の順列です。よって答えは (1,2) です。 2 番目のテストケースにおいて、 a=1,b=1 を選んで操作を行うと P=(1,3,2,4) となります。 P に対して何回操作を行っても (1,3,2,4) より辞書順で小さい順列を得られません。よって答えは (1,3,2,4) です。 3 番目のテストケースにおいて、以下の順番で操作を行うことで、 P=(1,4,2,3) が得られます。 a=0,b=1 を選んで操作を行う。 P=(3,2,4,1) となる。 a=0,b=2 を選んで操作を行う。 P=(1,4,2,3) となる。 P に対して何回操作を行っても (1,4,2,3) より辞書順で小さい順列を得られません。よって答えは (1,4,2,3) です。",450.0,
atcoder,abc,public_sponsored_abc,denso,abc413,Denso Create Programming Contest 2025（AtCoder Beginner Contest 413）,2025,2025-07-05,1751716800.0,2025.5,abc413_f,F,No Passage,F. No Passage,1635.0,2744,"['bfs', 'game theory', 'shortest path', 'grid']",4,https://atcoder.jp/contests/abc413/tasks/abc413_f,https://atcoder-tagged-backend.onrender.com/problems/all,2.3.0-sponsor-abc-kenkoooo-diff,ja,2026-06-04T18:46:05.900291+00:00,60.332,1742.0,"配点 : 525 点 問題文 H 行 W 列のグリッドがあります。上から i 行目、左から j 列目のマスを (i,j) と表します。また、このうち K 個のマスはゴールになっています。 i 個目 (1 \leq i \leq K) のゴールはマス (R_i, C_i) です。 高橋君と青木君はこのグリッドとグリッドの上に置かれた 1 つのコマを使ってあるゲームをしています。高橋君と青木君はコマがゴールのマスに到達するまで以下の一連の操作を繰り返し行います。 青木君は 1 以上 4 以下の整数 a を選ぶ。 その後、高橋君は 1 以上 4 以下の整数 b を選ぶ。ただし、 a \neq b を満たす必要がある。操作前にコマが置いてあるマスを (i,j) としたとき、選んだ整数 b とコマの位置に応じて以下の通りにコマを移動させる。 b=1 のとき: マス (i-1,j) がグリッド内である場合はコマをマス (i,j) からマス (i-1,j) に移動させ、グリッドの外である場合はコマを移動させない。 b=2 のとき: マス (i+1,j) がグリッド内である場合はコマをマス (i,j) からマス (i+1,j) に移動させ、グリッドの外である場合はコマを移動させない。 b=3 のとき: マス (i,j-1) がグリッド内である場合はコマをマス (i,j) からマス (i,j-1) に移動させ、グリッドの外である場合はコマを移動させない。 b=4 のとき: マス (i,j+1) がグリッド内である場合はコマをマス (i,j) からマス (i,j+1) に移動させ、グリッドの外である場合はコマを移動させない。 高橋君の目的はコマがゴールに到達するまでの移動回数を最小化することです。青木君の目的はコマがゴールに到達しないようにすることであり、それが不可能な場合は移動回数を最大化することです。 1 \leq i \leq H,1 \leq j \leq W を満たすすべての整数の組 (i,j) に対して以下の問題を解き、解の総和を求めてください。 コマがマス (i,j) にある状態からゲームを始める。両者が各々の目的を目指して最適に行動するとき、高橋君がコマをゴールに到達させることができるのであれば移動回数の最小値、そうでないならば 0 が解である。 制約 2 \leq H \leq 3000 2 \leq W \leq 3000 1 \leq K \leq \min(HW,3000) 1 \leq R_i \leq H 1 \leq C_i \leq W (R_i,C_i) \neq (R_j,C_j) ( 1 \leq i < j \leq K ) 入力はすべて整数 入力 入力は以下の形式で標準入力から与えられる。 H W K R_1 C_1 R_2 C_2 \vdots R_K C_K 出力 答えを出力せよ。 入力例 1 2 3 2 1 2 2 1 出力例 1 2 (i,j)=(1,2),(2,1) のとき、開始するマスがゴールであるため、解は 0 です。 (i,j)=(1,1),(2,2) のとき、どの a を青木君が選んでも高橋君は 1 回の移動でコマをゴールに到達させることができるため、解は 1 です。 (i,j)=(1,3),(2,3) のとき、高橋君はコマをゴールに到達させることができないため、解は 0 です。 これらの合計は 0 \times 2 + 1 \times 2 + 0 \times 2 = 2 です。よって 2 を出力します。 入力例 2 9 3 9 1 3 6 1 4 1 1 2 2 1 7 1 9 3 8 1 9 2 出力例 2 43 入力例 3 10 10 36 3 8 5 10 3 10 6 10 2 10 2 8 7 10 1 10 1 8 7 6 7 8 2 5 1 6 8 8 7 5 2 4 9 8 7 4 4 3 10 10 10 8 8 10 10 6 6 2 4 2 10 5 8 3 1 2 2 1 4 1 10 4 10 3 8 1 6 1 10 2 9 1 出力例 3 153",525.0,
atcoder,abc,public_sponsored_abc,denso,abc413,Denso Create Programming Contest 2025（AtCoder Beginner Contest 413）,2025,2025-07-05,1751716800.0,2025.5,abc413_g,G,Big Banned Grid,G. Big Banned Grid,1723.0,2405,"['coordinate compression', 'bfs', 'graph theory', 'connectivity']",4,https://atcoder.jp/contests/abc413/tasks/abc413_g,https://atcoder-tagged-backend.onrender.com/problems/all,2.3.0-sponsor-abc-kenkoooo-diff,ja,2026-06-04T18:46:05.900291+00:00,62.068,1452.0,"配点 : 575 点 問題文 H 行 W 列のマス目があります。 上から i 行目 (1\le i\le H) 、左から j 行目 (1\le j\le W) のマスをマス (i,j) と呼ぶことにします。 マス目は障害物が置かれているか何も置かれていないかのいずれかで、障害物が置かれているマスはマス (r _ 1,c _ 1),(r _ 2,c _ 2),\ldots,(r _ K,c _ K) の K 個です。 高橋くんははじめマス (1,1) におり、上下左右に隣接する何も置かれていないマスに移動することを繰り返してマス (H,W) へ行きたいと思っています。 厳密には、高橋くんは以下の操作を好きなだけ繰り返すことができます。 次の 4 つの操作から 1 つを選び、選んだ操作を行う。 1\lt i かつマス (i-1,j) に何も置かれていないならマス (i-1,j) に移動する。そうでなければ移動しない。 1\lt j かつマス (i,j-1) に何も置かれていないならマス (i,j-1) に移動する。そうでなければ移動しない。 i\lt H かつマス (i+1,j) に何も置かれていないならマス (i+1,j) に移動する。そうでなければ移動しない。 j\lt W かつマス (i,j+1) に何も置かれていないならマス (i,j+1) に移動する。そうでなければ移動しない。 高橋くんがマス (1,1) からマス (H,W) へ移動できるか判定してください。 制約 1\le H\le2\times10 ^ 5 1\le W\le2\times10 ^ 5 0\le K\le2\times10 ^ 5 1\le r _ i\le H\ (1\le i\le K) 1\le c _ i\le W\ (1\le i\le K) (r _ i,c _ i)\ne(1,1)\ (1\le i\le K) (r _ i,c _ i)\ne(H,W)\ (1\le i\le K) (r _ i,c _ i)\ne(r _ j,c _ j)\ (1\le i\lt j\le K) 入力はすべて整数 入力 入力は以下の形式で標準入力から与えられる。 H W K r _ 1 c _ 1 r _ 2 c _ 2 \vdots r _ K c _ K 出力 高橋くんが問題文中の操作を繰り返してマス (1,1) からマス (H,W) へ移動することができるなら Yes を、そうでなければ No を出力してください。 入力例 1 4 5 5 1 4 2 3 3 2 3 4 4 2 出力例 1 No マス目は以下のようになっています。 高橋くんはマス (1,1) からマス (4,5) まで移動することはできません。 入力例 2 2 7 3 1 2 2 4 1 6 出力例 2 Yes マス目は以下のようになっています。 高橋くんは図のように移動することでマス (1,1) からマス (2,7) まで移動することができます。 入力例 3 1 1 0 出力例 3 Yes 高橋くんが移動しなくていい場合や、障害物がひとつも置かれていない場合があることに注意してください。 入力例 4 10 12 20 8 3 1 11 6 4 3 7 10 4 5 7 4 7 5 5 4 3 6 1 1 6 2 7 6 7 1 3 6 3 2 12 9 6 7 3 3 11 9 7 出力例 4 Yes",575.0,
atcoder,abc,public_sponsored_abc,unique_vision,abc425,UNIQUE VISION Programming Contest 2025 Autumn (AtCoder Beginner Contest 425),2025,2025-09-27,1758974400.0,2025.5,abc425_a,A,Sigma Cubes,A. Sigma Cubes,-968.0,12599,"['implementation', 'simulation', 'math', 'sum']",4,https://atcoder.jp/contests/abc425/tasks/abc425_a,https://atcoder-tagged-backend.onrender.com/problems/all,2.3.0-sponsor-abc-kenkoooo-diff,ja,2026-06-04T18:46:05.900291+00:00,8.96,455.0,"配点 : 100 点 問題文 正整数 N が与えられます。 i=1,2,\ldots,N について (-1)^i \times i^3 を計算したときの、それら N 個の値の総和を求めてください。 すなわち、 \displaystyle \sum_{i=1}^N (-1)^i \times i^3 を求めてください。 制約 N は 1 以上 10 以下の整数 入力 入力は以下の形式で標準入力から与えられる。 N 出力 \displaystyle \sum_{i=1}^N (-1)^i \times i^3 の値を出力せよ。 入力例 1 3 出力例 1 -20 i=1 のとき： (-1)^i\times i^3=-1 です。 i=2 のとき： (-1)^i\times i^3=8 です。 i=3 のとき： (-1)^i\times i^3=-27 です。 したがって、 -1 + 8 - 27 = -20 を出力してください。 入力例 2 9 出力例 2 -425 入力例 3 10 出力例 3 575",100.0,
atcoder,abc,public_sponsored_abc,unique_vision,abc425,UNIQUE VISION Programming Contest 2025 Autumn (AtCoder Beginner Contest 425),2025,2025-09-27,1758974400.0,2025.5,abc425_b,B,Find Permutation 2,B. Find Permutation 2,-233.0,10659,"['constructive', 'permutation', 'implementation']",3,https://atcoder.jp/contests/abc425/tasks/abc425_b,https://atcoder-tagged-backend.onrender.com/problems/all,2.3.0-sponsor-abc-kenkoooo-diff,ja,2026-06-04T18:46:05.900291+00:00,23.466,688.0,"配点 : 200 点 問題文 長さ N の整数列 A=(A_1,A_2,\ldots,A_N) が与えられます。ここで、 A の各要素は -1 または 1 以上 N 以下の整数です。 以下の条件を全て満たす長さ N の整数列 P=(P_1,P_2,\ldots,P_N) が存在するか判定し、存在するならば一つ求めてください。 P は (1,2,\ldots,N) を並び替えてできる整数列である。 i=1,2,\ldots,N に対し、 A_i \neq -1 ならば P_i=A_i が成り立つ。 制約 1\le N\le 10 A_i=-1 または 1\le A_i \le N 入力される値は全て整数 入力 入力は以下の形式で標準入力から与えられる。 N A_1 A_2 \ldots A_N 出力 条件を全て満たす P が存在しない場合は No と出力せよ。 そうでない場合、条件を全て満たす P を以下の形式で出力せよ。 Yes P_1 P_2 \ldots P_N 条件を全て満たす P が複数存在する場合、どれを出力しても正答となる。 入力例 1 4 -1 -1 2 -1 出力例 1 Yes 3 1 2 4 P=(3,1,2,4) とすると条件を全て満たします。 このほかにも、 P=(1,3,2,4) や P=(4,3,2,1) なども条件を全て満たします。 入力例 2 5 -1 -1 1 -1 1 出力例 2 No 条件を全て満たす P は存在しません。 入力例 3 7 3 -1 4 -1 5 -1 2 出力例 3 Yes 3 7 4 1 5 6 2",200.0,
atcoder,abc,public_sponsored_abc,unique_vision,abc425,UNIQUE VISION Programming Contest 2025 Autumn (AtCoder Beginner Contest 425),2025,2025-09-27,1758974400.0,2025.5,abc425_c,C,Rotate and Sum Query,C. Rotate and Sum Query,304.0,9149,"['prefix sum', 'modular arithmetic', 'range sum query', 'implementation']",4,https://atcoder.jp/contests/abc425/tasks/abc425_c,https://atcoder-tagged-backend.onrender.com/problems/all,2.3.0-sponsor-abc-kenkoooo-diff,ja,2026-06-04T18:46:05.900291+00:00,34.064,786.0,"配点 : 350 点 問題文 長さ N の整数列 A=(A_1,A_2,\ldots,A_N) が与えられます。 Q 個のクエリが与えられるので順に処理してください。クエリは 2 種類あり、以下のいずれかの形式で与えられます。 1 c ： A の先頭の要素を末尾に移動させる操作を c 回行う。 2 l r ： \displaystyle \sum_{i=l}^r A_i の値を出力する。 制約 1\le N\le 2\times 10^5 1\le Q\le 2\times 10^5 1\le A_i \le 10^9 1\le c\le N 1\le l\le r \le N 2 つ目の形式のクエリが 1 つ以上存在する 入力される値は全て整数 入力 入力は以下の形式で標準入力から与えられる。 N Q A_1 A_2 \ldots A_N \text{query}_1 \text{query}_2 \vdots \text{query}_Q 各クエリ \text{query}_i は以下の 2 種類のいずれかの形式で与えられる。 1 c 2 l r 出力 問題文の指示に従って 2 つ目の形式のクエリへの答えを改行区切りで出力せよ。 入力例 1 4 3 3 1 4 5 2 1 3 1 1 2 2 3 出力例 1 8 9 各クエリは以下のように処理されます。 1 つ目のクエリ： A_1+A_2+A_3=3+1+4=8 なので 8 を出力します。 2 つ目のクエリ： A=(3,1,4,5) が A=(1,4,5,3) に変化します。 3 つ目のクエリ： A_2+A_3=4+5=9 なので 9 を出力します。 入力例 2 5 7 1 2 4 8 16 2 1 5 1 4 1 5 2 1 5 2 2 4 1 1 2 3 3 出力例 2 31 31 7 4",350.0,
atcoder,abc,public_sponsored_abc,unique_vision,abc425,UNIQUE VISION Programming Contest 2025 Autumn (AtCoder Beginner Contest 425),2025,2025-09-27,1758974400.0,2025.5,abc425_d,D,Ulam-Warburton Automaton,D. Ulam-Warburton Automaton,882.0,5751,"['bfs', 'simulation', 'grid', 'cellular automaton']",4,https://atcoder.jp/contests/abc425/tasks/abc425_d,https://atcoder-tagged-backend.onrender.com/problems/all,2.3.0-sponsor-abc-kenkoooo-diff,ja,2026-06-04T18:46:05.900291+00:00,45.471,916.0,"配点 : 425 点 問題文 H 行 W 列のマス目があります。上から i 行目 (1\leq i\leq H) 、左から j 列目 (1\leq j\leq W) のマスをマス (i,j) と呼ぶことにします。 はじめ、マス (i,j) は S_{i,j} が # のとき黒、 . のとき白で塗られています。 以下の操作を 10^{100} 回行います。 白で塗られているマスであって、そのマスに辺で隣接するマスのうちちょうど 1 つが黒で塗られているようなマスの集合を T とする。 T の各マスに対して、そのマスを黒で塗る。ただし、 2 つのマス (i_1,j_1),(i_2,j_2) が辺で隣接するとは、 |i_1-i_2|+|j_1-j_2|=1 であることをいう。 すべての操作が終わったあとに黒く塗られているマスの個数を求めてください。 制約 2\leq H,W HW\leq 3\times 10^5 H,W は整数 S_{i,j} は # または . 入力 入力は以下の形式で標準入力から与えられる。 H W S_{1,1}S_{1,2}\ldots S_{1,W} S_{2,1}S_{2,2}\ldots S_{2,W} \vdots S_{H,1}S_{H,2}\ldots S_{H,W} 出力 答えを出力せよ。 入力例 1 9 9 ......... ......... ......... ......... ....#.... ......... ......... ......... ......... 出力例 1 57 操作によってマス目は以下のように変化します。（上の数字は操作回数を表しており、10 回目の操作後まで表示しています。） 最終的に黒く塗られたマスは 57 個です。 入力例 2 2 2 .. .. 出力例 2 0 入力例 3 10 10 .......... ....#..... #.......#. ......#... .......#.. .....#.... .......... .......... ..#...#... .......#.. 出力例 3 64",425.0,
atcoder,abc,public_sponsored_abc,unique_vision,abc425,UNIQUE VISION Programming Contest 2025 Autumn (AtCoder Beginner Contest 425),2025,2025-09-27,1758974400.0,2025.5,abc425_e,E,Count Sequences 2,E. Count Sequences 2,1221.0,4212,"['combinatorics', 'counting', 'multinomial coefficient', 'binomial coefficient', 'pascal triangle']",5,https://atcoder.jp/contests/abc425/tasks/abc425_e,https://atcoder-tagged-backend.onrender.com/problems/all,2.3.0-sponsor-abc-kenkoooo-diff,ja,2026-06-04T18:46:05.900291+00:00,52.161,828.0,"配点 : 450 点 問題文 正整数 N および長さ N の正整数列 C=(C_1,C_2,\ldots,C_N) が与えられます。 次の条件をすべて満たす正整数列の個数を与えられた正整数 M で割った余りを求めてください。 数列の要素はすべて 1 以上 N 以下である。 各 i=1,2,\ldots,N に対し、 i は数列にちょうど C_i 個含まれる。 T 個のテストケースが与えられるので、それぞれについて答えを求めてください。ただし、 M は T 個すべてのテストケースにおいて共通です。 制約 1\leq T\leq 10^5 2\leq M\leq 10^9 1\leq N 1\leq C_i \sum_{i=1}^N C_i\leq 5000 全てのテストケースに対する N の総和は 3\times 10^5 以下 入力はすべて整数 入力 入力は以下の形式で標準入力から与えられる。 T M \mathrm{case}_1 \mathrm{case}_2 \vdots \mathrm{case}_T i 番目のテストケース \mathrm{case}_i は以下の形式で与えられる。 N C_1 C_2 \ldots C_N 出力 T 行出力せよ。 i 行目には i 番目のテストケースの答えを出力せよ。 入力例 1 3 1000000000 2 2 2 5 1 1 1 1 1 6 1 2 3 4 5 6 出力例 1 6 120 230379200 1 番目のテストケースについて、条件を満たす数列は (1,1,2,2),(1,2,1,2),(1,2,2,1),(2,1,1,2),(2,1,2,1),(2,2,1,1) の 6 個です。 入力例 2 3 998244353 1 1 3 4 2 5 10 500 500 500 500 500 500 500 500 500 500 出力例 2 1 6930 261233246",450.0,
atcoder,abc,public_sponsored_abc,unique_vision,abc425,UNIQUE VISION Programming Contest 2025 Autumn (AtCoder Beginner Contest 425),2025,2025-09-27,1758974400.0,2025.5,abc425_f,F,Inserting Process,F. Inserting Process,1831.0,2308,"['dp', 'bitmask dp', 'counting', 'string']",4,https://atcoder.jp/contests/abc425/tasks/abc425_f,https://atcoder-tagged-backend.onrender.com/problems/all,2.3.0-sponsor-abc-kenkoooo-diff,ja,2026-06-04T18:46:05.900291+00:00,64.2,588.0,"配点 : 500 点 問題文 長さ N の英小文字列 T が与えられます。 以下の条件をすべて満たす文字列の列 s=(s_0,s_1,\ldots,s_N) の個数を 998244353 で割った余りを出力してください。 s_0 は空文字列 i=1,2,\ldots,N に対し、 s_{i} は s_{i-1} の好きな位置（先頭や末尾でもよい）に好きな文字を 1 文字挿入することで得られる文字列 s_N=T 制約 1\leq N\leq 22 N は整数 T は長さ N の英小文字列 入力 入力は以下の形式で標準入力から与えられる。 N T 出力 答えを出力せよ。 入力例 1 3 aab 出力例 1 3 条件を満たす s は以下の 3 つです。 s=(\texttt{""""}, \texttt{""a""} ,\texttt{""aa""} ,\texttt{""aab""} ) s=(\texttt{""""}, \texttt{""a""} ,\texttt{""ab""} ,\texttt{""aab""} ) s=(\texttt{""""}, \texttt{""b""} ,\texttt{""ab""} ,\texttt{""aab""} ) 入力例 2 7 atcoder 出力例 2 5040 入力例 3 22 atcoderbeginnercontest 出力例 3 115732070",500.0,
atcoder,abc,public_sponsored_abc,unique_vision,abc425,UNIQUE VISION Programming Contest 2025 Autumn (AtCoder Beginner Contest 425),2025,2025-09-27,1758974400.0,2025.5,abc425_g,G,Sum of Min of XOR,G. Sum of Min of XOR,2205.0,864,"['binary trie', 'digit dp', 'bit manipulation', 'trie', 'contribution counting']",5,https://atcoder.jp/contests/abc425/tasks/abc425_g,https://atcoder-tagged-backend.onrender.com/problems/all,2.3.0-sponsor-abc-kenkoooo-diff,ja,2026-06-04T18:46:05.900291+00:00,71.581,1166.0,"配点 : 575 点 問題文 正整数 N,M と長さ N の非負整数列 A=(A_1,A_2,\ldots,A_N) が与えられます。 \displaystyle \sum_{x=0}^{M-1} \min_{1\le i\le N} \left(x\oplus A_i \right) を求めてください。 ただし、 x\oplus A_i は x と A_i のビット単位 \mathrm{XOR} を表します。 ビット単位 \mathrm{XOR} 演算とは 非負整数 X,Y のビット単位 \mathrm{XOR} 、 X \oplus Y は、以下のように定義されます。 X \oplus Y を二進表記した際の 2^k ( k \geq 0 ) の位の数は、 X,Y を二進表記した際の 2^k の位の数のうち一方のみが 1 であれば 1 、そうでなければ 0 である。 例えば、 3 \oplus 5 = 6 となります (二進表記すると: 011 \oplus 101 = 110 )。 制約 1\le N\le 2\times 10^5 1\le M\le 10^9 0\le A_i \le 10^9 入力される値は全て整数 入力 入力は以下の形式で標準入力から与えられる。 N M A_1 A_2 \ldots A_N 出力 答えを出力せよ。 入力例 1 2 4 1 2 出力例 1 2 x=0 のとき： x\oplus A_1=1,x\oplus A_2= 2 なので \displaystyle \min_{1\le i\le N} \left(x\oplus A_i \right) = 1 です。 x=1 のとき： x\oplus A_1=0,x\oplus A_2= 3 なので \displaystyle \min_{1\le i\le N} \left(x\oplus A_i \right) = 0 です。 x=2 のとき： x\oplus A_1=3,x\oplus A_2= 0 なので \displaystyle \min_{1\le i\le N} \left(x\oplus A_i \right) = 0 です。 x=3 のとき： x\oplus A_1=2,x\oplus A_2= 1 なので \displaystyle \min_{1\le i\le N} \left(x\oplus A_i \right) = 1 です。 したがって、 1+0+0+1=2 を出力してください。 入力例 2 6 5 0 1 2 3 4 5 出力例 2 0 入力例 3 10 8762 347 883 264 816 533 306 190 880 624 279 出力例 3 34912221",575.0,
atcoder,abc,public_sponsored_abc,panasonic,abc427,Panasonic Programming Contest 2025（AtCoder Beginner Contest 427）,2025,2025-10-11,1760184000.0,2025.5,abc427_a,A,ABC -> AC,A. ABC -> AC,-1031.0,12874,"['implementation', 'string']",2,https://atcoder.jp/contests/abc427/tasks/abc427_a,https://atcoder-tagged-backend.onrender.com/problems/all,2.3.0-sponsor-abc-kenkoooo-diff,ja,2026-06-04T18:46:05.900291+00:00,7.717,344.0,配点 : 100 点 問題文 英大文字からなる文字列 S が与えられます。ここで、 S の長さは奇数です。 S の中央の文字を削除して得られる文字列を出力してください。ただし、 S の中央の文字とは S の長さを L として S の \frac{L+1}{2} 文字目の文字を指します。 制約 S は英大文字からなる文字列 S の長さは 3 以上 9 以下の奇数 入力 入力は以下の形式で標準入力から与えられる。 S 出力 問題文中の指示に従い、文字列を出力せよ。 入力例 1 ABCDE 出力例 1 ABDE ABCDE の中央の文字は 3 文字目の C であるため、 ABDE を出力します。 入力例 2 OOO 出力例 2 OO 入力例 3 ATCODER 出力例 3 ATCDER,100.0,
atcoder,abc,public_sponsored_abc,panasonic,abc427,Panasonic Programming Contest 2025（AtCoder Beginner Contest 427）,2025,2025-10-11,1760184000.0,2025.5,abc427_b,B,Sum of Digits Sequence,B. Sum of Digits Sequence,-404.0,11453,"['implementation', 'simulation', 'digit sum']",3,https://atcoder.jp/contests/abc427/tasks/abc427_b,https://atcoder-tagged-backend.onrender.com/problems/all,2.3.0-sponsor-abc-kenkoooo-diff,ja,2026-06-04T18:46:05.900291+00:00,20.091,600.0,"配点 : 200 点 問題文 正整数 x に対して、 f(x) を x の十進表記における各桁の和として定義します。例えば、 f(123) = 1 + 2 + 3 = 6 です。 無限数列 A = (A_0, A_1, A_2, \ldots) を以下の式により定義します。 A_0 = 1 i \geq 1 のとき A_i = \displaystyle\sum_{j = 0}^{i - 1} f(A_j) 正整数 N が与えられます。 A_N の値を求めてください。 制約 N は 1 以上 100 以下の整数 入力 入力は以下の形式で標準入力から与えられる。 N 出力 答えを出力せよ。 入力例 1 6 出力例 1 23 A_0 = 1 A_1 = f(A_0) = 1 A_2 = f(A_0) + f(A_1) = 2 A_3 = f(A_0) + f(A_1) + f(A_2) = 4 A_4 = f(A_0) + f(A_1) + f(A_2) + f(A_3) = 8 A_5 = f(A_0) + f(A_1) + f(A_2) + f(A_3) + f(A_4) = 16 A_6 = f(A_0) + f(A_1) + f(A_2) + f(A_3) + f(A_4) + f(A_5) = 23 であるため、 A_6 = 23 です。 入力例 2 45 出力例 2 427",200.0,
atcoder,abc,public_sponsored_abc,panasonic,abc427,Panasonic Programming Contest 2025（AtCoder Beginner Contest 427）,2025,2025-10-11,1760184000.0,2025.5,abc427_c,C,Bipartize,C. Bipartize,629.0,7610,"['bipartite graph', 'brute force', 'bitmask']",3,https://atcoder.jp/contests/abc427/tasks/abc427_c,https://atcoder-tagged-backend.onrender.com/problems/all,2.3.0-sponsor-abc-kenkoooo-diff,ja,2026-06-04T18:46:05.900291+00:00,40.478,1005.0,"配点 : 350 点 問題文 N 頂点 M 辺の単純な無向グラフがあります。 グラフは頂点 1, 頂点 2,\ldots, 頂点 N からなり、 i 番目 (1\le i\le M) の辺は頂点 u _ i と頂点 v _ i を結んでいます。 あなたは、次の操作を 0 回以上行います。 まだ削除されていない辺をひとつ選び、削除する。 あなたの目的はグラフを二部グラフにすることです。 操作を行ったあとのグラフを二部グラフにするために、最低でも何回操作を行う必要があるか求めてください。 グラフが単純であるとは グラフが単純であるとは、自己ループ（ u _ i=v _ i となる辺）や多重辺（ u _ i=u _ j かつ v _ i=v _ j となる辺のペア）が存在しないことをいいます。 二部グラフとは 二部グラフとは、頂点をそれぞれ黒か白のどちらか一色で塗り、次の条件を満たすことができるグラフのことをいいます。 どの辺についても、その辺が結んでいるふたつの頂点に塗られた色は異なる。 制約 2\le N\le10 1\le M\le\dfrac{N(N-1)}2 1\le u _ i\lt v _ i\le N\ (1\le i\le M) 与えられるグラフは単純 入力はすべて整数 入力 入力は以下の形式で標準入力から与えられる。 N M u _ 1 v _ 1 u _ 2 v _ 2 \vdots u _ M v _ M 出力 操作を行ったあとのグラフを二部グラフにするために、行う必要がある操作の回数を出力せよ。 入力例 1 5 8 1 2 1 3 1 4 2 3 2 5 3 4 3 5 4 5 出力例 1 2 例えば、頂点 1 と頂点 3 を結ぶ辺、頂点 3 と頂点 5 を結ぶ辺の 2 つを削除することでグラフを二部グラフにすることができます。 操作を 1 回以下行うことでグラフを二部グラフにすることはできないため、 2 を出力してください。 入力例 2 2 1 1 2 出力例 2 0 グラフははじめから二部グラフです。 よって、行う必要がある操作の回数は 0 回です。 入力例 3 10 20 5 9 1 4 3 8 1 6 4 10 5 7 5 6 3 7 3 6 5 10 1 3 3 4 6 7 1 2 4 7 1 5 1 9 9 10 4 5 8 9 出力例 3 5",350.0,
atcoder,abc,public_sponsored_abc,panasonic,abc427,Panasonic Programming Contest 2025（AtCoder Beginner Contest 427）,2025,2025-10-11,1760184000.0,2025.5,abc427_d,D,The Simple Game,D. The Simple Game,981.0,5210,"['game theory', 'graph theory', 'dp', 'bfs']",4,https://atcoder.jp/contests/abc427/tasks/abc427_d,https://atcoder-tagged-backend.onrender.com/problems/all,2.3.0-sponsor-abc-kenkoooo-diff,ja,2026-06-04T18:46:05.900291+00:00,47.425,1355.0,"配点 : 425 点 問題文 N 頂点 M 辺の有向グラフがあります。頂点には 1 から N までの番号が付けられており、 i 番目の辺は頂点 U_i から頂点 V_i へ向かう有向辺です。ここで、各頂点の出次数は 1 以上です。 また、各頂点には文字が書かれており、頂点 i に書かれている文字は S_i です。ただし、 S_i とは S の i 文字目を指します。 Alice と Bob はこのグラフ上で 1 つの駒を用いて以下のゲームを行います。 はじめ、駒は頂点 1 に置かれており、Alice が先手、Bob が後手となって以下の操作を交互に K 回ずつ行う。 現在駒が置かれている頂点を u とする。頂点 u から頂点 v に向かう辺が存在するような頂点 v を選び、駒を頂点 v に移動させる。 最終的に駒が置かれている頂点を v として、 S_v = A のとき Alice の勝ち、 S_v = B のとき Bob の勝ちである。 両者が最適に行動したときのゲームの勝者を求めてください。 1 つの入力において T 個のテストケースが与えられます。それぞれについて答えてください。 制約 1 \leq T 2 \leq N, M \leq 2 \times 10^5 1 \leq K \leq 10 S は A , B からなる長さ N の文字列 1 \leq U_i, V_i \leq N i \neq j のとき (U_i, V_i) \neq (U_j, V_j) 各頂点の出次数は 1 以上 1 つの入力に含まれるテストケースについて、 N の総和は 2 \times 10^5 以下 1 つの入力に含まれるテストケースについて、 M の総和は 2 \times 10^5 以下 入力 入力は以下の形式で標準入力から与えられる。 T \text{case}_1 \text{case}_2 \ldots \text{case}_T ここで、 \text{case}_i は i 番目のテストケースを表し、各テストケースは以下の形式で与えられる。 N M K S U_1 V_1 U_2 V_2 \vdots U_M V_M 出力 T 行出力せよ。 i 行目には、 i 番目のテストケースにおいて両者が最適に行動したときに Alice が勝つ場合 Alice を、Bob が勝つ場合 Bob を出力せよ。 入力例 1 3 4 6 2 AABB 1 2 2 3 3 1 3 3 3 4 4 2 4 6 2 ABAB 1 2 2 3 3 1 3 3 3 4 4 2 5 8 3 ABABB 1 2 2 2 2 3 3 1 3 4 4 4 4 5 5 3 出力例 1 Alice Bob Bob 1 番目のテストケースについてゲームの進行の一例を説明します。ただし、この進行において両者は最適に行動しているとは限りません。 はじめ、駒は頂点 1 に置かれている。 Alice が頂点 2 に駒を動かす。 Bob が頂点 3 に駒を動かす。 Alice が頂点 3 に駒を動かす。 Bob が頂点 1 に駒を動かす。 このとき、 S_1 = A であるため Alice の勝ちとなります。",425.0,
atcoder,abc,public_sponsored_abc,panasonic,abc427,Panasonic Programming Contest 2025（AtCoder Beginner Contest 427）,2025,2025-10-11,1760184000.0,2025.5,abc427_e,E,Wind Cleaning,E. Wind Cleaning,1734.0,2007,"['bfs', 'bitset', 'shortest path', 'grid', 'search', 'precomputation']",6,https://atcoder.jp/contests/abc427/tasks/abc427_e,https://atcoder-tagged-backend.onrender.com/problems/all,2.3.0-sponsor-abc-kenkoooo-diff,ja,2026-06-04T18:46:05.900291+00:00,62.285,1066.0,"配点 : 500 点 問題文 H 行 W 列のグリッドがあります。このグリッドの上から i 行目、左から j 列目のマスを (i, j) と表記します。 高橋君はこのグリッドの 1 つのマスの上におり、グリッド上のいくつかのマスにはゴミが落ちています。 各マスの状態は H 個の長さ W の文字列 S_1, S_2, \ldots, S_H によって与えられ、 S_i の j 文字目を S_{i, j} として、以下のような状態を表します。 S_{i, j} = T のときマス (i, j) は高橋君がいるマスである。 S_{i, j} = # のときマス (i, j) はゴミが落ちているマスである。 S_{i, j} = . のときマス (i, j) はゴミが落ちていない空きマスである。 また、高橋君がいるマスにはゴミは落ちていません。 高橋君は、以下の操作を繰り返し行うことができます。 上下左右のいずれかの方向を 1 つ選び、すべてのゴミを同時にその方向へ 1 マス移動させる。ただし、ゴミがグリッドの外に出た場合にはゴミは消滅し、高橋君のいるマスにゴミが移動した場合は高橋君は汚れる。 高橋君が汚れることなくすべてのゴミを消滅させることができるか判定し、できる場合は操作を行う回数の最小値を求めてください。 制約 2 \leq H, W \leq 12 S_i は長さ W の T , # , . からなる文字列 S_{i, j} = T なる (i, j) がちょうど 1 つ存在する S_{i, j} = # なる (i, j) が 1 つ以上存在する 入力 入力は以下の形式で標準入力から与えられる。 H W S_1 S_2 \vdots S_H 出力 高橋君が汚れることなくすべてのゴミを消滅させることができる場合、操作を行う回数として考えられる最小値を出力せよ。そうでないとき、 -1 と出力せよ。 入力例 1 3 4 ###. #.T. ...# 出力例 1 3 高橋君は以下のように操作を行うことで 3 回の操作ですべてのゴミを消滅させることができます。 上を選ぶ。この操作後、ゴミはマス (1, 1) とマス (2, 4) にある。 右を選ぶ。この操作後、ゴミはマス (1, 2) にある。 上を選ぶ。この操作後、すべてのゴミは消滅している。 入力例 2 3 3 ### #T# ### 出力例 2 -1 入力例 3 5 5 ###.. #T... ..##. ##..# #..#. 出力例 3 5",500.0,
atcoder,abc,public_sponsored_abc,panasonic,abc427,Panasonic Programming Contest 2025（AtCoder Beginner Contest 427）,2025,2025-10-11,1760184000.0,2025.5,abc427_f,F,Not Adjacent,F. Not Adjacent,1605.0,2253,"['meet in the middle', 'dp', 'modular arithmetic', 'counting']",4,https://atcoder.jp/contests/abc427/tasks/abc427_f,https://atcoder-tagged-backend.onrender.com/problems/all,2.3.0-sponsor-abc-kenkoooo-diff,ja,2026-06-04T18:46:05.900291+00:00,59.739,987.0,"配点 : 525 点 問題文 長さ N の整数列 A=(A _ 1,A _ 2,\ldots,A _ N) が与えられます。 A の（連続するとは限らない）部分列は 2 ^ N 通りあります。 部分列 (A _ {i _ 1},A _ {i _ 2},\ldots,A _ {i _ k})\ (1\le i _ 1\lt i _ 2\lt\cdots\lt i _ k\le N) であって、次の 2 つの条件の両方を満たすものがいくつあるか求めてください。 選ばれた要素は A において隣接しない。つまり、すべての 1\le j\lt k に対して 1+i _ j\ne i _ {j+1} が成り立つ。 総和が M の倍数である。つまり、 \displaystyle\sum _ {j=1} ^ kA _ {i _ j}\equiv0\pmod M 2 つの部分列が整数列として等しくても、取り出す位置が異なるならそれら 2 つの部分列を区別して数えることに注意してください。 制約 1\le N\le60 1\le M\le10 ^ 9 0\le A _ i\lt M 入力はすべて整数 入力 入力は以下の形式で標準入力から与えられる。 N M A _ 1 A _ 2 \ldots A _ N 出力 答えを出力せよ。 入力例 1 7 6 3 1 4 1 5 3 2 出力例 1 6 以下の 6 つの部分列が条件を満たします。 ()=() (A _ 1,A _ 3,A _ 5)=(3,4,5) (A _ 1,A _ 4,A _ 7)=(3,1,2) (A _ 1,A _ 6)=(3,3) (A _ 2,A _ 5)=(1,5) (A _ 3,A _ 7)=(4,2) なので、 6 を出力してください。 入力例 2 15 10 5 5 5 5 5 5 5 5 5 5 5 5 5 5 5 出力例 2 798 入力例 3 20 998244353 778718481 719092922 676292280 713825156 0 434453766 620370916 67922064 0 577696866 21516423 955580612 955580612 0 332156721 0 0 0 632133714 500614291 出力例 3 40",525.0,
atcoder,abc,public_sponsored_abc,panasonic,abc427,Panasonic Programming Contest 2025（AtCoder Beginner Contest 427）,2025,2025-10-11,1760184000.0,2025.5,abc427_g,G,Takahashi's Expectation 2,G. Takahashi's Expectation 2,2975.0,137,"['greedy', 'binary search', 'amortized analysis', 'constructive', 'function', 'piecewise function', 'math']",7,https://atcoder.jp/contests/abc427/tasks/abc427_g,https://atcoder-tagged-backend.onrender.com/problems/all,2.3.0-sponsor-abc-kenkoooo-diff,ja,2026-06-04T18:46:05.900291+00:00,86.777,2362.0,"配点 : 625 点 問題文 高橋くんは、これからいくつかのプレゼントをもらいます。 高橋くんにはテンションという整数のパラメータがあり、テンションはプレゼントをもらうごとに変動します。 それぞれのプレゼントは価値 P という整数のパラメータをもち、このパラメータによって高橋くんのテンションは次のように変動します。 もらったプレゼントの価値 P がテンションの値以上であるとき、高橋くんはプレゼントに喜び、テンションが A だけ増加する。 もらったプレゼントの価値 P がテンションの値より小さいとき、高橋くんはプレゼントにがっかりし、テンションが B だけ減少する。 はじめ、高橋くんが受け取る予定のプレゼントは N 個あり、 i 番目 (1\le i\le N) に受け取るプレゼントの価値は P _ i です。 追加クエリ、質問クエリの 2 種類からなる Q 個のクエリが与えられるので、その全てを順に処理し、すべての質問クエリに答えてください。 i 番目のクエリは 2 つの整数 T _ i,X _ i によって表され、 T _ i=1 のとき追加クエリ、 T _ i=2 のとき質問クエリです。 追加クエリでは、受け取る予定のプレゼントの末尾に、価値が X _ i であるプレゼントを新たに追加します。 質問クエリでは、次の質問に答えてください。 高橋くんのテンションがはじめ X _ i だったときの、受け取る予定のプレゼントをすべて受け取ったあとの高橋くんのテンションを求めよ。 制約 1\le N\le2\times10 ^ 5 1\le A\le10 ^ 9 1\le B\le10 ^ 9 -10 ^ 9\le P _ i\le10 ^ 9\ (1\le i\le N) 1\le Q\le2\times10 ^ 5 T _ i=1 もしくは T _ i=2\ (1\le i\le Q) T _ i=2 となるような整数 i\ (1\le i\le Q) が存在する T _ i=1 ならば -10 ^ 9\le X _ i\le10 ^ 9\ (1\le i\le Q) T _ i=2 ならば -10 ^ {12}\le X _ i\le10 ^ {12}\ (1\le i\le Q) 入力はすべて整数 入力 入力は以下の形式で標準入力から与えられる。 N A B P _ 1 P _ 2 \ldots P _ N Q T _ 1 X _ 1 T _ 2 X _ 2 \vdots T _ Q X _ Q 出力 質問クエリの個数を q 個として、 q 行にわたって出力せよ。 i 行目 (1\le i\le q) には、 i 個めの質問クエリに対する答えを出力せよ。 入力例 1 4 31 41 59 -26 53 58 5 2 9 1 79 2 32 1 38 2 462 出力例 1 61 43 216 はじめ、高橋くんが受け取る予定のプレゼントの価値は、受け取る順にそれぞれ 59,-26,53,58 です。 5 回のクエリは、それぞれ次のようになっています。 高橋くんのテンションがはじめ 9 であったとき、プレゼントを受け取るたびに高橋くんのテンションは 9\rightarrow40\rightarrow-1\rightarrow30\rightarrow61 と変動するため、最終的なテンションである 61 を出力します。 高橋くんが受け取る予定のプレゼントに価値が 79 のプレゼントが追加され、高橋くんが受け取る予定のプレゼントの価値が 59,-26,53,58,79 となります。 高橋くんのテンションがはじめ 32 であったとき、プレゼントを受け取るたびに高橋くんのテンションは 32\rightarrow63\rightarrow22\rightarrow53\rightarrow84\rightarrow43 と変動するため、最終的なテンションである 43 を出力します。 高橋くんが受け取る予定のプレゼントに価値が 38 のプレゼントが追加され、高橋くんが受け取る予定のプレゼントの価値が 59,-26,53,58,79,38 となります。 高橋くんのテンションがはじめ 462 であったとき、プレゼントを受け取るたびに高橋くんのテンションは 462\rightarrow421\rightarrow380\rightarrow339\rightarrow298\rightarrow257\rightarrow216 と変動するため、最終的なテンションである 216 を出力します。 入力例 2 3 1000000000 1000000000 1000000000 0 -1000000000 3 2 -1000000000000 2 0 2 1000000000000 出力例 2 -997000000000 -1000000000 997000000000 入力や出力すべき値の絶対値が 2 ^ {32} 以上になる場合があることに注意してください。 入力例 3 20 8489 1428 6312 -9511 1048 -5301 -2588 -7097 -3342 5209 7493 3378 -5300 6592 7862 -8118 8109 1116 5549 3953 9244 7773 10 1 1694 2 -9723 2 -5195 2 -1384 1 1149 2 9845 2 -7720 2 8329 2 -4652 2 -5672 出力例 3 9874 14402 8296 8180 10449 6664 3600 12497",625.0,
atcoder,abc,public_sponsored_abc,sky,abc434,"Ｓｋｙ Inc, Programming Contest 2025 (AtCoder Beginner Contest 434)",2025,2025-11-29,1764417600.0,2025.5,abc434_a,A,Balloon Trip,A. Balloon Trip,-1206.0,11496,"['implementation', 'math']",2,https://atcoder.jp/contests/abc434/tasks/abc434_a,https://atcoder-tagged-backend.onrender.com/problems/all,2.3.0-sponsor-abc-kenkoooo-diff,ja,2026-06-04T18:46:05.900291+00:00,4.263,500.0,"配点 : 100 点 問題文 整数 W,B が与えられるので、以下の問題を解いてください。 高橋君の体重は W {\rm [kg]} です。 (単位が {\rm kg} であることに注意してください) 風船を n 個付けられた物体は、物体の質量が nB {\rm [g]} 未満 である時、またその時に限り、空に飛び立ちます。 高橋君を空に飛ばすためには、最低何個の風船を付ける必要がありますか？ 制約 1 \le W \le 100 1 \le B \le 100 入力される値は全て整数 入力 入力は以下の形式で標準入力から与えられる。 W B 出力 答えを出力せよ。 入力例 1 80 5 出力例 1 16001 高橋君の体重は 80 {\rm kg} = 80000 {\rm g} です。 高橋君に風船を 16001 個付けると、高橋君の質量は 16001 \times 5=80005 {\rm g} 未満であるため、空に飛び立ちます。 16000 個では不十分であることに注意してください。 入力例 2 70 6 出力例 2 11667 入力例 3 100 100 出力例 3 1001",100.0,
atcoder,abc,public_sponsored_abc,sky,abc434,"Ｓｋｙ Inc, Programming Contest 2025 (AtCoder Beginner Contest 434)",2025,2025-11-29,1764417600.0,2025.5,abc434_b,B,Bird Watching,B. Bird Watching,-657.0,10314,"['implementation', 'bucket sort', 'data types']",3,https://atcoder.jp/contests/abc434/tasks/abc434_b,https://atcoder-tagged-backend.onrender.com/problems/all,2.3.0-sponsor-abc-kenkoooo-diff,ja,2026-06-04T18:46:05.900291+00:00,15.098,877.0,"配点 : 200 点 問題文 空に M 種類の鳥が合わせて N 羽飛んでいます。 鳥の種類には 1,2,\dots,M の番号が付けられています。 N 羽の鳥には 1,2,\dots,N の番号が付けられており、鳥 i の種類は A_i で、大きさは B_i です。 全ての k=1,2,\dots,M について、飛んでいる種類 k の鳥の大きさの平均値を求めてください。 ただし、全ての k=1,2,\dots,M について、種類 k の鳥が 1 羽以上飛んでいることが保証されます。 制約 1 \le M \le N \le 100 1 \le A_i \le M 1 \le B_i \le 100 種類 k の鳥が少なくとも 1 羽存在する ( 1 \le k \le M ) 入力される値は全て整数 入力 入力は以下の形式で標準入力から与えられる。 N M A_1 B_1 A_2 B_2 \vdots A_N B_N 出力 M 行出力せよ。 k ( 1 \le k \le M ) 行目には、種類 k の鳥の大きさの平均値を出力せよ。 真の解との絶対誤差または相対誤差が 10^{-5} 以下であるとき、正解とみなされる。 入力例 1 10 5 4 92 1 16 3 77 4 99 2 89 3 8 1 40 5 56 1 40 4 77 出力例 1 32.00000000000000000000 89.00000000000000000000 42.50000000000000000000 89.33333333333333333333 56.00000000000000000000 種類 1 の鳥の大きさの平均値は (16+40+40)/3 = 32 です。 種類 2 の鳥の大きさの平均値は 89 です。 種類 3 の鳥の大きさの平均値は (77+8)/2 = 42.5 です。 種類 4 の鳥の大きさの平均値は (92+99+77)/3 \approx 89.3333 です。 種類 5 の鳥の大きさの平均値は 56 です。",200.0,
atcoder,abc,public_sponsored_abc,sky,abc434,"Ｓｋｙ Inc, Programming Contest 2025 (AtCoder Beginner Contest 434)",2025,2025-11-29,1764417600.0,2025.5,abc434_c,C,Flapping Takahashi,C. Flapping Takahashi,373.0,7284,"['greedy', 'interval', 'simulation']",3,https://atcoder.jp/contests/abc434/tasks/abc434_c,https://atcoder-tagged-backend.onrender.com/problems/all,2.3.0-sponsor-abc-kenkoooo-diff,ja,2026-06-04T18:46:05.900291+00:00,35.425,1412.0,配点 : 300 点 問題文 高橋君は風船で空を飛ぶことにしました。高橋君は時刻 0 (単位は秒) の時点で高度 H にいて、これから 10^9 秒間飛行します。 高橋君は自身が飛んでいる高度を 1 秒あたり 1 まで変化させることが出来ます。ただし、高度を 0 以下にすることはできません。 言い換えると、高橋君の時刻 t における高度を F(t) とした時、 F(t) は以下の条件を全て満たします。 F(0) = H 0 \leq t \lt u \leq 10^9 において -1 \leq \dfrac{F(u) - F(t)}{u - t} \leq 1 0 \leq t \leq 10^9 において F(t) \gt 0 N 個の高度に関する目標があります。 i 個目の目標は時刻 t_i 時点での高度を l_i 以上 u_i 以下にすることです。 高橋君は目標を全て達成するような飛行が可能ですか？ T 個のテストケースが与えられるので、それぞれに対して答えを求めてください。 制約 1 \leq T \leq 10^5 1 \leq N \leq 10^5 1 \leq H \leq 10^9 1 \leq t_1 \lt t_2 \lt \dots \lt t_N \leq 10^9 1 \leq l_i \leq u_i \leq 10^9 全てのテストケースにおける N の総和は 10^5 以下 入力される値は全て整数 入力 入力は以下の形式で標準入力から与えられる。ここで \mathrm{case}_i は i 番目のテストケースを意味する。 T \mathrm{case}_1 \mathrm{case}_2 \vdots \mathrm{case}_T 各テストケースは以下の形式で与えられる。 N H t_1 l_1 u_1 t_2 l_2 u_2 \vdots t_N l_N u_N 出力 T 行出力せよ。 i 行目には、 i 番目のテストケースにおいて目標を全て達成するような飛行が可能である場合 Yes を、そうでない場合 No を出力せよ。 入力例 1 3 2 5 3 1 4 8 9 11 2 6 1 1 4 3 5 8 10 36 27 37 38 30 34 54 38 20 77 45 1 36 49 38 51 52 31 58 65 43 60 71 14 42 73 36 38 85 14 29 出力例 1 Yes No Yes 1 番目のテストケースについて、高橋君は以下の方法で飛行することで全ての目標を達成することが出来ます。 時刻 0 の時点で高橋君は高度 5 にいる。 時刻 0 から時刻 2 にかけて高橋君は秒速 0.5 で高度を下げる。 時刻 2 の時点で高橋君は高度 5 - 0.5 \times 2 = 4 にいる。 時刻 2 から時刻 3 の間、高橋君は同じ高度にとどまる。 時刻 3 の時点で高橋君は高度 4 にいる。高橋君は 1 番目の目標を満たす。 時刻 3 から時刻 8 にかけて高橋君は秒速 1 で高度を上げる。 時刻 8 の時点で高橋君は高度 4 + 1 \times 5 = 9 にいる。高橋君は 2 番目の目標を満たす。 2 番目のテストケースについて、高橋君はどのように飛行しても目標を全て達成することは出来ません。,300.0,
atcoder,abc,public_sponsored_abc,sky,abc434,"Ｓｋｙ Inc, Programming Contest 2025 (AtCoder Beginner Contest 434)",2025,2025-11-29,1764417600.0,2025.5,abc434_d,D,Clouds,D. Clouds,909.0,4947,"['2d prefix sum', '2d difference array', 'difference array']",3,https://atcoder.jp/contests/abc434/tasks/abc434_d,https://atcoder-tagged-backend.onrender.com/problems/all,2.3.0-sponsor-abc-kenkoooo-diff,ja,2026-06-04T18:46:05.900291+00:00,46.004,1005.0,"配点 : 425 点 問題文 空は 2000 \times 2000 のマス目で表されます。 空を見上げた時、上から r 行目、左から c 列目にあるマスを (r,c) と呼びます。 いま、この空には雲 1,2,\dots,N が浮かんでいます。 整数の組 (r,c) が U_i \le r \le D_i, L_i \le c \le R_i を満たすとき、またその時に限り、 (r,c) は雲 i で覆われています。 k=1,2,\dots,N について、以下の問いに答えてください。 N 個の雲のうち、雲 k のみを取り除く。この時点で空には N-1 個の雲が浮かんでいる。このとき、どの雲にも覆われていないマスがいくつあるか答えよ。 制約 1 \le N \le 2 \times 10^5 1 \le U_i \le D_i \le 2000 1 \le L_i \le R_i \le 2000 入力される値は全て整数 入力 入力は以下の形式で標準入力から与えられる。 N U_1 D_1 L_1 R_1 U_2 D_2 L_2 R_2 \vdots U_N D_N L_N R_N 出力 N 行出力せよ。 i 行目には、 k=i とした場合の問いの答えを出力せよ。 入力例 1 5 2 4 1 4 3 3 3 5 1 3 4 6 4 5 3 5 5 5 4 6 出力例 1 3999983 3999976 3999982 3999978 3999977 図は、空のうち左上 5 \times 6 の領域を抜き出したものです。 雲 1 を取り除いた際、何らかの雲に覆われているマスは 17 マスなので、どの雲にも覆われていないマスは 3999983 マスです。 雲 2 を取り除いた際、何らかの雲に覆われているマスは 24 マスなので、どの雲にも覆われていないマスは 3999976 マスです。 雲 3 を取り除いた際、何らかの雲に覆われているマスは 18 マスなので、どの雲にも覆われていないマスは 3999982 マスです。 雲 4 を取り除いた際、何らかの雲に覆われているマスは 22 マスなので、どの雲にも覆われていないマスは 3999978 マスです。 雲 5 を取り除いた際、何らかの雲に覆われているマスは 23 マスなので、どの雲にも覆われていないマスは 3999977 マスです。",425.0,
atcoder,abc,public_sponsored_abc,sky,abc434,"Ｓｋｙ Inc, Programming Contest 2025 (AtCoder Beginner Contest 434)",2025,2025-11-29,1764417600.0,2025.5,abc434_e,E,Distribute Bunnies,E. Distribute Bunnies,1317.0,2801,"['graph theory', 'connected components', 'tree', 'max flow', 'bipartite matching']",5,https://atcoder.jp/contests/abc434/tasks/abc434_e,https://atcoder-tagged-backend.onrender.com/problems/all,2.3.0-sponsor-abc-kenkoooo-diff,ja,2026-06-04T18:46:05.900291+00:00,54.056,1035.0,配点 : 500 点 問題文 1 から N の番号がついた N 匹のウサギが数直線上にいます。ウサギ i は座標 X_i にいます。同じ座標に複数のウサギがいることもあります。 ウサギは ジャンプ力 というパラメータを持っていて、ウサギ i のジャンプ力は R_i です。 これから全てのウサギがちょうど 1 回ずつジャンプします。座標 x にいるジャンプ力 r のウサギがジャンプすると座標 x+r または座標 x-r に移動します。 それぞれのウサギがどちらの座標にジャンプするかを自由に選べる時、全てのウサギがジャンプした後にウサギがいる座標の種類数としてあり得る最大値を求めてください。 制約 1 \leq N \leq 2 \times 10^5 -10^9 \leq X_i \leq 10^9 1 \leq R_i \leq 10^9 入力される値は全て整数 入力 入力は以下の形式で標準入力から与えられる。 N X_1 R_1 X_2 R_2 \vdots X_N R_N 出力 ジャンプ後にウサギがいる座標の種類数としてあり得る最大値を出力せよ。 入力例 1 3 4 1 2 3 4 5 出力例 1 3 以下に示すようにそれぞれのウサギが移動すると、ジャンプ後にウサギがいる座標の種類数として 3 を達成することができて、これがあり得る最大値です。 ウサギ 1 が 4 - 1 = 3 に移動する。 ウサギ 2 が 2 + 3 = 5 に移動する。 ウサギ 3 が 4 - 5 = -1 に移動する。 入力例 2 6 2 1 3 2 6 1 5 2 4 3 4 1 出力例 2 4 以下に示すようにそれぞれのウサギが移動すると、ジャンプ後にウサギがいる座標の種類数として 4 を達成することができて、これがあり得る最大値です。 ウサギ 1 が 2 - 1 = 1 に移動する。 ウサギ 2 が 3 + 2 = 5 に移動する。 ウサギ 3 が 6 + 1 = 7 に移動する。 ウサギ 4 が 5 + 2 = 7 に移動する。 ウサギ 5 が 4 - 3 = 1 に移動する。 ウサギ 6 が 4 - 1 = 3 に移動する。 入力例 3 10 1000000000 1000000000 1000000000 1 -1000000000 1000000000 -1000000000 1 0 1 2 1 1 2 4 1 3 2 4 3 出力例 3 9,500.0,
atcoder,abc,public_sponsored_abc,sky,abc434,"Ｓｋｙ Inc, Programming Contest 2025 (AtCoder Beginner Contest 434)",2025,2025-11-29,1764417600.0,2025.5,abc434_f,F,Concat (2nd),F. Concat (2nd),2600.0,465,"['string', 'sorting', 'z algorithm', 'greedy']",4,https://atcoder.jp/contests/abc434/tasks/abc434_f,https://atcoder-tagged-backend.onrender.com/problems/all,2.3.0-sponsor-abc-kenkoooo-diff,ja,2026-06-04T18:46:05.900291+00:00,79.376,977.0,"配点 : 575 点 問題文 N 個の英小文字からなる文字列 S_1,S_2,\dots,S_N が与えられます。 (1,2,\dots,N) の順列 P=(P_1,P_2,\dots,P_N) としてありえるもの全てについて、以下の通りに生成される文字列を書き並べます。 S_{P_1},S_{P_2},\dots,S_{P_N} をこの順に連結する。 書き並べられた N! 個の文字列を辞書順に並べた列を A_1,A_2,\dots,A_{N!} とします。 A_2 を出力してください。 T 個のテストケースが与えられるので、それぞれについて答えを求めてください。 制約 1 \le T \le 1.5 \times 10^5 2 \le N \le 3 \times 10^5 T,N は整数 S_i は英小文字からなる長さ 1 以上 10^6-1 以下の文字列 ひとつの入力について、 N の総和は 3 \times 10^5 を超えない ひとつの入力について、全てのテストケースにおける |S_i| の総和は 10^6 を超えない 入力 入力は以下の形式で標準入力から与えられる。 \text{case}_i は i 番目のテストケースを表す。 T \text{case}_1 \text{case}_2 \vdots \text{case}_T 各テストケースは以下の形式で与えられる。 N S_1 S_2 \vdots S_N 出力 T 行出力せよ。 i 行目には i 番目のテストケースについて、答えを出力せよ。 入力例 1 3 3 abc ac ahc 4 aaa a aaaa a 15 ks sy k ysk yks ky ksy sk syk s kys sky ys yk y 出力例 1 abcahcac aaaaaaaaa kksksykykysskskyssyksyyksykyskyys この入力には 3 個のテストケースが含まれています。 1 番目のテストケースについて、 S=( abc , ac , ahc ) です。 A=( abcacahc , abcahcac , acabcahc , acahcabc , ahcabcac , ahcacabc ) なので、 A_2= abcahcac を出力します。",575.0,
atcoder,abc,public_sponsored_abc,sky,abc434,"Ｓｋｙ Inc, Programming Contest 2025 (AtCoder Beginner Contest 434)",2025,2025-11-29,1764417600.0,2025.5,abc434_g,G,Keyboard,G. Keyboard,3645.0,86,"['segment tree', 'binary search', 'data structure', 'string']",4,https://atcoder.jp/contests/abc434/tasks/abc434_g,https://atcoder-tagged-backend.onrender.com/problems/all,2.3.0-sponsor-abc-kenkoooo-diff,ja,2026-06-04T18:46:05.900291+00:00,100.0,1285.0,"配点 : 650 点 問題文 1 , 2 , \dots , 9 および B からなる文字列 A に対して f(A) を次の手順で得られる文字列として定義します。 はじめ、空文字列 C がある。 i = 1, 2, \dots, |A| の順に以下の操作を行う。 A_i が 1 , 2 , \dots , 9 のいずれかである場合、 C の末尾に A_i を追加する。 A_i = B である場合、 C の末尾の文字を削除する。ただし C が空文字列である場合は何もしない。 上記の操作を全て終了した時点での C を f(A) とする。 1 , 2 , \dots , 9 および B からなる長さ N の文字列 S が与えられます。 以下で説明される Q 個のクエリを処理してください。クエリは次の 2 種類のいずれかです。 1\ \ x\ \ c : S_x を c に更新する。(ここで c は 1 , 2 , \dots , 9 または B ) 2\ \ l\ \ r : S の l 文字目から r 文字目までを取り出してできる文字列を T とする。そして U=f(T) とする。 U が空文字列の場合は -1 を、そうでない場合は U を 10 進整数とみなした時の値を 998244353 で割った余りを出力せよ。 制約 1 \leq N \leq 8 \times 10^6 1 \leq Q \leq 2 \times 10^5 S は 1 , 2 , \dots , 9 および B からなる長さ N の文字列 1 \leq x \leq N c は 1 , 2 , \dots , 9 または B 1 \leq l \leq r \leq N N, Q, x, l, r は整数 入力 入力は以下の形式で標準入力から与えられる。ここで \mathrm{query}_i は i 番目のクエリを意味する。 N Q S \mathrm{query}_1 \mathrm{query}_2 \vdots \mathrm{query}_Q クエリは以下の 2 種類のいずれかの形式で与えられる。 1 x c 2 l r 出力 問題文の指示に従ってクエリへの答えを改行区切りで出力せよ。 入力例 1 10 12 1234567891 2 5 7 2 2 8 2 1 10 1 3 B 1 4 B 2 2 4 2 2 8 2 1 10 1 7 B 2 3 9 1 3 4 2 1 10 出力例 1 567 2345678 236323538 -1 5678 567891 589 125891 1 番目のクエリについて、 T=U= 567 となります。よって 567 を出力します。 3 番目のクエリについて、 T=U= 1234567891 となります。よって 1234567891 \bmod 998244353 = 236323538 を出力します。 6 番目のクエリについて、 T= 2BB で U は空文字列となります。よって -1 を出力します。",650.0,
atcoder,abc,public_sponsored_abc,unique_vision,abc437,UNIQUE VISION Programming Contest 2025 Christmas (AtCoder Beginner Contest 437),2025,2025-12-20,1766232000.0,2025.5,abc437_a,A,Feet,A. Feet,-1191.0,13482,"['math', 'implementation']",2,https://atcoder.jp/contests/abc437/tasks/abc437_a,https://atcoder-tagged-backend.onrender.com/problems/all,2.3.0-sponsor-abc-kenkoooo-diff,ja,2026-06-04T18:46:05.900291+00:00,4.559,383.0,配点 : 100 点 問題文 1 フィートは 12 インチです。 A フィート B インチは、インチ換算で何インチですか？ 制約 1 \leq A \leq 8 0 \leq B \leq 11 入力される値はすべて整数 入力 入力は以下の形式で標準入力から与えられる。 A B 出力 答えを 1 行に出力せよ。単位 (インチ) は省いて出力すること。 入力例 1 6 7 出力例 1 79 6 フィート 7 インチは、インチ換算で 6 \times 12 + 7 = 79 インチです。 入力例 2 4 11 出力例 2 59 4 フィート 11 インチは、インチ換算で 4 \times 12 + 11 = 59 インチです。 入力例 3 8 0 出力例 3 96 8 フィート 0 インチは、インチ換算で 8 \times 12 + 0 = 96 インチです。,100.0,
atcoder,abc,public_sponsored_abc,unique_vision,abc437,UNIQUE VISION Programming Contest 2025 Christmas (AtCoder Beginner Contest 437),2025,2025-12-20,1766232000.0,2025.5,abc437_b,B,Tombola,B. Tombola,-581.0,12045,"['simulation', 'brute force', 'implementation']",3,https://atcoder.jp/contests/abc437/tasks/abc437_b,https://atcoder-tagged-backend.onrender.com/problems/all,2.3.0-sponsor-abc-kenkoooo-diff,ja,2026-06-04T18:46:05.900291+00:00,16.598,840.0,"配点 : 200 点 問題文 H 行 W 列からなるグリッドがあります。各マスには整数が 1 つずつ書かれており、これらの整数は相異なります。グリッドの上から i 行目・左から j 行目のマスには整数 A_{i,j} が書かれています。 いま、司会が N 個の相異なる整数 B_1, \dots, B_N を叫びました。 それぞれの行に対して、司会の叫んだ整数がその行に何個含まれるかを求めたとき、それらの最大値はいくつになりますか？ 制約 1 \leq H \leq 3 1 \leq W \leq 5 1 \leq N \leq 90 1 \leq A_{i,j} \leq 90 A_{i,j} は相異なる 1 \leq B_i \leq 90 B_i は相異なる 入力される値はすべて整数 入力 入力は以下の形式で標準入力から与えられる。 H W N A_{1,1} \cdots A_{1,W} \vdots A_{H,1} \cdots A_{H,W} B_1 \vdots B_N 出力 答えを 1 行に出力せよ。 入力例 1 3 4 5 12 3 5 7 6 10 11 9 1 2 4 8 2 4 9 6 11 出力例 1 3 上から 1 行目にある整数のうち、司会の叫んだ整数は 0 個です。 上から 2 行目にある整数のうち、司会の叫んだ整数は 6,11,9 の 3 個です。 上から 3 行目にある整数のうち、司会の叫んだ整数は 2,4 の 2 個です。 以上より、 0,3,2 のうちの最大値である 3 が答えです。 入力例 2 3 5 2 81 63 31 16 15 30 3 6 54 24 26 41 48 64 66 44 79 出力例 2 0 入力例 3 3 5 12 78 19 70 58 83 12 30 80 20 27 48 71 8 43 82 82 30 43 8 80 70 20 78 12 71 19 48 出力例 3 5",200.0,
atcoder,abc,public_sponsored_abc,unique_vision,abc437,UNIQUE VISION Programming Contest 2025 Christmas (AtCoder Beginner Contest 437),2025,2025-12-20,1766232000.0,2025.5,abc437_c,C,Reindeer and Sleigh 2,C. Reindeer and Sleigh 2,489.0,9097,"['sorting', 'greedy', 'implementation']",3,https://atcoder.jp/contests/abc437/tasks/abc437_c,https://atcoder-tagged-backend.onrender.com/problems/all,2.3.0-sponsor-abc-kenkoooo-diff,ja,2026-06-04T18:46:05.900291+00:00,37.715,976.0,"配点 : 350 点 問題文 N 匹のトナカイと 1 個のソリがあります。 i 番目のトナカイは重さが W_i で力は P_i です。 各トナカイについて、「ソリを引く」または「ソリに乗る」のいずれかを選びます。 ただし、ソリを引くトナカイの力の総和が、ソリに乗るトナカイの重さの総和以上でなければなりません。 最大で何匹トナカイをソリに乗せることができますか？ T 個のテストケースが与えられるので、それぞれについて答えを求めてください。 制約 1\leq T\leq 10^5 1\leq N\leq 3\times 10^5 1\leq W_i,P_i\leq 10^9 入力は全て整数 1 つの入力ファイルに含まれる N の総和は 3\times 10^5 以下 入力 入力は以下の形式で標準入力から与えられる。 T \mathrm{case}_1 \mathrm{case}_2 \vdots \mathrm{case}_T 各テストケースは以下の形式で与えられる。 N W_1 P_1 W_2 P_2 \vdots W_N P_N 出力 T 行出力せよ。 i 行目には i 番目のテストケースに対する答えを出力せよ。 入力例 1 3 3 3 1 4 1 5 9 5 1000000000 1 1000000000 1 1000000000 1 1000000000 1 1000000000 1 10 133180711 458704923 531424946 225863856 141986070 637075158 500770732 289806469 502866767 408857335 559714289 569084545 287444582 992432993 559747907 753133304 432846188 949871298 727072164 756020367 出力例 1 2 0 6 1 つ目のテストケースについて、 3 番目のトナカイがソリを引き、 1 番目と 2 番目のトナカイがソリに乗ると、ソリを引くトナカイの力の総和は P_3=9 、ソリに乗るトナカイの重さの総和は W_1+W_2=7 となるため条件を満たします。すべてのトナカイがソリに乗ることはできないため、求める答えは 2 です。",350.0,
atcoder,abc,public_sponsored_abc,unique_vision,abc437,UNIQUE VISION Programming Contest 2025 Christmas (AtCoder Beginner Contest 437),2025,2025-12-20,1766232000.0,2025.5,abc437_d,D,Sum of Differences,D. Sum of Differences,509.0,8153,"['sorting', 'binary search', 'prefix sum', 'implementation']",4,https://atcoder.jp/contests/abc437/tasks/abc437_d,https://atcoder-tagged-backend.onrender.com/problems/all,2.3.0-sponsor-abc-kenkoooo-diff,ja,2026-06-04T18:46:05.900291+00:00,38.109,654.0,"配点 : 400 点 問題文 長さ N の正整数列 A = (A_1, A_2, \dots, A_N) および長さ M の正整数列 B = (B_1, B_2, \dots, B_M) が与えられます。 \displaystyle \sum_{i=1}^{N} \sum_{j=1}^{M} |A_i - B_j| の値を 998244353 で割ったあまりを求めてください。 制約 1 \leq N,M \leq 3 \times 10^5 1 \leq A_i, B_j < 998244353 入力される値はすべて整数 入力 入力は以下の形式で標準入力から与えられる。 N M A_1 A_2 \cdots A_N B_1 B_2 \cdots B_M 出力 答えを 1 行に出力せよ。 入力例 1 4 2 1 6 9 2 3 1 出力例 1 26 答えは |1-3| + |1-1| + |6-3| + |6-1| + |9-3| + |9-1| + |2-3| + |2-1| = 2+0+3+5+6+8+1+1 = 26 です。 入力例 2 8 8 185991676 311812083 311812083 84357963 185991676 185991676 724020528 369175631 455049197 387671868 4361724 724020528 724020528 455049197 455049197 724020528 出力例 2 529117255",400.0,
atcoder,abc,public_sponsored_abc,unique_vision,abc437,UNIQUE VISION Programming Contest 2025 Christmas (AtCoder Beginner Contest 437),2025,2025-12-20,1766232000.0,2025.5,abc437_e,E,Sort Arrays,E. Sort Arrays,1279.0,3642,"['trie', 'dfs', 'sorting', 'implementation']",4,https://atcoder.jp/contests/abc437/tasks/abc437_e,https://atcoder-tagged-backend.onrender.com/problems/all,2.3.0-sponsor-abc-kenkoooo-diff,ja,2026-06-04T18:46:05.900291+00:00,53.306,1317.0,"配点 : 450 点 問題文 N+1 個の数列 A_0, A_1, \ldots, A_{N} があります。 A_i は以下のように定義されます。 A_0 は空の数列 A_i\ (1\leq i\leq N) は数列 A_{x_i}\ (0\leq x_i\lt i) の末尾に整数 y_i を追加することで得られる数列 以下の条件を満たす (1,2,\ldots,N) の順列 P=(P_1, P_2,\ldots,P_N) を求めてください。 i = 1,2,\ldots,N-1 に対して、以下のいずれかが成り立つ。 A_{P_i} は辞書順で A_{P_{i+1}} より小さい。 A_{P_i}= A_{P_{i+1}} かつ P_i\lt P_{i+1} 言い換えると、 A_1,A_2,\ldots,A_N を辞書順で小さいものから順に並べたとき（等しい列が複数ある場合には添え字が小さいものを先にするように並べる）、その並びに現れる添え字の列が P です。 数列の辞書順とは？ 数列 S = (S_1,S_2,\ldots,S_{|S|}) が数列 T = (T_1,T_2,\ldots,T_{|T|}) より 辞書順で小さい とは、下記の 1. と 2. のどちらかが成り立つことを言います。 ここで、 |S|, |T| はそれぞれ S, T の長さを表します。 |S| \lt |T| かつ (S_1,S_2,\ldots,S_{|S|}) = (T_1,T_2,\ldots,T_{|S|}) 。 ある整数 1 \leq i \leq \min\lbrace |S|, |T| \rbrace が存在して、下記の 2 つがともに成り立つ。 (S_1,S_2,\ldots,S_{i-1}) = (T_1,T_2,\ldots,T_{i-1}) S_i が T_i より（数として）小さい。 制約 1\leq N\leq 3\times 10^5 0\leq x_i\lt i 1\leq y_i\leq 10^9 入力は全て整数 入力 入力は以下の形式で標準入力から与えられる。 N x_1 y_1 x_2 y_2 \vdots x_N y_N 出力 P_1, P_2, \ldots, P_N を空白区切りで一行で出力せよ。 入力例 1 4 0 2 0 1 2 2 0 1 出力例 1 2 4 3 1 A_1 = (2), A_2 = (1), A_3 = (1, 2), A_4 = (1) なので P=(2,4,3,1) です。 入力例 2 5 0 1 0 1 0 1 0 1 0 1 出力例 2 1 2 3 4 5 A_1 = A_2 = A_3 = A_4 = A_5 = (1) です。 入力例 3 10 0 305186313 1 915059758 0 105282054 1 696409999 3 185928366 3 573289179 6 254538849 3 105282054 5 696409999 8 168629803 出力例 3 3 8 10 5 9 6 7 1 4 2",450.0,
atcoder,abc,public_sponsored_abc,unique_vision,abc437,UNIQUE VISION Programming Contest 2025 Christmas (AtCoder Beginner Contest 437),2025,2025-12-20,1766232000.0,2025.5,abc437_f,F,Manhattan Christmas Tree 2,F. Manhattan Christmas Tree 2,1332.0,3059,"['segment tree', 'manhattan distance', 'implementation']",3,https://atcoder.jp/contests/abc437/tasks/abc437_f,https://atcoder-tagged-backend.onrender.com/problems/all,2.3.0-sponsor-abc-kenkoooo-diff,ja,2026-06-04T18:46:05.900291+00:00,54.352,1308.0,"配点 : 500 点 問題文 二次元平面上に N 個のクリスマスツリーがあります。 i 番目 (1\le i\le N) のクリスマスツリーは座標 (X_i,Y_i) に存在します。 Q 個のクエリが与えられるので、順にクエリを処理してください。各クエリは、以下のいずれかです。 タイプ 1 : 1 i x y の形式で与えられる。 i 番目のクリスマスツリーの座標を (x,y) に変更する。 タイプ 2 : 2 L R x y の形式で与えられる。 L,L+1,\ldots,R 番目のクリスマスツリーのうち、座標 (x,y) からマンハッタン距離で最も遠いクリスマスツリーまでの距離を出力する。 ただし、座標 (x_1,y_1) と座標 (x_2,y_2) のマンハッタン距離は |x_1-x_2|+|y_1-y_2| で定義されます。 制約 1\le N,Q\le 2\times 10^5 -10^9\le X_i,Y_i\le 10^9 1\le i\le N 1\le L\le R\le N -10^9\le x,y\le 10^9 入力される値は全て整数 入力 入力は以下の形式で標準入力から与えられる。 N Q X_1 Y_1 X_2 Y_2 \vdots X_N Y_N \text{query}_1 \text{query}_2 \vdots \text{query}_Q ここで、 i 番目のクエリ \text{query}_i は以下のいずれかの形式で与えられる。 1 i x y 2 L R x y 出力 問題文の指示に従ってクエリへの答えを改行区切りで出力せよ。 入力例 1 3 4 -1 -1 1 2 -2 1 2 1 2 0 0 2 1 3 -1 2 1 1 0 1 2 1 3 -1 2 出力例 1 3 3 2 はじめ、 1,2,3 番目のクリスマスツリーはそれぞれ座標 (-1,-1),(1,2),(-2,1) に存在します。 各クエリは以下のように処理されます。 1,2 番目のクリスマスツリーと座標 (0,0) のマンハッタン距離はそれぞれ 2,3 です。したがって、 2,3 の最大値である 3 を出力します。 1,2,3 番目のクリスマスツリーと座標 (-1,2) のマンハッタン距離はそれぞれ 3,2,2 です。したがって、 3,2,2 の最大値である 3 を出力します。 1 番目のクリスマスツリーの座標を (0,1) に変更します。 1,2,3 番目のクリスマスツリーの座標はそれぞれ (0,1),(1,2),(-2,1) になります。 1,2,3 番目のクリスマスツリーと座標 (-1,2) のマンハッタン距離はそれぞれ 2,2,2 です。したがって、 2,2,2 の最大値である 2 を出力します。 入力例 2 5 7 -9 5 -2 -9 10 -6 9 8 2 9 1 3 -9 -6 2 3 4 2 7 1 4 -2 -10 2 1 2 0 -10 2 3 4 10 -9 2 3 4 8 7 2 5 5 0 2 出力例 2 24 24 22 30 9",500.0,
atcoder,abc,public_sponsored_abc,unique_vision,abc437,UNIQUE VISION Programming Contest 2025 Christmas (AtCoder Beginner Contest 437),2025,2025-12-20,1766232000.0,2025.5,abc437_g,G,Colorful Christmas Tree,G. Colorful Christmas Tree,2806.0,243,"['bipartite graph', 'max flow', 'greedy', 'implementation']",4,https://atcoder.jp/contests/abc437/tasks/abc437_g,https://atcoder-tagged-backend.onrender.com/problems/all,2.3.0-sponsor-abc-kenkoooo-diff,ja,2026-06-04T18:46:05.900291+00:00,83.442,1650.0,"配点 : 625 点 問題文 今年のクリスマスの季節も終わり、いよいよ年越しです。高橋君はクリスマスツリーを片付ける大掃除に追われています。 赤・青・緑の 3 色の電球に彩られたクリスマスツリーがあります。クリスマスツリーには N 個の電球があり、それらは N-1 本のリボンで結ばれています。電球を頂点、リボンを辺とみなしたとき、このグラフは木です。 電球には 1 から N までの番号が、リボンには 1 から N-1 までの番号がつけられており、リボン i は電球 u_i と v_i を結んでいます。電球 i ははじめ、 c_i が R ならば赤で、 G ならば緑で、 B ならば青で点灯しています。 高橋君は、以下の操作を N-1 回行い、すべてのリボンを取り外そうと考えています。 まだ取り外されていないリボンのうち、両端の電球の色が異なるものを 1 本選び、そのリボンを取り外す。 取り外したリボンの両端の電球の番号を u, v とする。電球 u, v それぞれについて、点灯している色を次の規則で変更する。 赤で点灯していた場合、緑で点灯させる。 緑で点灯していた場合、青で点灯させる。 青で点灯していた場合、赤で点灯させる。 高橋君がこの操作を繰り返してすべてのリボンを取り外すことが可能かどうかを判定し、可能ならばそのような操作方法を 1 つ出力してください。 T 個のテストケースが与えられるので、それぞれについて答えを求めてください。 制約 1\leq T\leq 20000 2\leq N\leq 2000 c_i は R , G , B のいずれか 1\leq u_i,v_i\leq N 電球を頂点、リボンを辺とみなしたとき、与えられるグラフは木 T,N,u_i,v_i は整数 1 つの入力ファイルに含まれる N^2 の総和は 2000^2 以下 入力 入力は以下の形式で標準入力から与えられる。 T \mathrm{case}_1 \mathrm{case}_2 \vdots \mathrm{case}_T 各テストケースは以下の形式で与えられる。 N c_1c_2\ldots c_N u_1 v_1 u_2 v_2 \vdots u_{N-1} v_{N-1} 出力 \mathrm{case}_1, \mathrm{case}_2, \ldots, \mathrm{case}_T に対する答えを順に以下の形式で出力せよ。 リボンをすべて取り外すことが不可能な場合、 No と出力せよ。 可能な場合、 i 回目の操作で取り外すリボンの番号を e_i として、 Yes e_1 e_2 \ldots e_{N-1} と出力せよ。 (e_1, e_2, \ldots, e_{N-1}) は (1, 2, \ldots, N-1) の順列である必要がある。 解が複数存在する場合、どれを出力しても正解とみなされる。 入力例 1 3 4 GBBR 1 2 1 3 1 4 3 RRR 1 2 2 3 5 RGBRG 1 2 2 3 3 4 3 5 出力例 1 Yes 1 3 2 No Yes 1 4 2 3 1 つ目のテストケースについて、例えば以下のように操作を行うことですべてのリボンを取り外すことができます。 はじめ、各電球の色は（電球 1 から）順に緑、青、青、赤である。 リボン 1 を取り外す。取り外した後の各電球の色は順に青、赤、青、赤である。 リボン 3 を取り外す。取り外した後の各電球の色は順に赤、赤、青、緑である。 リボン 2 を取り外す。取り外した後の各電球の色は順に緑、赤、赤、緑である。 条件を満たす (e_1, e_2,e_3) は (1, 3, 2) または (2, 3, 1) の 2 つであり、どちらを出力しても正解となります。 2 つ目のテストケースについて、どのように操作をしてもすべてのリボンを取り外すことはできません。",625.0,
