platform,category,assessment_type,sponsor,contest_id,contest_title,year,start_date,start_epoch_second,period,problem_id,problem_index,problem_name,problem_title,difficulty,solver_count,ai_tags,ai_tag_count,problem_url,source_url,parser_version,statement_lang,crawl_time,difficulty_100,clean_text_len,clean_text,contest_points,acceptance_rate
atcoder,abc,public_sponsored_abc,panasonic,abc195,パナソニックプログラミングコンテスト（AtCoder Beginner Contest 195）,2021,,1615636800.0,2021.0,abc195_a,A,Health M Death,A. Health M Death,-1321.0,17162,"['divisibility', 'modular arithmetic', 'implementation']",3,https://atcoder.jp/contests/abc195/tasks/abc195_a,https://atcoder-tagged-backend.onrender.com/problems/all,2.3.0-sponsor-abc-kenkoooo-diff,ja,2026-06-04T18:46:05.900291+00:00,1.993,,,,
atcoder,abc,public_sponsored_abc,panasonic,abc195,パナソニックプログラミングコンテスト（AtCoder Beginner Contest 195）,2021,,1615636800.0,2021.0,abc195_b,B,Many Oranges,B. Many Oranges,483.0,11973,"['math', 'inequality', 'ad hoc']",3,https://atcoder.jp/contests/abc195/tasks/abc195_b,https://atcoder-tagged-backend.onrender.com/problems/all,2.3.0-sponsor-abc-kenkoooo-diff,ja,2026-06-04T18:46:05.900291+00:00,37.596,,,,
atcoder,abc,public_sponsored_abc,panasonic,abc195,パナソニックプログラミングコンテスト（AtCoder Beginner Contest 195）,2021,,1615636800.0,2021.0,abc195_c,C,Comma,C. Comma,235.0,11413,"['counting', 'math', 'digit']",3,https://atcoder.jp/contests/abc195/tasks/abc195_c,https://atcoder-tagged-backend.onrender.com/problems/all,2.3.0-sponsor-abc-kenkoooo-diff,ja,2026-06-04T18:46:05.900291+00:00,32.702,,,,
atcoder,abc,public_sponsored_abc,panasonic,abc195,パナソニックプログラミングコンテスト（AtCoder Beginner Contest 195）,2021,,1615636800.0,2021.0,abc195_d,D,Shipping Center,D. Shipping Center,945.0,6706,"['greedy', 'sorting', 'query']",3,https://atcoder.jp/contests/abc195/tasks/abc195_d,https://atcoder-tagged-backend.onrender.com/problems/all,2.3.0-sponsor-abc-kenkoooo-diff,ja,2026-06-04T18:46:05.900291+00:00,46.714,,,,
atcoder,abc,public_sponsored_abc,panasonic,abc195,パナソニックプログラミングコンテスト（AtCoder Beginner Contest 195）,2021,,1615636800.0,2021.0,abc195_e,E,Lucky 7 Battle,E. Lucky 7 Battle,1609.0,3475,"['dp', 'game theory', 'modular arithmetic']",3,https://atcoder.jp/contests/abc195/tasks/abc195_e,https://atcoder-tagged-backend.onrender.com/problems/all,2.3.0-sponsor-abc-kenkoooo-diff,ja,2026-06-04T18:46:05.900291+00:00,59.818,,,,
atcoder,abc,public_sponsored_abc,panasonic,abc195,パナソニックプログラミングコンテスト（AtCoder Beginner Contest 195）,2021,,1615636800.0,2021.0,abc195_f,F,Coprime Present,F. Coprime Present,2068.0,1953,"['bitmask dp', 'number theory', 'gcd', 'prime factorization', 'combinatorics']",5,https://atcoder.jp/contests/abc195/tasks/abc195_f,https://atcoder-tagged-backend.onrender.com/problems/all,2.3.0-sponsor-abc-kenkoooo-diff,ja,2026-06-04T18:46:05.900291+00:00,68.877,,,,
atcoder,abc,public_sponsored_abc,panasonic,abc197,AtCoder Beginner Contest 197（Sponsored by Panasonic）,2021,,1616846400.0,2021.0,abc197_a,A,Rotate,A. Rotate,-1263.0,20213,"['string', 'implementation']",2,https://atcoder.jp/contests/abc197/tasks/abc197_a,https://atcoder-tagged-backend.onrender.com/problems/all,2.3.0-sponsor-abc-kenkoooo-diff,ja,2026-06-04T18:46:05.900291+00:00,3.138,,,,
atcoder,abc,public_sponsored_abc,panasonic,abc197,AtCoder Beginner Contest 197（Sponsored by Panasonic）,2021,,1616846400.0,2021.0,abc197_b,B,Visibility,B. Visibility,-170.0,14345,"['simulation', 'grid', 'implementation']",3,https://atcoder.jp/contests/abc197/tasks/abc197_b,https://atcoder-tagged-backend.onrender.com/problems/all,2.3.0-sponsor-abc-kenkoooo-diff,ja,2026-06-04T18:46:05.900291+00:00,24.709,,,,
atcoder,abc,public_sponsored_abc,panasonic,abc197,AtCoder Beginner Contest 197（Sponsored by Panasonic）,2021,,1616846400.0,2021.0,abc197_c,C,ORXOR,C. ORXOR,809.0,9726,"['bitmask', 'brute force', 'implementation', 'bit manipulation', 'search']",5,https://atcoder.jp/contests/abc197/tasks/abc197_c,https://atcoder-tagged-backend.onrender.com/problems/all,2.3.0-sponsor-abc-kenkoooo-diff,ja,2026-06-04T18:46:05.900291+00:00,44.03,,,,
atcoder,abc,public_sponsored_abc,panasonic,abc197,AtCoder Beginner Contest 197（Sponsored by Panasonic）,2021,,1616846400.0,2021.0,abc197_d,D,Opposite,D. Opposite,831.0,6992,"['geometry', 'trigonometry', 'coordinate geometry', 'rotation', 'angle calculation', 'polygon']",6,https://atcoder.jp/contests/abc197/tasks/abc197_d,https://atcoder-tagged-backend.onrender.com/problems/all,2.3.0-sponsor-abc-kenkoooo-diff,ja,2026-06-04T18:46:05.900291+00:00,44.464,,,,
atcoder,abc,public_sponsored_abc,panasonic,abc197,AtCoder Beginner Contest 197（Sponsored by Panasonic）,2021,,1616846400.0,2021.0,abc197_e,E,Traveler,E. Traveler,1379.0,4268,['dp'],1,https://atcoder.jp/contests/abc197/tasks/abc197_e,https://atcoder-tagged-backend.onrender.com/problems/all,2.3.0-sponsor-abc-kenkoooo-diff,ja,2026-06-04T18:46:05.900291+00:00,55.279,,,,
atcoder,abc,public_sponsored_abc,panasonic,abc197,AtCoder Beginner Contest 197（Sponsored by Panasonic）,2021,,1616846400.0,2021.0,abc197_f,F,Construct a Palindrome,F. Construct a Palindrome,1945.0,2796,"['bfs', 'graph theory', 'graph', 'shortest path']",4,https://atcoder.jp/contests/abc197/tasks/abc197_f,https://atcoder-tagged-backend.onrender.com/problems/all,2.3.0-sponsor-abc-kenkoooo-diff,ja,2026-06-04T18:46:05.900291+00:00,66.45,,,,
atcoder,abc,public_sponsored_abc,panasonic,abc199,AtCoder Beginner Contest 199（Sponsored by Panasonic）,2021,,1619265600.0,2021.0,abc199_a,A,Square Inequality,A. Square Inequality,-1323.0,20601,"['math', 'inequality', 'conditional']",3,https://atcoder.jp/contests/abc199/tasks/abc199_a,https://atcoder-tagged-backend.onrender.com/problems/all,2.3.0-sponsor-abc-kenkoooo-diff,ja,2026-06-04T18:46:05.900291+00:00,1.954,,,,
atcoder,abc,public_sponsored_abc,panasonic,abc199,AtCoder Beginner Contest 199（Sponsored by Panasonic）,2021,,1619265600.0,2021.0,abc199_b,B,Intersection,B. Intersection,-547.0,15770,"['interval', 'optimization', 'counting', 'implementation']",4,https://atcoder.jp/contests/abc199/tasks/abc199_b,https://atcoder-tagged-backend.onrender.com/problems/all,2.3.0-sponsor-abc-kenkoooo-diff,ja,2026-06-04T18:46:05.900291+00:00,17.269,,,,
atcoder,abc,public_sponsored_abc,panasonic,abc199,AtCoder Beginner Contest 199（Sponsored by Panasonic）,2021,,1619265600.0,2021.0,abc199_c,C,IPFL,C. IPFL,436.0,12010,"['implementation', 'string', 'optimization', 'indexing']",4,https://atcoder.jp/contests/abc199/tasks/abc199_c,https://atcoder-tagged-backend.onrender.com/problems/all,2.3.0-sponsor-abc-kenkoooo-diff,ja,2026-06-04T18:46:05.900291+00:00,36.669,,,,
atcoder,abc,public_sponsored_abc,panasonic,abc199,AtCoder Beginner Contest 199（Sponsored by Panasonic）,2021,,1619265600.0,2021.0,abc199_d,D,RGB Coloring 2,D. RGB Coloring 2,1804.0,3152,"['graph coloring', 'connected components', 'dfs', 'backtracking', 'counting']",5,https://atcoder.jp/contests/abc199/tasks/abc199_d,https://atcoder-tagged-backend.onrender.com/problems/all,2.3.0-sponsor-abc-kenkoooo-diff,ja,2026-06-04T18:46:05.900291+00:00,63.667,,,,
atcoder,abc,public_sponsored_abc,panasonic,abc199,AtCoder Beginner Contest 199（Sponsored by Panasonic）,2021,,1619265600.0,2021.0,abc199_e,E,Permutation,E. Permutation,1814.0,2612,"['bitmask dp', 'dp', 'permutation']",3,https://atcoder.jp/contests/abc199/tasks/abc199_e,https://atcoder-tagged-backend.onrender.com/problems/all,2.3.0-sponsor-abc-kenkoooo-diff,ja,2026-06-04T18:46:05.900291+00:00,63.864,,,,
atcoder,abc,public_sponsored_abc,panasonic,abc199,AtCoder Beginner Contest 199（Sponsored by Panasonic）,2021,,1619265600.0,2021.0,abc199_f,F,Graph Smoothing,F. Graph Smoothing,2065.0,1507,"['expectation', 'matrix', 'graph theory', 'linear algebra', 'modular arithmetic']",5,https://atcoder.jp/contests/abc199/tasks/abc199_f,https://atcoder-tagged-backend.onrender.com/problems/all,2.3.0-sponsor-abc-kenkoooo-diff,ja,2026-06-04T18:46:05.900291+00:00,68.818,,,,
atcoder,abc,public_sponsored_abc,kyocera,abc200,京セラプログラミングコンテスト2021（AtCoder Beginner Contest 200）,2021,,1620475200.0,2021.0,abc200_a,A,Century,A. Century,-1321.0,19603,"['math', 'implementation']",2,https://atcoder.jp/contests/abc200/tasks/abc200_a,https://atcoder-tagged-backend.onrender.com/problems/all,2.3.0-sponsor-abc-kenkoooo-diff,ja,2026-06-04T18:46:05.900291+00:00,1.993,,,,
atcoder,abc,public_sponsored_abc,kyocera,abc200,京セラプログラミングコンテスト2021（AtCoder Beginner Contest 200）,2021,,1620475200.0,2021.0,abc200_b,B,200th ABC-200,B. 200th ABC-200,-804.0,18099,"['simulation', 'implementation', 'math', 'string']",4,https://atcoder.jp/contests/abc200/tasks/abc200_b,https://atcoder-tagged-backend.onrender.com/problems/all,2.3.0-sponsor-abc-kenkoooo-diff,ja,2026-06-04T18:46:05.900291+00:00,12.197,,,,
atcoder,abc,public_sponsored_abc,kyocera,abc200,京セラプログラミングコンテスト2021（AtCoder Beginner Contest 200）,2021,,1620475200.0,2021.0,abc200_c,C,Ringo's Favorite Numbers 2,C. Ringo's Favorite Numbers 2,138.0,14518,"['modular arithmetic', 'counting', 'combinatorics']",3,https://atcoder.jp/contests/abc200/tasks/abc200_c,https://atcoder-tagged-backend.onrender.com/problems/all,2.3.0-sponsor-abc-kenkoooo-diff,ja,2026-06-04T18:46:05.900291+00:00,30.787,,,,
atcoder,abc,public_sponsored_abc,kyocera,abc200,京セラプログラミングコンテスト2021（AtCoder Beginner Contest 200）,2021,,1620475200.0,2021.0,abc200_d,D,Happy Birthday! 2,D. Happy Birthday! 2,1217.0,6338,"['pigeonhole principle', 'bitmask', 'modular arithmetic', 'constructive', 'subset sum']",5,https://atcoder.jp/contests/abc200/tasks/abc200_d,https://atcoder-tagged-backend.onrender.com/problems/all,2.3.0-sponsor-abc-kenkoooo-diff,ja,2026-06-04T18:46:05.900291+00:00,52.082,,,,
atcoder,abc,public_sponsored_abc,kyocera,abc200,京セラプログラミングコンテスト2021（AtCoder Beginner Contest 200）,2021,,1620475200.0,2021.0,abc200_e,E,Patisserie ABC 2,E. Patisserie ABC 2,1955.0,2335,"['dp', 'prefix sum', 'difference array', 'combinatorics']",4,https://atcoder.jp/contests/abc200/tasks/abc200_e,https://atcoder-tagged-backend.onrender.com/problems/all,2.3.0-sponsor-abc-kenkoooo-diff,ja,2026-06-04T18:46:05.900291+00:00,66.647,,,,
atcoder,abc,public_sponsored_abc,kyocera,abc200,京セラプログラミングコンテスト2021（AtCoder Beginner Contest 200）,2021,,1620475200.0,2021.0,abc200_f,F,Minflip Summation,F. Minflip Summation,2556.0,768,"['combinatorics', 'modular arithmetic', 'contribution counting', 'string', 'observation']",5,https://atcoder.jp/contests/abc200/tasks/abc200_f,https://atcoder-tagged-backend.onrender.com/problems/all,2.3.0-sponsor-abc-kenkoooo-diff,ja,2026-06-04T18:46:05.900291+00:00,78.508,,,,
atcoder,abc,public_sponsored_abc,panasonic,abc203,AtCoder Beginner Contest 203（Sponsored by Panasonic）,2021,,1622376000.0,2021.0,abc203_a,A,Chinchirorin,A. Chinchirorin,-1276.0,17936,"['implementation', 'conditional']",2,https://atcoder.jp/contests/abc203/tasks/abc203_a,https://atcoder-tagged-backend.onrender.com/problems/all,2.3.0-sponsor-abc-kenkoooo-diff,ja,2026-06-04T18:46:05.900291+00:00,2.881,,,,
atcoder,abc,public_sponsored_abc,panasonic,abc203,AtCoder Beginner Contest 203（Sponsored by Panasonic）,2021,,1622376000.0,2021.0,abc203_b,B,AtCoder Condominium,B. AtCoder Condominium,-997.0,16417,"['implementation', 'math', 'sum']",3,https://atcoder.jp/contests/abc203/tasks/abc203_b,https://atcoder-tagged-backend.onrender.com/problems/all,2.3.0-sponsor-abc-kenkoooo-diff,ja,2026-06-04T18:46:05.900291+00:00,8.388,,,,
atcoder,abc,public_sponsored_abc,panasonic,abc203,AtCoder Beginner Contest 203（Sponsored by Panasonic）,2021,,1622376000.0,2021.0,abc203_c,C,Friends and Travel costs,C. Friends and Travel costs,54.0,12933,"['greedy', 'sorting', 'simulation']",3,https://atcoder.jp/contests/abc203/tasks/abc203_c,https://atcoder-tagged-backend.onrender.com/problems/all,2.3.0-sponsor-abc-kenkoooo-diff,ja,2026-06-04T18:46:05.900291+00:00,29.13,,,,
atcoder,abc,public_sponsored_abc,panasonic,abc203,AtCoder Beginner Contest 203（Sponsored by Panasonic）,2021,,1622376000.0,2021.0,abc203_d,D,Pond,D. Pond,1622.0,5201,"['binary search', '2d prefix sum', 'median']",3,https://atcoder.jp/contests/abc203/tasks/abc203_d,https://atcoder-tagged-backend.onrender.com/problems/all,2.3.0-sponsor-abc-kenkoooo-diff,ja,2026-06-04T18:46:05.900291+00:00,60.075,,,,
atcoder,abc,public_sponsored_abc,panasonic,abc203,AtCoder Beginner Contest 203（Sponsored by Panasonic）,2021,,1622376000.0,2021.0,abc203_e,E,White Pawn,E. White Pawn,1750.0,2636,"['set', 'sorting', 'reachability', 'simulation', 'incremental']",5,https://atcoder.jp/contests/abc203/tasks/abc203_e,https://atcoder-tagged-backend.onrender.com/problems/all,2.3.0-sponsor-abc-kenkoooo-diff,ja,2026-06-04T18:46:05.900291+00:00,62.601,,,,
atcoder,abc,public_sponsored_abc,panasonic,abc203,AtCoder Beginner Contest 203（Sponsored by Panasonic）,2021,,1622376000.0,2021.0,abc203_f,F,Weed,F. Weed,2252.0,1419,"['dp', 'sorting', 'binary search', 'complexity analysis']",4,https://atcoder.jp/contests/abc203/tasks/abc203_f,https://atcoder-tagged-backend.onrender.com/problems/all,2.3.0-sponsor-abc-kenkoooo-diff,ja,2026-06-04T18:46:05.900291+00:00,72.508,,,,
atcoder,abc,public_sponsored_abc,panasonic,abc206,AtCoder Beginner Contest 206（Sponsored by Panasonic）,2021,,1624104000.0,2021.0,abc206_a,A,Maxi-Buying,A. Maxi-Buying,-1335.0,17888,"['math', 'conditional', 'comparison']",3,https://atcoder.jp/contests/abc206/tasks/abc206_a,https://atcoder-tagged-backend.onrender.com/problems/all,2.3.0-sponsor-abc-kenkoooo-diff,ja,2026-06-04T18:46:05.900291+00:00,1.717,,,,
atcoder,abc,public_sponsored_abc,panasonic,abc206,AtCoder Beginner Contest 206（Sponsored by Panasonic）,2021,,1624104000.0,2021.0,abc206_b,B,Savings,B. Savings,-946.0,18952,"['math', 'simulation', 'arithmetic progression']",3,https://atcoder.jp/contests/abc206/tasks/abc206_b,https://atcoder-tagged-backend.onrender.com/problems/all,2.3.0-sponsor-abc-kenkoooo-diff,ja,2026-06-04T18:46:05.900291+00:00,9.394,,,,
atcoder,abc,public_sponsored_abc,panasonic,abc206,AtCoder Beginner Contest 206（Sponsored by Panasonic）,2021,,1624104000.0,2021.0,abc206_c,C,Swappable,C. Swappable,60.0,15605,"['combinatorics', 'counting', 'map', 'sorting']",4,https://atcoder.jp/contests/abc206/tasks/abc206_c,https://atcoder-tagged-backend.onrender.com/problems/all,2.3.0-sponsor-abc-kenkoooo-diff,ja,2026-06-04T18:46:05.900291+00:00,29.248,,,,
atcoder,abc,public_sponsored_abc,panasonic,abc206,AtCoder Beginner Contest 206（Sponsored by Panasonic）,2021,,1624104000.0,2021.0,abc206_d,D,KAIBUNsyo,D. KAIBUNsyo,879.0,8463,"['graph', 'connected components', 'dsu']",3,https://atcoder.jp/contests/abc206/tasks/abc206_d,https://atcoder-tagged-backend.onrender.com/problems/all,2.3.0-sponsor-abc-kenkoooo-diff,ja,2026-06-04T18:46:05.900291+00:00,45.411,,,,
atcoder,abc,public_sponsored_abc,panasonic,abc206,AtCoder Beginner Contest 206（Sponsored by Panasonic）,2021,,1624104000.0,2021.0,abc206_e,E,Divide Both,E. Divide Both,1745.0,2912,"['number theory', 'inclusion exclusion', 'prime sieve', 'gcd', 'counting']",5,https://atcoder.jp/contests/abc206/tasks/abc206_e,https://atcoder-tagged-backend.onrender.com/problems/all,2.3.0-sponsor-abc-kenkoooo-diff,ja,2026-06-04T18:46:05.900291+00:00,62.502,,,,
atcoder,abc,public_sponsored_abc,panasonic,abc206,AtCoder Beginner Contest 206（Sponsored by Panasonic）,2021,,1624104000.0,2021.0,abc206_f,F,Interval Game 2,F. Interval Game 2,2221.0,1366,"['game theory', 'sprague grundy', 'dp', 'xor', 'mex', 'interval']",6,https://atcoder.jp/contests/abc206/tasks/abc206_f,https://atcoder-tagged-backend.onrender.com/problems/all,2.3.0-sponsor-abc-kenkoooo-diff,ja,2026-06-04T18:46:05.900291+00:00,71.897,,,,
atcoder,abc,public_sponsored_abc,keyence,abc227,キーエンスプログラミングコンテスト2021-Nov. (AtCoder Beginner Contest 227),2021,,1636804800.0,2021.0,abc227_a,A,Last Card,A. Last Card,-779.0,12013,"['math', 'implementation', 'modular arithmetic']",3,https://atcoder.jp/contests/abc227/tasks/abc227_a,https://atcoder-tagged-backend.onrender.com/problems/all,2.3.0-sponsor-abc-kenkoooo-diff,ja,2026-06-04T18:46:05.900291+00:00,12.69,,,,
atcoder,abc,public_sponsored_abc,keyence,abc227,キーエンスプログラミングコンテスト2021-Nov. (AtCoder Beginner Contest 227),2021,,1636804800.0,2021.0,abc227_b,B,KEYENCE building,B. KEYENCE building,-634.0,10567,"['brute force', 'implementation', 'set']",3,https://atcoder.jp/contests/abc227/tasks/abc227_b,https://atcoder-tagged-backend.onrender.com/problems/all,2.3.0-sponsor-abc-kenkoooo-diff,ja,2026-06-04T18:46:05.900291+00:00,15.552,,,,
atcoder,abc,public_sponsored_abc,keyence,abc227,キーエンスプログラミングコンテスト2021-Nov. (AtCoder Beginner Contest 227),2021,,1636804800.0,2021.0,abc227_c,C,ABC conjecture,C. ABC conjecture,692.0,8562,"['counting', 'enumeration', 'math', 'number theory']",4,https://atcoder.jp/contests/abc227/tasks/abc227_c,https://atcoder-tagged-backend.onrender.com/problems/all,2.3.0-sponsor-abc-kenkoooo-diff,ja,2026-06-04T18:46:05.900291+00:00,41.721,,,,
atcoder,abc,public_sponsored_abc,keyence,abc227,キーエンスプログラミングコンテスト2021-Nov. (AtCoder Beginner Contest 227),2021,,1636804800.0,2021.0,abc227_d,D,Project Planning,D. Project Planning,1643.0,4738,"['binary search', 'greedy', 'implementation']",3,https://atcoder.jp/contests/abc227/tasks/abc227_d,https://atcoder-tagged-backend.onrender.com/problems/all,2.3.0-sponsor-abc-kenkoooo-diff,ja,2026-06-04T18:46:05.900291+00:00,60.489,,,,
atcoder,abc,public_sponsored_abc,keyence,abc227,キーエンスプログラミングコンテスト2021-Nov. (AtCoder Beginner Contest 227),2021,,1636804800.0,2021.0,abc227_e,E,Swap,E. Swap,2377.0,1601,"['dp', 'counting', 'combinatorics', 'permutation']",4,https://atcoder.jp/contests/abc227/tasks/abc227_e,https://atcoder-tagged-backend.onrender.com/problems/all,2.3.0-sponsor-abc-kenkoooo-diff,ja,2026-06-04T18:46:05.900291+00:00,74.975,,,,
atcoder,abc,public_sponsored_abc,keyence,abc227,キーエンスプログラミングコンテスト2021-Nov. (AtCoder Beginner Contest 227),2021,,1636804800.0,2021.0,abc227_f,F,Treasure Hunting,F. Treasure Hunting,2323.0,1270,"['dp', 'dp on grids', 'enumeration', 'binary search on answer']",4,https://atcoder.jp/contests/abc227/tasks/abc227_f,https://atcoder-tagged-backend.onrender.com/problems/all,2.3.0-sponsor-abc-kenkoooo-diff,ja,2026-06-04T18:46:05.900291+00:00,73.91,,,,
atcoder,abc,public_sponsored_abc,keyence,abc227,キーエンスプログラミングコンテスト2021-Nov. (AtCoder Beginner Contest 227),2021,,1636804800.0,2021.0,abc227_g,G,Divisors of Binomial Coefficient,G. Divisors of Binomial Coefficient,2207.0,1368,"['prime factorization', 'prime sieve', 'number theory', 'binomial coefficient', 'divisors']",5,https://atcoder.jp/contests/abc227/tasks/abc227_g,https://atcoder-tagged-backend.onrender.com/problems/all,2.3.0-sponsor-abc-kenkoooo-diff,ja,2026-06-04T18:46:05.900291+00:00,71.62,,,,
atcoder,abc,public_sponsored_abc,keyence,abc227,キーエンスプログラミングコンテスト2021-Nov. (AtCoder Beginner Contest 227),2021,,1636804800.0,2021.0,abc227_h,H,Eat Them All,H. Eat Them All,3229.0,187,"['graph theory', 'spanning tree', 'max flow', 'euler tour']",4,https://atcoder.jp/contests/abc227/tasks/abc227_h,https://atcoder-tagged-backend.onrender.com/problems/all,2.3.0-sponsor-abc-kenkoooo-diff,ja,2026-06-04T18:46:05.900291+00:00,91.79,,,,
atcoder,abc,public_sponsored_abc,toyota,abc228,トヨタシステムズプログラミングコンテスト2021(AtCoder Beginner Contest 228),2021,,1637409600.0,2021.0,abc228_a,A,On and Off,A. On and Off,-395.0,13054,"['case work', 'conditional', 'implementation', 'time']",4,https://atcoder.jp/contests/abc228/tasks/abc228_a,https://atcoder-tagged-backend.onrender.com/problems/all,2.3.0-sponsor-abc-kenkoooo-diff,ja,2026-06-04T18:46:05.900291+00:00,20.268,,,,
atcoder,abc,public_sponsored_abc,toyota,abc228,トヨタシステムズプログラミングコンテスト2021(AtCoder Beginner Contest 228),2021,,1637409600.0,2021.0,abc228_b,B,Takahashi's Secret,B. Takahashi's Secret,-229.0,11772,"['simulation', 'array', 'tracking']",3,https://atcoder.jp/contests/abc228/tasks/abc228_b,https://atcoder-tagged-backend.onrender.com/problems/all,2.3.0-sponsor-abc-kenkoooo-diff,ja,2026-06-04T18:46:05.900291+00:00,23.545,,,,
atcoder,abc,public_sponsored_abc,toyota,abc228,トヨタシステムズプログラミングコンテスト2021(AtCoder Beginner Contest 228),2021,,1637409600.0,2021.0,abc228_c,C,Final Day,C. Final Day,149.0,10356,"['greedy', 'implementation', 'sorting']",3,https://atcoder.jp/contests/abc228/tasks/abc228_c,https://atcoder-tagged-backend.onrender.com/problems/all,2.3.0-sponsor-abc-kenkoooo-diff,ja,2026-06-04T18:46:05.900291+00:00,31.005,,,,
atcoder,abc,public_sponsored_abc,toyota,abc228,トヨタシステムズプログラミングコンテスト2021(AtCoder Beginner Contest 228),2021,,1637409600.0,2021.0,abc228_d,D,Linear Probing,D. Linear Probing,1035.0,5784,"['dsu', 'hash map', 'data structure']",3,https://atcoder.jp/contests/abc228/tasks/abc228_d,https://atcoder-tagged-backend.onrender.com/problems/all,2.3.0-sponsor-abc-kenkoooo-diff,ja,2026-06-04T18:46:05.900291+00:00,48.49,,,,
atcoder,abc,public_sponsored_abc,toyota,abc228,トヨタシステムズプログラミングコンテスト2021(AtCoder Beginner Contest 228),2021,,1637409600.0,2021.0,abc228_e,E,Integer Sequence Fair,E. Integer Sequence Fair,1579.0,4053,"['modular exponentiation', 'fermat little theorem', 'modular arithmetic', 'number theory']",4,https://atcoder.jp/contests/abc228/tasks/abc228_e,https://atcoder-tagged-backend.onrender.com/problems/all,2.3.0-sponsor-abc-kenkoooo-diff,ja,2026-06-04T18:46:05.900291+00:00,59.226,,,,
atcoder,abc,public_sponsored_abc,toyota,abc228,トヨタシステムズプログラミングコンテスト2021(AtCoder Beginner Contest 228),2021,,1637409600.0,2021.0,abc228_f,F,Stamp Game,F. Stamp Game,2179.0,1147,"['2d prefix sum', 'sliding window', 'game theory', 'grid', 'deque optimization']",5,https://atcoder.jp/contests/abc228/tasks/abc228_f,https://atcoder-tagged-backend.onrender.com/problems/all,2.3.0-sponsor-abc-kenkoooo-diff,ja,2026-06-04T18:46:05.900291+00:00,71.068,,,,
atcoder,abc,public_sponsored_abc,toyota,abc228,トヨタシステムズプログラミングコンテスト2021(AtCoder Beginner Contest 228),2021,,1637409600.0,2021.0,abc228_g,G,Digits on Grid,G. Digits on Grid,2711.0,553,"['bipartite graph', 'dp', 'bitmask dp']",3,https://atcoder.jp/contests/abc228/tasks/abc228_g,https://atcoder-tagged-backend.onrender.com/problems/all,2.3.0-sponsor-abc-kenkoooo-diff,ja,2026-06-04T18:46:05.900291+00:00,81.567,,,,
atcoder,abc,public_sponsored_abc,toyota,abc228,トヨタシステムズプログラミングコンテスト2021(AtCoder Beginner Contest 228),2021,,1637409600.0,2021.0,abc228_h,H,Histogram,H. Histogram,2729.0,538,"['dp', 'convex hull trick', 'sorting', 'optimization']",4,https://atcoder.jp/contests/abc228/tasks/abc228_h,https://atcoder-tagged-backend.onrender.com/problems/all,2.3.0-sponsor-abc-kenkoooo-diff,ja,2026-06-04T18:46:05.900291+00:00,81.922,,,,
atcoder,abc,public_sponsored_abc,nec,abc229,NECプログラミングコンテスト2021(AtCoder Beginner Contest 229),2021,,1638014400.0,2021.0,abc229_a,A,First Grid,A. First Grid,-721.0,12735,"['implementation', 'string', 'conditional', 'grid']",4,https://atcoder.jp/contests/abc229/tasks/abc229_a,https://atcoder-tagged-backend.onrender.com/problems/all,2.3.0-sponsor-abc-kenkoooo-diff,ja,2026-06-04T18:46:05.900291+00:00,13.835,,,,
atcoder,abc,public_sponsored_abc,nec,abc229,NECプログラミングコンテスト2021(AtCoder Beginner Contest 229),2021,,1638014400.0,2021.0,abc229_b,B,Hard Calculation,B. Hard Calculation,-501.0,12163,"['digit', 'implementation', 'math']",3,https://atcoder.jp/contests/abc229/tasks/abc229_b,https://atcoder-tagged-backend.onrender.com/problems/all,2.3.0-sponsor-abc-kenkoooo-diff,ja,2026-06-04T18:46:05.900291+00:00,18.176,,,,
atcoder,abc,public_sponsored_abc,nec,abc229,NECプログラミングコンテスト2021(AtCoder Beginner Contest 229),2021,,1638014400.0,2021.0,abc229_c,C,Cheese,C. Cheese,45.0,11502,"['greedy', 'optimization', 'sorting']",3,https://atcoder.jp/contests/abc229/tasks/abc229_c,https://atcoder-tagged-backend.onrender.com/problems/all,2.3.0-sponsor-abc-kenkoooo-diff,ja,2026-06-04T18:46:05.900291+00:00,28.952,,,,
atcoder,abc,public_sponsored_abc,nec,abc229,NECプログラミングコンテスト2021(AtCoder Beginner Contest 229),2021,,1638014400.0,2021.0,abc229_d,D,Longest X,D. Longest X,745.0,8358,"['sliding window', 'two pointer', 'prefix sum']",3,https://atcoder.jp/contests/abc229/tasks/abc229_d,https://atcoder-tagged-backend.onrender.com/problems/all,2.3.0-sponsor-abc-kenkoooo-diff,ja,2026-06-04T18:46:05.900291+00:00,42.767,,,,
atcoder,abc,public_sponsored_abc,nec,abc229,NECプログラミングコンテスト2021(AtCoder Beginner Contest 229),2021,,1638014400.0,2021.0,abc229_e,E,Graph Destruction,E. Graph Destruction,1015.0,5986,"['connected components', 'dsu', 'graph', 'implementation', 'offline processing', 'reversal']",6,https://atcoder.jp/contests/abc229/tasks/abc229_e,https://atcoder-tagged-backend.onrender.com/problems/all,2.3.0-sponsor-abc-kenkoooo-diff,ja,2026-06-04T18:46:05.900291+00:00,48.096,,,,
atcoder,abc,public_sponsored_abc,nec,abc229,NECプログラミングコンテスト2021(AtCoder Beginner Contest 229),2021,,1638014400.0,2021.0,abc229_f,F,Make Bipartite,F. Make Bipartite,1917.0,2169,"['bipartite graph', 'dp', 'graph theory', 'implementation']",4,https://atcoder.jp/contests/abc229/tasks/abc229_f,https://atcoder-tagged-backend.onrender.com/problems/all,2.3.0-sponsor-abc-kenkoooo-diff,ja,2026-06-04T18:46:05.900291+00:00,65.897,,,,
atcoder,abc,public_sponsored_abc,nec,abc229,NECプログラミングコンテスト2021(AtCoder Beginner Contest 229),2021,,1638014400.0,2021.0,abc229_g,G,Longest Y,G. Longest Y,2121.0,1350,"['binary search', 'median', 'prefix sum', 'coordinate geometry']",4,https://atcoder.jp/contests/abc229/tasks/abc229_g,https://atcoder-tagged-backend.onrender.com/problems/all,2.3.0-sponsor-abc-kenkoooo-diff,ja,2026-06-04T18:46:05.900291+00:00,69.923,,,,
atcoder,abc,public_sponsored_abc,nec,abc229,NECプログラミングコンテスト2021(AtCoder Beginner Contest 229),2021,,1638014400.0,2021.0,abc229_h,H,Advance or Eat,H. Advance or Eat,3308.0,172,"['game theory', 'partisan game', 'sprague grundy', 'dag', 'dp', 'evaluation']",6,https://atcoder.jp/contests/abc229/tasks/abc229_h,https://atcoder-tagged-backend.onrender.com/problems/all,2.3.0-sponsor-abc-kenkoooo-diff,ja,2026-06-04T18:46:05.900291+00:00,93.349,,,,
atcoder,abc,public_sponsored_abc,panasonic,abc231,パナソニックプログラミングコンテスト2021(AtCoder Beginner Contest 231),2021,,1639224000.0,2021.0,abc231_a,A,Water Pressure,A. Water Pressure,-1422.0,16945,"['implementation', 'math']",2,https://atcoder.jp/contests/abc231/tasks/abc231_a,https://atcoder-tagged-backend.onrender.com/problems/all,2.3.0-sponsor-abc-kenkoooo-diff,ja,2026-06-04T18:46:05.900291+00:00,0.0,,,,
atcoder,abc,public_sponsored_abc,panasonic,abc231,パナソニックプログラミングコンテスト2021(AtCoder Beginner Contest 231),2021,,1639224000.0,2021.0,abc231_b,B,Election,B. Election,-535.0,12728,"['counting', 'implementation', 'search', 'string']",4,https://atcoder.jp/contests/abc231/tasks/abc231_b,https://atcoder-tagged-backend.onrender.com/problems/all,2.3.0-sponsor-abc-kenkoooo-diff,ja,2026-06-04T18:46:05.900291+00:00,17.505,,,,
atcoder,abc,public_sponsored_abc,panasonic,abc231,パナソニックプログラミングコンテスト2021(AtCoder Beginner Contest 231),2021,,1639224000.0,2021.0,abc231_c,C,Counting 2,C. Counting 2,111.0,12717,"['binary search', 'implementation', 'query', 'sorting']",4,https://atcoder.jp/contests/abc231/tasks/abc231_c,https://atcoder-tagged-backend.onrender.com/problems/all,2.3.0-sponsor-abc-kenkoooo-diff,ja,2026-06-04T18:46:05.900291+00:00,30.255,,,,
atcoder,abc,public_sponsored_abc,panasonic,abc231,パナソニックプログラミングコンテスト2021(AtCoder Beginner Contest 231),2021,,1639224000.0,2021.0,abc231_d,D,Neighbors,D. Neighbors,726.0,7645,"['connected components', 'cycle', 'degree', 'graph', 'implementation']",5,https://atcoder.jp/contests/abc231/tasks/abc231_d,https://atcoder-tagged-backend.onrender.com/problems/all,2.3.0-sponsor-abc-kenkoooo-diff,ja,2026-06-04T18:46:05.900291+00:00,42.392,,,,
atcoder,abc,public_sponsored_abc,panasonic,abc231,パナソニックプログラミングコンテスト2021(AtCoder Beginner Contest 231),2021,,1639224000.0,2021.0,abc231_e,E,Minimal payments,E. Minimal payments,1740.0,2821,"['dp', 'greedy', 'number theory', 'optimization']",4,https://atcoder.jp/contests/abc231/tasks/abc231_e,https://atcoder-tagged-backend.onrender.com/problems/all,2.3.0-sponsor-abc-kenkoooo-diff,ja,2026-06-04T18:46:05.900291+00:00,62.404,,,,
atcoder,abc,public_sponsored_abc,panasonic,abc231,パナソニックプログラミングコンテスト2021(AtCoder Beginner Contest 231),2021,,1639224000.0,2021.0,abc231_f,F,Jealous Two,F. Jealous Two,1580.0,3080,"['coordinate compression', 'sorting', 'segment tree', '2d range counting', 'offline processing']",5,https://atcoder.jp/contests/abc231/tasks/abc231_f,https://atcoder-tagged-backend.onrender.com/problems/all,2.3.0-sponsor-abc-kenkoooo-diff,ja,2026-06-04T18:46:05.900291+00:00,59.246,,,,
atcoder,abc,public_sponsored_abc,panasonic,abc231,パナソニックプログラミングコンテスト2021(AtCoder Beginner Contest 231),2021,,1639224000.0,2021.0,abc231_g,G,Balls in Boxes,G. Balls in Boxes,2606.0,845,"['expectation', 'polynomial', 'dp', 'combinatorics', 'modular arithmetic']",5,https://atcoder.jp/contests/abc231/tasks/abc231_g,https://atcoder-tagged-backend.onrender.com/problems/all,2.3.0-sponsor-abc-kenkoooo-diff,ja,2026-06-04T18:46:05.900291+00:00,79.495,,,,
atcoder,abc,public_sponsored_abc,panasonic,abc231,パナソニックプログラミングコンテスト2021(AtCoder Beginner Contest 231),2021,,1639224000.0,2021.0,abc231_h,H,Minimum Coloring,H. Minimum Coloring,2681.0,501,"['edge', 'bipartite matching', 'min cost flow', 'graph theory']",4,https://atcoder.jp/contests/abc231/tasks/abc231_h,https://atcoder-tagged-backend.onrender.com/problems/all,2.3.0-sponsor-abc-kenkoooo-diff,ja,2026-06-04T18:46:05.900291+00:00,80.975,,,,
atcoder,abc,public_sponsored_abc,hhkb,abc235,HHKB プログラミングコンテスト 2022（AtCoder Beginner Contest 235）,2022,,1642248000.0,2022.0,abc235_a,A,Rotate,A. Rotate,-1104.0,16336,"['math', 'digit', 'implementation', 'string']",4,https://atcoder.jp/contests/abc235/tasks/abc235_a,https://atcoder-tagged-backend.onrender.com/problems/all,2.3.0-sponsor-abc-kenkoooo-diff,ja,2026-06-04T18:46:05.900291+00:00,6.276,,,,
atcoder,abc,public_sponsored_abc,hhkb,abc235,HHKB プログラミングコンテスト 2022（AtCoder Beginner Contest 235）,2022,,1642248000.0,2022.0,abc235_b,B,Climbing Takahashi,B. Climbing Takahashi,-806.0,14469,"['conditional', 'implementation', 'simulation']",3,https://atcoder.jp/contests/abc235/tasks/abc235_b,https://atcoder-tagged-backend.onrender.com/problems/all,2.3.0-sponsor-abc-kenkoooo-diff,ja,2026-06-04T18:46:05.900291+00:00,12.157,,,,
atcoder,abc,public_sponsored_abc,hhkb,abc235,HHKB プログラミングコンテスト 2022（AtCoder Beginner Contest 235）,2022,,1642248000.0,2022.0,abc235_c,C,The Kth Time Query,C. The Kth Time Query,210.0,11860,"['data structure', 'implementation', 'query']",3,https://atcoder.jp/contests/abc235/tasks/abc235_c,https://atcoder-tagged-backend.onrender.com/problems/all,2.3.0-sponsor-abc-kenkoooo-diff,ja,2026-06-04T18:46:05.900291+00:00,32.208,,,,
atcoder,abc,public_sponsored_abc,hhkb,abc235,HHKB プログラミングコンテスト 2022（AtCoder Beginner Contest 235）,2022,,1642248000.0,2022.0,abc235_d,D,Multiply and Rotate,D. Multiply and Rotate,862.0,7644,"['bfs', 'graph theory', 'shortest path', 'number theory', 'string', 'search']",6,https://atcoder.jp/contests/abc235/tasks/abc235_d,https://atcoder-tagged-backend.onrender.com/problems/all,2.3.0-sponsor-abc-kenkoooo-diff,ja,2026-06-04T18:46:05.900291+00:00,45.076,,,,
atcoder,abc,public_sponsored_abc,hhkb,abc235,HHKB プログラミングコンテスト 2022（AtCoder Beginner Contest 235）,2022,,1642248000.0,2022.0,abc235_e,E,MST + 1,E. MST + 1,1304.0,5092,"['minimum spanning tree', 'kruskal', 'dsu', 'parallel processing']",4,https://atcoder.jp/contests/abc235/tasks/abc235_e,https://atcoder-tagged-backend.onrender.com/problems/all,2.3.0-sponsor-abc-kenkoooo-diff,ja,2026-06-04T18:46:05.900291+00:00,53.799,,,,
atcoder,abc,public_sponsored_abc,hhkb,abc235,HHKB プログラミングコンテスト 2022（AtCoder Beginner Contest 235）,2022,,1642248000.0,2022.0,abc235_f,F,Variety of Digits,F. Variety of Digits,2129.0,1653,"['digit dp', 'bitmask dp', 'dp']",3,https://atcoder.jp/contests/abc235/tasks/abc235_f,https://atcoder-tagged-backend.onrender.com/problems/all,2.3.0-sponsor-abc-kenkoooo-diff,ja,2026-06-04T18:46:05.900291+00:00,70.081,,,,
atcoder,abc,public_sponsored_abc,hhkb,abc235,HHKB プログラミングコンテスト 2022（AtCoder Beginner Contest 235）,2022,,1642248000.0,2022.0,abc235_g,G,Gardens,G. Gardens,2462.0,974,"['inclusion exclusion', 'combinatorics', 'dp', 'modular arithmetic']",4,https://atcoder.jp/contests/abc235/tasks/abc235_g,https://atcoder-tagged-backend.onrender.com/problems/all,2.3.0-sponsor-abc-kenkoooo-diff,ja,2026-06-04T18:46:05.900291+00:00,76.653,,,,
atcoder,abc,public_sponsored_abc,hhkb,abc235,HHKB プログラミングコンテスト 2022（AtCoder Beginner Contest 235）,2022,,1642248000.0,2022.0,abc235_h,Ex,Painting Weighted Graph,Ex. Painting Weighted Graph,2967.0,313,"['minimum spanning tree', 'dp on trees', 'dp', 'dsu', 'polynomial']",5,https://atcoder.jp/contests/abc235/tasks/abc235_h,https://atcoder-tagged-backend.onrender.com/problems/all,2.3.0-sponsor-abc-kenkoooo-diff,ja,2026-06-04T18:46:05.900291+00:00,86.619,,,,
atcoder,abc,public_sponsored_abc,denso,abc239,デンソークリエイトプログラミングコンテスト2022（AtCoder Beginner Contest 239）,2022,,1645272000.0,2022.0,abc239_a,A,Horizon,A. Horizon,-788.0,14028,"['math', 'implementation', 'data types']",3,https://atcoder.jp/contests/abc239/tasks/abc239_a,https://atcoder-tagged-backend.onrender.com/problems/all,2.3.0-sponsor-abc-kenkoooo-diff,ja,2026-06-04T18:46:05.900291+00:00,12.512,,,,
atcoder,abc,public_sponsored_abc,denso,abc239,デンソークリエイトプログラミングコンテスト2022（AtCoder Beginner Contest 239）,2022,,1645272000.0,2022.0,abc239_b,B,Integer Division,B. Integer Division,-378.0,12468,"['math', 'implementation']",2,https://atcoder.jp/contests/abc239/tasks/abc239_b,https://atcoder-tagged-backend.onrender.com/problems/all,2.3.0-sponsor-abc-kenkoooo-diff,ja,2026-06-04T18:46:05.900291+00:00,20.604,,,,
atcoder,abc,public_sponsored_abc,denso,abc239,デンソークリエイトプログラミングコンテスト2022（AtCoder Beginner Contest 239）,2022,,1645272000.0,2022.0,abc239_c,C,Knight Fork,C. Knight Fork,119.0,10534,"['geometry', 'euclidean distance', 'lattice points', 'brute force', 'observation']",5,https://atcoder.jp/contests/abc239/tasks/abc239_c,https://atcoder-tagged-backend.onrender.com/problems/all,2.3.0-sponsor-abc-kenkoooo-diff,ja,2026-06-04T18:46:05.900291+00:00,30.412,,,,
atcoder,abc,public_sponsored_abc,denso,abc239,デンソークリエイトプログラミングコンテスト2022（AtCoder Beginner Contest 239）,2022,,1645272000.0,2022.0,abc239_d,D,Prime Sum Game,D. Prime Sum Game,215.0,9957,"['brute force', 'game theory', 'number theory', 'primality test']",4,https://atcoder.jp/contests/abc239/tasks/abc239_d,https://atcoder-tagged-backend.onrender.com/problems/all,2.3.0-sponsor-abc-kenkoooo-diff,ja,2026-06-04T18:46:05.900291+00:00,32.307,,,,
atcoder,abc,public_sponsored_abc,denso,abc239,デンソークリエイトプログラミングコンテスト2022（AtCoder Beginner Contest 239）,2022,,1645272000.0,2022.0,abc239_e,E,Subtree K-th Max,E. Subtree K-th Max,1084.0,5944,"['dfs', 'implementation', 'tree', 'dp on trees']",4,https://atcoder.jp/contests/abc239/tasks/abc239_e,https://atcoder-tagged-backend.onrender.com/problems/all,2.3.0-sponsor-abc-kenkoooo-diff,ja,2026-06-04T18:46:05.900291+00:00,49.457,,,,
atcoder,abc,public_sponsored_abc,denso,abc239,デンソークリエイトプログラミングコンテスト2022（AtCoder Beginner Contest 239）,2022,,1645272000.0,2022.0,abc239_f,F,Construct Highway,F. Construct Highway,1959.0,1994,"['graph theory', 'tree', 'degree', 'connected components', 'greedy', 'dsu']",6,https://atcoder.jp/contests/abc239/tasks/abc239_f,https://atcoder-tagged-backend.onrender.com/problems/all,2.3.0-sponsor-abc-kenkoooo-diff,ja,2026-06-04T18:46:05.900291+00:00,66.726,,,,
atcoder,abc,public_sponsored_abc,denso,abc239,デンソークリエイトプログラミングコンテスト2022（AtCoder Beginner Contest 239）,2022,,1645272000.0,2022.0,abc239_g,G,Builder Takahashi,G. Builder Takahashi,2215.0,1336,"['min cut', 'max flow', 'vertex', 'flow']",4,https://atcoder.jp/contests/abc239/tasks/abc239_g,https://atcoder-tagged-backend.onrender.com/problems/all,2.3.0-sponsor-abc-kenkoooo-diff,ja,2026-06-04T18:46:05.900291+00:00,71.778,,,,
atcoder,abc,public_sponsored_abc,denso,abc239,デンソークリエイトプログラミングコンテスト2022（AtCoder Beginner Contest 239）,2022,,1645272000.0,2022.0,abc239_h,Ex,Dice Product 2,Ex. Dice Product 2,2686.0,714,"['dp', 'expectation', 'modular arithmetic', 'math', 'memoization']",5,https://atcoder.jp/contests/abc239/tasks/abc239_h,https://atcoder-tagged-backend.onrender.com/problems/all,2.3.0-sponsor-abc-kenkoooo-diff,ja,2026-06-04T18:46:05.900291+00:00,81.074,,,,
atcoder,abc,public_sponsored_abc,panasonic,abc241,AtCoder Beginner Contest 241（Sponsored by Panasonic）,2022,,1645876800.0,2022.0,abc241_a,A,Digit Machine,A. Digit Machine,-923.0,16270,"['simulation', 'implementation', 'array']",3,https://atcoder.jp/contests/abc241/tasks/abc241_a,https://atcoder-tagged-backend.onrender.com/problems/all,2.3.0-sponsor-abc-kenkoooo-diff,ja,2026-06-04T18:46:05.900291+00:00,9.848,,,,
atcoder,abc,public_sponsored_abc,panasonic,abc241,AtCoder Beginner Contest 241（Sponsored by Panasonic）,2022,,1645876800.0,2022.0,abc241_b,B,Pasta,B. Pasta,-503.0,14997,"['counting', 'implementation', 'matching']",3,https://atcoder.jp/contests/abc241/tasks/abc241_b,https://atcoder-tagged-backend.onrender.com/problems/all,2.3.0-sponsor-abc-kenkoooo-diff,ja,2026-06-04T18:46:05.900291+00:00,18.137,,,,
atcoder,abc,public_sponsored_abc,panasonic,abc241,AtCoder Beginner Contest 241（Sponsored by Panasonic）,2022,,1645876800.0,2022.0,abc241_c,C,Connect 6,C. Connect 6,664.0,9400,"['grid', 'brute force', 'enumeration', 'implementation', '2d array']",5,https://atcoder.jp/contests/abc241/tasks/abc241_c,https://atcoder-tagged-backend.onrender.com/problems/all,2.3.0-sponsor-abc-kenkoooo-diff,ja,2026-06-04T18:46:05.900291+00:00,41.168,,,,
atcoder,abc,public_sponsored_abc,panasonic,abc241,AtCoder Beginner Contest 241（Sponsored by Panasonic）,2022,,1645876800.0,2022.0,abc241_d,D,Sequence Query,D. Sequence Query,1177.0,7331,"['data structure', 'order statistic tree', 'multiset', 'binary indexed tree', 'segment tree', 'binary search', 'coordinate compression', 'query']",8,https://atcoder.jp/contests/abc241/tasks/abc241_d,https://atcoder-tagged-backend.onrender.com/problems/all,2.3.0-sponsor-abc-kenkoooo-diff,ja,2026-06-04T18:46:05.900291+00:00,51.293,,,,
atcoder,abc,public_sponsored_abc,panasonic,abc241,AtCoder Beginner Contest 241（Sponsored by Panasonic）,2022,,1645876800.0,2022.0,abc241_e,E,Putting Candies,E. Putting Candies,1248.0,5174,"['cycle', 'binary lifting', 'modular arithmetic', 'functional graph']",4,https://atcoder.jp/contests/abc241/tasks/abc241_e,https://atcoder-tagged-backend.onrender.com/problems/all,2.3.0-sponsor-abc-kenkoooo-diff,ja,2026-06-04T18:46:05.900291+00:00,52.694,,,,
atcoder,abc,public_sponsored_abc,panasonic,abc241,AtCoder Beginner Contest 241（Sponsored by Panasonic）,2022,,1645876800.0,2022.0,abc241_f,F,Skate,F. Skate,1888.0,2325,"['bfs', 'data structure', 'graph', 'grid', 'shortest path']",5,https://atcoder.jp/contests/abc241/tasks/abc241_f,https://atcoder-tagged-backend.onrender.com/problems/all,2.3.0-sponsor-abc-kenkoooo-diff,ja,2026-06-04T18:46:05.900291+00:00,65.325,,,,
atcoder,abc,public_sponsored_abc,panasonic,abc241,AtCoder Beginner Contest 241（Sponsored by Panasonic）,2022,,1645876800.0,2022.0,abc241_g,G,Round Robin,G. Round Robin,2422.0,927,"['max flow', 'graph', 'flow', 'validation']",4,https://atcoder.jp/contests/abc241/tasks/abc241_g,https://atcoder-tagged-backend.onrender.com/problems/all,2.3.0-sponsor-abc-kenkoooo-diff,ja,2026-06-04T18:46:05.900291+00:00,75.863,,,,
atcoder,abc,public_sponsored_abc,panasonic,abc241,AtCoder Beginner Contest 241（Sponsored by Panasonic）,2022,,1645876800.0,2022.0,abc241_h,Ex,Card Deck Score,Ex. Card Deck Score,2881.0,515,"['generating function', 'math', 'modular arithmetic', 'bitmask', 'combinatorics', 'modular inverse']",6,https://atcoder.jp/contests/abc241/tasks/abc241_h,https://atcoder-tagged-backend.onrender.com/problems/all,2.3.0-sponsor-abc-kenkoooo-diff,ja,2026-06-04T18:46:05.900291+00:00,84.922,,,,
atcoder,abc,public_sponsored_abc,unique_vision,abc248,ユニークビジョンプログラミングコンテスト2022（AtCoder Beginner Contest 248）,2022,,1650110400.0,2022.0,abc248_a,A,Lacked Number,A. Lacked Number,-769.0,14967,"['implementation', 'search', 'string']",3,https://atcoder.jp/contests/abc248/tasks/abc248_a,https://atcoder-tagged-backend.onrender.com/problems/all,2.3.0-sponsor-abc-kenkoooo-diff,ja,2026-06-04T18:46:05.900291+00:00,12.887,,,,
atcoder,abc,public_sponsored_abc,unique_vision,abc248,ユニークビジョンプログラミングコンテスト2022（AtCoder Beginner Contest 248）,2022,,1650110400.0,2022.0,abc248_b,B,Slimes,B. Slimes,-511.0,13367,"['simulation', 'implementation']",2,https://atcoder.jp/contests/abc248/tasks/abc248_b,https://atcoder-tagged-backend.onrender.com/problems/all,2.3.0-sponsor-abc-kenkoooo-diff,ja,2026-06-04T18:46:05.900291+00:00,17.979,,,,
atcoder,abc,public_sponsored_abc,unique_vision,abc248,ユニークビジョンプログラミングコンテスト2022（AtCoder Beginner Contest 248）,2022,,1650110400.0,2022.0,abc248_c,C,Dice Sum,C. Dice Sum,787.0,9091,"['dp', 'combinatorics', 'modular arithmetic']",3,https://atcoder.jp/contests/abc248/tasks/abc248_c,https://atcoder-tagged-backend.onrender.com/problems/all,2.3.0-sponsor-abc-kenkoooo-diff,ja,2026-06-04T18:46:05.900291+00:00,43.596,,,,
atcoder,abc,public_sponsored_abc,unique_vision,abc248,ユニークビジョンプログラミングコンテスト2022（AtCoder Beginner Contest 248）,2022,,1650110400.0,2022.0,abc248_d,D,Range Count Query,D. Range Count Query,793.0,9563,"['binary search', 'data structure', 'implementation', 'query']",4,https://atcoder.jp/contests/abc248/tasks/abc248_d,https://atcoder-tagged-backend.onrender.com/problems/all,2.3.0-sponsor-abc-kenkoooo-diff,ja,2026-06-04T18:46:05.900291+00:00,43.714,,,,
atcoder,abc,public_sponsored_abc,unique_vision,abc248,ユニークビジョンプログラミングコンテスト2022（AtCoder Beginner Contest 248）,2022,,1650110400.0,2022.0,abc248_e,E,K-colinear Line,E. K-colinear Line,1292.0,4446,"['computational geometry', 'geometry', 'vector', 'brute force', 'enumeration']",5,https://atcoder.jp/contests/abc248/tasks/abc248_e,https://atcoder-tagged-backend.onrender.com/problems/all,2.3.0-sponsor-abc-kenkoooo-diff,ja,2026-06-04T18:46:05.900291+00:00,53.562,,,,
atcoder,abc,public_sponsored_abc,unique_vision,abc248,ユニークビジョンプログラミングコンテスト2022（AtCoder Beginner Contest 248）,2022,,1650110400.0,2022.0,abc248_f,F,Keep Connect,F. Keep Connect,1828.0,2177,"['dp', 'connectivity', 'combinatorics', 'modular arithmetic', 'state']",5,https://atcoder.jp/contests/abc248/tasks/abc248_f,https://atcoder-tagged-backend.onrender.com/problems/all,2.3.0-sponsor-abc-kenkoooo-diff,ja,2026-06-04T18:46:05.900291+00:00,64.141,,,,
atcoder,abc,public_sponsored_abc,unique_vision,abc248,ユニークビジョンプログラミングコンテスト2022（AtCoder Beginner Contest 248）,2022,,1650110400.0,2022.0,abc248_g,G,GCD cost on the tree,G. GCD cost on the tree,2514.0,814,"['dp on trees', 'gcd', 'dfs']",3,https://atcoder.jp/contests/abc248/tasks/abc248_g,https://atcoder-tagged-backend.onrender.com/problems/all,2.3.0-sponsor-abc-kenkoooo-diff,ja,2026-06-04T18:46:05.900291+00:00,77.679,,,,
atcoder,abc,public_sponsored_abc,unique_vision,abc248,ユニークビジョンプログラミングコンテスト2022（AtCoder Beginner Contest 248）,2022,,1650110400.0,2022.0,abc248_h,Ex,Beautiful Subsequences,Ex. Beautiful Subsequences,2960.0,411,"['lazy segment tree', 'monotonic stack', 'sliding window', 'range query']",4,https://atcoder.jp/contests/abc248/tasks/abc248_h,https://atcoder-tagged-backend.onrender.com/problems/all,2.3.0-sponsor-abc-kenkoooo-diff,ja,2026-06-04T18:46:05.900291+00:00,86.481,,,,
atcoder,abc,public_sponsored_abc,panasonic,abc251,パナソニックグループプログラミングコンテスト2022（AtCoder Beginner Contest 251）,2022,,1652529600.0,2022.0,abc251_a,A,Six Characters,A. Six Characters,-1113.0,14572,"['implementation', 'string']",2,https://atcoder.jp/contests/abc251/tasks/abc251_a,https://atcoder-tagged-backend.onrender.com/problems/all,2.3.0-sponsor-abc-kenkoooo-diff,ja,2026-06-04T18:46:05.900291+00:00,6.098,,,,
atcoder,abc,public_sponsored_abc,panasonic,abc251,パナソニックグループプログラミングコンテスト2022（AtCoder Beginner Contest 251）,2022,,1652529600.0,2022.0,abc251_b,B,At Most 3 (Judge ver.),B. At Most 3 (Judge ver.),83.0,11239,"['brute force', 'combinatorics', 'enumeration', 'implementation', 'set']",5,https://atcoder.jp/contests/abc251/tasks/abc251_b,https://atcoder-tagged-backend.onrender.com/problems/all,2.3.0-sponsor-abc-kenkoooo-diff,ja,2026-06-04T18:46:05.900291+00:00,29.702,,,,
atcoder,abc,public_sponsored_abc,panasonic,abc251,パナソニックグループプログラミングコンテスト2022（AtCoder Beginner Contest 251）,2022,,1652529600.0,2022.0,abc251_c,C,Poem Online Judge,C. Poem Online Judge,205.0,10844,"['counting', 'greedy', 'implementation', 'string']",4,https://atcoder.jp/contests/abc251/tasks/abc251_c,https://atcoder-tagged-backend.onrender.com/problems/all,2.3.0-sponsor-abc-kenkoooo-diff,ja,2026-06-04T18:46:05.900291+00:00,32.11,,,,
atcoder,abc,public_sponsored_abc,panasonic,abc251,パナソニックグループプログラミングコンテスト2022（AtCoder Beginner Contest 251）,2022,,1652529600.0,2022.0,abc251_d,D,At Most 3 (Contestant ver.),D. At Most 3 (Contestant ver.),1463.0,5512,"['constructive', 'base representation', 'greedy', 'number theory']",4,https://atcoder.jp/contests/abc251/tasks/abc251_d,https://atcoder-tagged-backend.onrender.com/problems/all,2.3.0-sponsor-abc-kenkoooo-diff,ja,2026-06-04T18:46:05.900291+00:00,56.937,,,,
atcoder,abc,public_sponsored_abc,panasonic,abc251,パナソニックグループプログラミングコンテスト2022（AtCoder Beginner Contest 251）,2022,,1652529600.0,2022.0,abc251_e,E,Tahakashi and Animals,E. Tahakashi and Animals,1227.0,5361,['dp'],1,https://atcoder.jp/contests/abc251/tasks/abc251_e,https://atcoder-tagged-backend.onrender.com/problems/all,2.3.0-sponsor-abc-kenkoooo-diff,ja,2026-06-04T18:46:05.900291+00:00,52.279,,,,
atcoder,abc,public_sponsored_abc,panasonic,abc251,パナソニックグループプログラミングコンテスト2022（AtCoder Beginner Contest 251）,2022,,1652529600.0,2022.0,abc251_f,F,Two Spanning Trees,F. Two Spanning Trees,1703.0,2680,"['graph theory', 'spanning tree', 'dfs', 'bfs', 'tree', 'graph']",6,https://atcoder.jp/contests/abc251/tasks/abc251_f,https://atcoder-tagged-backend.onrender.com/problems/all,2.3.0-sponsor-abc-kenkoooo-diff,ja,2026-06-04T18:46:05.900291+00:00,61.674,,,,
atcoder,abc,public_sponsored_abc,panasonic,abc251,パナソニックグループプログラミングコンテスト2022（AtCoder Beginner Contest 251）,2022,,1652529600.0,2022.0,abc251_g,G,Intersection of Polygons,G. Intersection of Polygons,2468.0,531,"['computational geometry', 'convex polygon', 'vector', 'half plane', 'precomputation']",5,https://atcoder.jp/contests/abc251/tasks/abc251_g,https://atcoder-tagged-backend.onrender.com/problems/all,2.3.0-sponsor-abc-kenkoooo-diff,ja,2026-06-04T18:46:05.900291+00:00,76.771,,,,
atcoder,abc,public_sponsored_abc,panasonic,abc251,パナソニックグループプログラミングコンテスト2022（AtCoder Beginner Contest 251）,2022,,1652529600.0,2022.0,abc251_h,Ex,Fill Triangle,Ex. Fill Triangle,3108.0,168,"['lucas theorem', 'binomial coefficient', 'combinatorics', 'number theory', 'compression', 'digit dp']",6,https://atcoder.jp/contests/abc251/tasks/abc251_h,https://atcoder-tagged-backend.onrender.com/problems/all,2.3.0-sponsor-abc-kenkoooo-diff,ja,2026-06-04T18:46:05.900291+00:00,89.402,,,,
atcoder,abc,public_sponsored_abc,nomura,abc253,NOMURA プログラミングコンテスト2022（AtCoder Beginner Contest 253）,2022,,1653739200.0,2022.0,abc253_a,A,Median?,A. Median?,-857.0,14985,"['ad hoc', 'conditional', 'comparison']",3,https://atcoder.jp/contests/abc253/tasks/abc253_a,https://atcoder-tagged-backend.onrender.com/problems/all,2.3.0-sponsor-abc-kenkoooo-diff,ja,2026-06-04T18:46:05.900291+00:00,11.151,,,,
atcoder,abc,public_sponsored_abc,nomura,abc253,NOMURA プログラミングコンテスト2022（AtCoder Beginner Contest 253）,2022,,1653739200.0,2022.0,abc253_b,B,Distance Between Tokens,B. Distance Between Tokens,-378.0,12633,"['grid', 'implementation', 'math']",3,https://atcoder.jp/contests/abc253/tasks/abc253_b,https://atcoder-tagged-backend.onrender.com/problems/all,2.3.0-sponsor-abc-kenkoooo-diff,ja,2026-06-04T18:46:05.900291+00:00,20.604,,,,
atcoder,abc,public_sponsored_abc,nomura,abc253,NOMURA プログラミングコンテスト2022（AtCoder Beginner Contest 253）,2022,,1653739200.0,2022.0,abc253_c,C,Max - Min Query,C. Max - Min Query,518.0,10049,"['multiset', 'data structure', 'query', 'balanced bst', 'stl']",5,https://atcoder.jp/contests/abc253/tasks/abc253_c,https://atcoder-tagged-backend.onrender.com/problems/all,2.3.0-sponsor-abc-kenkoooo-diff,ja,2026-06-04T18:46:05.900291+00:00,38.287,,,,
atcoder,abc,public_sponsored_abc,nomura,abc253,NOMURA プログラミングコンテスト2022（AtCoder Beginner Contest 253）,2022,,1653739200.0,2022.0,abc253_d,D,FizzBuzz Sum Hard,D. FizzBuzz Sum Hard,520.0,9814,"['inclusion exclusion', 'formula', 'number theory', 'sum']",4,https://atcoder.jp/contests/abc253/tasks/abc253_d,https://atcoder-tagged-backend.onrender.com/problems/all,2.3.0-sponsor-abc-kenkoooo-diff,ja,2026-06-04T18:46:05.900291+00:00,38.326,,,,
atcoder,abc,public_sponsored_abc,nomura,abc253,NOMURA プログラミングコンテスト2022（AtCoder Beginner Contest 253）,2022,,1653739200.0,2022.0,abc253_e,E,Distance Sequence,E. Distance Sequence,1073.0,6376,"['dp', 'prefix sum']",2,https://atcoder.jp/contests/abc253/tasks/abc253_e,https://atcoder-tagged-backend.onrender.com/problems/all,2.3.0-sponsor-abc-kenkoooo-diff,ja,2026-06-04T18:46:05.900291+00:00,49.24,,,,
atcoder,abc,public_sponsored_abc,nomura,abc253,NOMURA プログラミングコンテスト2022（AtCoder Beginner Contest 253）,2022,,1653739200.0,2022.0,abc253_f,F,Operations on a Matrix,F. Operations on a Matrix,1756.0,2537,"['binary indexed tree', 'difference array', 'range update', 'offline processing']",4,https://atcoder.jp/contests/abc253/tasks/abc253_f,https://atcoder-tagged-backend.onrender.com/problems/all,2.3.0-sponsor-abc-kenkoooo-diff,ja,2026-06-04T18:46:05.900291+00:00,62.72,,,,
atcoder,abc,public_sponsored_abc,nomura,abc253,NOMURA プログラミングコンテスト2022（AtCoder Beginner Contest 253）,2022,,1653739200.0,2022.0,abc253_g,G,Swap Many Times,G. Swap Many Times,2051.0,1281,"['combinatorics', 'implementation', 'observation', 'array', 'reversal']",5,https://atcoder.jp/contests/abc253/tasks/abc253_g,https://atcoder-tagged-backend.onrender.com/problems/all,2.3.0-sponsor-abc-kenkoooo-diff,ja,2026-06-04T18:46:05.900291+00:00,68.542,,,,
atcoder,abc,public_sponsored_abc,nomura,abc253,NOMURA プログラミングコンテスト2022（AtCoder Beginner Contest 253）,2022,,1653739200.0,2022.0,abc253_h,Ex,We Love Forest,Ex. We Love Forest,2758.0,489,"['bitmask dp', 'kirchhoff theorem', 'counting', 'probability', 'forest']",5,https://atcoder.jp/contests/abc253/tasks/abc253_h,https://atcoder-tagged-backend.onrender.com/problems/all,2.3.0-sponsor-abc-kenkoooo-diff,ja,2026-06-04T18:46:05.900291+00:00,82.495,,,,
atcoder,abc,public_sponsored_abc,tokyo_marine,abc256,東京海上日動プログラミングコンテスト2022（AtCoder Beginner Contest 256）,2022,,1655553600.0,2022.0,abc256_a,A,2^N,A. 2^N,-1191.0,15718,"['bit manipulation', 'modular exponentiation']",2,https://atcoder.jp/contests/abc256/tasks/abc256_a,https://atcoder-tagged-backend.onrender.com/problems/all,2.3.0-sponsor-abc-kenkoooo-diff,ja,2026-06-04T18:46:05.900291+00:00,4.559,,,,
atcoder,abc,public_sponsored_abc,tokyo_marine,abc256,東京海上日動プログラミングコンテスト2022（AtCoder Beginner Contest 256）,2022,,1655553600.0,2022.0,abc256_b,B,Batters,B. Batters,-227.0,11456,"['simulation', 'array', 'implementation']",3,https://atcoder.jp/contests/abc256/tasks/abc256_b,https://atcoder-tagged-backend.onrender.com/problems/all,2.3.0-sponsor-abc-kenkoooo-diff,ja,2026-06-04T18:46:05.900291+00:00,23.584,,,,
atcoder,abc,public_sponsored_abc,tokyo_marine,abc256,東京海上日動プログラミングコンテスト2022（AtCoder Beginner Contest 256）,2022,,1655553600.0,2022.0,abc256_c,C,Filling 3x3 array,C. Filling 3x3 array,541.0,8931,"['backtracking', 'brute force', 'constraint', 'enumeration', 'grid']",5,https://atcoder.jp/contests/abc256/tasks/abc256_c,https://atcoder-tagged-backend.onrender.com/problems/all,2.3.0-sponsor-abc-kenkoooo-diff,ja,2026-06-04T18:46:05.900291+00:00,38.741,,,,
atcoder,abc,public_sponsored_abc,tokyo_marine,abc256,東京海上日動プログラミングコンテスト2022（AtCoder Beginner Contest 256）,2022,,1655553600.0,2022.0,abc256_d,D,Union of Interval,D. Union of Interval,546.0,8647,"['sorting', 'interval', 'plane sweep']",3,https://atcoder.jp/contests/abc256/tasks/abc256_d,https://atcoder-tagged-backend.onrender.com/problems/all,2.3.0-sponsor-abc-kenkoooo-diff,ja,2026-06-04T18:46:05.900291+00:00,38.84,,,,
atcoder,abc,public_sponsored_abc,tokyo_marine,abc256,東京海上日動プログラミングコンテスト2022（AtCoder Beginner Contest 256）,2022,,1655553600.0,2022.0,abc256_e,E,Takahashi's Anguish,E. Takahashi's Anguish,1224.0,4730,"['functional graph', 'cycle', 'dsu', 'graph theory']",4,https://atcoder.jp/contests/abc256/tasks/abc256_e,https://atcoder-tagged-backend.onrender.com/problems/all,2.3.0-sponsor-abc-kenkoooo-diff,ja,2026-06-04T18:46:05.900291+00:00,52.22,,,,
atcoder,abc,public_sponsored_abc,tokyo_marine,abc256,東京海上日動プログラミングコンテスト2022（AtCoder Beginner Contest 256）,2022,,1655553600.0,2022.0,abc256_f,F,Cumulative Cumulative Cumulative Sum,F. Cumulative Cumulative Cumulative Sum,2067.0,2050,"['binary indexed tree', 'prefix sum', 'combinatorics', 'modular arithmetic', 'point update']",5,https://atcoder.jp/contests/abc256/tasks/abc256_f,https://atcoder-tagged-backend.onrender.com/problems/all,2.3.0-sponsor-abc-kenkoooo-diff,ja,2026-06-04T18:46:05.900291+00:00,68.857,,,,
atcoder,abc,public_sponsored_abc,tokyo_marine,abc256,東京海上日動プログラミングコンテスト2022（AtCoder Beginner Contest 256）,2022,,1655553600.0,2022.0,abc256_g,G,Black and White Stones,G. Black and White Stones,2250.0,1038,"['combinatorics', 'dp', 'matrix']",3,https://atcoder.jp/contests/abc256/tasks/abc256_g,https://atcoder-tagged-backend.onrender.com/problems/all,2.3.0-sponsor-abc-kenkoooo-diff,ja,2026-06-04T18:46:05.900291+00:00,72.469,,,,
atcoder,abc,public_sponsored_abc,tokyo_marine,abc256,東京海上日動プログラミングコンテスト2022（AtCoder Beginner Contest 256）,2022,,1655553600.0,2022.0,abc256_h,Ex,I like Query Problem,Ex. I like Query Problem,2531.0,970,"['segment tree beats', 'lazy segment tree', 'range update', 'range sum query', 'amortized analysis']",5,https://atcoder.jp/contests/abc256/tasks/abc256_h,https://atcoder-tagged-backend.onrender.com/problems/all,2.3.0-sponsor-abc-kenkoooo-diff,ja,2026-06-04T18:46:05.900291+00:00,78.015,,,,
atcoder,abc,public_sponsored_abc,line,abc263,LINE  Verda プログラミングコンテスト（AtCoder Beginner Contest 263）,2022,,1659787200.0,2022.0,abc263_a,A,Full House,A. Full House,-679.0,14656,"['counting', 'implementation']",2,https://atcoder.jp/contests/abc263/tasks/abc263_a,https://atcoder-tagged-backend.onrender.com/problems/all,2.3.0-sponsor-abc-kenkoooo-diff,ja,2026-06-04T18:46:05.900291+00:00,14.664,,,,
atcoder,abc,public_sponsored_abc,line,abc263,LINE  Verda プログラミングコンテスト（AtCoder Beginner Contest 263）,2022,,1659787200.0,2022.0,abc263_b,B,Ancestor,B. Ancestor,-32.0,10872,"['implementation', 'simulation', 'tree']",3,https://atcoder.jp/contests/abc263/tasks/abc263_b,https://atcoder-tagged-backend.onrender.com/problems/all,2.3.0-sponsor-abc-kenkoooo-diff,ja,2026-06-04T18:46:05.900291+00:00,27.432,,,,
atcoder,abc,public_sponsored_abc,line,abc263,LINE  Verda プログラミングコンテスト（AtCoder Beginner Contest 263）,2022,,1659787200.0,2022.0,abc263_c,C,Monotonically Increasing,C. Monotonically Increasing,282.0,9971,"['backtracking', 'combinatorics', 'lexicographical', 'recursion']",4,https://atcoder.jp/contests/abc263/tasks/abc263_c,https://atcoder-tagged-backend.onrender.com/problems/all,2.3.0-sponsor-abc-kenkoooo-diff,ja,2026-06-04T18:46:05.900291+00:00,33.629,,,,
atcoder,abc,public_sponsored_abc,line,abc263,LINE  Verda プログラミングコンテスト（AtCoder Beginner Contest 263）,2022,,1659787200.0,2022.0,abc263_d,D,Left Right Operation,D. Left Right Operation,1016.0,6548,"['dp', 'prefix sum', 'greedy', 'enumeration']",4,https://atcoder.jp/contests/abc263/tasks/abc263_d,https://atcoder-tagged-backend.onrender.com/problems/all,2.3.0-sponsor-abc-kenkoooo-diff,ja,2026-06-04T18:46:05.900291+00:00,48.115,,,,
atcoder,abc,public_sponsored_abc,line,abc263,LINE  Verda プログラミングコンテスト（AtCoder Beginner Contest 263）,2022,,1659787200.0,2022.0,abc263_e,E,Sugoroku 3,E. Sugoroku 3,1659.0,3242,"['dp', 'expectation', 'probability', 'modular arithmetic', 'prefix sum']",5,https://atcoder.jp/contests/abc263/tasks/abc263_e,https://atcoder-tagged-backend.onrender.com/problems/all,2.3.0-sponsor-abc-kenkoooo-diff,ja,2026-06-04T18:46:05.900291+00:00,60.805,,,,
atcoder,abc,public_sponsored_abc,line,abc263,LINE  Verda プログラミングコンテスト（AtCoder Beginner Contest 263）,2022,,1659787200.0,2022.0,abc263_f,F,Tournament,F. Tournament,2066.0,1621,"['dp', 'dp on trees']",2,https://atcoder.jp/contests/abc263/tasks/abc263_f,https://atcoder-tagged-backend.onrender.com/problems/all,2.3.0-sponsor-abc-kenkoooo-diff,ja,2026-06-04T18:46:05.900291+00:00,68.838,,,,
atcoder,abc,public_sponsored_abc,line,abc263,LINE  Verda プログラミングコンテスト（AtCoder Beginner Contest 263）,2022,,1659787200.0,2022.0,abc263_g,G,Erasing Prime Pairs,G. Erasing Prime Pairs,2261.0,1018,"['max flow', 'bipartite matching', 'ternary search', 'number theory', 'graph theory']",5,https://atcoder.jp/contests/abc263/tasks/abc263_g,https://atcoder-tagged-backend.onrender.com/problems/all,2.3.0-sponsor-abc-kenkoooo-diff,ja,2026-06-04T18:46:05.900291+00:00,72.686,,,,
atcoder,abc,public_sponsored_abc,line,abc263,LINE  Verda プログラミングコンテスト（AtCoder Beginner Contest 263）,2022,,1659787200.0,2022.0,abc263_h,Ex,Intersection 2,Ex. Intersection 2,3041.0,224,"['binary search', 'computational geometry', 'circle intersection', 'segment intersection', 'binary indexed tree', 'sorting']",6,https://atcoder.jp/contests/abc263/tasks/abc263_h,https://atcoder-tagged-backend.onrender.com/problems/all,2.3.0-sponsor-abc-kenkoooo-diff,ja,2026-06-04T18:46:05.900291+00:00,88.08,,,,
atcoder,abc,public_sponsored_abc,freee,abc264,freee プログラミングコンテスト2022（AtCoder Beginner Contest 264）,2022,,1660392000.0,2022.0,abc264_a,A,"""atcoder"".substr()","A. ""atcoder"".substr()",-1180.0,14541,"['implementation', 'string']",2,https://atcoder.jp/contests/abc264/tasks/abc264_a,https://atcoder-tagged-backend.onrender.com/problems/all,2.3.0-sponsor-abc-kenkoooo-diff,ja,2026-06-04T18:46:05.900291+00:00,4.776,,,,
atcoder,abc,public_sponsored_abc,freee,abc264,freee プログラミングコンテスト2022（AtCoder Beginner Contest 264）,2022,,1660392000.0,2022.0,abc264_b,B,Nice Grid,B. Nice Grid,-391.0,11709,"['implementation', 'math', 'pattern']",3,https://atcoder.jp/contests/abc264/tasks/abc264_b,https://atcoder-tagged-backend.onrender.com/problems/all,2.3.0-sponsor-abc-kenkoooo-diff,ja,2026-06-04T18:46:05.900291+00:00,20.347,,,,
atcoder,abc,public_sponsored_abc,freee,abc264,freee プログラミングコンテスト2022（AtCoder Beginner Contest 264）,2022,,1660392000.0,2022.0,abc264_c,C,Matrix Reducing,C. Matrix Reducing,758.0,7543,"['bit brute force', 'bitmask', 'matrix', 'brute force']",4,https://atcoder.jp/contests/abc264/tasks/abc264_c,https://atcoder-tagged-backend.onrender.com/problems/all,2.3.0-sponsor-abc-kenkoooo-diff,ja,2026-06-04T18:46:05.900291+00:00,43.023,,,,
atcoder,abc,public_sponsored_abc,freee,abc264,freee プログラミングコンテスト2022（AtCoder Beginner Contest 264）,2022,,1660392000.0,2022.0,abc264_d,D,"""redocta"".swap(i,i+1)","D. ""redocta"".swap(i,i+1)",414.0,9391,"['bfs', 'implementation', 'search', 'string']",4,https://atcoder.jp/contests/abc264/tasks/abc264_d,https://atcoder-tagged-backend.onrender.com/problems/all,2.3.0-sponsor-abc-kenkoooo-diff,ja,2026-06-04T18:46:05.900291+00:00,36.234,,,,
atcoder,abc,public_sponsored_abc,freee,abc264,freee プログラミングコンテスト2022（AtCoder Beginner Contest 264）,2022,,1660392000.0,2022.0,abc264_e,E,Blackout 2,E. Blackout 2,1229.0,4897,"['connected components', 'dsu', 'graph', 'implementation', 'offline processing', 'reversal']",6,https://atcoder.jp/contests/abc264/tasks/abc264_e,https://atcoder-tagged-backend.onrender.com/problems/all,2.3.0-sponsor-abc-kenkoooo-diff,ja,2026-06-04T18:46:05.900291+00:00,52.319,,,,
atcoder,abc,public_sponsored_abc,freee,abc264,freee プログラミングコンテスト2022（AtCoder Beginner Contest 264）,2022,,1660392000.0,2022.0,abc264_f,F,Monochromatic Path,F. Monochromatic Path,1878.0,2105,"['dp', 'dp on grids', 'shortest path', 'bitmask']",4,https://atcoder.jp/contests/abc264/tasks/abc264_f,https://atcoder-tagged-backend.onrender.com/problems/all,2.3.0-sponsor-abc-kenkoooo-diff,ja,2026-06-04T18:46:05.900291+00:00,65.127,,,,
atcoder,abc,public_sponsored_abc,freee,abc264,freee プログラミングコンテスト2022（AtCoder Beginner Contest 264）,2022,,1660392000.0,2022.0,abc264_g,G,String Fair,G. String Fair,2348.0,816,"['graph theory', 'shortest path', 'bellman ford', 'negative cycle', 'dp', 'string']",6,https://atcoder.jp/contests/abc264/tasks/abc264_g,https://atcoder-tagged-backend.onrender.com/problems/all,2.3.0-sponsor-abc-kenkoooo-diff,ja,2026-06-04T18:46:05.900291+00:00,74.403,,,,
atcoder,abc,public_sponsored_abc,freee,abc264,freee プログラミングコンテスト2022（AtCoder Beginner Contest 264）,2022,,1660392000.0,2022.0,abc264_h,Ex,Perfect Binary Tree,Ex. Perfect Binary Tree,2660.0,425,"['dp on trees', 'dp', 'incremental']",3,https://atcoder.jp/contests/abc264/tasks/abc264_h,https://atcoder-tagged-backend.onrender.com/problems/all,2.3.0-sponsor-abc-kenkoooo-diff,ja,2026-06-04T18:46:05.900291+00:00,80.56,,,,
atcoder,abc,public_sponsored_abc,nec,abc267,NECプログラミングコンテスト2022 (AtCoder Beginner Contest 267),2022,,1662206400.0,2022.0,abc267_a,A,Saturday,A. Saturday,-984.0,14418,"['case work', 'implementation', 'string']",3,https://atcoder.jp/contests/abc267/tasks/abc267_a,https://atcoder-tagged-backend.onrender.com/problems/all,2.3.0-sponsor-abc-kenkoooo-diff,ja,2026-06-04T18:46:05.900291+00:00,8.644,,,,
atcoder,abc,public_sponsored_abc,nec,abc267,NECプログラミングコンテスト2022 (AtCoder Beginner Contest 267),2022,,1662206400.0,2022.0,abc267_b,B,Split?,B. Split?,61.0,10235,"['tree', 'implementation', 'string']",3,https://atcoder.jp/contests/abc267/tasks/abc267_b,https://atcoder-tagged-backend.onrender.com/problems/all,2.3.0-sponsor-abc-kenkoooo-diff,ja,2026-06-04T18:46:05.900291+00:00,29.268,,,,
atcoder,abc,public_sponsored_abc,nec,abc267,NECプログラミングコンテスト2022 (AtCoder Beginner Contest 267),2022,,1662206400.0,2022.0,abc267_c,C,Index × A(Continuous ver.),C. Index × A(Continuous ver.),524.0,9575,"['sliding window', 'prefix sum', 'array']",3,https://atcoder.jp/contests/abc267/tasks/abc267_c,https://atcoder-tagged-backend.onrender.com/problems/all,2.3.0-sponsor-abc-kenkoooo-diff,ja,2026-06-04T18:46:05.900291+00:00,38.405,,,,
atcoder,abc,public_sponsored_abc,nec,abc267,NECプログラミングコンテスト2022 (AtCoder Beginner Contest 267),2022,,1662206400.0,2022.0,abc267_d,D,Index × A(Not Continuous ver.),D. Index × A(Not Continuous ver.),864.0,7888,"['dp', 'subsequence']",2,https://atcoder.jp/contests/abc267/tasks/abc267_d,https://atcoder-tagged-backend.onrender.com/problems/all,2.3.0-sponsor-abc-kenkoooo-diff,ja,2026-06-04T18:46:05.900291+00:00,45.115,,,,
atcoder,abc,public_sponsored_abc,nec,abc267,NECプログラミングコンテスト2022 (AtCoder Beginner Contest 267),2022,,1662206400.0,2022.0,abc267_e,E,Erasing Vertices 2,E. Erasing Vertices 2,1313.0,4705,"['binary search', 'greedy']",2,https://atcoder.jp/contests/abc267/tasks/abc267_e,https://atcoder-tagged-backend.onrender.com/problems/all,2.3.0-sponsor-abc-kenkoooo-diff,ja,2026-06-04T18:46:05.900291+00:00,53.977,,,,
atcoder,abc,public_sponsored_abc,nec,abc267,NECプログラミングコンテスト2022 (AtCoder Beginner Contest 267),2022,,1662206400.0,2022.0,abc267_f,F,Exactly K Steps,F. Exactly K Steps,1939.0,2993,"['tree diameter', 'lca', 'dfs', 'tree']",4,https://atcoder.jp/contests/abc267/tasks/abc267_f,https://atcoder-tagged-backend.onrender.com/problems/all,2.3.0-sponsor-abc-kenkoooo-diff,ja,2026-06-04T18:46:05.900291+00:00,66.331,,,,
atcoder,abc,public_sponsored_abc,nec,abc267,NECプログラミングコンテスト2022 (AtCoder Beginner Contest 267),2022,,1662206400.0,2022.0,abc267_g,G,Increasing K Times,G. Increasing K Times,2561.0,936,"['dp', 'combinatorics', 'permutation', 'math']",4,https://atcoder.jp/contests/abc267/tasks/abc267_g,https://atcoder-tagged-backend.onrender.com/problems/all,2.3.0-sponsor-abc-kenkoooo-diff,ja,2026-06-04T18:46:05.900291+00:00,78.607,,,,
atcoder,abc,public_sponsored_abc,nec,abc267,NECプログラミングコンテスト2022 (AtCoder Beginner Contest 267),2022,,1662206400.0,2022.0,abc267_h,Ex,Odd Sum,Ex. Odd Sum,2422.0,801,"['dp', 'generating function', 'polynomial', 'convolution', 'divide and conquer', 'combinatorics']",6,https://atcoder.jp/contests/abc267/tasks/abc267_h,https://atcoder-tagged-backend.onrender.com/problems/all,2.3.0-sponsor-abc-kenkoooo-diff,ja,2026-06-04T18:46:05.900291+00:00,75.863,,,,
atcoder,abc,public_sponsored_abc,unique_vision,abc268,ユニークビジョンプログラミングコンテスト2022 夏(AtCoder Beginner Contest 268),2022,,1662811200.0,2022.0,abc268_a,A,Five Integers,A. Five Integers,-876.0,13558,"['implementation', 'set', 'counting']",3,https://atcoder.jp/contests/abc268/tasks/abc268_a,https://atcoder-tagged-backend.onrender.com/problems/all,2.3.0-sponsor-abc-kenkoooo-diff,ja,2026-06-04T18:46:05.900291+00:00,10.776,,,,
atcoder,abc,public_sponsored_abc,unique_vision,abc268,ユニークビジョンプログラミングコンテスト2022 夏(AtCoder Beginner Contest 268),2022,,1662811200.0,2022.0,abc268_b,B,Prefix?,B. Prefix?,-696.0,12711,"['implementation', 'simulation', 'string']",3,https://atcoder.jp/contests/abc268/tasks/abc268_b,https://atcoder-tagged-backend.onrender.com/problems/all,2.3.0-sponsor-abc-kenkoooo-diff,ja,2026-06-04T18:46:05.900291+00:00,14.328,,,,
atcoder,abc,public_sponsored_abc,unique_vision,abc268,ユニークビジョンプログラミングコンテスト2022 夏(AtCoder Beginner Contest 268),2022,,1662811200.0,2022.0,abc268_c,C,Chinese Restaurant,C. Chinese Restaurant,676.0,8018,"['implementation', 'modular arithmetic', 'counting', 'optimization', 'simulation']",5,https://atcoder.jp/contests/abc268/tasks/abc268_c,https://atcoder-tagged-backend.onrender.com/problems/all,2.3.0-sponsor-abc-kenkoooo-diff,ja,2026-06-04T18:46:05.900291+00:00,41.405,,,,
atcoder,abc,public_sponsored_abc,unique_vision,abc268,ユニークビジョンプログラミングコンテスト2022 夏(AtCoder Beginner Contest 268),2022,,1662811200.0,2022.0,abc268_d,D,Unique Username,D. Unique Username,1309.0,4608,"['backtracking', 'implementation', 'set', 'string']",4,https://atcoder.jp/contests/abc268/tasks/abc268_d,https://atcoder-tagged-backend.onrender.com/problems/all,2.3.0-sponsor-abc-kenkoooo-diff,ja,2026-06-04T18:46:05.900291+00:00,53.898,,,,
atcoder,abc,public_sponsored_abc,unique_vision,abc268,ユニークビジョンプログラミングコンテスト2022 夏(AtCoder Beginner Contest 268),2022,,1662811200.0,2022.0,abc268_e,E,Chinese Restaurant (Three-Star Version),E. Chinese Restaurant (Three-Star Version),1927.0,1799,"['prefix sum', 'difference array', 'circular array', 'optimization', 'range update']",5,https://atcoder.jp/contests/abc268/tasks/abc268_e,https://atcoder-tagged-backend.onrender.com/problems/all,2.3.0-sponsor-abc-kenkoooo-diff,ja,2026-06-04T18:46:05.900291+00:00,66.094,,,,
atcoder,abc,public_sponsored_abc,unique_vision,abc268,ユニークビジョンプログラミングコンテスト2022 夏(AtCoder Beginner Contest 268),2022,,1662811200.0,2022.0,abc268_f,F,Best Concatenation,F. Best Concatenation,1807.0,2301,"['greedy', 'sorting']",2,https://atcoder.jp/contests/abc268/tasks/abc268_f,https://atcoder-tagged-backend.onrender.com/problems/all,2.3.0-sponsor-abc-kenkoooo-diff,ja,2026-06-04T18:46:05.900291+00:00,63.726,,,,
atcoder,abc,public_sponsored_abc,unique_vision,abc268,ユニークビジョンプログラミングコンテスト2022 夏(AtCoder Beginner Contest 268),2022,,1662811200.0,2022.0,abc268_g,G,Random Student ID,G. Random Student ID,2311.0,990,"['expectation', 'trie', 'string', 'prefix', 'modular arithmetic', 'bfs']",6,https://atcoder.jp/contests/abc268/tasks/abc268_g,https://atcoder-tagged-backend.onrender.com/problems/all,2.3.0-sponsor-abc-kenkoooo-diff,ja,2026-06-04T18:46:05.900291+00:00,73.673,,,,
atcoder,abc,public_sponsored_abc,unique_vision,abc268,ユニークビジョンプログラミングコンテスト2022 夏(AtCoder Beginner Contest 268),2022,,1662811200.0,2022.0,abc268_h,Ex,Taboo,Ex. Taboo,2560.0,691,"['string matching', 'suffix array', 'lcp', 'greedy', 'segment']",5,https://atcoder.jp/contests/abc268/tasks/abc268_h,https://atcoder-tagged-backend.onrender.com/problems/all,2.3.0-sponsor-abc-kenkoooo-diff,ja,2026-06-04T18:46:05.900291+00:00,78.587,,,,
atcoder,abc,public_sponsored_abc,toyota,abc270,トヨタ自動車プログラミングコンテスト2022(AtCoder Beginner Contest 270),2022,,1664020800.0,2022.0,abc270_a,A,1-2-4 Test,A. 1-2-4 Test,-473.0,13240,['bit manipulation'],1,https://atcoder.jp/contests/abc270/tasks/abc270_a,https://atcoder-tagged-backend.onrender.com/problems/all,2.3.0-sponsor-abc-kenkoooo-diff,ja,2026-06-04T18:46:05.900291+00:00,18.729,,,,
atcoder,abc,public_sponsored_abc,toyota,abc270,トヨタ自動車プログラミングコンテスト2022(AtCoder Beginner Contest 270),2022,,1664020800.0,2022.0,abc270_b,B,Hammer,B. Hammer,-131.0,11184,"['case work', 'coordinate geometry', 'implementation', 'conditional']",4,https://atcoder.jp/contests/abc270/tasks/abc270_b,https://atcoder-tagged-backend.onrender.com/problems/all,2.3.0-sponsor-abc-kenkoooo-diff,ja,2026-06-04T18:46:05.900291+00:00,25.479,,,,
atcoder,abc,public_sponsored_abc,toyota,abc270,トヨタ自動車プログラミングコンテスト2022(AtCoder Beginner Contest 270),2022,,1664020800.0,2022.0,abc270_c,C,Simple path,C. Simple path,625.0,8926,"['dfs', 'graph', 'path', 'tree']",4,https://atcoder.jp/contests/abc270/tasks/abc270_c,https://atcoder-tagged-backend.onrender.com/problems/all,2.3.0-sponsor-abc-kenkoooo-diff,ja,2026-06-04T18:46:05.900291+00:00,40.399,,,,
atcoder,abc,public_sponsored_abc,toyota,abc270,トヨタ自動車プログラミングコンテスト2022(AtCoder Beginner Contest 270),2022,,1664020800.0,2022.0,abc270_d,D,Stones,D. Stones,1300.0,5959,"['dp', 'game theory']",2,https://atcoder.jp/contests/abc270/tasks/abc270_d,https://atcoder-tagged-backend.onrender.com/problems/all,2.3.0-sponsor-abc-kenkoooo-diff,ja,2026-06-04T18:46:05.900291+00:00,53.72,,,,
atcoder,abc,public_sponsored_abc,toyota,abc270,トヨタ自動車プログラミングコンテスト2022(AtCoder Beginner Contest 270),2022,,1664020800.0,2022.0,abc270_e,E,Apple Baskets on Circle,E. Apple Baskets on Circle,1211.0,5324,"['binary search', 'simulation', 'circular array']",3,https://atcoder.jp/contests/abc270/tasks/abc270_e,https://atcoder-tagged-backend.onrender.com/problems/all,2.3.0-sponsor-abc-kenkoooo-diff,ja,2026-06-04T18:46:05.900291+00:00,51.964,,,,
atcoder,abc,public_sponsored_abc,toyota,abc270,トヨタ自動車プログラミングコンテスト2022(AtCoder Beginner Contest 270),2022,,1664020800.0,2022.0,abc270_f,F,Transportation,F. Transportation,1834.0,2683,"['minimum spanning tree', 'kruskal', 'dsu', 'connectivity', 'case work']",5,https://atcoder.jp/contests/abc270/tasks/abc270_f,https://atcoder-tagged-backend.onrender.com/problems/all,2.3.0-sponsor-abc-kenkoooo-diff,ja,2026-06-04T18:46:05.900291+00:00,64.259,,,,
atcoder,abc,public_sponsored_abc,toyota,abc270,トヨタ自動車プログラミングコンテスト2022(AtCoder Beginner Contest 270),2022,,1664020800.0,2022.0,abc270_g,G,Sequence in mod P,G. Sequence in mod P,2220.0,1049,"['baby step giant step', 'discrete logarithm', 'modular arithmetic', 'recurrence']",4,https://atcoder.jp/contests/abc270/tasks/abc270_g,https://atcoder-tagged-backend.onrender.com/problems/all,2.3.0-sponsor-abc-kenkoooo-diff,ja,2026-06-04T18:46:05.900291+00:00,71.877,,,,
atcoder,abc,public_sponsored_abc,toyota,abc270,トヨタ自動車プログラミングコンテスト2022(AtCoder Beginner Contest 270),2022,,1664020800.0,2022.0,abc270_h,Ex,add 1 ,Ex. add 1 ,3159.0,397,"['expectation', 'dp', 'recurrence', 'modular arithmetic', 'modular exponentiation', 'modular inverse']",6,https://atcoder.jp/contests/abc270/tasks/abc270_h,https://atcoder-tagged-backend.onrender.com/problems/all,2.3.0-sponsor-abc-kenkoooo-diff,ja,2026-06-04T18:46:05.900291+00:00,90.409,,,,
atcoder,abc,public_sponsored_abc,kyocera,abc271,京セラプログラミングコンテスト2022(AtCoder Beginner Contest 271),2022,,1664625600.0,2022.0,abc271_a,A,484558,A. 484558,-662.0,12809,"['implementation', 'base conversion']",2,https://atcoder.jp/contests/abc271/tasks/abc271_a,https://atcoder-tagged-backend.onrender.com/problems/all,2.3.0-sponsor-abc-kenkoooo-diff,ja,2026-06-04T18:46:05.900291+00:00,14.999,,,,
atcoder,abc,public_sponsored_abc,kyocera,abc271,京セラプログラミングコンテスト2022(AtCoder Beginner Contest 271),2022,,1664625600.0,2022.0,abc271_b,B,Maintain Multiple Sequences,B. Maintain Multiple Sequences,-166.0,11247,"['array', 'implementation', 'query']",3,https://atcoder.jp/contests/abc271/tasks/abc271_b,https://atcoder-tagged-backend.onrender.com/problems/all,2.3.0-sponsor-abc-kenkoooo-diff,ja,2026-06-04T18:46:05.900291+00:00,24.788,,,,
atcoder,abc,public_sponsored_abc,kyocera,abc271,京セラプログラミングコンテスト2022(AtCoder Beginner Contest 271),2022,,1664625600.0,2022.0,abc271_c,C,Manga,C. Manga,842.0,8158,"['greedy', 'two pointer', 'simulation', 'array']",4,https://atcoder.jp/contests/abc271/tasks/abc271_c,https://atcoder-tagged-backend.onrender.com/problems/all,2.3.0-sponsor-abc-kenkoooo-diff,ja,2026-06-04T18:46:05.900291+00:00,44.681,,,,
atcoder,abc,public_sponsored_abc,kyocera,abc271,京セラプログラミングコンテスト2022(AtCoder Beginner Contest 271),2022,,1664625600.0,2022.0,abc271_d,D,Flip and Adjust,D. Flip and Adjust,886.0,7616,"['dp', 'subset sum', 'reconstruction']",3,https://atcoder.jp/contests/abc271/tasks/abc271_d,https://atcoder-tagged-backend.onrender.com/problems/all,2.3.0-sponsor-abc-kenkoooo-diff,ja,2026-06-04T18:46:05.900291+00:00,45.55,,,,
atcoder,abc,public_sponsored_abc,kyocera,abc271,京セラプログラミングコンテスト2022(AtCoder Beginner Contest 271),2022,,1664625600.0,2022.0,abc271_e,E,Subsequence Path,E. Subsequence Path,1402.0,4309,"['dp', 'graph theory', 'shortest path', 'subsequence']",4,https://atcoder.jp/contests/abc271/tasks/abc271_e,https://atcoder-tagged-backend.onrender.com/problems/all,2.3.0-sponsor-abc-kenkoooo-diff,ja,2026-06-04T18:46:05.900291+00:00,55.733,,,,
atcoder,abc,public_sponsored_abc,kyocera,abc271,京セラプログラミングコンテスト2022(AtCoder Beginner Contest 271),2022,,1664625600.0,2022.0,abc271_f,F,XOR on Grid Path,F. XOR on Grid Path,1669.0,3454,"['meet in the middle', 'xor', 'grid path', 'counting', 'sorting']",5,https://atcoder.jp/contests/abc271/tasks/abc271_f,https://atcoder-tagged-backend.onrender.com/problems/all,2.3.0-sponsor-abc-kenkoooo-diff,ja,2026-06-04T18:46:05.900291+00:00,61.003,,,,
atcoder,abc,public_sponsored_abc,kyocera,abc271,京セラプログラミングコンテスト2022(AtCoder Beginner Contest 271),2022,,1664625600.0,2022.0,abc271_g,G,Access Counter,G. Access Counter,2323.0,780,"['matrix', 'probability', 'dp', 'modular arithmetic', 'geometric progression']",5,https://atcoder.jp/contests/abc271/tasks/abc271_g,https://atcoder-tagged-backend.onrender.com/problems/all,2.3.0-sponsor-abc-kenkoooo-diff,ja,2026-06-04T18:46:05.900291+00:00,73.91,,,,
atcoder,abc,public_sponsored_abc,kyocera,abc271,京セラプログラミングコンテスト2022(AtCoder Beginner Contest 271),2022,,1664625600.0,2022.0,abc271_h,Ex,General General,Ex. General General,2908.0,248,"['dp', 'digit dp', 'math', 'case work', 'symmetry', 'coordinate geometry', 'bit manipulation']",7,https://atcoder.jp/contests/abc271/tasks/abc271_h,https://atcoder-tagged-backend.onrender.com/problems/all,2.3.0-sponsor-abc-kenkoooo-diff,ja,2026-06-04T18:46:05.900291+00:00,85.455,,,,
atcoder,abc,public_sponsored_abc,panasonic,abc273,パナソニックグループプログラミングコンテスト2022（AtCoder Beginner Contest 273）,2022,,1665835200.0,2022.0,abc273_a,A,A Recursive Function,A. A Recursive Function,-1038.0,14564,"['recursion', 'factorial', 'implementation']",3,https://atcoder.jp/contests/abc273/tasks/abc273_a,https://atcoder-tagged-backend.onrender.com/problems/all,2.3.0-sponsor-abc-kenkoooo-diff,ja,2026-06-04T18:46:05.900291+00:00,7.578,,,,
atcoder,abc,public_sponsored_abc,panasonic,abc273,パナソニックグループプログラミングコンテスト2022（AtCoder Beginner Contest 273）,2022,,1665835200.0,2022.0,abc273_b,B,Broken Rounding,B. Broken Rounding,77.0,9840,"['implementation', 'number theory', 'simulation']",3,https://atcoder.jp/contests/abc273/tasks/abc273_b,https://atcoder-tagged-backend.onrender.com/problems/all,2.3.0-sponsor-abc-kenkoooo-diff,ja,2026-06-04T18:46:05.900291+00:00,29.584,,,,
atcoder,abc,public_sponsored_abc,panasonic,abc273,パナソニックグループプログラミングコンテスト2022（AtCoder Beginner Contest 273）,2022,,1665835200.0,2022.0,abc273_c,C,(K+1)-th Largest Number,C. (K+1)-th Largest Number,369.0,8766,"['coordinate compression', 'counting', 'implementation', 'sorting']",4,https://atcoder.jp/contests/abc273/tasks/abc273_c,https://atcoder-tagged-backend.onrender.com/problems/all,2.3.0-sponsor-abc-kenkoooo-diff,ja,2026-06-04T18:46:05.900291+00:00,35.346,,,,
atcoder,abc,public_sponsored_abc,panasonic,abc273,パナソニックグループプログラミングコンテスト2022（AtCoder Beginner Contest 273）,2022,,1665835200.0,2022.0,abc273_d,D,LRUD Instructions,D. LRUD Instructions,1119.0,5026,"['binary search', 'coordinate compression', 'simulation', 'data structure']",4,https://atcoder.jp/contests/abc273/tasks/abc273_d,https://atcoder-tagged-backend.onrender.com/problems/all,2.3.0-sponsor-abc-kenkoooo-diff,ja,2026-06-04T18:46:05.900291+00:00,50.148,,,,
atcoder,abc,public_sponsored_abc,panasonic,abc273,パナソニックグループプログラミングコンテスト2022（AtCoder Beginner Contest 273）,2022,,1665835200.0,2022.0,abc273_e,E,Notebook,E. Notebook,1624.0,3321,"['persistent data structure', 'stack', 'implementation']",3,https://atcoder.jp/contests/abc273/tasks/abc273_e,https://atcoder-tagged-backend.onrender.com/problems/all,2.3.0-sponsor-abc-kenkoooo-diff,ja,2026-06-04T18:46:05.900291+00:00,60.114,,,,
atcoder,abc,public_sponsored_abc,panasonic,abc273,パナソニックグループプログラミングコンテスト2022（AtCoder Beginner Contest 273）,2022,,1665835200.0,2022.0,abc273_f,F,Hammer 2,F. Hammer 2,2277.0,1114,"['dp', 'interval dp']",2,https://atcoder.jp/contests/abc273/tasks/abc273_f,https://atcoder-tagged-backend.onrender.com/problems/all,2.3.0-sponsor-abc-kenkoooo-diff,ja,2026-06-04T18:46:05.900291+00:00,73.002,,,,
atcoder,abc,public_sponsored_abc,panasonic,abc273,パナソニックグループプログラミングコンテスト2022（AtCoder Beginner Contest 273）,2022,,1665835200.0,2022.0,abc273_g,G,Row Column Sums 2,G. Row Column Sums 2,2521.0,637,"['dp', 'combinatorics', 'modular arithmetic', 'counting', 'matrix']",5,https://atcoder.jp/contests/abc273/tasks/abc273_g,https://atcoder-tagged-backend.onrender.com/problems/all,2.3.0-sponsor-abc-kenkoooo-diff,ja,2026-06-04T18:46:05.900291+00:00,77.817,,,,
atcoder,abc,public_sponsored_abc,panasonic,abc273,パナソニックグループプログラミングコンテスト2022（AtCoder Beginner Contest 273）,2022,,1665835200.0,2022.0,abc273_h,Ex,"Inv(0,1)ving Insert(1,0)n","Ex. Inv(0,1)ving Insert(1,0)n",3598.0,97,"['stern brocot tree', 'number theory', 'divide and conquer', 'binary search', 'contribution counting', 'fractions', 'merge']",7,https://atcoder.jp/contests/abc273/tasks/abc273_h,https://atcoder-tagged-backend.onrender.com/problems/all,2.3.0-sponsor-abc-kenkoooo-diff,ja,2026-06-04T18:46:05.900291+00:00,99.072,,,,
atcoder,abc,public_sponsored_abc,keyence,abc274,キーエンスプログラミングコンテスト2022（AtCoder Beginner Contest 274）,2022,,1666440000.0,2022.0,abc274_a,A,Batting Average,A. Batting Average,-738.0,12994,"['implementation', 'math', 'string']",3,https://atcoder.jp/contests/abc274/tasks/abc274_a,https://atcoder-tagged-backend.onrender.com/problems/all,2.3.0-sponsor-abc-kenkoooo-diff,ja,2026-06-04T18:46:05.900291+00:00,13.499,,,,
atcoder,abc,public_sponsored_abc,keyence,abc274,キーエンスプログラミングコンテスト2022（AtCoder Beginner Contest 274）,2022,,1666440000.0,2022.0,abc274_b,B,Line Sensor,B. Line Sensor,-449.0,11680,"['graph', 'implementation']",2,https://atcoder.jp/contests/abc274/tasks/abc274_b,https://atcoder-tagged-backend.onrender.com/problems/all,2.3.0-sponsor-abc-kenkoooo-diff,ja,2026-06-04T18:46:05.900291+00:00,19.203,,,,
atcoder,abc,public_sponsored_abc,keyence,abc274,キーエンスプログラミングコンテスト2022（AtCoder Beginner Contest 274）,2022,,1666440000.0,2022.0,abc274_c,C,Ameba,C. Ameba,304.0,9727,"['bfs', 'graph', 'implementation', 'tree']",4,https://atcoder.jp/contests/abc274/tasks/abc274_c,https://atcoder-tagged-backend.onrender.com/problems/all,2.3.0-sponsor-abc-kenkoooo-diff,ja,2026-06-04T18:46:05.900291+00:00,34.064,,,,
atcoder,abc,public_sponsored_abc,keyence,abc274,キーエンスプログラミングコンテスト2022（AtCoder Beginner Contest 274）,2022,,1666440000.0,2022.0,abc274_d,D,Robot Arms 2,D. Robot Arms 2,916.0,6321,"['dp', 'coordinate geometry', 'reachability', 'reduction']",4,https://atcoder.jp/contests/abc274/tasks/abc274_d,https://atcoder-tagged-backend.onrender.com/problems/all,2.3.0-sponsor-abc-kenkoooo-diff,ja,2026-06-04T18:46:05.900291+00:00,46.142,,,,
atcoder,abc,public_sponsored_abc,keyence,abc274,キーエンスプログラミングコンテスト2022（AtCoder Beginner Contest 274）,2022,,1666440000.0,2022.0,abc274_e,E,Booster,E. Booster,1520.0,3456,"['bitmask dp', 'dp', 'traveling salesman', 'bitmask']",4,https://atcoder.jp/contests/abc274/tasks/abc274_e,https://atcoder-tagged-backend.onrender.com/problems/all,2.3.0-sponsor-abc-kenkoooo-diff,ja,2026-06-04T18:46:05.900291+00:00,58.062,,,,
atcoder,abc,public_sponsored_abc,keyence,abc274,キーエンスプログラミングコンテスト2022（AtCoder Beginner Contest 274）,2022,,1666440000.0,2022.0,abc274_f,F,Fishing,F. Fishing,2212.0,1249,"['brute force', 'plane sweep', 'simulation', 'geometry']",4,https://atcoder.jp/contests/abc274/tasks/abc274_f,https://atcoder-tagged-backend.onrender.com/problems/all,2.3.0-sponsor-abc-kenkoooo-diff,ja,2026-06-04T18:46:05.900291+00:00,71.719,,,,
atcoder,abc,public_sponsored_abc,keyence,abc274,キーエンスプログラミングコンテスト2022（AtCoder Beginner Contest 274）,2022,,1666440000.0,2022.0,abc274_g,G,Security Camera 3,G. Security Camera 3,2340.0,917,"['max flow', 'vertex cover', 'graph', 'grid', 'submodular']",5,https://atcoder.jp/contests/abc274/tasks/abc274_g,https://atcoder-tagged-backend.onrender.com/problems/all,2.3.0-sponsor-abc-kenkoooo-diff,ja,2026-06-04T18:46:05.900291+00:00,74.245,,,,
atcoder,abc,public_sponsored_abc,keyence,abc274,キーエンスプログラミングコンテスト2022（AtCoder Beginner Contest 274）,2022,,1666440000.0,2022.0,abc274_h,Ex,XOR Sum of Arrays,Ex. XOR Sum of Arrays,3191.0,248,"['xor', 'binary lifting', 'matrix', 'lexicographical', 'range query']",5,https://atcoder.jp/contests/abc274/tasks/abc274_h,https://atcoder-tagged-backend.onrender.com/problems/all,2.3.0-sponsor-abc-kenkoooo-diff,ja,2026-06-04T18:46:05.900291+00:00,91.04,,,,
atcoder,abc,public_sponsored_abc,toyota,abc279,トヨタシステムズプログラミングコンテスト2022(AtCoder Beginner Contest 279),2022,,1669464000.0,2022.0,abc279_a,A,wwwvvvvvv,A. wwwvvvvvv,-1224.0,14989,"['string', 'counting', 'iteration']",3,https://atcoder.jp/contests/abc279/tasks/abc279_a,https://atcoder-tagged-backend.onrender.com/problems/all,2.3.0-sponsor-abc-kenkoooo-diff,ja,2026-06-04T18:46:05.900291+00:00,3.908,,,,
atcoder,abc,public_sponsored_abc,toyota,abc279,トヨタシステムズプログラミングコンテスト2022(AtCoder Beginner Contest 279),2022,,1669464000.0,2022.0,abc279_b,B,LOOKUP,B. LOOKUP,-533.0,11923,"['implementation', 'string', 'string matching', 'substring']",4,https://atcoder.jp/contests/abc279/tasks/abc279_b,https://atcoder-tagged-backend.onrender.com/problems/all,2.3.0-sponsor-abc-kenkoooo-diff,ja,2026-06-04T18:46:05.900291+00:00,17.545,,,,
atcoder,abc,public_sponsored_abc,toyota,abc279,トヨタシステムズプログラミングコンテスト2022(AtCoder Beginner Contest 279),2022,,1669464000.0,2022.0,abc279_c,C,RANDOM,C. RANDOM,246.0,9336,"['counting', 'implementation', 'string']",3,https://atcoder.jp/contests/abc279/tasks/abc279_c,https://atcoder-tagged-backend.onrender.com/problems/all,2.3.0-sponsor-abc-kenkoooo-diff,ja,2026-06-04T18:46:05.900291+00:00,32.919,,,,
atcoder,abc,public_sponsored_abc,toyota,abc279,トヨタシステムズプログラミングコンテスト2022(AtCoder Beginner Contest 279),2022,,1669464000.0,2022.0,abc279_d,D,Freefall,D. Freefall,766.0,6941,"['ternary search', 'convexity', 'optimization', 'calculus']",4,https://atcoder.jp/contests/abc279/tasks/abc279_d,https://atcoder-tagged-backend.onrender.com/problems/all,2.3.0-sponsor-abc-kenkoooo-diff,ja,2026-06-04T18:46:05.900291+00:00,43.181,,,,
atcoder,abc,public_sponsored_abc,toyota,abc279,トヨタシステムズプログラミングコンテスト2022(AtCoder Beginner Contest 279),2022,,1669464000.0,2022.0,abc279_e,E,Cheating Amidakuji,E. Cheating Amidakuji,1390.0,3515,"['divide and conquer', 'permutation', 'segment tree', 'simulation', 'swap']",5,https://atcoder.jp/contests/abc279/tasks/abc279_e,https://atcoder-tagged-backend.onrender.com/problems/all,2.3.0-sponsor-abc-kenkoooo-diff,ja,2026-06-04T18:46:05.900291+00:00,55.496,,,,
atcoder,abc,public_sponsored_abc,toyota,abc279,トヨタシステムズプログラミングコンテスト2022(AtCoder Beginner Contest 279),2022,,1669464000.0,2022.0,abc279_f,F,BOX,F. BOX,1777.0,2487,"['dsu', 'set', 'mapping']",3,https://atcoder.jp/contests/abc279/tasks/abc279_f,https://atcoder-tagged-backend.onrender.com/problems/all,2.3.0-sponsor-abc-kenkoooo-diff,ja,2026-06-04T18:46:05.900291+00:00,63.134,,,,
atcoder,abc,public_sponsored_abc,toyota,abc279,トヨタシステムズプログラミングコンテスト2022(AtCoder Beginner Contest 279),2022,,1669464000.0,2022.0,abc279_g,G,At Most 2 Colors,G. At Most 2 Colors,2431.0,845,"['dp', 'prefix sum', 'combinatorics', 'modular arithmetic']",4,https://atcoder.jp/contests/abc279/tasks/abc279_g,https://atcoder-tagged-backend.onrender.com/problems/all,2.3.0-sponsor-abc-kenkoooo-diff,ja,2026-06-04T18:46:05.900291+00:00,76.041,,,,
atcoder,abc,public_sponsored_abc,toyota,abc279,トヨタシステムズプログラミングコンテスト2022(AtCoder Beginner Contest 279),2022,,1669464000.0,2022.0,abc279_h,Ex,Sum of Prod of Min,Ex. Sum of Prod of Min,3279.0,180,"['pentagonal number theorem', 'generating function', 'binomial coefficient', 'lucas theorem', 'combinatorics']",5,https://atcoder.jp/contests/abc279/tasks/abc279_h,https://atcoder-tagged-backend.onrender.com/problems/all,2.3.0-sponsor-abc-kenkoooo-diff,ja,2026-06-04T18:46:05.900291+00:00,92.777,,,,
atcoder,abc,public_sponsored_abc,denso,abc280,デンソークリエイトプログラミングコンテスト2022 Winter(AtCoder Beginner Contest 280),2022,,1670068800.0,2022.0,abc280_a,A,Pawn on a Grid,A. Pawn on a Grid,-1011.0,14280,"['string', 'counting', 'grid', 'implementation']",4,https://atcoder.jp/contests/abc280/tasks/abc280_a,https://atcoder-tagged-backend.onrender.com/problems/all,2.3.0-sponsor-abc-kenkoooo-diff,ja,2026-06-04T18:46:05.900291+00:00,8.111,,,,
atcoder,abc,public_sponsored_abc,denso,abc280,デンソークリエイトプログラミングコンテスト2022 Winter(AtCoder Beginner Contest 280),2022,,1670068800.0,2022.0,abc280_b,B,Inverse Prefix Sum,B. Inverse Prefix Sum,-769.0,13468,"['array', 'implementation', 'prefix sum']",3,https://atcoder.jp/contests/abc280/tasks/abc280_b,https://atcoder-tagged-backend.onrender.com/problems/all,2.3.0-sponsor-abc-kenkoooo-diff,ja,2026-06-04T18:46:05.900291+00:00,12.887,,,,
atcoder,abc,public_sponsored_abc,denso,abc280,デンソークリエイトプログラミングコンテスト2022 Winter(AtCoder Beginner Contest 280),2022,,1670068800.0,2022.0,abc280_c,C,Extra Character,C. Extra Character,-333.0,12461,"['implementation', 'string', 'two pointer']",3,https://atcoder.jp/contests/abc280/tasks/abc280_c,https://atcoder-tagged-backend.onrender.com/problems/all,2.3.0-sponsor-abc-kenkoooo-diff,ja,2026-06-04T18:46:05.900291+00:00,21.492,,,,
atcoder,abc,public_sponsored_abc,denso,abc280,デンソークリエイトプログラミングコンテスト2022 Winter(AtCoder Beginner Contest 280),2022,,1670068800.0,2022.0,abc280_d,D,Factorial and Multiple,D. Factorial and Multiple,880.0,7515,"['counting', 'factorial', 'number theory', 'prime factorization']",4,https://atcoder.jp/contests/abc280/tasks/abc280_d,https://atcoder-tagged-backend.onrender.com/problems/all,2.3.0-sponsor-abc-kenkoooo-diff,ja,2026-06-04T18:46:05.900291+00:00,45.431,,,,
atcoder,abc,public_sponsored_abc,denso,abc280,デンソークリエイトプログラミングコンテスト2022 Winter(AtCoder Beginner Contest 280),2022,,1670068800.0,2022.0,abc280_e,E,Critical Hit,E. Critical Hit,1251.0,4738,"['dp', 'expectation', 'modular arithmetic', 'probability']",4,https://atcoder.jp/contests/abc280/tasks/abc280_e,https://atcoder-tagged-backend.onrender.com/problems/all,2.3.0-sponsor-abc-kenkoooo-diff,ja,2026-06-04T18:46:05.900291+00:00,52.753,,,,
atcoder,abc,public_sponsored_abc,denso,abc280,デンソークリエイトプログラミングコンテスト2022 Winter(AtCoder Beginner Contest 280),2022,,1670068800.0,2022.0,abc280_f,F,Pay or Receive,F. Pay or Receive,1819.0,2399,"['bellman ford', 'cycle', 'graph', 'longest path', 'shortest path']",5,https://atcoder.jp/contests/abc280/tasks/abc280_f,https://atcoder-tagged-backend.onrender.com/problems/all,2.3.0-sponsor-abc-kenkoooo-diff,ja,2026-06-04T18:46:05.900291+00:00,63.963,,,,
atcoder,abc,public_sponsored_abc,denso,abc280,デンソークリエイトプログラミングコンテスト2022 Winter(AtCoder Beginner Contest 280),2022,,1670068800.0,2022.0,abc280_g,G,Do Use Hexagon Grid 2,G. Do Use Hexagon Grid 2,2842.0,273,"['coordinate geometry', 'chebyshev distance', 'combinatorics', 'counting', 'modular arithmetic']",5,https://atcoder.jp/contests/abc280/tasks/abc280_g,https://atcoder-tagged-backend.onrender.com/problems/all,2.3.0-sponsor-abc-kenkoooo-diff,ja,2026-06-04T18:46:05.900291+00:00,84.152,,,,
atcoder,abc,public_sponsored_abc,denso,abc280,デンソークリエイトプログラミングコンテスト2022 Winter(AtCoder Beginner Contest 280),2022,,1670068800.0,2022.0,abc280_h,Ex,Substring Sort,Ex. Substring Sort,3307.0,128,"['suffix array', 'lcp', 'string', 'stack', 'lexicographical']",5,https://atcoder.jp/contests/abc280/tasks/abc280_h,https://atcoder-tagged-backend.onrender.com/problems/all,2.3.0-sponsor-abc-kenkoooo-diff,ja,2026-06-04T18:46:05.900291+00:00,93.329,,,,
atcoder,abc,public_sponsored_abc,hhkb,abc282,HHKBプログラミングコンテスト2022 Winter(AtCoder Beginner Contest 282),2022,,1671278400.0,2022.0,abc282_a,A,Generalized ABC,A. Generalized ABC,-1239.0,14269,"['implementation', 'string']",2,https://atcoder.jp/contests/abc282/tasks/abc282_a,https://atcoder-tagged-backend.onrender.com/problems/all,2.3.0-sponsor-abc-kenkoooo-diff,ja,2026-06-04T18:46:05.900291+00:00,3.612,,,,
atcoder,abc,public_sponsored_abc,hhkb,abc282,HHKBプログラミングコンテスト2022 Winter(AtCoder Beginner Contest 282),2022,,1671278400.0,2022.0,abc282_b,B,Let's Get a Perfect Score,B. Let's Get a Perfect Score,-284.0,11413,"['brute force', 'conditional', 'implementation', 'string']",4,https://atcoder.jp/contests/abc282/tasks/abc282_b,https://atcoder-tagged-backend.onrender.com/problems/all,2.3.0-sponsor-abc-kenkoooo-diff,ja,2026-06-04T18:46:05.900291+00:00,22.459,,,,
atcoder,abc,public_sponsored_abc,hhkb,abc282,HHKBプログラミングコンテスト2022 Winter(AtCoder Beginner Contest 282),2022,,1671278400.0,2022.0,abc282_c,C,String Delimiter,C. String Delimiter,-139.0,11538,"['implementation', 'simulation', 'string']",3,https://atcoder.jp/contests/abc282/tasks/abc282_c,https://atcoder-tagged-backend.onrender.com/problems/all,2.3.0-sponsor-abc-kenkoooo-diff,ja,2026-06-04T18:46:05.900291+00:00,25.321,,,,
atcoder,abc,public_sponsored_abc,hhkb,abc282,HHKBプログラミングコンテスト2022 Winter(AtCoder Beginner Contest 282),2022,,1671278400.0,2022.0,abc282_d,D,Make Bipartite 2,D. Make Bipartite 2,1154.0,5634,"['bipartite graph', 'connected components', 'counting', 'graph theory', 'graph coloring']",5,https://atcoder.jp/contests/abc282/tasks/abc282_d,https://atcoder-tagged-backend.onrender.com/problems/all,2.3.0-sponsor-abc-kenkoooo-diff,ja,2026-06-04T18:46:05.900291+00:00,50.839,,,,
atcoder,abc,public_sponsored_abc,hhkb,abc282,HHKBプログラミングコンテスト2022 Winter(AtCoder Beginner Contest 282),2022,,1671278400.0,2022.0,abc282_e,E,Choose Two and Eat One,E. Choose Two and Eat One,1604.0,4390,"['maximum spanning tree', 'graph theory', 'modular exponentiation', 'greedy']",4,https://atcoder.jp/contests/abc282/tasks/abc282_e,https://atcoder-tagged-backend.onrender.com/problems/all,2.3.0-sponsor-abc-kenkoooo-diff,ja,2026-06-04T18:46:05.900291+00:00,59.72,,,,
atcoder,abc,public_sponsored_abc,hhkb,abc282,HHKBプログラミングコンテスト2022 Winter(AtCoder Beginner Contest 282),2022,,1671278400.0,2022.0,abc282_f,F,Union of Two Sets,F. Union of Two Sets,1734.0,2327,"['sparse table', 'constructive', 'interval', 'powers of two']",4,https://atcoder.jp/contests/abc282/tasks/abc282_f,https://atcoder-tagged-backend.onrender.com/problems/all,2.3.0-sponsor-abc-kenkoooo-diff,ja,2026-06-04T18:46:05.900291+00:00,62.285,,,,
atcoder,abc,public_sponsored_abc,hhkb,abc282,HHKBプログラミングコンテスト2022 Winter(AtCoder Beginner Contest 282),2022,,1671278400.0,2022.0,abc282_g,G,Similar Permutation,G. Similar Permutation,2412.0,935,"['dp', '2d prefix sum']",2,https://atcoder.jp/contests/abc282/tasks/abc282_g,https://atcoder-tagged-backend.onrender.com/problems/all,2.3.0-sponsor-abc-kenkoooo-diff,ja,2026-06-04T18:46:05.900291+00:00,75.666,,,,
atcoder,abc,public_sponsored_abc,hhkb,abc282,HHKBプログラミングコンテスト2022 Winter(AtCoder Beginner Contest 282),2022,,1671278400.0,2022.0,abc282_h,Ex,Min + Sum,Ex. Min + Sum,2621.0,953,"['divide and conquer', 'binary search', 'prefix sum', 'range minimum query', 'two pointer']",5,https://atcoder.jp/contests/abc282/tasks/abc282_h,https://atcoder-tagged-backend.onrender.com/problems/all,2.3.0-sponsor-abc-kenkoooo-diff,ja,2026-06-04T18:46:05.900291+00:00,79.791,,,,
atcoder,abc,public_sponsored_abc,unique_vision,abc283,ユニークビジョンプログラミングコンテスト2022 冬(AtCoder Beginner Contest 283),2022,,1671883200.0,2022.0,abc283_a,A,Power,A. Power,-1172.0,16526,"['implementation', 'math', 'modular exponentiation']",3,https://atcoder.jp/contests/abc283/tasks/abc283_a,https://atcoder-tagged-backend.onrender.com/problems/all,2.3.0-sponsor-abc-kenkoooo-diff,ja,2026-06-04T18:46:05.900291+00:00,4.934,,,,
atcoder,abc,public_sponsored_abc,unique_vision,abc283,ユニークビジョンプログラミングコンテスト2022 冬(AtCoder Beginner Contest 283),2022,,1671883200.0,2022.0,abc283_b,B,First Query Problem,B. First Query Problem,-578.0,12660,"['array', 'simulation', 'query']",3,https://atcoder.jp/contests/abc283/tasks/abc283_b,https://atcoder-tagged-backend.onrender.com/problems/all,2.3.0-sponsor-abc-kenkoooo-diff,ja,2026-06-04T18:46:05.900291+00:00,16.657,,,,
atcoder,abc,public_sponsored_abc,unique_vision,abc283,ユニークビジョンプログラミングコンテスト2022 冬(AtCoder Beginner Contest 283),2022,,1671883200.0,2022.0,abc283_c,C,Cash Register,C. Cash Register,-207.0,12556,"['greedy', 'implementation', 'string']",3,https://atcoder.jp/contests/abc283/tasks/abc283_c,https://atcoder-tagged-backend.onrender.com/problems/all,2.3.0-sponsor-abc-kenkoooo-diff,ja,2026-06-04T18:46:05.900291+00:00,23.979,,,,
atcoder,abc,public_sponsored_abc,unique_vision,abc283,ユニークビジョンプログラミングコンテスト2022 冬(AtCoder Beginner Contest 283),2022,,1671883200.0,2022.0,abc283_d,D,Scope,D. Scope,453.0,8955,"['implementation', 'set', 'stack', 'string']",4,https://atcoder.jp/contests/abc283/tasks/abc283_d,https://atcoder-tagged-backend.onrender.com/problems/all,2.3.0-sponsor-abc-kenkoooo-diff,ja,2026-06-04T18:46:05.900291+00:00,37.004,,,,
atcoder,abc,public_sponsored_abc,unique_vision,abc283,ユニークビジョンプログラミングコンテスト2022 冬(AtCoder Beginner Contest 283),2022,,1671883200.0,2022.0,abc283_e,E,Don't Isolate Elements,E. Don't Isolate Elements,1802.0,2658,"['dp', 'grid', 'bitmask']",3,https://atcoder.jp/contests/abc283/tasks/abc283_e,https://atcoder-tagged-backend.onrender.com/problems/all,2.3.0-sponsor-abc-kenkoooo-diff,ja,2026-06-04T18:46:05.900291+00:00,63.627,,,,
atcoder,abc,public_sponsored_abc,unique_vision,abc283,ユニークビジョンプログラミングコンテスト2022 冬(AtCoder Beginner Contest 283),2022,,1671883200.0,2022.0,abc283_f,F,Permutation Distance,F. Permutation Distance,1771.0,2372,"['segment tree', 'range query', 'plane sweep', 'coordinate geometry', 'permutation']",5,https://atcoder.jp/contests/abc283/tasks/abc283_f,https://atcoder-tagged-backend.onrender.com/problems/all,2.3.0-sponsor-abc-kenkoooo-diff,ja,2026-06-04T18:46:05.900291+00:00,63.016,,,,
atcoder,abc,public_sponsored_abc,unique_vision,abc283,ユニークビジョンプログラミングコンテスト2022 冬(AtCoder Beginner Contest 283),2022,,1671883200.0,2022.0,abc283_g,G,Partial Xor Enumeration,G. Partial Xor Enumeration,2173.0,1121,"['xor basis', 'xor', 'linear algebra', 'enumeration']",4,https://atcoder.jp/contests/abc283/tasks/abc283_g,https://atcoder-tagged-backend.onrender.com/problems/all,2.3.0-sponsor-abc-kenkoooo-diff,ja,2026-06-04T18:46:05.900291+00:00,70.949,,,,
atcoder,abc,public_sponsored_abc,unique_vision,abc283,ユニークビジョンプログラミングコンテスト2022 冬(AtCoder Beginner Contest 283),2022,,1671883200.0,2022.0,abc283_h,Ex,Popcount Sum,Ex. Popcount Sum,2682.0,514,"['number theory', 'bit manipulation', 'floor sum', 'modular arithmetic']",4,https://atcoder.jp/contests/abc283/tasks/abc283_h,https://atcoder-tagged-backend.onrender.com/problems/all,2.3.0-sponsor-abc-kenkoooo-diff,ja,2026-06-04T18:46:05.900291+00:00,80.995,,,,
atcoder,abc,public_sponsored_abc,unique_vision,abc287,ユニークビジョンプログラミングコンテスト2023 新春 (AtCoder Beginner Contest 287),2023,,1674907200.0,2023.0,abc287_a,A,Majority,A. Majority,-1023.0,14311,"['counting', 'implementation', 'comparison']",3,https://atcoder.jp/contests/abc287/tasks/abc287_a,https://atcoder-tagged-backend.onrender.com/problems/all,2.3.0-sponsor-abc-kenkoooo-diff,ja,2026-06-04T18:46:05.900291+00:00,7.874,,,,
atcoder,abc,public_sponsored_abc,unique_vision,abc287,ユニークビジョンプログラミングコンテスト2023 新春 (AtCoder Beginner Contest 287),2023,,1674907200.0,2023.0,abc287_b,B,Postal Card,B. Postal Card,-471.0,12682,"['string', 'implementation', 'set', 'hashing']",4,https://atcoder.jp/contests/abc287/tasks/abc287_b,https://atcoder-tagged-backend.onrender.com/problems/all,2.3.0-sponsor-abc-kenkoooo-diff,ja,2026-06-04T18:46:05.900291+00:00,18.769,,,,
atcoder,abc,public_sponsored_abc,unique_vision,abc287,ユニークビジョンプログラミングコンテスト2023 新春 (AtCoder Beginner Contest 287),2023,,1674907200.0,2023.0,abc287_c,C,Path Graph?,C. Path Graph?,466.0,9089,"['graph theory', 'degree', 'connectivity', 'bfs', 'dfs', 'dsu']",6,https://atcoder.jp/contests/abc287/tasks/abc287_c,https://atcoder-tagged-backend.onrender.com/problems/all,2.3.0-sponsor-abc-kenkoooo-diff,ja,2026-06-04T18:46:05.900291+00:00,37.261,,,,
atcoder,abc,public_sponsored_abc,unique_vision,abc287,ユニークビジョンプログラミングコンテスト2023 新春 (AtCoder Beginner Contest 287),2023,,1674907200.0,2023.0,abc287_d,D,Match or Not,D. Match or Not,796.0,6745,"['string matching', 'prefix', 'suffix']",3,https://atcoder.jp/contests/abc287/tasks/abc287_d,https://atcoder-tagged-backend.onrender.com/problems/all,2.3.0-sponsor-abc-kenkoooo-diff,ja,2026-06-04T18:46:05.900291+00:00,43.773,,,,
atcoder,abc,public_sponsored_abc,unique_vision,abc287,ユニークビジョンプログラミングコンテスト2023 新春 (AtCoder Beginner Contest 287),2023,,1674907200.0,2023.0,abc287_e,E,Karuta,E. Karuta,1093.0,5749,"['implementation', 'sorting', 'string', 'trie']",4,https://atcoder.jp/contests/abc287/tasks/abc287_e,https://atcoder-tagged-backend.onrender.com/problems/all,2.3.0-sponsor-abc-kenkoooo-diff,ja,2026-06-04T18:46:05.900291+00:00,49.635,,,,
atcoder,abc,public_sponsored_abc,unique_vision,abc287,ユニークビジョンプログラミングコンテスト2023 新春 (AtCoder Beginner Contest 287),2023,,1674907200.0,2023.0,abc287_f,F,Components,F. Components,2034.0,1760,"['dp on trees', 'connected components', 'subgraph', 'combinatorics']",4,https://atcoder.jp/contests/abc287/tasks/abc287_f,https://atcoder-tagged-backend.onrender.com/problems/all,2.3.0-sponsor-abc-kenkoooo-diff,ja,2026-06-04T18:46:05.900291+00:00,68.206,,,,
atcoder,abc,public_sponsored_abc,unique_vision,abc287,ユニークビジョンプログラミングコンテスト2023 新春 (AtCoder Beginner Contest 287),2023,,1674907200.0,2023.0,abc287_g,G,Balance Update Query,G. Balance Update Query,2180.0,1209,"['coordinate compression', 'binary indexed tree', 'binary search', 'data structure']",4,https://atcoder.jp/contests/abc287/tasks/abc287_g,https://atcoder-tagged-backend.onrender.com/problems/all,2.3.0-sponsor-abc-kenkoooo-diff,ja,2026-06-04T18:46:05.900291+00:00,71.087,,,,
atcoder,abc,public_sponsored_abc,unique_vision,abc287,ユニークビジョンプログラミングコンテスト2023 新春 (AtCoder Beginner Contest 287),2023,,1674907200.0,2023.0,abc287_h,Ex,Directed Graph and Query,Ex. Directed Graph and Query,2639.0,718,"['floyd warshall', 'bitset', 'reachability', 'directed graph', 'query']",5,https://atcoder.jp/contests/abc287/tasks/abc287_h,https://atcoder-tagged-backend.onrender.com/problems/all,2.3.0-sponsor-abc-kenkoooo-diff,ja,2026-06-04T18:46:05.900291+00:00,80.146,,,,
atcoder,abc,public_sponsored_abc,toyota,abc288,Toyota Programming Contest 2023 Spring Qual A（AtCoder Beginner Contest 288）,2023,,1675512000.0,2023.0,abc288_a,A,Many A+B Problems,A. Many A+B Problems,-1292.0,14851,"['implementation', 'language features', 'math']",3,https://atcoder.jp/contests/abc288/tasks/abc288_a,https://atcoder-tagged-backend.onrender.com/problems/all,2.3.0-sponsor-abc-kenkoooo-diff,ja,2026-06-04T18:46:05.900291+00:00,2.566,,,,
atcoder,abc,public_sponsored_abc,toyota,abc288,Toyota Programming Contest 2023 Spring Qual A（AtCoder Beginner Contest 288）,2023,,1675512000.0,2023.0,abc288_b,B,Qualification Contest,B. Qualification Contest,-483.0,12466,"['string', 'sorting', 'lexicographical', 'implementation']",4,https://atcoder.jp/contests/abc288/tasks/abc288_b,https://atcoder-tagged-backend.onrender.com/problems/all,2.3.0-sponsor-abc-kenkoooo-diff,ja,2026-06-04T18:46:05.900291+00:00,18.532,,,,
atcoder,abc,public_sponsored_abc,toyota,abc288,Toyota Programming Contest 2023 Spring Qual A（AtCoder Beginner Contest 288）,2023,,1675512000.0,2023.0,abc288_c,C,Don’t be cycle,C. Don’t be cycle,436.0,9256,"['connected components', 'counting', 'graph', 'implementation', 'dsu']",5,https://atcoder.jp/contests/abc288/tasks/abc288_c,https://atcoder-tagged-backend.onrender.com/problems/all,2.3.0-sponsor-abc-kenkoooo-diff,ja,2026-06-04T18:46:05.900291+00:00,36.669,,,,
atcoder,abc,public_sponsored_abc,toyota,abc288,Toyota Programming Contest 2023 Spring Qual A（AtCoder Beginner Contest 288）,2023,,1675512000.0,2023.0,abc288_d,D,Range Add Query,D. Range Add Query,1757.0,3049,"['difference array', 'prefix sum', 'modular arithmetic', 'range query']",4,https://atcoder.jp/contests/abc288/tasks/abc288_d,https://atcoder-tagged-backend.onrender.com/problems/all,2.3.0-sponsor-abc-kenkoooo-diff,ja,2026-06-04T18:46:05.900291+00:00,62.739,,,,
atcoder,abc,public_sponsored_abc,toyota,abc288,Toyota Programming Contest 2023 Spring Qual A（AtCoder Beginner Contest 288）,2023,,1675512000.0,2023.0,abc288_e,E,Wish List,E. Wish List,2000.0,2018,"['dp', 'implementation', 'optimization']",3,https://atcoder.jp/contests/abc288/tasks/abc288_e,https://atcoder-tagged-backend.onrender.com/problems/all,2.3.0-sponsor-abc-kenkoooo-diff,ja,2026-06-04T18:46:05.900291+00:00,67.535,,,,
atcoder,abc,public_sponsored_abc,toyota,abc288,Toyota Programming Contest 2023 Spring Qual A（AtCoder Beginner Contest 288）,2023,,1675512000.0,2023.0,abc288_f,F,Integer Division,F. Integer Division,2024.0,1853,"['dp', 'implementation', 'modular arithmetic', 'string']",4,https://atcoder.jp/contests/abc288/tasks/abc288_f,https://atcoder-tagged-backend.onrender.com/problems/all,2.3.0-sponsor-abc-kenkoooo-diff,ja,2026-06-04T18:46:05.900291+00:00,68.009,,,,
atcoder,abc,public_sponsored_abc,toyota,abc288,Toyota Programming Contest 2023 Spring Qual A（AtCoder Beginner Contest 288）,2023,,1675512000.0,2023.0,abc288_g,G,3^N Minesweeper,G. 3^N Minesweeper,2606.0,704,"['zeta transform', 'prefix sum', 'base representation', 'inclusion exclusion']",4,https://atcoder.jp/contests/abc288/tasks/abc288_g,https://atcoder-tagged-backend.onrender.com/problems/all,2.3.0-sponsor-abc-kenkoooo-diff,ja,2026-06-04T18:46:05.900291+00:00,79.495,,,,
atcoder,abc,public_sponsored_abc,toyota,abc288,Toyota Programming Contest 2023 Spring Qual A（AtCoder Beginner Contest 288）,2023,,1675512000.0,2023.0,abc288_h,Ex,A Nameless Counting Problem,Ex. A Nameless Counting Problem,3282.0,258,"['digit dp', 'dp', 'combinatorics', 'xor', 'counting', 'binomial coefficient', 'partition']",7,https://atcoder.jp/contests/abc288/tasks/abc288_h,https://atcoder-tagged-backend.onrender.com/problems/all,2.3.0-sponsor-abc-kenkoooo-diff,ja,2026-06-04T18:46:05.900291+00:00,92.836,,,,
atcoder,abc,public_sponsored_abc,sky,abc289,Ｓｋｙ株式会社プログラミングコンテスト2023（AtCoder Beginner Contest 289）,2023,,1676116800.0,2023.0,abc289_a,A,flip,A. flip,-952.0,14733,"['string', 'implementation']",2,https://atcoder.jp/contests/abc289/tasks/abc289_a,https://atcoder-tagged-backend.onrender.com/problems/all,2.3.0-sponsor-abc-kenkoooo-diff,ja,2026-06-04T18:46:05.900291+00:00,9.276,,,,
atcoder,abc,public_sponsored_abc,sky,abc289,Ｓｋｙ株式会社プログラミングコンテスト2023（AtCoder Beginner Contest 289）,2023,,1676116800.0,2023.0,abc289_b,B,V,B. V,169.0,10232,"['connected components', 'graph', 'implementation', 'simulation']",4,https://atcoder.jp/contests/abc289/tasks/abc289_b,https://atcoder-tagged-backend.onrender.com/problems/all,2.3.0-sponsor-abc-kenkoooo-diff,ja,2026-06-04T18:46:05.900291+00:00,31.399,,,,
atcoder,abc,public_sponsored_abc,sky,abc289,Ｓｋｙ株式会社プログラミングコンテスト2023（AtCoder Beginner Contest 289）,2023,,1676116800.0,2023.0,abc289_c,C,Coverage,C. Coverage,396.0,9579,"['bitmask', 'brute force', 'implementation', 'set', 'set cover']",5,https://atcoder.jp/contests/abc289/tasks/abc289_c,https://atcoder-tagged-backend.onrender.com/problems/all,2.3.0-sponsor-abc-kenkoooo-diff,ja,2026-06-04T18:46:05.900291+00:00,35.879,,,,
atcoder,abc,public_sponsored_abc,sky,abc289,Ｓｋｙ株式会社プログラミングコンテスト2023（AtCoder Beginner Contest 289）,2023,,1676116800.0,2023.0,abc289_d,D,Step Up Robot,D. Step Up Robot,551.0,8816,"['dp', 'reachability']",2,https://atcoder.jp/contests/abc289/tasks/abc289_d,https://atcoder-tagged-backend.onrender.com/problems/all,2.3.0-sponsor-abc-kenkoooo-diff,ja,2026-06-04T18:46:05.900291+00:00,38.938,,,,
atcoder,abc,public_sponsored_abc,sky,abc289,Ｓｋｙ株式会社プログラミングコンテスト2023（AtCoder Beginner Contest 289）,2023,,1676116800.0,2023.0,abc289_e,E,Swap Places,E. Swap Places,1318.0,4586,"['bfs', 'shortest path', 'graph', 'search']",4,https://atcoder.jp/contests/abc289/tasks/abc289_e,https://atcoder-tagged-backend.onrender.com/problems/all,2.3.0-sponsor-abc-kenkoooo-diff,ja,2026-06-04T18:46:05.900291+00:00,54.075,,,,
atcoder,abc,public_sponsored_abc,sky,abc289,Ｓｋｙ株式会社プログラミングコンテスト2023（AtCoder Beginner Contest 289）,2023,,1676116800.0,2023.0,abc289_f,F,Teleporter Takahashi,F. Teleporter Takahashi,2100.0,1223,"['parity', 'constructive', 'geometry', 'case work', 'coordinate geometry']",5,https://atcoder.jp/contests/abc289/tasks/abc289_f,https://atcoder-tagged-backend.onrender.com/problems/all,2.3.0-sponsor-abc-kenkoooo-diff,ja,2026-06-04T18:46:05.900291+00:00,69.509,,,,
atcoder,abc,public_sponsored_abc,sky,abc289,Ｓｋｙ株式会社プログラミングコンテスト2023（AtCoder Beginner Contest 289）,2023,,1676116800.0,2023.0,abc289_g,G,Shopping in AtCoder store,G. Shopping in AtCoder store,2109.0,1195,"['convex hull trick', 'sorting', 'function', 'range maximum query']",4,https://atcoder.jp/contests/abc289/tasks/abc289_g,https://atcoder-tagged-backend.onrender.com/problems/all,2.3.0-sponsor-abc-kenkoooo-diff,ja,2026-06-04T18:46:05.900291+00:00,69.686,,,,
atcoder,abc,public_sponsored_abc,sky,abc289,Ｓｋｙ株式会社プログラミングコンテスト2023（AtCoder Beginner Contest 289）,2023,,1676116800.0,2023.0,abc289_h,Ex,Trio,Ex. Trio,3246.0,162,"['generating function', 'formal power series', 'convolution', 'fft', 'combinatorics', 'probability', 'random walk', 'dp']",8,https://atcoder.jp/contests/abc289/tasks/abc289_h,https://atcoder-tagged-backend.onrender.com/problems/all,2.3.0-sponsor-abc-kenkoooo-diff,ja,2026-06-04T18:46:05.900291+00:00,92.126,,,,
atcoder,abc,public_sponsored_abc,toyota,abc290,Toyota Programming Contest 2023 Spring Qual B（AtCoder Beginner Contest 290）,2023,,1676808000.0,2023.0,abc290_a,A,Contest Result,A. Contest Result,-1118.0,13418,"['implementation', 'array', 'sum']",3,https://atcoder.jp/contests/abc290/tasks/abc290_a,https://atcoder-tagged-backend.onrender.com/problems/all,2.3.0-sponsor-abc-kenkoooo-diff,ja,2026-06-04T18:46:05.900291+00:00,6.0,,,,
atcoder,abc,public_sponsored_abc,toyota,abc290,Toyota Programming Contest 2023 Spring Qual B（AtCoder Beginner Contest 290）,2023,,1676808000.0,2023.0,abc290_b,B,Qual B,B. Qual B,-764.0,11407,"['implementation', 'greedy', 'string']",3,https://atcoder.jp/contests/abc290/tasks/abc290_b,https://atcoder-tagged-backend.onrender.com/problems/all,2.3.0-sponsor-abc-kenkoooo-diff,ja,2026-06-04T18:46:05.900291+00:00,12.986,,,,
atcoder,abc,public_sponsored_abc,toyota,abc290,Toyota Programming Contest 2023 Spring Qual B（AtCoder Beginner Contest 290）,2023,,1676808000.0,2023.0,abc290_c,C,Max MEX,C. Max MEX,170.0,9821,"['greedy', 'constructive', 'mex', 'set']",4,https://atcoder.jp/contests/abc290/tasks/abc290_c,https://atcoder-tagged-backend.onrender.com/problems/all,2.3.0-sponsor-abc-kenkoooo-diff,ja,2026-06-04T18:46:05.900291+00:00,31.419,,,,
atcoder,abc,public_sponsored_abc,toyota,abc290,Toyota Programming Contest 2023 Spring Qual B（AtCoder Beginner Contest 290）,2023,,1676808000.0,2023.0,abc290_d,D,Marking,D. Marking,1036.0,5277,"['number theory', 'gcd', 'modular arithmetic', 'math']",4,https://atcoder.jp/contests/abc290/tasks/abc290_d,https://atcoder-tagged-backend.onrender.com/problems/all,2.3.0-sponsor-abc-kenkoooo-diff,ja,2026-06-04T18:46:05.900291+00:00,48.51,,,,
atcoder,abc,public_sponsored_abc,toyota,abc290,Toyota Programming Contest 2023 Spring Qual B（AtCoder Beginner Contest 290）,2023,,1676808000.0,2023.0,abc290_e,E,Make it Palindrome,E. Make it Palindrome,1485.0,3243,"['combinatorics', 'contribution counting', 'two pointer', 'palindrome', 'counting']",5,https://atcoder.jp/contests/abc290/tasks/abc290_e,https://atcoder-tagged-backend.onrender.com/problems/all,2.3.0-sponsor-abc-kenkoooo-diff,ja,2026-06-04T18:46:05.900291+00:00,57.371,,,,
atcoder,abc,public_sponsored_abc,toyota,abc290,Toyota Programming Contest 2023 Spring Qual B（AtCoder Beginner Contest 290）,2023,,1676808000.0,2023.0,abc290_f,F,Maximum Diameter,F. Maximum Diameter,2300.0,1160,"['combinatorics', 'binomial coefficient', 'stars and bars', 'tree', 'modular arithmetic']",5,https://atcoder.jp/contests/abc290/tasks/abc290_f,https://atcoder-tagged-backend.onrender.com/problems/all,2.3.0-sponsor-abc-kenkoooo-diff,ja,2026-06-04T18:46:05.900291+00:00,73.456,,,,
atcoder,abc,public_sponsored_abc,toyota,abc290,Toyota Programming Contest 2023 Spring Qual B（AtCoder Beginner Contest 290）,2023,,1676808000.0,2023.0,abc290_g,G,Edge Elimination,G. Edge Elimination,2407.0,614,"['greedy', 'tree', 'math', 'enumeration']",4,https://atcoder.jp/contests/abc290/tasks/abc290_g,https://atcoder-tagged-backend.onrender.com/problems/all,2.3.0-sponsor-abc-kenkoooo-diff,ja,2026-06-04T18:46:05.900291+00:00,75.567,,,,
atcoder,abc,public_sponsored_abc,toyota,abc290,Toyota Programming Contest 2023 Spring Qual B（AtCoder Beginner Contest 290）,2023,,1676808000.0,2023.0,abc290_h,Ex,Bow Meow Optimization,Ex. Bow Meow Optimization,3569.0,299,"['dp', 'combinatorics', 'sorting', 'constructive']",4,https://atcoder.jp/contests/abc290/tasks/abc290_h,https://atcoder-tagged-backend.onrender.com/problems/all,2.3.0-sponsor-abc-kenkoooo-diff,ja,2026-06-04T18:46:05.900291+00:00,98.5,,,,
atcoder,abc,public_sponsored_abc,toyota,abc298,トヨタ自動車プログラミングコンテスト2023#1(AtCoder Beginner Contest 298),2023,,1681560000.0,2023.0,abc298_a,A,Job Interview,A. Job Interview,,13082,"['string', 'implementation', 'conditional', 'boolean']",4,https://atcoder.jp/contests/abc298/tasks/abc298_a,https://atcoder-tagged-backend.onrender.com/problems/all,2.3.0-sponsor-abc-kenkoooo-diff,ja,2026-06-04T18:46:05.900291+00:00,,,,,
atcoder,abc,public_sponsored_abc,toyota,abc298,トヨタ自動車プログラミングコンテスト2023#1(AtCoder Beginner Contest 298),2023,,1681560000.0,2023.0,abc298_b,B,Coloring Matrix,B. Coloring Matrix,,9388,"['matrix', 'rotation', 'simulation', 'implementation']",4,https://atcoder.jp/contests/abc298/tasks/abc298_b,https://atcoder-tagged-backend.onrender.com/problems/all,2.3.0-sponsor-abc-kenkoooo-diff,ja,2026-06-04T18:46:05.900291+00:00,,,,,
atcoder,abc,public_sponsored_abc,toyota,abc298,トヨタ自動車プログラミングコンテスト2023#1(AtCoder Beginner Contest 298),2023,,1681560000.0,2023.0,abc298_c,C,Cards Query Problem,C. Cards Query Problem,448.0,8676,"['simulation', 'sorting', 'data structure', 'implementation', 'deduplication']",5,https://atcoder.jp/contests/abc298/tasks/abc298_c,https://atcoder-tagged-backend.onrender.com/problems/all,2.3.0-sponsor-abc-kenkoooo-diff,ja,2026-06-04T18:46:05.900291+00:00,36.905,,,,
atcoder,abc,public_sponsored_abc,toyota,abc298,トヨタ自動車プログラミングコンテスト2023#1(AtCoder Beginner Contest 298),2023,,1681560000.0,2023.0,abc298_d,D,Writing a Numeral,D. Writing a Numeral,882.0,6697,"['modular arithmetic', 'deque', 'simulation', 'modular exponentiation', 'incremental']",5,https://atcoder.jp/contests/abc298/tasks/abc298_d,https://atcoder-tagged-backend.onrender.com/problems/all,2.3.0-sponsor-abc-kenkoooo-diff,ja,2026-06-04T18:46:05.900291+00:00,45.471,,,,
atcoder,abc,public_sponsored_abc,toyota,abc298,トヨタ自動車プログラミングコンテスト2023#1(AtCoder Beginner Contest 298),2023,,1681560000.0,2023.0,abc298_e,E,Unfair Sugoroku,E. Unfair Sugoroku,1300.0,4052,"['dp', 'probability', 'modular arithmetic', 'game theory', 'expectation']",5,https://atcoder.jp/contests/abc298/tasks/abc298_e,https://atcoder-tagged-backend.onrender.com/problems/all,2.3.0-sponsor-abc-kenkoooo-diff,ja,2026-06-04T18:46:05.900291+00:00,53.72,,,,
atcoder,abc,public_sponsored_abc,toyota,abc298,トヨタ自動車プログラミングコンテスト2023#1(AtCoder Beginner Contest 298),2023,,1681560000.0,2023.0,abc298_f,F,Rook Score,F. Rook Score,1535.0,2919,"['coordinate compression', 'greedy', 'sorting', 'prefix sum', 'implementation']",5,https://atcoder.jp/contests/abc298/tasks/abc298_f,https://atcoder-tagged-backend.onrender.com/problems/all,2.3.0-sponsor-abc-kenkoooo-diff,ja,2026-06-04T18:46:05.900291+00:00,58.358,,,,
atcoder,abc,public_sponsored_abc,toyota,abc298,トヨタ自動車プログラミングコンテスト2023#1(AtCoder Beginner Contest 298),2023,,1681560000.0,2023.0,abc298_g,G,Strawberry War,G. Strawberry War,2405.0,603,"['dp', 'dp on grids', 'rectangle', 'enumeration', 'optimization']",5,https://atcoder.jp/contests/abc298/tasks/abc298_g,https://atcoder-tagged-backend.onrender.com/problems/all,2.3.0-sponsor-abc-kenkoooo-diff,ja,2026-06-04T18:46:05.900291+00:00,75.528,,,,
atcoder,abc,public_sponsored_abc,toyota,abc298,トヨタ自動車プログラミングコンテスト2023#1(AtCoder Beginner Contest 298),2023,,1681560000.0,2023.0,abc298_h,Ex,Sum of Min of Length,Ex. Sum of Min of Length,2792.0,338,"['tree', 'lca', 'tree distance', 'subtree', 'binary lifting', 'precomputation', 'query']",7,https://atcoder.jp/contests/abc298/tasks/abc298_h,https://atcoder-tagged-backend.onrender.com/problems/all,2.3.0-sponsor-abc-kenkoooo-diff,ja,2026-06-04T18:46:05.900291+00:00,83.166,,,,
atcoder,abc,public_sponsored_abc,tokyo_marine,abc299,東京海上日動プログラミングコンテスト2023（AtCoder Beginner Contest 299）,2023,,1682164800.0,2023.0,abc299_a,A,Treasure Chest,A. Treasure Chest,,12849,"['string', 'implementation', 'search']",3,https://atcoder.jp/contests/abc299/tasks/abc299_a,https://atcoder-tagged-backend.onrender.com/problems/all,2.3.0-sponsor-abc-kenkoooo-diff,ja,2026-06-04T18:46:05.900291+00:00,,,,,
atcoder,abc,public_sponsored_abc,tokyo_marine,abc299,東京海上日動プログラミングコンテスト2023（AtCoder Beginner Contest 299）,2023,,1682164800.0,2023.0,abc299_b,B,Trick Taking,B. Trick Taking,,10483,"['simulation', 'implementation', 'conditional', 'array', 'search']",5,https://atcoder.jp/contests/abc299/tasks/abc299_b,https://atcoder-tagged-backend.onrender.com/problems/all,2.3.0-sponsor-abc-kenkoooo-diff,ja,2026-06-04T18:46:05.900291+00:00,,,,,
atcoder,abc,public_sponsored_abc,tokyo_marine,abc299,東京海上日動プログラミングコンテスト2023（AtCoder Beginner Contest 299）,2023,,1682164800.0,2023.0,abc299_c,C,Dango,C. Dango,104.0,10192,"['implementation', 'pattern', 'plane sweep', 'string']",4,https://atcoder.jp/contests/abc299/tasks/abc299_c,https://atcoder-tagged-backend.onrender.com/problems/all,2.3.0-sponsor-abc-kenkoooo-diff,ja,2026-06-04T18:46:05.900291+00:00,30.116,,,,
atcoder,abc,public_sponsored_abc,tokyo_marine,abc299,東京海上日動プログラミングコンテスト2023（AtCoder Beginner Contest 299）,2023,,1682164800.0,2023.0,abc299_d,D,Find by Query,D. Find by Query,684.0,7227,"['binary search', 'interactive']",2,https://atcoder.jp/contests/abc299/tasks/abc299_d,https://atcoder-tagged-backend.onrender.com/problems/all,2.3.0-sponsor-abc-kenkoooo-diff,ja,2026-06-04T18:46:05.900291+00:00,41.563,,,,
atcoder,abc,public_sponsored_abc,tokyo_marine,abc299,東京海上日動プログラミングコンテスト2023（AtCoder Beginner Contest 299）,2023,,1682164800.0,2023.0,abc299_e,E,Nearest Black Vertex,E. Nearest Black Vertex,1216.0,4511,"['graph theory', 'bfs', 'shortest path', 'constructive', 'graph coloring']",5,https://atcoder.jp/contests/abc299/tasks/abc299_e,https://atcoder-tagged-backend.onrender.com/problems/all,2.3.0-sponsor-abc-kenkoooo-diff,ja,2026-06-04T18:46:05.900291+00:00,52.062,,,,
atcoder,abc,public_sponsored_abc,tokyo_marine,abc299,東京海上日動プログラミングコンテスト2023（AtCoder Beginner Contest 299）,2023,,1682164800.0,2023.0,abc299_f,F,Square Subsequence,F. Square Subsequence,2349.0,1061,"['dp', 'string', 'subsequence', 'counting']",4,https://atcoder.jp/contests/abc299/tasks/abc299_f,https://atcoder-tagged-backend.onrender.com/problems/all,2.3.0-sponsor-abc-kenkoooo-diff,ja,2026-06-04T18:46:05.900291+00:00,74.423,,,,
atcoder,abc,public_sponsored_abc,tokyo_marine,abc299,東京海上日動プログラミングコンテスト2023（AtCoder Beginner Contest 299）,2023,,1682164800.0,2023.0,abc299_g,G,Minimum Permutation,G. Minimum Permutation,2066.0,1728,"['greedy', 'segment tree', 'range minimum query']",3,https://atcoder.jp/contests/abc299/tasks/abc299_g,https://atcoder-tagged-backend.onrender.com/problems/all,2.3.0-sponsor-abc-kenkoooo-diff,ja,2026-06-04T18:46:05.900291+00:00,68.838,,,,
atcoder,abc,public_sponsored_abc,tokyo_marine,abc299,東京海上日動プログラミングコンテスト2023（AtCoder Beginner Contest 299）,2023,,1682164800.0,2023.0,abc299_h,Ex,Dice Sum Infinity,Ex. Dice Sum Infinity,2984.0,182,"['expectation', 'recurrence', 'formula', 'modular arithmetic', 'matrix', 'dp']",6,https://atcoder.jp/contests/abc299/tasks/abc299_h,https://atcoder-tagged-backend.onrender.com/problems/all,2.3.0-sponsor-abc-kenkoooo-diff,ja,2026-06-04T18:46:05.900291+00:00,86.955,,,,
atcoder,abc,public_sponsored_abc,unique_vision,abc300,ユニークビジョンプログラミングコンテスト2023 春 (AtCoder Beginner Contest 300),2023,,1682769600.0,2023.0,abc300_a,A,N-choice question,A. N-choice question,-1147.0,16836,"['implementation', 'search', 'array', 'math']",4,https://atcoder.jp/contests/abc300/tasks/abc300_a,https://atcoder-tagged-backend.onrender.com/problems/all,2.3.0-sponsor-abc-kenkoooo-diff,ja,2026-06-04T18:46:05.900291+00:00,5.427,,,,
atcoder,abc,public_sponsored_abc,unique_vision,abc300,ユニークビジョンプログラミングコンテスト2023 春 (AtCoder Beginner Contest 300),2023,,1682769600.0,2023.0,abc300_b,B,Same Map in the RPG World,B. Same Map in the RPG World,350.0,10281,"['brute force', 'grid', 'cycle', 'simulation', 'modular arithmetic']",5,https://atcoder.jp/contests/abc300/tasks/abc300_b,https://atcoder-tagged-backend.onrender.com/problems/all,2.3.0-sponsor-abc-kenkoooo-diff,ja,2026-06-04T18:46:05.900291+00:00,34.971,,,,
atcoder,abc,public_sponsored_abc,unique_vision,abc300,ユニークビジョンプログラミングコンテスト2023 春 (AtCoder Beginner Contest 300),2023,,1682769600.0,2023.0,abc300_c,C,Cross,C. Cross,534.0,8423,"['grid', 'simulation', 'implementation', 'pattern']",4,https://atcoder.jp/contests/abc300/tasks/abc300_c,https://atcoder-tagged-backend.onrender.com/problems/all,2.3.0-sponsor-abc-kenkoooo-diff,ja,2026-06-04T18:46:05.900291+00:00,38.603,,,,
atcoder,abc,public_sponsored_abc,unique_vision,abc300,ユニークビジョンプログラミングコンテスト2023 春 (AtCoder Beginner Contest 300),2023,,1682769600.0,2023.0,abc300_d,D,AABCC,D. AABCC,908.0,6925,"['prime sieve', 'two pointer', 'enumeration']",3,https://atcoder.jp/contests/abc300/tasks/abc300_d,https://atcoder-tagged-backend.onrender.com/problems/all,2.3.0-sponsor-abc-kenkoooo-diff,ja,2026-06-04T18:46:05.900291+00:00,45.984,,,,
atcoder,abc,public_sponsored_abc,unique_vision,abc300,ユニークビジョンプログラミングコンテスト2023 春 (AtCoder Beginner Contest 300),2023,,1682769600.0,2023.0,abc300_e,E,Dice Product 3,E. Dice Product 3,1354.0,4764,"['dp', 'probability', 'modular arithmetic', 'memoization', 'number theory']",5,https://atcoder.jp/contests/abc300/tasks/abc300_e,https://atcoder-tagged-backend.onrender.com/problems/all,2.3.0-sponsor-abc-kenkoooo-diff,ja,2026-06-04T18:46:05.900291+00:00,54.786,,,,
atcoder,abc,public_sponsored_abc,unique_vision,abc300,ユニークビジョンプログラミングコンテスト2023 春 (AtCoder Beginner Contest 300),2023,,1682769600.0,2023.0,abc300_f,F,More Holidays,F. More Holidays,1846.0,2322,"['binary search', 'prefix sum', 'sliding window', 'string', 'two pointer']",5,https://atcoder.jp/contests/abc300/tasks/abc300_f,https://atcoder-tagged-backend.onrender.com/problems/all,2.3.0-sponsor-abc-kenkoooo-diff,ja,2026-06-04T18:46:05.900291+00:00,64.496,,,,
atcoder,abc,public_sponsored_abc,unique_vision,abc300,ユニークビジョンプログラミングコンテスト2023 春 (AtCoder Beginner Contest 300),2023,,1682769600.0,2023.0,abc300_g,G,P-smooth number,G. P-smooth number,2343.0,1379,"['meet in the middle', 'prime factorization', 'math', 'two pointer', 'enumeration']",5,https://atcoder.jp/contests/abc300/tasks/abc300_g,https://atcoder-tagged-backend.onrender.com/problems/all,2.3.0-sponsor-abc-kenkoooo-diff,ja,2026-06-04T18:46:05.900291+00:00,74.304,,,,
atcoder,abc,public_sponsored_abc,unique_vision,abc300,ユニークビジョンプログラミングコンテスト2023 春 (AtCoder Beginner Contest 300),2023,,1682769600.0,2023.0,abc300_h,Ex,Fibonacci: Revisited,Ex. Fibonacci: Revisited,3209.0,188,"['recurrence', 'generating function', 'digit dp', 'fft', 'bostan mori', 'polynomial', 'bit manipulation']",7,https://atcoder.jp/contests/abc300/tasks/abc300_h,https://atcoder-tagged-backend.onrender.com/problems/all,2.3.0-sponsor-abc-kenkoooo-diff,ja,2026-06-04T18:46:05.900291+00:00,91.395,,,,
atcoder,abc,public_sponsored_abc,panasonic,abc301,パナソニックグループプログラミングコンテスト2023（AtCoder Beginner Contest 301）,2023,,1683979200.0,2023.0,abc301_a,A,Overall Winner,A. Overall Winner,-821.0,14447,"['string', 'counting', 'simulation', 'implementation']",4,https://atcoder.jp/contests/abc301/tasks/abc301_a,https://atcoder-tagged-backend.onrender.com/problems/all,2.3.0-sponsor-abc-kenkoooo-diff,ja,2026-06-04T18:46:05.900291+00:00,11.861,,,,
atcoder,abc,public_sponsored_abc,panasonic,abc301,パナソニックグループプログラミングコンテスト2023（AtCoder Beginner Contest 301）,2023,,1683979200.0,2023.0,abc301_b,B, Fill the Gaps,B.  Fill the Gaps,-314.0,13005,"['simulation', 'array', 'implementation']",3,https://atcoder.jp/contests/abc301/tasks/abc301_b,https://atcoder-tagged-backend.onrender.com/problems/all,2.3.0-sponsor-abc-kenkoooo-diff,ja,2026-06-04T18:46:05.900291+00:00,21.867,,,,
atcoder,abc,public_sponsored_abc,panasonic,abc301,パナソニックグループプログラミングコンテスト2023（AtCoder Beginner Contest 301）,2023,,1683979200.0,2023.0,abc301_c,C,AtCoder Cards,C. AtCoder Cards,379.0,9394,"['counting', 'greedy', 'implementation', 'string']",4,https://atcoder.jp/contests/abc301/tasks/abc301_c,https://atcoder-tagged-backend.onrender.com/problems/all,2.3.0-sponsor-abc-kenkoooo-diff,ja,2026-06-04T18:46:05.900291+00:00,35.544,,,,
atcoder,abc,public_sponsored_abc,panasonic,abc301,パナソニックグループプログラミングコンテスト2023（AtCoder Beginner Contest 301）,2023,,1683979200.0,2023.0,abc301_d,D,Bitmask,D. Bitmask,885.0,7378,"['bit manipulation', 'greedy', 'base representation']",3,https://atcoder.jp/contests/abc301/tasks/abc301_d,https://atcoder-tagged-backend.onrender.com/problems/all,2.3.0-sponsor-abc-kenkoooo-diff,ja,2026-06-04T18:46:05.900291+00:00,45.53,,,,
atcoder,abc,public_sponsored_abc,panasonic,abc301,パナソニックグループプログラミングコンテスト2023（AtCoder Beginner Contest 301）,2023,,1683979200.0,2023.0,abc301_e,E,Pac-Takahashi ,E. Pac-Takahashi ,1673.0,3034,"['bfs', 'bitmask dp', 'dp', 'shortest path', 'traveling salesman', 'grid']",6,https://atcoder.jp/contests/abc301/tasks/abc301_e,https://atcoder-tagged-backend.onrender.com/problems/all,2.3.0-sponsor-abc-kenkoooo-diff,ja,2026-06-04T18:46:05.900291+00:00,61.082,,,,
atcoder,abc,public_sponsored_abc,panasonic,abc301,パナソニックグループプログラミングコンテスト2023（AtCoder Beginner Contest 301）,2023,,1683979200.0,2023.0,abc301_f,F,Anti-DDoS,F. Anti-DDoS,2548.0,745,"['dp', 'string dp', 'subsequence', 'combinatorics', 'bitmask', 'modular arithmetic']",6,https://atcoder.jp/contests/abc301/tasks/abc301_f,https://atcoder-tagged-backend.onrender.com/problems/all,2.3.0-sponsor-abc-kenkoooo-diff,ja,2026-06-04T18:46:05.900291+00:00,78.35,,,,
atcoder,abc,public_sponsored_abc,panasonic,abc301,パナソニックグループプログラミングコンテスト2023（AtCoder Beginner Contest 301）,2023,,1683979200.0,2023.0,abc301_g,G,Worst Picture,G. Worst Picture,3262.0,119,"['computational geometry', '3d geometry', 'line intersection', 'brute force', 'fractions', 'map']",6,https://atcoder.jp/contests/abc301/tasks/abc301_g,https://atcoder-tagged-backend.onrender.com/problems/all,2.3.0-sponsor-abc-kenkoooo-diff,ja,2026-06-04T18:46:05.900291+00:00,92.441,,,,
atcoder,abc,public_sponsored_abc,panasonic,abc301,パナソニックグループプログラミングコンテスト2023（AtCoder Beginner Contest 301）,2023,,1683979200.0,2023.0,abc301_h,Ex,Difference of Distance,Ex. Difference of Distance,2898.0,232,"['path', 'dsu', 'bridge', 'tarjan', 'dfs', 'offline processing']",6,https://atcoder.jp/contests/abc301/tasks/abc301_h,https://atcoder-tagged-backend.onrender.com/problems/all,2.3.0-sponsor-abc-kenkoooo-diff,ja,2026-06-04T18:46:05.900291+00:00,85.258,,,,
atcoder,abc,public_sponsored_abc,toyota,abc302,トヨタ自動車プログラミングコンテスト2023#2(AtCoder Beginner Contest 302),2023,,1684584000.0,2023.0,abc302_a,A,Attack,A. Attack,-723.0,15819,['math'],1,https://atcoder.jp/contests/abc302/tasks/abc302_a,https://atcoder-tagged-backend.onrender.com/problems/all,2.3.0-sponsor-abc-kenkoooo-diff,ja,2026-06-04T18:46:05.900291+00:00,13.795,,,,
atcoder,abc,public_sponsored_abc,toyota,abc302,トヨタ自動車プログラミングコンテスト2023#2(AtCoder Beginner Contest 302),2023,,1684584000.0,2023.0,abc302_b,B,Find snuke,B. Find snuke,349.0,9364,"['grid', 'brute force', 'string matching', '2d array', 'direction', 'implementation']",6,https://atcoder.jp/contests/abc302/tasks/abc302_b,https://atcoder-tagged-backend.onrender.com/problems/all,2.3.0-sponsor-abc-kenkoooo-diff,ja,2026-06-04T18:46:05.900291+00:00,34.952,,,,
atcoder,abc,public_sponsored_abc,toyota,abc302,トヨタ自動車プログラミングコンテスト2023#2(AtCoder Beginner Contest 302),2023,,1684584000.0,2023.0,abc302_c,C,Almost Equal,C. Almost Equal,469.0,9373,"['permutation', 'brute force', 'string']",3,https://atcoder.jp/contests/abc302/tasks/abc302_c,https://atcoder-tagged-backend.onrender.com/problems/all,2.3.0-sponsor-abc-kenkoooo-diff,ja,2026-06-04T18:46:05.900291+00:00,37.32,,,,
atcoder,abc,public_sponsored_abc,toyota,abc302,トヨタ自動車プログラミングコンテスト2023#2(AtCoder Beginner Contest 302),2023,,1684584000.0,2023.0,abc302_d,D,Impartial Gift,D. Impartial Gift,682.0,7939,"['sorting', 'two pointer', 'greedy', 'implementation']",4,https://atcoder.jp/contests/abc302/tasks/abc302_d,https://atcoder-tagged-backend.onrender.com/problems/all,2.3.0-sponsor-abc-kenkoooo-diff,ja,2026-06-04T18:46:05.900291+00:00,41.524,,,,
atcoder,abc,public_sponsored_abc,toyota,abc302,トヨタ自動車プログラミングコンテスト2023#2(AtCoder Beginner Contest 302),2023,,1684584000.0,2023.0,abc302_e,E,Isolation,E. Isolation,988.0,6052,"['data structure', 'degree', 'graph', 'implementation', 'simulation']",5,https://atcoder.jp/contests/abc302/tasks/abc302_e,https://atcoder-tagged-backend.onrender.com/problems/all,2.3.0-sponsor-abc-kenkoooo-diff,ja,2026-06-04T18:46:05.900291+00:00,47.563,,,,
atcoder,abc,public_sponsored_abc,toyota,abc302,トヨタ自動車プログラミングコンテスト2023#2(AtCoder Beginner Contest 302),2023,,1684584000.0,2023.0,abc302_f,F,Merge Set,F. Merge Set,1430.0,3953,"['graph theory', 'bfs', 'virtual tree', 'shortest path', 'bipartite graph']",5,https://atcoder.jp/contests/abc302/tasks/abc302_f,https://atcoder-tagged-backend.onrender.com/problems/all,2.3.0-sponsor-abc-kenkoooo-diff,ja,2026-06-04T18:46:05.900291+00:00,56.286,,,,
atcoder,abc,public_sponsored_abc,toyota,abc302,トヨタ自動車プログラミングコンテスト2023#2(AtCoder Beginner Contest 302),2023,,1684584000.0,2023.0,abc302_g,G,Sort from 1 to 4,G. Sort from 1 to 4,1891.0,1755,"['combinatorics', 'graph theory', 'permutation', 'cycle', 'greedy', 'math']",6,https://atcoder.jp/contests/abc302/tasks/abc302_g,https://atcoder-tagged-backend.onrender.com/problems/all,2.3.0-sponsor-abc-kenkoooo-diff,ja,2026-06-04T18:46:05.900291+00:00,65.384,,,,
atcoder,abc,public_sponsored_abc,toyota,abc302,トヨタ自動車プログラミングコンテスト2023#2(AtCoder Beginner Contest 302),2023,,1684584000.0,2023.0,abc302_h,Ex,Ball Collector,Ex. Ball Collector,2407.0,1014,"['tree', 'dsu', 'dsu with rollback', 'dfs', 'connected components']",5,https://atcoder.jp/contests/abc302/tasks/abc302_h,https://atcoder-tagged-backend.onrender.com/problems/all,2.3.0-sponsor-abc-kenkoooo-diff,ja,2026-06-04T18:46:05.900291+00:00,75.567,,,,
atcoder,abc,public_sponsored_abc,tokyo_marine,abc304,東京海上日動プログラミングコンテスト2023（AtCoder Beginner Contest 304）,2023,,1685793600.0,2023.0,abc304_a,A,First Player,A. First Player,,12348,"['implementation', 'array', 'modular arithmetic', 'search']",4,https://atcoder.jp/contests/abc304/tasks/abc304_a,https://atcoder-tagged-backend.onrender.com/problems/all,2.3.0-sponsor-abc-kenkoooo-diff,ja,2026-06-04T18:46:05.900291+00:00,,,,,
atcoder,abc,public_sponsored_abc,tokyo_marine,abc304,東京海上日動プログラミングコンテスト2023（AtCoder Beginner Contest 304）,2023,,1685793600.0,2023.0,abc304_b,B,Subscribers,B. Subscribers,,12026,"['implementation', 'string', 'math']",3,https://atcoder.jp/contests/abc304/tasks/abc304_b,https://atcoder-tagged-backend.onrender.com/problems/all,2.3.0-sponsor-abc-kenkoooo-diff,ja,2026-06-04T18:46:05.900291+00:00,,,,,
atcoder,abc,public_sponsored_abc,tokyo_marine,abc304,東京海上日動プログラミングコンテスト2023（AtCoder Beginner Contest 304）,2023,,1685793600.0,2023.0,abc304_c,C,Virus,C. Virus,365.0,9501,"['bfs', 'connected components', 'dfs', 'graph', 'implementation']",5,https://atcoder.jp/contests/abc304/tasks/abc304_c,https://atcoder-tagged-backend.onrender.com/problems/all,2.3.0-sponsor-abc-kenkoooo-diff,ja,2026-06-04T18:46:05.900291+00:00,35.267,,,,
atcoder,abc,public_sponsored_abc,tokyo_marine,abc304,東京海上日動プログラミングコンテスト2023（AtCoder Beginner Contest 304）,2023,,1685793600.0,2023.0,abc304_d,D,A Piece of Cake,D. A Piece of Cake,1015.0,5900,"['binary search', 'map', 'coordinate compression', 'counting']",4,https://atcoder.jp/contests/abc304/tasks/abc304_d,https://atcoder-tagged-backend.onrender.com/problems/all,2.3.0-sponsor-abc-kenkoooo-diff,ja,2026-06-04T18:46:05.900291+00:00,48.096,,,,
atcoder,abc,public_sponsored_abc,tokyo_marine,abc304,東京海上日動プログラミングコンテスト2023（AtCoder Beginner Contest 304）,2023,,1685793600.0,2023.0,abc304_e,E,Good Graph,E. Good Graph,971.0,5759,"['connected components', 'dsu', 'graph theory', 'implementation']",4,https://atcoder.jp/contests/abc304/tasks/abc304_e,https://atcoder-tagged-backend.onrender.com/problems/all,2.3.0-sponsor-abc-kenkoooo-diff,ja,2026-06-04T18:46:05.900291+00:00,47.227,,,,
atcoder,abc,public_sponsored_abc,tokyo_marine,abc304,東京海上日動プログラミングコンテスト2023（AtCoder Beginner Contest 304）,2023,,1685793600.0,2023.0,abc304_f,F,Shift Table,F. Shift Table,1619.0,2552,"['divisors', 'inclusion exclusion', 'mobius inversion', 'periodicity', 'modular arithmetic']",5,https://atcoder.jp/contests/abc304/tasks/abc304_f,https://atcoder-tagged-backend.onrender.com/problems/all,2.3.0-sponsor-abc-kenkoooo-diff,ja,2026-06-04T18:46:05.900291+00:00,60.016,,,,
atcoder,abc,public_sponsored_abc,tokyo_marine,abc304,東京海上日動プログラミングコンテスト2023（AtCoder Beginner Contest 304）,2023,,1685793600.0,2023.0,abc304_g,G,Max of Medians,G. Max of Medians,3177.0,250,"['binary search', 'bit manipulation', 'greedy', 'recursion', 'digit dp']",5,https://atcoder.jp/contests/abc304/tasks/abc304_g,https://atcoder-tagged-backend.onrender.com/problems/all,2.3.0-sponsor-abc-kenkoooo-diff,ja,2026-06-04T18:46:05.900291+00:00,90.764,,,,
atcoder,abc,public_sponsored_abc,tokyo_marine,abc304,東京海上日動プログラミングコンテスト2023（AtCoder Beginner Contest 304）,2023,,1685793600.0,2023.0,abc304_h,Ex,Constrained Topological Sort,Ex. Constrained Topological Sort,2642.0,635,"['topological sort', 'greedy', 'priority queue', 'dag', 'constraint']",5,https://atcoder.jp/contests/abc304/tasks/abc304_h,https://atcoder-tagged-backend.onrender.com/problems/all,2.3.0-sponsor-abc-kenkoooo-diff,ja,2026-06-04T18:46:05.900291+00:00,80.205,,,,
atcoder,abc,public_sponsored_abc,kyocera,abc305,京セラプログラミングコンテスト2023(AtCoder Beginner Contest 305),2023,,1686398400.0,2023.0,abc305_a,A,Water Station,A. Water Station,-1093.0,15350,"['implementation', 'math']",2,https://atcoder.jp/contests/abc305/tasks/abc305_a,https://atcoder-tagged-backend.onrender.com/problems/all,2.3.0-sponsor-abc-kenkoooo-diff,ja,2026-06-04T18:46:05.900291+00:00,6.493,,,,
atcoder,abc,public_sponsored_abc,kyocera,abc305,京セラプログラミングコンテスト2023(AtCoder Beginner Contest 305),2023,,1686398400.0,2023.0,abc305_b,B,ABCDEFG,B. ABCDEFG,-749.0,13109,"['prefix sum', 'implementation', 'math']",3,https://atcoder.jp/contests/abc305/tasks/abc305_b,https://atcoder-tagged-backend.onrender.com/problems/all,2.3.0-sponsor-abc-kenkoooo-diff,ja,2026-06-04T18:46:05.900291+00:00,13.282,,,,
atcoder,abc,public_sponsored_abc,kyocera,abc305,京セラプログラミングコンテスト2023(AtCoder Beginner Contest 305),2023,,1686398400.0,2023.0,abc305_c,C,Snuke the Cookie Picker,C. Snuke the Cookie Picker,30.0,10837,"['implementation', 'grid', '2d array', 'observation', 'boundary']",5,https://atcoder.jp/contests/abc305/tasks/abc305_c,https://atcoder-tagged-backend.onrender.com/problems/all,2.3.0-sponsor-abc-kenkoooo-diff,ja,2026-06-04T18:46:05.900291+00:00,28.656,,,,
atcoder,abc,public_sponsored_abc,kyocera,abc305,京セラプログラミングコンテスト2023(AtCoder Beginner Contest 305),2023,,1686398400.0,2023.0,abc305_d,D,Sleep Log,D. Sleep Log,671.0,7517,"['binary search', 'implementation', 'prefix sum']",3,https://atcoder.jp/contests/abc305/tasks/abc305_d,https://atcoder-tagged-backend.onrender.com/problems/all,2.3.0-sponsor-abc-kenkoooo-diff,ja,2026-06-04T18:46:05.900291+00:00,41.306,,,,
atcoder,abc,public_sponsored_abc,kyocera,abc305,京セラプログラミングコンテスト2023(AtCoder Beginner Contest 305),2023,,1686398400.0,2023.0,abc305_e,E,Art Gallery on Graph,E. Art Gallery on Graph,1158.0,5678,"['graph', 'dijkstra', 'shortest path', 'priority queue', 'multi source']",5,https://atcoder.jp/contests/abc305/tasks/abc305_e,https://atcoder-tagged-backend.onrender.com/problems/all,2.3.0-sponsor-abc-kenkoooo-diff,ja,2026-06-04T18:46:05.900291+00:00,50.918,,,,
atcoder,abc,public_sponsored_abc,kyocera,abc305,京セラプログラミングコンテスト2023(AtCoder Beginner Contest 305),2023,,1686398400.0,2023.0,abc305_f,F,Dungeon Explore,F. Dungeon Explore,1420.0,3438,"['interactive', 'dfs', 'graph', 'graph theory']",4,https://atcoder.jp/contests/abc305/tasks/abc305_f,https://atcoder-tagged-backend.onrender.com/problems/all,2.3.0-sponsor-abc-kenkoooo-diff,ja,2026-06-04T18:46:05.900291+00:00,56.088,,,,
atcoder,abc,public_sponsored_abc,kyocera,abc305,京セラプログラミングコンテスト2023(AtCoder Beginner Contest 305),2023,,1686398400.0,2023.0,abc305_g,G,Banned Substrings,G. Banned Substrings,1989.0,1465,"['dp', 'matrix', 'string', 'recurrence']",4,https://atcoder.jp/contests/abc305/tasks/abc305_g,https://atcoder-tagged-backend.onrender.com/problems/all,2.3.0-sponsor-abc-kenkoooo-diff,ja,2026-06-04T18:46:05.900291+00:00,67.318,,,,
atcoder,abc,public_sponsored_abc,kyocera,abc305,京セラプログラミングコンテスト2023(AtCoder Beginner Contest 305),2023,,1686398400.0,2023.0,abc305_h,Ex,Shojin,Ex. Shojin,3344.0,258,"['alien trick', 'wqs binary search', 'monge optimization', 'quadrangle inequality', 'dp', 'ternary search', 'greedy', 'submodular', 'convexity']",9,https://atcoder.jp/contests/abc305/tasks/abc305_h,https://atcoder-tagged-backend.onrender.com/problems/all,2.3.0-sponsor-abc-kenkoooo-diff,ja,2026-06-04T18:46:05.900291+00:00,94.06,,,,
atcoder,abc,public_sponsored_abc,toyota,abc306,トヨタ自動車プログラミングコンテスト2023#3(AtCoder Beginner Contest 306),2023,,1687003200.0,2023.0,abc306_a,A,Echo,A. Echo,,14385,"['string', 'implementation', 'iteration']",3,https://atcoder.jp/contests/abc306/tasks/abc306_a,https://atcoder-tagged-backend.onrender.com/problems/all,2.3.0-sponsor-abc-kenkoooo-diff,ja,2026-06-04T18:46:05.900291+00:00,,,,,
atcoder,abc,public_sponsored_abc,toyota,abc306,トヨタ自動車プログラミングコンテスト2023#3(AtCoder Beginner Contest 306),2023,,1687003200.0,2023.0,abc306_b,B,Base 2,B. Base 2,,12329,"['base conversion', 'bit manipulation', 'base representation', 'math']",4,https://atcoder.jp/contests/abc306/tasks/abc306_b,https://atcoder-tagged-backend.onrender.com/problems/all,2.3.0-sponsor-abc-kenkoooo-diff,ja,2026-06-04T18:46:05.900291+00:00,,,,,
atcoder,abc,public_sponsored_abc,toyota,abc306,トヨタ自動車プログラミングコンテスト2023#3(AtCoder Beginner Contest 306),2023,,1687003200.0,2023.0,abc306_c,C,Centers,C. Centers,31.0,11611,"['counting', 'implementation', 'sorting']",3,https://atcoder.jp/contests/abc306/tasks/abc306_c,https://atcoder-tagged-backend.onrender.com/problems/all,2.3.0-sponsor-abc-kenkoooo-diff,ja,2026-06-04T18:46:05.900291+00:00,28.676,,,,
atcoder,abc,public_sponsored_abc,toyota,abc306,トヨタ自動車プログラミングコンテスト2023#3(AtCoder Beginner Contest 306),2023,,1687003200.0,2023.0,abc306_d,D,Poisonous Full-Course,D. Poisonous Full-Course,596.0,8716,"['dp', 'automaton']",2,https://atcoder.jp/contests/abc306/tasks/abc306_d,https://atcoder-tagged-backend.onrender.com/problems/all,2.3.0-sponsor-abc-kenkoooo-diff,ja,2026-06-04T18:46:05.900291+00:00,39.826,,,,
atcoder,abc,public_sponsored_abc,toyota,abc306,トヨタ自動車プログラミングコンテスト2023#3(AtCoder Beginner Contest 306),2023,,1687003200.0,2023.0,abc306_e,E,Best Performances,E. Best Performances,1268.0,4738,"['data structure', 'multiset', 'order statistic tree', 'set', 'incremental']",5,https://atcoder.jp/contests/abc306/tasks/abc306_e,https://atcoder-tagged-backend.onrender.com/problems/all,2.3.0-sponsor-abc-kenkoooo-diff,ja,2026-06-04T18:46:05.900291+00:00,53.089,,,,
atcoder,abc,public_sponsored_abc,toyota,abc306,トヨタ自動車プログラミングコンテスト2023#3(AtCoder Beginner Contest 306),2023,,1687003200.0,2023.0,abc306_f,F,Merge Sets,F. Merge Sets,1557.0,2933,"['combinatorics', 'coordinate compression', 'counting', 'implementation', 'sorting']",5,https://atcoder.jp/contests/abc306/tasks/abc306_f,https://atcoder-tagged-backend.onrender.com/problems/all,2.3.0-sponsor-abc-kenkoooo-diff,ja,2026-06-04T18:46:05.900291+00:00,58.792,,,,
atcoder,abc,public_sponsored_abc,toyota,abc306,トヨタ自動車プログラミングコンテスト2023#3(AtCoder Beginner Contest 306),2023,,1687003200.0,2023.0,abc306_g,G,Return to 1,G. Return to 1,2563.0,696,"['graph theory', 'directed graph', 'dfs', 'gcd', 'number theory', 'cycle', 'reachability']",7,https://atcoder.jp/contests/abc306/tasks/abc306_g,https://atcoder-tagged-backend.onrender.com/problems/all,2.3.0-sponsor-abc-kenkoooo-diff,ja,2026-06-04T18:46:05.900291+00:00,78.646,,,,
atcoder,abc,public_sponsored_abc,toyota,abc306,トヨタ自動車プログラミングコンテスト2023#3(AtCoder Beginner Contest 306),2023,,1687003200.0,2023.0,abc306_h,Ex,Balance Scale,Ex. Balance Scale,3335.0,747,"['bitmask dp', 'inclusion exclusion', 'connected components', 'graph theory', 'dag']",5,https://atcoder.jp/contests/abc306/tasks/abc306_h,https://atcoder-tagged-backend.onrender.com/problems/all,2.3.0-sponsor-abc-kenkoooo-diff,ja,2026-06-04T18:46:05.900291+00:00,93.882,,,,
atcoder,abc,public_sponsored_abc,tokyo_marine,abc307,東京海上日動プログラミングコンテスト2023（AtCoder Beginner Contest 307）,2023,,1687608000.0,2023.0,abc307_a,A,Weekly Records,A. Weekly Records,-1088.0,14129,"['array', 'implementation', 'sum', 'iteration']",4,https://atcoder.jp/contests/abc307/tasks/abc307_a,https://atcoder-tagged-backend.onrender.com/problems/all,2.3.0-sponsor-abc-kenkoooo-diff,ja,2026-06-04T18:46:05.900291+00:00,6.592,,,,
atcoder,abc,public_sponsored_abc,tokyo_marine,abc307,東京海上日動プログラミングコンテスト2023（AtCoder Beginner Contest 307）,2023,,1687608000.0,2023.0,abc307_b,B,racecar,B. racecar,-298.0,11674,"['implementation', 'palindrome', 'string']",3,https://atcoder.jp/contests/abc307/tasks/abc307_b,https://atcoder-tagged-backend.onrender.com/problems/all,2.3.0-sponsor-abc-kenkoooo-diff,ja,2026-06-04T18:46:05.900291+00:00,22.183,,,,
atcoder,abc,public_sponsored_abc,tokyo_marine,abc307,東京海上日動プログラミングコンテスト2023（AtCoder Beginner Contest 307）,2023,,1687608000.0,2023.0,abc307_c,C,Ideal Sheet,C. Ideal Sheet,1307.0,4145,"['brute force', 'grid', 'coordinate geometry', 'simulation', '2d array']",5,https://atcoder.jp/contests/abc307/tasks/abc307_c,https://atcoder-tagged-backend.onrender.com/problems/all,2.3.0-sponsor-abc-kenkoooo-diff,ja,2026-06-04T18:46:05.900291+00:00,53.858,,,,
atcoder,abc,public_sponsored_abc,tokyo_marine,abc307,東京海上日動プログラミングコンテスト2023（AtCoder Beginner Contest 307）,2023,,1687608000.0,2023.0,abc307_d,D,Mismatched Parentheses,D. Mismatched Parentheses,666.0,7985,"['implementation', 'simulation', 'stack', 'string']",4,https://atcoder.jp/contests/abc307/tasks/abc307_d,https://atcoder-tagged-backend.onrender.com/problems/all,2.3.0-sponsor-abc-kenkoooo-diff,ja,2026-06-04T18:46:05.900291+00:00,41.208,,,,
atcoder,abc,public_sponsored_abc,tokyo_marine,abc307,東京海上日動プログラミングコンテスト2023（AtCoder Beginner Contest 307）,2023,,1687608000.0,2023.0,abc307_e,E,Distinct Adjacent,E. Distinct Adjacent,1240.0,4925,"['dp on ring', 'inclusion exclusion', 'combinatorics', 'modular arithmetic']",4,https://atcoder.jp/contests/abc307/tasks/abc307_e,https://atcoder-tagged-backend.onrender.com/problems/all,2.3.0-sponsor-abc-kenkoooo-diff,ja,2026-06-04T18:46:05.900291+00:00,52.536,,,,
atcoder,abc,public_sponsored_abc,tokyo_marine,abc307,東京海上日動プログラミングコンテスト2023（AtCoder Beginner Contest 307）,2023,,1687608000.0,2023.0,abc307_f,F,Virus 2,F. Virus 2,2139.0,1521,"['dijkstra', 'graph', 'shortest path', 'simulation']",4,https://atcoder.jp/contests/abc307/tasks/abc307_f,https://atcoder-tagged-backend.onrender.com/problems/all,2.3.0-sponsor-abc-kenkoooo-diff,ja,2026-06-04T18:46:05.900291+00:00,70.278,,,,
atcoder,abc,public_sponsored_abc,tokyo_marine,abc307,東京海上日動プログラミングコンテスト2023（AtCoder Beginner Contest 307）,2023,,1687608000.0,2023.0,abc307_g,G,Approximate Equalization,G. Approximate Equalization,2330.0,934,"['dp', 'prefix sum', 'math']",3,https://atcoder.jp/contests/abc307/tasks/abc307_g,https://atcoder-tagged-backend.onrender.com/problems/all,2.3.0-sponsor-abc-kenkoooo-diff,ja,2026-06-04T18:46:05.900291+00:00,74.048,,,,
atcoder,abc,public_sponsored_abc,tokyo_marine,abc307,東京海上日動プログラミングコンテスト2023（AtCoder Beginner Contest 307）,2023,,1687608000.0,2023.0,abc307_h,Ex,Marquee,Ex. Marquee,2754.0,268,"['string matching', 'fft', 'convolution', 'polynomial']",4,https://atcoder.jp/contests/abc307/tasks/abc307_h,https://atcoder-tagged-backend.onrender.com/problems/all,2.3.0-sponsor-abc-kenkoooo-diff,ja,2026-06-04T18:46:05.900291+00:00,82.416,,,,
atcoder,abc,public_sponsored_abc,denso,abc309,デンソークリエイトプログラミングコンテスト2023（AtCoder Beginner Contest 309）,2023,,1688817600.0,2023.0,abc309_a,A,Nine,A. Nine,-756.0,14948,"['tree', 'implementation']",2,https://atcoder.jp/contests/abc309/tasks/abc309_a,https://atcoder-tagged-backend.onrender.com/problems/all,2.3.0-sponsor-abc-kenkoooo-diff,ja,2026-06-04T18:46:05.900291+00:00,13.144,,,,
atcoder,abc,public_sponsored_abc,denso,abc309,デンソークリエイトプログラミングコンテスト2023（AtCoder Beginner Contest 309）,2023,,1688817600.0,2023.0,abc309_b,B,Rotate,B. Rotate,-68.0,11965,"['simulation', '2d array', 'implementation', 'grid']",4,https://atcoder.jp/contests/abc309/tasks/abc309_b,https://atcoder-tagged-backend.onrender.com/problems/all,2.3.0-sponsor-abc-kenkoooo-diff,ja,2026-06-04T18:46:05.900291+00:00,26.722,,,,
atcoder,abc,public_sponsored_abc,denso,abc309,デンソークリエイトプログラミングコンテスト2023（AtCoder Beginner Contest 309）,2023,,1688817600.0,2023.0,abc309_c,C,Medicine,C. Medicine,344.0,10244,"['sorting', 'greedy', 'simulation']",3,https://atcoder.jp/contests/abc309/tasks/abc309_c,https://atcoder-tagged-backend.onrender.com/problems/all,2.3.0-sponsor-abc-kenkoooo-diff,ja,2026-06-04T18:46:05.900291+00:00,34.853,,,,
atcoder,abc,public_sponsored_abc,denso,abc309,デンソークリエイトプログラミングコンテスト2023（AtCoder Beginner Contest 309）,2023,,1688817600.0,2023.0,abc309_d,D,Add One Edge,D. Add One Edge,621.0,8274,"['bfs', 'graph theory', 'implementation', 'shortest path']",4,https://atcoder.jp/contests/abc309/tasks/abc309_d,https://atcoder-tagged-backend.onrender.com/problems/all,2.3.0-sponsor-abc-kenkoooo-diff,ja,2026-06-04T18:46:05.900291+00:00,40.32,,,,
atcoder,abc,public_sponsored_abc,denso,abc309,デンソークリエイトプログラミングコンテスト2023（AtCoder Beginner Contest 309）,2023,,1688817600.0,2023.0,abc309_e,E,Family and Insurance,E. Family and Insurance,957.0,6418,"['dp', 'tree']",2,https://atcoder.jp/contests/abc309/tasks/abc309_e,https://atcoder-tagged-backend.onrender.com/problems/all,2.3.0-sponsor-abc-kenkoooo-diff,ja,2026-06-04T18:46:05.900291+00:00,46.951,,,,
atcoder,abc,public_sponsored_abc,denso,abc309,デンソークリエイトプログラミングコンテスト2023（AtCoder Beginner Contest 309）,2023,,1688817600.0,2023.0,abc309_f,F,Box in Box,F. Box in Box,1619.0,3043,"['sorting', 'coordinate compression', 'segment tree', '3d dominance']",4,https://atcoder.jp/contests/abc309/tasks/abc309_f,https://atcoder-tagged-backend.onrender.com/problems/all,2.3.0-sponsor-abc-kenkoooo-diff,ja,2026-06-04T18:46:05.900291+00:00,60.016,,,,
atcoder,abc,public_sponsored_abc,denso,abc309,デンソークリエイトプログラミングコンテスト2023（AtCoder Beginner Contest 309）,2023,,1688817600.0,2023.0,abc309_g,G,Ban Permutation,G. Ban Permutation,2372.0,919,"['inclusion exclusion', 'dp', 'bitmask dp', 'permutation', 'combinatorics']",5,https://atcoder.jp/contests/abc309/tasks/abc309_g,https://atcoder-tagged-backend.onrender.com/problems/all,2.3.0-sponsor-abc-kenkoooo-diff,ja,2026-06-04T18:46:05.900291+00:00,74.877,,,,
atcoder,abc,public_sponsored_abc,denso,abc309,デンソークリエイトプログラミングコンテスト2023（AtCoder Beginner Contest 309）,2023,,1688817600.0,2023.0,abc309_h,Ex,Simple Path Counting Problem,Ex. Simple Path Counting Problem,3029.0,236,"['dp', 'symmetry', 'polynomial', 'modular exponentiation', 'combinatorics', 'path']",6,https://atcoder.jp/contests/abc309/tasks/abc309_h,https://atcoder-tagged-backend.onrender.com/problems/all,2.3.0-sponsor-abc-kenkoooo-diff,ja,2026-06-04T18:46:05.900291+00:00,87.843,,,,
atcoder,abc,public_sponsored_abc,freee,abc310,freee プログラミングコンテスト2023（AtCoder Beginner Contest 310）,2023,,1689422400.0,2023.0,abc310_a,A,Order Something Else,A. Order Something Else,-749.0,17409,"['implementation', 'math']",2,https://atcoder.jp/contests/abc310/tasks/abc310_a,https://atcoder-tagged-backend.onrender.com/problems/all,2.3.0-sponsor-abc-kenkoooo-diff,ja,2026-06-04T18:46:05.900291+00:00,13.282,,,,
atcoder,abc,public_sponsored_abc,freee,abc310,freee プログラミングコンテスト2023（AtCoder Beginner Contest 310）,2023,,1689422400.0,2023.0,abc310_b,B,Strictly Superior,B. Strictly Superior,171.0,11369,"['brute force', 'conditional', 'implementation', 'set']",4,https://atcoder.jp/contests/abc310/tasks/abc310_b,https://atcoder-tagged-backend.onrender.com/problems/all,2.3.0-sponsor-abc-kenkoooo-diff,ja,2026-06-04T18:46:05.900291+00:00,31.439,,,,
atcoder,abc,public_sponsored_abc,freee,abc310,freee プログラミングコンテスト2023（AtCoder Beginner Contest 310）,2023,,1689422400.0,2023.0,abc310_c,C,Reversible,C. Reversible,245.0,12237,"['implementation', 'set', 'string', 'string reversal', 'validation']",5,https://atcoder.jp/contests/abc310/tasks/abc310_c,https://atcoder-tagged-backend.onrender.com/problems/all,2.3.0-sponsor-abc-kenkoooo-diff,ja,2026-06-04T18:46:05.900291+00:00,32.899,,,,
atcoder,abc,public_sponsored_abc,freee,abc310,freee プログラミングコンテスト2023（AtCoder Beginner Contest 310）,2023,,1689422400.0,2023.0,abc310_d,D,Peaceful Teams,D. Peaceful Teams,1368.0,4894,"['bitmask dp', 'backtracking', 'combinatorics', 'graph coloring']",4,https://atcoder.jp/contests/abc310/tasks/abc310_d,https://atcoder-tagged-backend.onrender.com/problems/all,2.3.0-sponsor-abc-kenkoooo-diff,ja,2026-06-04T18:46:05.900291+00:00,55.062,,,,
atcoder,abc,public_sponsored_abc,freee,abc310,freee プログラミングコンテスト2023（AtCoder Beginner Contest 310）,2023,,1689422400.0,2023.0,abc310_e,E,NAND repeatedly,E. NAND repeatedly,1261.0,4561,"['bit manipulation', 'counting', 'state', 'array']",4,https://atcoder.jp/contests/abc310/tasks/abc310_e,https://atcoder-tagged-backend.onrender.com/problems/all,2.3.0-sponsor-abc-kenkoooo-diff,ja,2026-06-04T18:46:05.900291+00:00,52.95,,,,
atcoder,abc,public_sponsored_abc,freee,abc310,freee プログラミングコンテスト2023（AtCoder Beginner Contest 310）,2023,,1689422400.0,2023.0,abc310_f,F,Make 10 Again,F. Make 10 Again,1938.0,2064,"['counting', 'dp', 'modular arithmetic', 'optimization', 'subset sum']",5,https://atcoder.jp/contests/abc310/tasks/abc310_f,https://atcoder-tagged-backend.onrender.com/problems/all,2.3.0-sponsor-abc-kenkoooo-diff,ja,2026-06-04T18:46:05.900291+00:00,66.311,,,,
atcoder,abc,public_sponsored_abc,freee,abc310,freee プログラミングコンテスト2023（AtCoder Beginner Contest 310）,2023,,1689422400.0,2023.0,abc310_g,G,Takahashi And Pass-The-Ball Game,G. Takahashi And Pass-The-Ball Game,2696.0,517,"['binary lifting', 'functional graph', 'modular arithmetic', 'expectation']",4,https://atcoder.jp/contests/abc310/tasks/abc310_g,https://atcoder-tagged-backend.onrender.com/problems/all,2.3.0-sponsor-abc-kenkoooo-diff,ja,2026-06-04T18:46:05.900291+00:00,81.271,,,,
atcoder,abc,public_sponsored_abc,freee,abc310,freee プログラミングコンテスト2023（AtCoder Beginner Contest 310）,2023,,1689422400.0,2023.0,abc310_h,Ex,Negative Cost,Ex. Negative Cost,3343.0,240,"['dp', 'knapsack', 'pigeonhole principle', 'greedy']",4,https://atcoder.jp/contests/abc310/tasks/abc310_h,https://atcoder-tagged-backend.onrender.com/problems/all,2.3.0-sponsor-abc-kenkoooo-diff,ja,2026-06-04T18:46:05.900291+00:00,94.04,,,,
atcoder,abc,public_sponsored_abc,toyota,abc311,トヨタ自動車プログラミングコンテスト2023#4(AtCoder Beginner Contest 311),2023,,1690027200.0,2023.0,abc311_a,A,First ABC,A. First ABC,-876.0,16945,"['implementation', 'set', 'string']",3,https://atcoder.jp/contests/abc311/tasks/abc311_a,https://atcoder-tagged-backend.onrender.com/problems/all,2.3.0-sponsor-abc-kenkoooo-diff,ja,2026-06-04T18:46:05.900291+00:00,10.776,,,,
atcoder,abc,public_sponsored_abc,toyota,abc311,トヨタ自動車プログラミングコンテスト2023#4(AtCoder Beginner Contest 311),2023,,1690027200.0,2023.0,abc311_b,B,Vacation Together,B. Vacation Together,-312.0,14542,"['implementation', 'string', 'array', 'greedy', 'segment']",5,https://atcoder.jp/contests/abc311/tasks/abc311_b,https://atcoder-tagged-backend.onrender.com/problems/all,2.3.0-sponsor-abc-kenkoooo-diff,ja,2026-06-04T18:46:05.900291+00:00,21.906,,,,
atcoder,abc,public_sponsored_abc,toyota,abc311,トヨタ自動車プログラミングコンテスト2023#4(AtCoder Beginner Contest 311),2023,,1690027200.0,2023.0,abc311_c,C,Find it!,C. Find it!,448.0,10632,"['cycle', 'dfs', 'graph', 'implementation']",4,https://atcoder.jp/contests/abc311/tasks/abc311_c,https://atcoder-tagged-backend.onrender.com/problems/all,2.3.0-sponsor-abc-kenkoooo-diff,ja,2026-06-04T18:46:05.900291+00:00,36.905,,,,
atcoder,abc,public_sponsored_abc,toyota,abc311,トヨタ自動車プログラミングコンテスト2023#4(AtCoder Beginner Contest 311),2023,,1690027200.0,2023.0,abc311_d,D,Grid Ice Floor,D. Grid Ice Floor,885.0,7215,"['bfs', 'graph', 'state', 'grid']",4,https://atcoder.jp/contests/abc311/tasks/abc311_d,https://atcoder-tagged-backend.onrender.com/problems/all,2.3.0-sponsor-abc-kenkoooo-diff,ja,2026-06-04T18:46:05.900291+00:00,45.53,,,,
atcoder,abc,public_sponsored_abc,toyota,abc311,トヨタ自動車プログラミングコンテスト2023#4(AtCoder Beginner Contest 311),2023,,1690027200.0,2023.0,abc311_e,E,Defect-free Squares,E. Defect-free Squares,1293.0,5025,"['dp', '2d dp', 'dp on grids']",3,https://atcoder.jp/contests/abc311/tasks/abc311_e,https://atcoder-tagged-backend.onrender.com/problems/all,2.3.0-sponsor-abc-kenkoooo-diff,ja,2026-06-04T18:46:05.900291+00:00,53.582,,,,
atcoder,abc,public_sponsored_abc,toyota,abc311,トヨタ自動車プログラミングコンテスト2023#4(AtCoder Beginner Contest 311),2023,,1690027200.0,2023.0,abc311_f,F,Yet Another Grid Task,F. Yet Another Grid Task,1984.0,1865,"['counting', 'prefix sum', 'dp', 'grid', 'modular arithmetic', 'optimization']",6,https://atcoder.jp/contests/abc311/tasks/abc311_f,https://atcoder-tagged-backend.onrender.com/problems/all,2.3.0-sponsor-abc-kenkoooo-diff,ja,2026-06-04T18:46:05.900291+00:00,67.219,,,,
atcoder,abc,public_sponsored_abc,toyota,abc311,トヨタ自動車プログラミングコンテスト2023#4(AtCoder Beginner Contest 311),2023,,1690027200.0,2023.0,abc311_g,G,One More Grid Task,G. One More Grid Task,2265.0,1258,"['grid', 'enumeration', '2d prefix sum', 'rectangle', 'optimization']",5,https://atcoder.jp/contests/abc311/tasks/abc311_g,https://atcoder-tagged-backend.onrender.com/problems/all,2.3.0-sponsor-abc-kenkoooo-diff,ja,2026-06-04T18:46:05.900291+00:00,72.765,,,,
atcoder,abc,public_sponsored_abc,toyota,abc311,トヨタ自動車プログラミングコンテスト2023#4(AtCoder Beginner Contest 311),2023,,1690027200.0,2023.0,abc311_h,Ex,Many Illumination Plans,Ex. Many Illumination Plans,3605.0,233,"['heavy light decomposition', 'dp on trees', 'dp', 'recursion']",4,https://atcoder.jp/contests/abc311/tasks/abc311_h,https://atcoder-tagged-backend.onrender.com/problems/all,2.3.0-sponsor-abc-kenkoooo-diff,ja,2026-06-04T18:46:05.900291+00:00,99.211,,,,
atcoder,abc,public_sponsored_abc,unique_vision,abc312,ユニークビジョンプログラミングコンテスト2023 夏 (AtCoder Beginner Contest 312),2023,,1690632000.0,2023.0,abc312_a,A,Chord,A. Chord,-990.0,15491,"['tree', 'implementation']",2,https://atcoder.jp/contests/abc312/tasks/abc312_a,https://atcoder-tagged-backend.onrender.com/problems/all,2.3.0-sponsor-abc-kenkoooo-diff,ja,2026-06-04T18:46:05.900291+00:00,8.526,,,,
atcoder,abc,public_sponsored_abc,unique_vision,abc312,ユニークビジョンプログラミングコンテスト2023 夏 (AtCoder Beginner Contest 312),2023,,1690632000.0,2023.0,abc312_b,B,TaK Code,B. TaK Code,153.0,10356,"['grid', 'simulation', 'brute force', 'pattern', 'implementation']",5,https://atcoder.jp/contests/abc312/tasks/abc312_b,https://atcoder-tagged-backend.onrender.com/problems/all,2.3.0-sponsor-abc-kenkoooo-diff,ja,2026-06-04T18:46:05.900291+00:00,31.083,,,,
atcoder,abc,public_sponsored_abc,unique_vision,abc312,ユニークビジョンプログラミングコンテスト2023 夏 (AtCoder Beginner Contest 312),2023,,1690632000.0,2023.0,abc312_c,C,Invisible Hand,C. Invisible Hand,727.0,8858,"['binary search', 'monotonic', 'two pointer']",3,https://atcoder.jp/contests/abc312/tasks/abc312_c,https://atcoder-tagged-backend.onrender.com/problems/all,2.3.0-sponsor-abc-kenkoooo-diff,ja,2026-06-04T18:46:05.900291+00:00,42.412,,,,
atcoder,abc,public_sponsored_abc,unique_vision,abc312,ユニークビジョンプログラミングコンテスト2023 夏 (AtCoder Beginner Contest 312),2023,,1690632000.0,2023.0,abc312_d,D,Count Bracket Sequences,D. Count Bracket Sequences,964.0,6956,"['dp', 'counting', 'balanced bracket sequence', 'modular arithmetic']",4,https://atcoder.jp/contests/abc312/tasks/abc312_d,https://atcoder-tagged-backend.onrender.com/problems/all,2.3.0-sponsor-abc-kenkoooo-diff,ja,2026-06-04T18:46:05.900291+00:00,47.089,,,,
atcoder,abc,public_sponsored_abc,unique_vision,abc312,ユニークビジョンプログラミングコンテスト2023 夏 (AtCoder Beginner Contest 312),2023,,1690632000.0,2023.0,abc312_e,E,Tangency of Cuboids ,E. Tangency of Cuboids ,2047.0,1903,"['3d geometry', 'grid', 'set', 'graph', 'implementation']",5,https://atcoder.jp/contests/abc312/tasks/abc312_e,https://atcoder-tagged-backend.onrender.com/problems/all,2.3.0-sponsor-abc-kenkoooo-diff,ja,2026-06-04T18:46:05.900291+00:00,68.463,,,,
atcoder,abc,public_sponsored_abc,unique_vision,abc312,ユニークビジョンプログラミングコンテスト2023 夏 (AtCoder Beginner Contest 312),2023,,1690632000.0,2023.0,abc312_f,F,Cans and Openers,F. Cans and Openers,1534.0,3481,"['greedy', 'optimization', 'selection', 'sorting']",4,https://atcoder.jp/contests/abc312/tasks/abc312_f,https://atcoder-tagged-backend.onrender.com/problems/all,2.3.0-sponsor-abc-kenkoooo-diff,ja,2026-06-04T18:46:05.900291+00:00,58.338,,,,
atcoder,abc,public_sponsored_abc,unique_vision,abc312,ユニークビジョンプログラミングコンテスト2023 夏 (AtCoder Beginner Contest 312),2023,,1690632000.0,2023.0,abc312_g,G,Avoid Straight Line,G. Avoid Straight Line,1819.0,2469,"['dp on trees', 'combinatorics', 'counting']",3,https://atcoder.jp/contests/abc312/tasks/abc312_g,https://atcoder-tagged-backend.onrender.com/problems/all,2.3.0-sponsor-abc-kenkoooo-diff,ja,2026-06-04T18:46:05.900291+00:00,63.963,,,,
atcoder,abc,public_sponsored_abc,unique_vision,abc312,ユニークビジョンプログラミングコンテスト2023 夏 (AtCoder Beginner Contest 312),2023,,1690632000.0,2023.0,abc312_h,Ex,snukesnuke,Ex. snukesnuke,2477.0,713,"['periodicity', 'z algorithm', 'rolling hash', 'number theory', 'amortized analysis', 'string']",6,https://atcoder.jp/contests/abc312/tasks/abc312_h,https://atcoder-tagged-backend.onrender.com/problems/all,2.3.0-sponsor-abc-kenkoooo-diff,ja,2026-06-04T18:46:05.900291+00:00,76.949,,,,
atcoder,abc,public_sponsored_abc,keyence,abc315,キーエンスプログラミングコンテスト2023夏（AtCoder Beginner Contest 315）,2023,,1692446400.0,2023.0,abc315_a,A,tcdr,A. tcdr,-997.0,16096,"['implementation', 'string']",2,https://atcoder.jp/contests/abc315/tasks/abc315_a,https://atcoder-tagged-backend.onrender.com/problems/all,2.3.0-sponsor-abc-kenkoooo-diff,ja,2026-06-04T18:46:05.900291+00:00,8.388,,,,
atcoder,abc,public_sponsored_abc,keyence,abc315,キーエンスプログラミングコンテスト2023夏（AtCoder Beginner Contest 315）,2023,,1692446400.0,2023.0,abc315_b,B,The Middle Day,B. The Middle Day,-470.0,13906,"['implementation', 'simulation', 'array']",3,https://atcoder.jp/contests/abc315/tasks/abc315_b,https://atcoder-tagged-backend.onrender.com/problems/all,2.3.0-sponsor-abc-kenkoooo-diff,ja,2026-06-04T18:46:05.900291+00:00,18.788,,,,
atcoder,abc,public_sponsored_abc,keyence,abc315,キーエンスプログラミングコンテスト2023夏（AtCoder Beginner Contest 315）,2023,,1692446400.0,2023.0,abc315_c,C,Flavors,C. Flavors,312.0,11008,"['greedy', 'implementation', 'search', 'sorting']",4,https://atcoder.jp/contests/abc315/tasks/abc315_c,https://atcoder-tagged-backend.onrender.com/problems/all,2.3.0-sponsor-abc-kenkoooo-diff,ja,2026-06-04T18:46:05.900291+00:00,34.221,,,,
atcoder,abc,public_sponsored_abc,keyence,abc315,キーエンスプログラミングコンテスト2023夏（AtCoder Beginner Contest 315）,2023,,1692446400.0,2023.0,abc315_d,D,Magical Cookies,D. Magical Cookies,1531.0,3777,"['simulation', 'counting', 'grid', 'optimization']",4,https://atcoder.jp/contests/abc315/tasks/abc315_d,https://atcoder-tagged-backend.onrender.com/problems/all,2.3.0-sponsor-abc-kenkoooo-diff,ja,2026-06-04T18:46:05.900291+00:00,58.279,,,,
atcoder,abc,public_sponsored_abc,keyence,abc315,キーエンスプログラミングコンテスト2023夏（AtCoder Beginner Contest 315）,2023,,1692446400.0,2023.0,abc315_e,E,Prerequisites,E. Prerequisites,921.0,6587,"['directed graph', 'dag', 'bfs', 'topological sort']",4,https://atcoder.jp/contests/abc315/tasks/abc315_e,https://atcoder-tagged-backend.onrender.com/problems/all,2.3.0-sponsor-abc-kenkoooo-diff,ja,2026-06-04T18:46:05.900291+00:00,46.24,,,,
atcoder,abc,public_sponsored_abc,keyence,abc315,キーエンスプログラミングコンテスト2023夏（AtCoder Beginner Contest 315）,2023,,1692446400.0,2023.0,abc315_f,F,Shortcuts,F. Shortcuts,1674.0,3159,"['dp', 'euclidean distance', 'geometry', 'optimization', 'shortest path']",5,https://atcoder.jp/contests/abc315/tasks/abc315_f,https://atcoder-tagged-backend.onrender.com/problems/all,2.3.0-sponsor-abc-kenkoooo-diff,ja,2026-06-04T18:46:05.900291+00:00,61.101,,,,
atcoder,abc,public_sponsored_abc,keyence,abc315,キーエンスプログラミングコンテスト2023夏（AtCoder Beginner Contest 315）,2023,,1692446400.0,2023.0,abc315_g,G,"Ai + Bj + Ck = X (1 <= i, j, k <= N)","G. Ai + Bj + Ck = X (1 <= i, j, k <= N)",2315.0,1244,"['number theory', 'diophantine equation', 'extended euclidean algorithm', 'counting']",4,https://atcoder.jp/contests/abc315/tasks/abc315_g,https://atcoder-tagged-backend.onrender.com/problems/all,2.3.0-sponsor-abc-kenkoooo-diff,ja,2026-06-04T18:46:05.900291+00:00,73.752,,,,
atcoder,abc,public_sponsored_abc,keyence,abc315,キーエンスプログラミングコンテスト2023夏（AtCoder Beginner Contest 315）,2023,,1692446400.0,2023.0,abc315_h,Ex,Typical Convolution Problem,Ex. Typical Convolution Problem,2807.0,336,"['convolution', 'polynomial', 'fft', 'generating function', 'dp']",5,https://atcoder.jp/contests/abc315/tasks/abc315_h,https://atcoder-tagged-backend.onrender.com/problems/all,2.3.0-sponsor-abc-kenkoooo-diff,ja,2026-06-04T18:46:05.900291+00:00,83.462,,,,
atcoder,abc,public_sponsored_abc,toyota,abc320,トヨタ自動車プログラミングコンテスト2023#5(AtCoder Beginner Contest 320),2023,,1694865600.0,2023.0,abc320_a,A,Leyland Number,A. Leyland Number,-1061.0,20241,"['implementation', 'modular exponentiation', 'math']",3,https://atcoder.jp/contests/abc320/tasks/abc320_a,https://atcoder-tagged-backend.onrender.com/problems/all,2.3.0-sponsor-abc-kenkoooo-diff,ja,2026-06-04T18:46:05.900291+00:00,7.125,,,,
atcoder,abc,public_sponsored_abc,toyota,abc320,トヨタ自動車プログラミングコンテスト2023#5(AtCoder Beginner Contest 320),2023,,1694865600.0,2023.0,abc320_b,B,Longest Palindrome,B. Longest Palindrome,-225.0,16479,"['string', 'brute force', 'palindrome', 'substring']",4,https://atcoder.jp/contests/abc320/tasks/abc320_b,https://atcoder-tagged-backend.onrender.com/problems/all,2.3.0-sponsor-abc-kenkoooo-diff,ja,2026-06-04T18:46:05.900291+00:00,23.623,,,,
atcoder,abc,public_sponsored_abc,toyota,abc320,トヨタ自動車プログラミングコンテスト2023#5(AtCoder Beginner Contest 320),2023,,1694865600.0,2023.0,abc320_c,C,Slot Strategy 2 (Easy),C. Slot Strategy 2 (Easy),851.0,7971,"['brute force', 'simulation', 'modular arithmetic', 'enumeration']",4,https://atcoder.jp/contests/abc320/tasks/abc320_c,https://atcoder-tagged-backend.onrender.com/problems/all,2.3.0-sponsor-abc-kenkoooo-diff,ja,2026-06-04T18:46:05.900291+00:00,44.859,,,,
atcoder,abc,public_sponsored_abc,toyota,abc320,トヨタ自動車プログラミングコンテスト2023#5(AtCoder Beginner Contest 320),2023,,1694865600.0,2023.0,abc320_d,D,Relative Position,D. Relative Position,873.0,7515,"['graph', 'dfs', 'coordinate geometry']",3,https://atcoder.jp/contests/abc320/tasks/abc320_d,https://atcoder-tagged-backend.onrender.com/problems/all,2.3.0-sponsor-abc-kenkoooo-diff,ja,2026-06-04T18:46:05.900291+00:00,45.293,,,,
atcoder,abc,public_sponsored_abc,toyota,abc320,トヨタ自動車プログラミングコンテスト2023#5(AtCoder Beginner Contest 320),2023,,1694865600.0,2023.0,abc320_e,E,Somen Nagashi,E. Somen Nagashi,1096.0,5623,"['simulation', 'priority queue', 'ordered set', 'greedy']",4,https://atcoder.jp/contests/abc320/tasks/abc320_e,https://atcoder-tagged-backend.onrender.com/problems/all,2.3.0-sponsor-abc-kenkoooo-diff,ja,2026-06-04T18:46:05.900291+00:00,49.694,,,,
atcoder,abc,public_sponsored_abc,toyota,abc320,トヨタ自動車プログラミングコンテスト2023#5(AtCoder Beginner Contest 320),2023,,1694865600.0,2023.0,abc320_f,F,Fuel Round Trip,F. Fuel Round Trip,2042.0,1817,"['dp', '3d dp', 'bitmask']",3,https://atcoder.jp/contests/abc320/tasks/abc320_f,https://atcoder-tagged-backend.onrender.com/problems/all,2.3.0-sponsor-abc-kenkoooo-diff,ja,2026-06-04T18:46:05.900291+00:00,68.364,,,,
atcoder,abc,public_sponsored_abc,toyota,abc320,トヨタ自動車プログラミングコンテスト2023#5(AtCoder Beginner Contest 320),2023,,1694865600.0,2023.0,abc320_g,G,Slot Strategy 2 (Hard),G. Slot Strategy 2 (Hard),2575.0,707,"['binary search', 'bipartite matching', 'max flow', 'dinic']",4,https://atcoder.jp/contests/abc320/tasks/abc320_g,https://atcoder-tagged-backend.onrender.com/problems/all,2.3.0-sponsor-abc-kenkoooo-diff,ja,2026-06-04T18:46:05.900291+00:00,78.883,,,,
atcoder,abc,public_sponsored_abc,suntory,abc321,サントリープログラミングコンテスト2023（AtCoder Beginner Contest 321）,2023,,1695470400.0,2023.0,abc321_a,A,321-like Checker,A. 321-like Checker,-754.0,19281,"['implementation', 'string', 'digit']",3,https://atcoder.jp/contests/abc321/tasks/abc321_a,https://atcoder-tagged-backend.onrender.com/problems/all,2.3.0-sponsor-abc-kenkoooo-diff,ja,2026-06-04T18:46:05.900291+00:00,13.183,,,,
atcoder,abc,public_sponsored_abc,suntory,abc321,サントリープログラミングコンテスト2023（AtCoder Beginner Contest 321）,2023,,1695470400.0,2023.0,abc321_b,B,Cutoff,B. Cutoff,160.0,14416,"['simulation', 'sorting', 'greedy', 'implementation']",4,https://atcoder.jp/contests/abc321/tasks/abc321_b,https://atcoder-tagged-backend.onrender.com/problems/all,2.3.0-sponsor-abc-kenkoooo-diff,ja,2026-06-04T18:46:05.900291+00:00,31.222,,,,
atcoder,abc,public_sponsored_abc,suntory,abc321,サントリープログラミングコンテスト2023（AtCoder Beginner Contest 321）,2023,,1695470400.0,2023.0,abc321_c,C,321-like Searcher,C. 321-like Searcher,591.0,11706,"['bitmask', 'combinatorics', 'constructive', 'sorting', 'enumeration']",5,https://atcoder.jp/contests/abc321/tasks/abc321_c,https://atcoder-tagged-backend.onrender.com/problems/all,2.3.0-sponsor-abc-kenkoooo-diff,ja,2026-06-04T18:46:05.900291+00:00,39.728,,,,
atcoder,abc,public_sponsored_abc,suntory,abc321,サントリープログラミングコンテスト2023（AtCoder Beginner Contest 321）,2023,,1695470400.0,2023.0,abc321_d,D,Set Menu,D. Set Menu,806.0,8796,"['binary search', 'prefix sum', 'implementation', 'sorting']",4,https://atcoder.jp/contests/abc321/tasks/abc321_d,https://atcoder-tagged-backend.onrender.com/problems/all,2.3.0-sponsor-abc-kenkoooo-diff,ja,2026-06-04T18:46:05.900291+00:00,43.971,,,,
atcoder,abc,public_sponsored_abc,suntory,abc321,サントリープログラミングコンテスト2023（AtCoder Beginner Contest 321）,2023,,1695470400.0,2023.0,abc321_e,E,Complete Binary Tree,E. Complete Binary Tree,1627.0,3335,"['binary tree', 'lca', 'tree', 'bit manipulation', 'range counting']",5,https://atcoder.jp/contests/abc321/tasks/abc321_e,https://atcoder-tagged-backend.onrender.com/problems/all,2.3.0-sponsor-abc-kenkoooo-diff,ja,2026-06-04T18:46:05.900291+00:00,60.174,,,,
atcoder,abc,public_sponsored_abc,suntory,abc321,サントリープログラミングコンテスト2023（AtCoder Beginner Contest 321）,2023,,1695470400.0,2023.0,abc321_f,F,#(subset sum = K) with Add and Erase ,F. #(subset sum = K) with Add and Erase ,1645.0,6166,"['dp', 'subset sum', 'operations', 'modular arithmetic']",4,https://atcoder.jp/contests/abc321/tasks/abc321_f,https://atcoder-tagged-backend.onrender.com/problems/all,2.3.0-sponsor-abc-kenkoooo-diff,ja,2026-06-04T18:46:05.900291+00:00,60.529,,,,
atcoder,abc,public_sponsored_abc,suntory,abc321,サントリープログラミングコンテスト2023（AtCoder Beginner Contest 321）,2023,,1695470400.0,2023.0,abc321_g,G,Electric Circuit,G. Electric Circuit,2439.0,792,"['expectation', 'bitmask dp', 'connected components', 'modular arithmetic', 'combinatorics']",5,https://atcoder.jp/contests/abc321/tasks/abc321_g,https://atcoder-tagged-backend.onrender.com/problems/all,2.3.0-sponsor-abc-kenkoooo-diff,ja,2026-06-04T18:46:05.900291+00:00,76.199,,,,
atcoder,abc,public_sponsored_abc,unique_vision,abc323,ユニークビジョンプログラミングコンテスト2023 秋 (AtCoder Beginner Contest 323),2023,,1696680000.0,2023.0,abc323_a,A,Weak Beats,A. Weak Beats,-921.0,19696,"['string', 'implementation', 'iteration']",3,https://atcoder.jp/contests/abc323/tasks/abc323_a,https://atcoder-tagged-backend.onrender.com/problems/all,2.3.0-sponsor-abc-kenkoooo-diff,ja,2026-06-04T18:46:05.900291+00:00,9.888,,,,
atcoder,abc,public_sponsored_abc,unique_vision,abc323,ユニークビジョンプログラミングコンテスト2023 秋 (AtCoder Beginner Contest 323),2023,,1696680000.0,2023.0,abc323_b,B,Round-Robin Tournament,B. Round-Robin Tournament,-267.0,16660,"['sorting', 'string', 'implementation', 'simulation']",4,https://atcoder.jp/contests/abc323/tasks/abc323_b,https://atcoder-tagged-backend.onrender.com/problems/all,2.3.0-sponsor-abc-kenkoooo-diff,ja,2026-06-04T18:46:05.900291+00:00,22.795,,,,
atcoder,abc,public_sponsored_abc,unique_vision,abc323,ユニークビジョンプログラミングコンテスト2023 秋 (AtCoder Beginner Contest 323),2023,,1696680000.0,2023.0,abc323_c,C,World Tour Finals,C. World Tour Finals,354.0,11964,"['greedy', 'sorting', 'simulation']",3,https://atcoder.jp/contests/abc323/tasks/abc323_c,https://atcoder-tagged-backend.onrender.com/problems/all,2.3.0-sponsor-abc-kenkoooo-diff,ja,2026-06-04T18:46:05.900291+00:00,35.05,,,,
atcoder,abc,public_sponsored_abc,unique_vision,abc323,ユニークビジョンプログラミングコンテスト2023 秋 (AtCoder Beginner Contest 323),2023,,1696680000.0,2023.0,abc323_d,D,Merge Slimes,D. Merge Slimes,852.0,7718,"['base representation', 'bit manipulation', 'number theory', 'greedy', 'map', 'observation']",6,https://atcoder.jp/contests/abc323/tasks/abc323_d,https://atcoder-tagged-backend.onrender.com/problems/all,2.3.0-sponsor-abc-kenkoooo-diff,ja,2026-06-04T18:46:05.900291+00:00,44.879,,,,
atcoder,abc,public_sponsored_abc,unique_vision,abc323,ユニークビジョンプログラミングコンテスト2023 秋 (AtCoder Beginner Contest 323),2023,,1696680000.0,2023.0,abc323_e,E,Playlist,E. Playlist,1279.0,4620,"['dp', 'probability', 'modular arithmetic']",3,https://atcoder.jp/contests/abc323/tasks/abc323_e,https://atcoder-tagged-backend.onrender.com/problems/all,2.3.0-sponsor-abc-kenkoooo-diff,ja,2026-06-04T18:46:05.900291+00:00,53.306,,,,
atcoder,abc,public_sponsored_abc,unique_vision,abc323,ユニークビジョンプログラミングコンテスト2023 秋 (AtCoder Beginner Contest 323),2023,,1696680000.0,2023.0,abc323_f,F,Push and Carry,F. Push and Carry,1532.0,2623,"['manhattan distance', 'case work', 'coordinate geometry', 'greedy', 'constructive']",5,https://atcoder.jp/contests/abc323/tasks/abc323_f,https://atcoder-tagged-backend.onrender.com/problems/all,2.3.0-sponsor-abc-kenkoooo-diff,ja,2026-06-04T18:46:05.900291+00:00,58.299,,,,
atcoder,abc,public_sponsored_abc,unique_vision,abc323,ユニークビジョンプログラミングコンテスト2023 秋 (AtCoder Beginner Contest 323),2023,,1696680000.0,2023.0,abc323_g,G,Inversion of Tree,G. Inversion of Tree,3091.0,141,"['kirchhoff theorem', 'determinant', 'polynomial', 'linear algebra']",4,https://atcoder.jp/contests/abc323/tasks/abc323_g,https://atcoder-tagged-backend.onrender.com/problems/all,2.3.0-sponsor-abc-kenkoooo-diff,ja,2026-06-04T18:46:05.900291+00:00,89.067,,,,
atcoder,abc,public_sponsored_abc,keyence,abc325,キーエンスプログラミングコンテスト2023秋（AtCoder Beginner Contest 325）,2023,,1697889600.0,2023.0,abc325_a,A,Takahashi san,A. Takahashi san,-1158.0,15083,"['string', 'input output', 'implementation']",3,https://atcoder.jp/contests/abc325/tasks/abc325_a,https://atcoder-tagged-backend.onrender.com/problems/all,2.3.0-sponsor-abc-kenkoooo-diff,ja,2026-06-04T18:46:05.900291+00:00,5.21,,,,
atcoder,abc,public_sponsored_abc,keyence,abc325,キーエンスプログラミングコンテスト2023秋（AtCoder Beginner Contest 325）,2023,,1697889600.0,2023.0,abc325_b,B,World Meeting,B. World Meeting,61.0,10907,"['brute force', 'implementation', 'modular arithmetic']",3,https://atcoder.jp/contests/abc325/tasks/abc325_b,https://atcoder-tagged-backend.onrender.com/problems/all,2.3.0-sponsor-abc-kenkoooo-diff,ja,2026-06-04T18:46:05.900291+00:00,29.268,,,,
atcoder,abc,public_sponsored_abc,keyence,abc325,キーエンスプログラミングコンテスト2023秋（AtCoder Beginner Contest 325）,2023,,1697889600.0,2023.0,abc325_c,C,Sensors,C. Sensors,400.0,9911,"['grid', 'connected components', 'dfs', 'bfs', 'implementation']",5,https://atcoder.jp/contests/abc325/tasks/abc325_c,https://atcoder-tagged-backend.onrender.com/problems/all,2.3.0-sponsor-abc-kenkoooo-diff,ja,2026-06-04T18:46:05.900291+00:00,35.958,,,,
atcoder,abc,public_sponsored_abc,keyence,abc325,キーエンスプログラミングコンテスト2023秋（AtCoder Beginner Contest 325）,2023,,1697889600.0,2023.0,abc325_d,D,Printing Machine,D. Printing Machine,1367.0,4478,"['greedy', 'priority queue', 'sorting', 'interval', 'simulation']",5,https://atcoder.jp/contests/abc325/tasks/abc325_d,https://atcoder-tagged-backend.onrender.com/problems/all,2.3.0-sponsor-abc-kenkoooo-diff,ja,2026-06-04T18:46:05.900291+00:00,55.042,,,,
atcoder,abc,public_sponsored_abc,keyence,abc325,キーエンスプログラミングコンテスト2023秋（AtCoder Beginner Contest 325）,2023,,1697889600.0,2023.0,abc325_e,E,"Our clients, please wait a moment","E. Our clients, please wait a moment",1093.0,5106,"['shortest path', 'dijkstra', 'graph']",3,https://atcoder.jp/contests/abc325/tasks/abc325_e,https://atcoder-tagged-backend.onrender.com/problems/all,2.3.0-sponsor-abc-kenkoooo-diff,ja,2026-06-04T18:46:05.900291+00:00,49.635,,,,
atcoder,abc,public_sponsored_abc,keyence,abc325,キーエンスプログラミングコンテスト2023秋（AtCoder Beginner Contest 325）,2023,,1697889600.0,2023.0,abc325_f,F,Sensor Optimization Dilemma ,F. Sensor Optimization Dilemma ,1769.0,2257,"['dp', 'dp optimization', 'knapsack']",3,https://atcoder.jp/contests/abc325/tasks/abc325_f,https://atcoder-tagged-backend.onrender.com/problems/all,2.3.0-sponsor-abc-kenkoooo-diff,ja,2026-06-04T18:46:05.900291+00:00,62.976,,,,
atcoder,abc,public_sponsored_abc,keyence,abc325,キーエンスプログラミングコンテスト2023秋（AtCoder Beginner Contest 325）,2023,,1697889600.0,2023.0,abc325_g,G,offence,G. offence,2388.0,1173,"['dp', 'interval dp', 'string']",3,https://atcoder.jp/contests/abc325/tasks/abc325_g,https://atcoder-tagged-backend.onrender.com/problems/all,2.3.0-sponsor-abc-kenkoooo-diff,ja,2026-06-04T18:46:05.900291+00:00,75.192,,,,
atcoder,abc,public_sponsored_abc,panasonic,abc326,パナソニックグループ プログラミングコンテスト2023（AtCoder Beginner Contest 326）,2023,,1698494400.0,2023.0,abc326_a,A,2UP3DOWN,A. 2UP3DOWN,-665.0,17065,"['implementation', 'conditional']",2,https://atcoder.jp/contests/abc326/tasks/abc326_a,https://atcoder-tagged-backend.onrender.com/problems/all,2.3.0-sponsor-abc-kenkoooo-diff,ja,2026-06-04T18:46:05.900291+00:00,14.94,,,,
atcoder,abc,public_sponsored_abc,panasonic,abc326,パナソニックグループ プログラミングコンテスト2023（AtCoder Beginner Contest 326）,2023,,1698494400.0,2023.0,abc326_b,B,326-like Numbers,B. 326-like Numbers,-503.0,15147,"['brute force', 'digit', 'implementation']",3,https://atcoder.jp/contests/abc326/tasks/abc326_b,https://atcoder-tagged-backend.onrender.com/problems/all,2.3.0-sponsor-abc-kenkoooo-diff,ja,2026-06-04T18:46:05.900291+00:00,18.137,,,,
atcoder,abc,public_sponsored_abc,panasonic,abc326,パナソニックグループ プログラミングコンテスト2023（AtCoder Beginner Contest 326）,2023,,1698494400.0,2023.0,abc326_c,C,Peak,C. Peak,274.0,11528,"['sorting', 'two pointer', 'sliding window']",3,https://atcoder.jp/contests/abc326/tasks/abc326_c,https://atcoder-tagged-backend.onrender.com/problems/all,2.3.0-sponsor-abc-kenkoooo-diff,ja,2026-06-04T18:46:05.900291+00:00,33.471,,,,
atcoder,abc,public_sponsored_abc,panasonic,abc326,パナソニックグループ プログラミングコンテスト2023（AtCoder Beginner Contest 326）,2023,,1698494400.0,2023.0,abc326_d,D,ABC Puzzle,D. ABC Puzzle,1371.0,4536,"['backtracking', 'dfs', 'bitmask', 'brute force', 'pruning', 'permutation', 'constraint', 'grid']",8,https://atcoder.jp/contests/abc326/tasks/abc326_d,https://atcoder-tagged-backend.onrender.com/problems/all,2.3.0-sponsor-abc-kenkoooo-diff,ja,2026-06-04T18:46:05.900291+00:00,55.121,,,,
atcoder,abc,public_sponsored_abc,panasonic,abc326,パナソニックグループ プログラミングコンテスト2023（AtCoder Beginner Contest 326）,2023,,1698494400.0,2023.0,abc326_e,E,"Revenge of ""The Salary of AtCoder Inc.""","E. Revenge of ""The Salary of AtCoder Inc.""",1363.0,4269,"['expectation', 'dp', 'modular arithmetic', 'prefix sum']",4,https://atcoder.jp/contests/abc326/tasks/abc326_e,https://atcoder-tagged-backend.onrender.com/problems/all,2.3.0-sponsor-abc-kenkoooo-diff,ja,2026-06-04T18:46:05.900291+00:00,54.963,,,,
atcoder,abc,public_sponsored_abc,panasonic,abc326,パナソニックグループ プログラミングコンテスト2023（AtCoder Beginner Contest 326）,2023,,1698494400.0,2023.0,abc326_f,F,Robot Rotation,F. Robot Rotation,1870.0,2224,"['meet in the middle', 'coordinate geometry', 'subset sum', 'bitmask', 'sign']",5,https://atcoder.jp/contests/abc326/tasks/abc326_f,https://atcoder-tagged-backend.onrender.com/problems/all,2.3.0-sponsor-abc-kenkoooo-diff,ja,2026-06-04T18:46:05.900291+00:00,64.969,,,,
atcoder,abc,public_sponsored_abc,panasonic,abc326,パナソニックグループ プログラミングコンテスト2023（AtCoder Beginner Contest 326）,2023,,1698494400.0,2023.0,abc326_g,G,Unlock Achievement,G. Unlock Achievement,2470.0,944,"['max flow', 'min cut', 'graph']",3,https://atcoder.jp/contests/abc326/tasks/abc326_g,https://atcoder-tagged-backend.onrender.com/problems/all,2.3.0-sponsor-abc-kenkoooo-diff,ja,2026-06-04T18:46:05.900291+00:00,76.811,,,,
atcoder,abc,public_sponsored_abc,hhkb,abc327,HHKBプログラミングコンテスト2023(AtCoder Beginner Contest 327),2023,,1699099200.0,2023.0,abc327_a,A,ab,A. ab,-738.0,16084,"['string', 'array']",2,https://atcoder.jp/contests/abc327/tasks/abc327_a,https://atcoder-tagged-backend.onrender.com/problems/all,2.3.0-sponsor-abc-kenkoooo-diff,ja,2026-06-04T18:46:05.900291+00:00,13.499,,,,
atcoder,abc,public_sponsored_abc,hhkb,abc327,HHKBプログラミングコンテスト2023(AtCoder Beginner Contest 327),2023,,1699099200.0,2023.0,abc327_b,B,A^A,B. A^A,-54.0,13887,"['brute force', 'math', 'implementation']",3,https://atcoder.jp/contests/abc327/tasks/abc327_b,https://atcoder-tagged-backend.onrender.com/problems/all,2.3.0-sponsor-abc-kenkoooo-diff,ja,2026-06-04T18:46:05.900291+00:00,26.998,,,,
atcoder,abc,public_sponsored_abc,hhkb,abc327,HHKBプログラミングコンテスト2023(AtCoder Beginner Contest 327),2023,,1699099200.0,2023.0,abc327_c,C,Number Place,C. Number Place,55.0,12432,"['simulation', 'grid', '2d array', 'counting', 'implementation']",5,https://atcoder.jp/contests/abc327/tasks/abc327_c,https://atcoder-tagged-backend.onrender.com/problems/all,2.3.0-sponsor-abc-kenkoooo-diff,ja,2026-06-04T18:46:05.900291+00:00,29.149,,,,
atcoder,abc,public_sponsored_abc,hhkb,abc327,HHKBプログラミングコンテスト2023(AtCoder Beginner Contest 327),2023,,1699099200.0,2023.0,abc327_d,D,Good Tuple Problem,D. Good Tuple Problem,709.0,8215,"['graph theory', 'bipartite graph', 'dfs', 'graph coloring']",4,https://atcoder.jp/contests/abc327/tasks/abc327_d,https://atcoder-tagged-backend.onrender.com/problems/all,2.3.0-sponsor-abc-kenkoooo-diff,ja,2026-06-04T18:46:05.900291+00:00,42.056,,,,
atcoder,abc,public_sponsored_abc,hhkb,abc327,HHKBプログラミングコンテスト2023(AtCoder Beginner Contest 327),2023,,1699099200.0,2023.0,abc327_e,E,Maximize Rating,E. Maximize Rating,1227.0,5184,"['dp', 'subsequence', 'optimization']",3,https://atcoder.jp/contests/abc327/tasks/abc327_e,https://atcoder-tagged-backend.onrender.com/problems/all,2.3.0-sponsor-abc-kenkoooo-diff,ja,2026-06-04T18:46:05.900291+00:00,52.279,,,,
atcoder,abc,public_sponsored_abc,hhkb,abc327,HHKBプログラミングコンテスト2023(AtCoder Beginner Contest 327),2023,,1699099200.0,2023.0,abc327_f,F,Apples,F. Apples,1624.0,2876,"['lazy segment tree', 'range update', 'range maximum query', 'plane sweep', '2d range counting']",5,https://atcoder.jp/contests/abc327/tasks/abc327_f,https://atcoder-tagged-backend.onrender.com/problems/all,2.3.0-sponsor-abc-kenkoooo-diff,ja,2026-06-04T18:46:05.900291+00:00,60.114,,,,
atcoder,abc,public_sponsored_abc,hhkb,abc327,HHKBプログラミングコンテスト2023(AtCoder Beginner Contest 327),2023,,1699099200.0,2023.0,abc327_g,G,Many Good Tuple Problems,G. Many Good Tuple Problems,2968.0,309,"['inclusion exclusion', 'counting', 'combinatorics', 'stirling numbers', 'generating function']",5,https://atcoder.jp/contests/abc327/tasks/abc327_g,https://atcoder-tagged-backend.onrender.com/problems/all,2.3.0-sponsor-abc-kenkoooo-diff,ja,2026-06-04T18:46:05.900291+00:00,86.639,,,,
atcoder,abc,public_sponsored_abc,toyota,abc328,トヨタ自動車プログラミングコンテスト2023#7(AtCoder Beginner Contest 328),2023,,1699704000.0,2023.0,abc328_a,A,Not Too Hard,A. Not Too Hard,-1141.0,16508,"['implementation', 'array', 'prefix sum', 'iteration']",4,https://atcoder.jp/contests/abc328/tasks/abc328_a,https://atcoder-tagged-backend.onrender.com/problems/all,2.3.0-sponsor-abc-kenkoooo-diff,ja,2026-06-04T18:46:05.900291+00:00,5.546,,,,
atcoder,abc,public_sponsored_abc,toyota,abc328,トヨタ自動車プログラミングコンテスト2023#7(AtCoder Beginner Contest 328),2023,,1699704000.0,2023.0,abc328_b,B,11/11,B. 11/11,-213.0,12915,"['implementation', 'string', 'enumeration', 'math']",4,https://atcoder.jp/contests/abc328/tasks/abc328_b,https://atcoder-tagged-backend.onrender.com/problems/all,2.3.0-sponsor-abc-kenkoooo-diff,ja,2026-06-04T18:46:05.900291+00:00,23.86,,,,
atcoder,abc,public_sponsored_abc,toyota,abc328,トヨタ自動車プログラミングコンテスト2023#7(AtCoder Beginner Contest 328),2023,,1699704000.0,2023.0,abc328_c,C,Consecutive,C. Consecutive,189.0,11842,"['prefix sum', 'range query', 'string']",3,https://atcoder.jp/contests/abc328/tasks/abc328_c,https://atcoder-tagged-backend.onrender.com/problems/all,2.3.0-sponsor-abc-kenkoooo-diff,ja,2026-06-04T18:46:05.900291+00:00,31.794,,,,
atcoder,abc,public_sponsored_abc,toyota,abc328,トヨタ自動車プログラミングコンテスト2023#7(AtCoder Beginner Contest 328),2023,,1699704000.0,2023.0,abc328_d,D,Take ABC,D. Take ABC,555.0,10732,"['stack', 'string', 'simulation']",3,https://atcoder.jp/contests/abc328/tasks/abc328_d,https://atcoder-tagged-backend.onrender.com/problems/all,2.3.0-sponsor-abc-kenkoooo-diff,ja,2026-06-04T18:46:05.900291+00:00,39.017,,,,
atcoder,abc,public_sponsored_abc,toyota,abc328,トヨタ自動車プログラミングコンテスト2023#7(AtCoder Beginner Contest 328),2023,,1699704000.0,2023.0,abc328_e,E,Modulo MST,E. Modulo MST,1160.0,5541,"['enumeration', 'dsu', 'spanning tree', 'combinatorics']",4,https://atcoder.jp/contests/abc328/tasks/abc328_e,https://atcoder-tagged-backend.onrender.com/problems/all,2.3.0-sponsor-abc-kenkoooo-diff,ja,2026-06-04T18:46:05.900291+00:00,50.957,,,,
atcoder,abc,public_sponsored_abc,toyota,abc328,トヨタ自動車プログラミングコンテスト2023#7(AtCoder Beginner Contest 328),2023,,1699704000.0,2023.0,abc328_f,F,Good Set Query,F. Good Set Query,1477.0,3823,"['weighted dsu', 'dsu', 'constraint', 'path']",4,https://atcoder.jp/contests/abc328/tasks/abc328_f,https://atcoder-tagged-backend.onrender.com/problems/all,2.3.0-sponsor-abc-kenkoooo-diff,ja,2026-06-04T18:46:05.900291+00:00,57.213,,,,
atcoder,abc,public_sponsored_abc,toyota,abc328,トヨタ自動車プログラミングコンテスト2023#7(AtCoder Beginner Contest 328),2023,,1699704000.0,2023.0,abc328_g,G,Cut and Reorder,G. Cut and Reorder,2193.0,1337,"['bitmask dp', 'dp', 'optimization']",3,https://atcoder.jp/contests/abc328/tasks/abc328_g,https://atcoder-tagged-backend.onrender.com/problems/all,2.3.0-sponsor-abc-kenkoooo-diff,ja,2026-06-04T18:46:05.900291+00:00,71.344,,,,
atcoder,abc,public_sponsored_abc,sky,abc329,Ｓｋｙ株式会社プログラミングコンテスト2023（AtCoder Beginner Contest 329）,2023,,1700308800.0,2023.0,abc329_a,A,Spread,A. Spread,-1120.0,15590,"['string', 'implementation', 'iteration']",3,https://atcoder.jp/contests/abc329/tasks/abc329_a,https://atcoder-tagged-backend.onrender.com/problems/all,2.3.0-sponsor-abc-kenkoooo-diff,ja,2026-06-04T18:46:05.900291+00:00,5.96,,,,
atcoder,abc,public_sponsored_abc,sky,abc329,Ｓｋｙ株式会社プログラミングコンテスト2023（AtCoder Beginner Contest 329）,2023,,1700308800.0,2023.0,abc329_b,B,Next,B. Next,-802.0,14804,"['implementation', 'array']",2,https://atcoder.jp/contests/abc329/tasks/abc329_b,https://atcoder-tagged-backend.onrender.com/problems/all,2.3.0-sponsor-abc-kenkoooo-diff,ja,2026-06-04T18:46:05.900291+00:00,12.236,,,,
atcoder,abc,public_sponsored_abc,sky,abc329,Ｓｋｙ株式会社プログラミングコンテスト2023（AtCoder Beginner Contest 329）,2023,,1700308800.0,2023.0,abc329_c,C,Count xxx,C. Count xxx,133.0,11761,"['compression', 'string', 'counting', 'greedy', 'array']",5,https://atcoder.jp/contests/abc329/tasks/abc329_c,https://atcoder-tagged-backend.onrender.com/problems/all,2.3.0-sponsor-abc-kenkoooo-diff,ja,2026-06-04T18:46:05.900291+00:00,30.689,,,,
atcoder,abc,public_sponsored_abc,sky,abc329,Ｓｋｙ株式会社プログラミングコンテスト2023（AtCoder Beginner Contest 329）,2023,,1700308800.0,2023.0,abc329_d,D,Election Quick Report,D. Election Quick Report,232.0,10363,"['simulation', 'greedy', 'implementation']",3,https://atcoder.jp/contests/abc329/tasks/abc329_d,https://atcoder-tagged-backend.onrender.com/problems/all,2.3.0-sponsor-abc-kenkoooo-diff,ja,2026-06-04T18:46:05.900291+00:00,32.643,,,,
atcoder,abc,public_sponsored_abc,sky,abc329,Ｓｋｙ株式会社プログラミングコンテスト2023（AtCoder Beginner Contest 329）,2023,,1700308800.0,2023.0,abc329_e,E,Stamp,E. Stamp,1539.0,3932,"['string', 'reasoning', 'greedy', 'queue', 'bfs', 'simulation']",6,https://atcoder.jp/contests/abc329/tasks/abc329_e,https://atcoder-tagged-backend.onrender.com/problems/all,2.3.0-sponsor-abc-kenkoooo-diff,ja,2026-06-04T18:46:05.900291+00:00,58.437,,,,
atcoder,abc,public_sponsored_abc,sky,abc329,Ｓｋｙ株式会社プログラミングコンテスト2023（AtCoder Beginner Contest 329）,2023,,1700308800.0,2023.0,abc329_f,F,Colored Ball,F. Colored Ball,1207.0,6029,"['small to large merging', 'set', 'amortized analysis']",3,https://atcoder.jp/contests/abc329/tasks/abc329_f,https://atcoder-tagged-backend.onrender.com/problems/all,2.3.0-sponsor-abc-kenkoooo-diff,ja,2026-06-04T18:46:05.900291+00:00,51.885,,,,
atcoder,abc,public_sponsored_abc,sky,abc329,Ｓｋｙ株式会社プログラミングコンテスト2023（AtCoder Beginner Contest 329）,2023,,1700308800.0,2023.0,abc329_g,G,Delivery on Tree,G. Delivery on Tree,2995.0,168,"['dp on trees', 'lca', 'dp', 'memoization', 'combinatorics', 'modular arithmetic', 'binary lifting', 'permutation']",8,https://atcoder.jp/contests/abc329/tasks/abc329_g,https://atcoder-tagged-backend.onrender.com/problems/all,2.3.0-sponsor-abc-kenkoooo-diff,ja,2026-06-04T18:46:05.900291+00:00,87.172,,,,
atcoder,abc,public_sponsored_abc,toyota,abc330,トヨタシステムズプログラミングコンテスト2023(AtCoder Beginner Contest 330),2023,,1700913600.0,2023.0,abc330_a,A,Counting Passes,A. Counting Passes,-1185.0,16016,"['implementation', 'counting']",2,https://atcoder.jp/contests/abc330/tasks/abc330_a,https://atcoder-tagged-backend.onrender.com/problems/all,2.3.0-sponsor-abc-kenkoooo-diff,ja,2026-06-04T18:46:05.900291+00:00,4.677,,,,
atcoder,abc,public_sponsored_abc,toyota,abc330,トヨタシステムズプログラミングコンテスト2023(AtCoder Beginner Contest 330),2023,,1700913600.0,2023.0,abc330_b,B,Minimize Abs 1,B. Minimize Abs 1,-88.0,12674,"['implementation', 'conditional', 'optimization', 'value clamping']",4,https://atcoder.jp/contests/abc330/tasks/abc330_b,https://atcoder-tagged-backend.onrender.com/problems/all,2.3.0-sponsor-abc-kenkoooo-diff,ja,2026-06-04T18:46:05.900291+00:00,26.327,,,,
atcoder,abc,public_sponsored_abc,toyota,abc330,トヨタシステムズプログラミングコンテスト2023(AtCoder Beginner Contest 330),2023,,1700913600.0,2023.0,abc330_c,C,Minimize Abs 2,C. Minimize Abs 2,519.0,10130,"['brute force', 'optimization', 'number theory']",3,https://atcoder.jp/contests/abc330/tasks/abc330_c,https://atcoder-tagged-backend.onrender.com/problems/all,2.3.0-sponsor-abc-kenkoooo-diff,ja,2026-06-04T18:46:05.900291+00:00,38.307,,,,
atcoder,abc,public_sponsored_abc,toyota,abc330,トヨタシステムズプログラミングコンテスト2023(AtCoder Beginner Contest 330),2023,,1700913600.0,2023.0,abc330_d,D,Counting Ls,D. Counting Ls,569.0,8611,"['combinatorics', 'counting', 'grid', 'precomputation']",4,https://atcoder.jp/contests/abc330/tasks/abc330_d,https://atcoder-tagged-backend.onrender.com/problems/all,2.3.0-sponsor-abc-kenkoooo-diff,ja,2026-06-04T18:46:05.900291+00:00,39.293,,,,
atcoder,abc,public_sponsored_abc,toyota,abc330,トヨタシステムズプログラミングコンテスト2023(AtCoder Beginner Contest 330),2023,,1700913600.0,2023.0,abc330_e,E,Mex and Update,E. Mex and Update,1004.0,6475,"['mex', 'segment tree', 'set', 'counting', 'point update']",5,https://atcoder.jp/contests/abc330/tasks/abc330_e,https://atcoder-tagged-backend.onrender.com/problems/all,2.3.0-sponsor-abc-kenkoooo-diff,ja,2026-06-04T18:46:05.900291+00:00,47.878,,,,
atcoder,abc,public_sponsored_abc,toyota,abc330,トヨタシステムズプログラミングコンテスト2023(AtCoder Beginner Contest 330),2023,,1700913600.0,2023.0,abc330_f,F,Minimize Bounding  Square,F. Minimize Bounding  Square,1718.0,2454,"['greedy', 'simulation', 'operations', 'dimension']",4,https://atcoder.jp/contests/abc330/tasks/abc330_f,https://atcoder-tagged-backend.onrender.com/problems/all,2.3.0-sponsor-abc-kenkoooo-diff,ja,2026-06-04T18:46:05.900291+00:00,61.97,,,,
atcoder,abc,public_sponsored_abc,toyota,abc330,トヨタシステムズプログラミングコンテスト2023(AtCoder Beginner Contest 330),2023,,1700913600.0,2023.0,abc330_g,G,Inversion Squared,G. Inversion Squared,3455.0,92,"['combinatorics', 'sum', 'permutation', 'inversion counting', 'case work', 'symmetry']",6,https://atcoder.jp/contests/abc330/tasks/abc330_g,https://atcoder-tagged-backend.onrender.com/problems/all,2.3.0-sponsor-abc-kenkoooo-diff,ja,2026-06-04T18:46:05.900291+00:00,96.25,,,,
atcoder,abc,public_sponsored_abc,toyota,abc333,トヨタ自動車プログラミングコンテスト2023#8（AtCoder Beginner Contest 333）,2023,,1702728000.0,2023.0,abc333_a,A,Three Threes ,A. Three Threes ,-1203.0,19444,"['implementation', 'string', 'iteration']",3,https://atcoder.jp/contests/abc333/tasks/abc333_a,https://atcoder-tagged-backend.onrender.com/problems/all,2.3.0-sponsor-abc-kenkoooo-diff,ja,2026-06-04T18:46:05.900291+00:00,4.322,,,,
atcoder,abc,public_sponsored_abc,toyota,abc333,トヨタ自動車プログラミングコンテスト2023#8（AtCoder Beginner Contest 333）,2023,,1702728000.0,2023.0,abc333_b,B,Pentagon,B. Pentagon,-202.0,15583,"['implementation', 'ad hoc', 'geometry']",3,https://atcoder.jp/contests/abc333/tasks/abc333_b,https://atcoder-tagged-backend.onrender.com/problems/all,2.3.0-sponsor-abc-kenkoooo-diff,ja,2026-06-04T18:46:05.900291+00:00,24.077,,,,
atcoder,abc,public_sponsored_abc,toyota,abc333,トヨタ自動車プログラミングコンテスト2023#8（AtCoder Beginner Contest 333）,2023,,1702728000.0,2023.0,abc333_c,C,Repunit Trio,C. Repunit Trio,224.0,13000,"['enumeration', 'digit', 'combinatorics', 'constructive']",4,https://atcoder.jp/contests/abc333/tasks/abc333_c,https://atcoder-tagged-backend.onrender.com/problems/all,2.3.0-sponsor-abc-kenkoooo-diff,ja,2026-06-04T18:46:05.900291+00:00,32.485,,,,
atcoder,abc,public_sponsored_abc,toyota,abc333,トヨタ自動車プログラミングコンテスト2023#8（AtCoder Beginner Contest 333）,2023,,1702728000.0,2023.0,abc333_d,D,Erase Leaves,D. Erase Leaves,704.0,8395,"['tree', 'dp on trees', 'dsu', 'graph theory']",4,https://atcoder.jp/contests/abc333/tasks/abc333_d,https://atcoder-tagged-backend.onrender.com/problems/all,2.3.0-sponsor-abc-kenkoooo-diff,ja,2026-06-04T18:46:05.900291+00:00,41.958,,,,
atcoder,abc,public_sponsored_abc,toyota,abc333,トヨタ自動車プログラミングコンテスト2023#8（AtCoder Beginner Contest 333）,2023,,1702728000.0,2023.0,abc333_e,E,Takahashi Quest,E. Takahashi Quest,948.0,6121,"['greedy', 'stack', 'difference array', 'prefix sum']",4,https://atcoder.jp/contests/abc333/tasks/abc333_e,https://atcoder-tagged-backend.onrender.com/problems/all,2.3.0-sponsor-abc-kenkoooo-diff,ja,2026-06-04T18:46:05.900291+00:00,46.773,,,,
atcoder,abc,public_sponsored_abc,toyota,abc333,トヨタ自動車プログラミングコンテスト2023#8（AtCoder Beginner Contest 333）,2023,,1702728000.0,2023.0,abc333_f,F,Bomb Game 2,F. Bomb Game 2,1770.0,2355,"['dp', 'probability', 'modular arithmetic', 'geometric progression', 'optimization']",5,https://atcoder.jp/contests/abc333/tasks/abc333_f,https://atcoder-tagged-backend.onrender.com/problems/all,2.3.0-sponsor-abc-kenkoooo-diff,ja,2026-06-04T18:46:05.900291+00:00,62.996,,,,
atcoder,abc,public_sponsored_abc,toyota,abc333,トヨタ自動車プログラミングコンテスト2023#8（AtCoder Beginner Contest 333）,2023,,1702728000.0,2023.0,abc333_g,G,Nearest Fraction,G. Nearest Fraction,2536.0,619,"['math', 'stern brocot tree', 'number theory', 'fractions', 'gcd', 'chinese remainder theorem']",6,https://atcoder.jp/contests/abc333/tasks/abc333_g,https://atcoder-tagged-backend.onrender.com/problems/all,2.3.0-sponsor-abc-kenkoooo-diff,ja,2026-06-04T18:46:05.900291+00:00,78.113,,,,
atcoder,abc,public_sponsored_abc,unique_vision,abc334,ユニークビジョンプログラミングコンテスト2023 クリスマス (AtCoder Beginner Contest 334),2023,,1703332800.0,2023.0,abc334_a,A,Christmas Present,A. Christmas Present,-1092.0,17420,"['implementation', 'conditional', 'comparison']",3,https://atcoder.jp/contests/abc334/tasks/abc334_a,https://atcoder-tagged-backend.onrender.com/problems/all,2.3.0-sponsor-abc-kenkoooo-diff,ja,2026-06-04T18:46:05.900291+00:00,6.513,,,,
atcoder,abc,public_sponsored_abc,unique_vision,abc334,ユニークビジョンプログラミングコンテスト2023 クリスマス (AtCoder Beginner Contest 334),2023,,1703332800.0,2023.0,abc334_b,B,Christmas Trees,B. Christmas Trees,479.0,10693,"['math', 'counting', 'implementation']",3,https://atcoder.jp/contests/abc334/tasks/abc334_b,https://atcoder-tagged-backend.onrender.com/problems/all,2.3.0-sponsor-abc-kenkoooo-diff,ja,2026-06-04T18:46:05.900291+00:00,37.517,,,,
atcoder,abc,public_sponsored_abc,unique_vision,abc334,ユニークビジョンプログラミングコンテスト2023 クリスマス (AtCoder Beginner Contest 334),2023,,1703332800.0,2023.0,abc334_c,C,Socks 2,C. Socks 2,1030.0,6537,"['greedy', 'prefix sum', 'suffix sum', 'constructive']",4,https://atcoder.jp/contests/abc334/tasks/abc334_c,https://atcoder-tagged-backend.onrender.com/problems/all,2.3.0-sponsor-abc-kenkoooo-diff,ja,2026-06-04T18:46:05.900291+00:00,48.392,,,,
atcoder,abc,public_sponsored_abc,unique_vision,abc334,ユニークビジョンプログラミングコンテスト2023 クリスマス (AtCoder Beginner Contest 334),2023,,1703332800.0,2023.0,abc334_d,D,Reindeer and Sleigh,D. Reindeer and Sleigh,602.0,8970,"['sorting', 'prefix sum', 'binary search', 'greedy']",4,https://atcoder.jp/contests/abc334/tasks/abc334_d,https://atcoder-tagged-backend.onrender.com/problems/all,2.3.0-sponsor-abc-kenkoooo-diff,ja,2026-06-04T18:46:05.900291+00:00,39.945,,,,
atcoder,abc,public_sponsored_abc,unique_vision,abc334,ユニークビジョンプログラミングコンテスト2023 クリスマス (AtCoder Beginner Contest 334),2023,,1703332800.0,2023.0,abc334_e,E,Christmas Color Grid 1,E. Christmas Color Grid 1,1195.0,4723,"['connected components', 'grid graph', 'bfs', 'dfs', 'dsu', 'expectation', 'modular arithmetic']",7,https://atcoder.jp/contests/abc334/tasks/abc334_e,https://atcoder-tagged-backend.onrender.com/problems/all,2.3.0-sponsor-abc-kenkoooo-diff,ja,2026-06-04T18:46:05.900291+00:00,51.648,,,,
atcoder,abc,public_sponsored_abc,unique_vision,abc334,ユニークビジョンプログラミングコンテスト2023 クリスマス (AtCoder Beginner Contest 334),2023,,1703332800.0,2023.0,abc334_f,F,Christmas Present 2,F. Christmas Present 2,1813.0,2474,"['dp', 'sliding window', 'segment tree', 'geometry', 'distance']",5,https://atcoder.jp/contests/abc334/tasks/abc334_f,https://atcoder-tagged-backend.onrender.com/problems/all,2.3.0-sponsor-abc-kenkoooo-diff,ja,2026-06-04T18:46:05.900291+00:00,63.844,,,,
atcoder,abc,public_sponsored_abc,unique_vision,abc334,ユニークビジョンプログラミングコンテスト2023 クリスマス (AtCoder Beginner Contest 334),2023,,1703332800.0,2023.0,abc334_g,G,Christmas Color Grid 2,G. Christmas Color Grid 2,2242.0,1043,"['tarjan', 'dfs', 'articulation points', 'connected components', 'expectation', 'modular arithmetic']",6,https://atcoder.jp/contests/abc334/tasks/abc334_g,https://atcoder-tagged-backend.onrender.com/problems/all,2.3.0-sponsor-abc-kenkoooo-diff,ja,2026-06-04T18:46:05.900291+00:00,72.311,,,,
atcoder,abc,public_sponsored_abc,toyota,abc337,トヨタ自動車プログラミングコンテスト2024#1（AtCoder Beginner Contest 337）,2024,,1705752000.0,2024.0,abc337_a,A,Scoreboard,A. Scoreboard,-923.0,17570,"['implementation', 'sum', 'comparison']",3,https://atcoder.jp/contests/abc337/tasks/abc337_a,https://atcoder-tagged-backend.onrender.com/problems/all,2.3.0-sponsor-abc-kenkoooo-diff,ja,2026-06-04T18:46:05.900291+00:00,9.848,,,,
atcoder,abc,public_sponsored_abc,toyota,abc337,トヨタ自動車プログラミングコンテスト2024#1（AtCoder Beginner Contest 337）,2024,,1705752000.0,2024.0,abc337_b,B,Extended ABC,B. Extended ABC,-165.0,14876,"['string', 'implementation', 'sorting', 'greedy', 'pattern']",5,https://atcoder.jp/contests/abc337/tasks/abc337_b,https://atcoder-tagged-backend.onrender.com/problems/all,2.3.0-sponsor-abc-kenkoooo-diff,ja,2026-06-04T18:46:05.900291+00:00,24.808,,,,
atcoder,abc,public_sponsored_abc,toyota,abc337,トヨタ自動車プログラミングコンテスト2024#1（AtCoder Beginner Contest 337）,2024,,1705752000.0,2024.0,abc337_c,C,Lining Up 2,C. Lining Up 2,225.0,12454,"['array', 'simulation', 'linked list', 'traversal']",4,https://atcoder.jp/contests/abc337/tasks/abc337_c,https://atcoder-tagged-backend.onrender.com/problems/all,2.3.0-sponsor-abc-kenkoooo-diff,ja,2026-06-04T18:46:05.900291+00:00,32.504,,,,
atcoder,abc,public_sponsored_abc,toyota,abc337,トヨタ自動車プログラミングコンテスト2024#1（AtCoder Beginner Contest 337）,2024,,1705752000.0,2024.0,abc337_d,D,Cheating Gomoku Narabe,D. Cheating Gomoku Narabe,760.0,7647,"['prefix sum', 'sliding window', 'grid', 'implementation']",4,https://atcoder.jp/contests/abc337/tasks/abc337_d,https://atcoder-tagged-backend.onrender.com/problems/all,2.3.0-sponsor-abc-kenkoooo-diff,ja,2026-06-04T18:46:05.900291+00:00,43.063,,,,
atcoder,abc,public_sponsored_abc,toyota,abc337,トヨタ自動車プログラミングコンテスト2024#1（AtCoder Beginner Contest 337）,2024,,1705752000.0,2024.0,abc337_e,E,Bad Juice,E. Bad Juice,1155.0,5207,"['interactive', 'base representation', 'bit manipulation', 'information theory', 'constructive']",5,https://atcoder.jp/contests/abc337/tasks/abc337_e,https://atcoder-tagged-backend.onrender.com/problems/all,2.3.0-sponsor-abc-kenkoooo-diff,ja,2026-06-04T18:46:05.900291+00:00,50.858,,,,
atcoder,abc,public_sponsored_abc,toyota,abc337,トヨタ自動車プログラミングコンテスト2024#1（AtCoder Beginner Contest 337）,2024,,1705752000.0,2024.0,abc337_f,F,Usual Color Ball Problems,F. Usual Color Ball Problems,2386.0,900,"['sliding window', 'two pointer', 'implementation', 'circular array']",4,https://atcoder.jp/contests/abc337/tasks/abc337_f,https://atcoder-tagged-backend.onrender.com/problems/all,2.3.0-sponsor-abc-kenkoooo-diff,ja,2026-06-04T18:46:05.900291+00:00,75.153,,,,
atcoder,abc,public_sponsored_abc,toyota,abc337,トヨタ自動車プログラミングコンテスト2024#1（AtCoder Beginner Contest 337）,2024,,1705752000.0,2024.0,abc337_g,G,Tree Inversion,G. Tree Inversion,2080.0,1402,"['tree', 'dfs', 'binary indexed tree', 'subtree', 'prefix sums on trees', 'range counting']",6,https://atcoder.jp/contests/abc337/tasks/abc337_g,https://atcoder-tagged-backend.onrender.com/problems/all,2.3.0-sponsor-abc-kenkoooo-diff,ja,2026-06-04T18:46:05.900291+00:00,69.114,,,,
atcoder,abc,public_sponsored_abc,toyota,abc341,Toyota Programming Contest 2024#2（AtCoder Beginner Contest 341）,2024,2024-02-17,1708171200.0,2024.0,abc341_a,A,Print 341,A. Print 341,-1033.0,18809,"['implementation', 'string', 'constructive']",3,https://atcoder.jp/contests/abc341/tasks/abc341_a,https://atcoder-tagged-backend.onrender.com/problems/all,2.3.0-sponsor-abc-kenkoooo-diff,ja,2026-06-04T18:46:05.900291+00:00,7.677,,,,
atcoder,abc,public_sponsored_abc,toyota,abc341,Toyota Programming Contest 2024#2（AtCoder Beginner Contest 341）,2024,2024-02-17,1708171200.0,2024.0,abc341_b,B,Foreign Exchange,B. Foreign Exchange,42.0,13918,"['simulation', 'greedy', 'implementation', 'math']",4,https://atcoder.jp/contests/abc341/tasks/abc341_b,https://atcoder-tagged-backend.onrender.com/problems/all,2.3.0-sponsor-abc-kenkoooo-diff,ja,2026-06-04T18:46:05.900291+00:00,28.893,,,,
atcoder,abc,public_sponsored_abc,toyota,abc341,Toyota Programming Contest 2024#2（AtCoder Beginner Contest 341）,2024,2024-02-17,1708171200.0,2024.0,abc341_c,C,Takahashi Gets Lost,C. Takahashi Gets Lost,406.0,11030,"['grid', 'brute force', 'implementation']",3,https://atcoder.jp/contests/abc341/tasks/abc341_c,https://atcoder-tagged-backend.onrender.com/problems/all,2.3.0-sponsor-abc-kenkoooo-diff,ja,2026-06-04T18:46:05.900291+00:00,36.077,,,,
atcoder,abc,public_sponsored_abc,toyota,abc341,Toyota Programming Contest 2024#2（AtCoder Beginner Contest 341）,2024,2024-02-17,1708171200.0,2024.0,abc341_d,D,Only one of two,D. Only one of two,829.0,9042,"['binary search', 'inclusion exclusion', 'gcd', 'lcm', 'number theory']",5,https://atcoder.jp/contests/abc341/tasks/abc341_d,https://atcoder-tagged-backend.onrender.com/problems/all,2.3.0-sponsor-abc-kenkoooo-diff,ja,2026-06-04T18:46:05.900291+00:00,44.425,,,,
atcoder,abc,public_sponsored_abc,toyota,abc341,Toyota Programming Contest 2024#2（AtCoder Beginner Contest 341）,2024,2024-02-17,1708171200.0,2024.0,abc341_e,E,Alternating String,E. Alternating String,1223.0,5162,"['segment tree', 'range update', 'range sum query', 'lazy propagation', 'binary string']",5,https://atcoder.jp/contests/abc341/tasks/abc341_e,https://atcoder-tagged-backend.onrender.com/problems/all,2.3.0-sponsor-abc-kenkoooo-diff,ja,2026-06-04T18:46:05.900291+00:00,52.201,,,,
atcoder,abc,public_sponsored_abc,toyota,abc341,Toyota Programming Contest 2024#2（AtCoder Beginner Contest 341）,2024,2024-02-17,1708171200.0,2024.0,abc341_f,F,Breakdown,F. Breakdown,1604.0,2781,"['dp', 'knapsack', 'graph']",3,https://atcoder.jp/contests/abc341/tasks/abc341_f,https://atcoder-tagged-backend.onrender.com/problems/all,2.3.0-sponsor-abc-kenkoooo-diff,ja,2026-06-04T18:46:05.900291+00:00,59.72,,,,
atcoder,abc,public_sponsored_abc,toyota,abc341,Toyota Programming Contest 2024#2（AtCoder Beginner Contest 341）,2024,2024-02-17,1708171200.0,2024.0,abc341_g,G,Highest Ratio,G. Highest Ratio,2208.0,1184,"['convex hull', 'geometry', 'slope optimization', 'prefix sum']",4,https://atcoder.jp/contests/abc341/tasks/abc341_g,https://atcoder-tagged-backend.onrender.com/problems/all,2.3.0-sponsor-abc-kenkoooo-diff,ja,2026-06-04T18:46:05.900291+00:00,71.64,,,,
atcoder,abc,public_sponsored_abc,toyota,abc344,Toyota Programming Contest 2024#3（AtCoder Beginner Contest 344）,2024,2024-03-09,1709985600.0,2024.0,abc344_a,A,Spoiler,A. Spoiler,-793.0,17495,"['string', 'substring', 'implementation']",3,https://atcoder.jp/contests/abc344/tasks/abc344_a,https://atcoder-tagged-backend.onrender.com/problems/all,2.3.0-sponsor-abc-kenkoooo-diff,ja,2026-06-04T18:46:05.900291+00:00,12.414,,,,
atcoder,abc,public_sponsored_abc,toyota,abc344,Toyota Programming Contest 2024#3（AtCoder Beginner Contest 344）,2024,2024-03-09,1709985600.0,2024.0,abc344_b,B,Delimiter,B. Delimiter,-456.0,16170,"['implementation', 'array', 'reversal']",3,https://atcoder.jp/contests/abc344/tasks/abc344_b,https://atcoder-tagged-backend.onrender.com/problems/all,2.3.0-sponsor-abc-kenkoooo-diff,ja,2026-06-04T18:46:05.900291+00:00,19.065,,,,
atcoder,abc,public_sponsored_abc,toyota,abc344,Toyota Programming Contest 2024#3（AtCoder Beginner Contest 344）,2024,2024-03-09,1709985600.0,2024.0,abc344_c,C,A+B+C,C. A+B+C,131.0,14490,"['brute force', 'set', 'precomputation', 'query']",4,https://atcoder.jp/contests/abc344/tasks/abc344_c,https://atcoder-tagged-backend.onrender.com/problems/all,2.3.0-sponsor-abc-kenkoooo-diff,ja,2026-06-04T18:46:05.900291+00:00,30.649,,,,
atcoder,abc,public_sponsored_abc,toyota,abc344,Toyota Programming Contest 2024#3（AtCoder Beginner Contest 344）,2024,2024-03-09,1709985600.0,2024.0,abc344_d,D,String Bags,D. String Bags,854.0,8111,"['dp', 'string matching', 'optimization']",3,https://atcoder.jp/contests/abc344/tasks/abc344_d,https://atcoder-tagged-backend.onrender.com/problems/all,2.3.0-sponsor-abc-kenkoooo-diff,ja,2026-06-04T18:46:05.900291+00:00,44.918,,,,
atcoder,abc,public_sponsored_abc,toyota,abc344,Toyota Programming Contest 2024#3（AtCoder Beginner Contest 344）,2024,2024-03-09,1709985600.0,2024.0,abc344_e,E,Insert or Erase,E. Insert or Erase,973.0,7383,"['linked list', 'data structure', 'simulation']",3,https://atcoder.jp/contests/abc344/tasks/abc344_e,https://atcoder-tagged-backend.onrender.com/problems/all,2.3.0-sponsor-abc-kenkoooo-diff,ja,2026-06-04T18:46:05.900291+00:00,47.267,,,,
atcoder,abc,public_sponsored_abc,toyota,abc344,Toyota Programming Contest 2024#3（AtCoder Beginner Contest 344）,2024,2024-03-09,1709985600.0,2024.0,abc344_f,F,Earn to Advance,F. Earn to Advance,1922.0,2303,"['dp', 'dp on grids', 'state']",3,https://atcoder.jp/contests/abc344/tasks/abc344_f,https://atcoder-tagged-backend.onrender.com/problems/all,2.3.0-sponsor-abc-kenkoooo-diff,ja,2026-06-04T18:46:05.900291+00:00,65.996,,,,
atcoder,abc,public_sponsored_abc,toyota,abc344,Toyota Programming Contest 2024#3（AtCoder Beginner Contest 344）,2024,2024-03-09,1709985600.0,2024.0,abc344_g,G,Points and Comparison,G. Points and Comparison,3032.0,236,"['computational geometry', 'sorting', 'priority queue', 'binary search', 'plane sweep']",5,https://atcoder.jp/contests/abc344/tasks/abc344_g,https://atcoder-tagged-backend.onrender.com/problems/all,2.3.0-sponsor-abc-kenkoooo-diff,ja,2026-06-04T18:46:05.900291+00:00,87.902,,,,
atcoder,abc,public_sponsored_abc,unique_vision,abc346,UNIQUE VISION Programming Contest 2024 Spring(AtCoder Beginner Contest 346),2024,2024-03-23,1711195200.0,2024.0,abc346_a,A,Adjacent Product,A. Adjacent Product,-1074.0,17169,"['implementation', 'array', 'math']",3,https://atcoder.jp/contests/abc346/tasks/abc346_a,https://atcoder-tagged-backend.onrender.com/problems/all,2.3.0-sponsor-abc-kenkoooo-diff,ja,2026-06-04T18:46:05.900291+00:00,6.868,,,,
atcoder,abc,public_sponsored_abc,unique_vision,abc346,UNIQUE VISION Programming Contest 2024 Spring(AtCoder Beginner Contest 346),2024,2024-03-23,1711195200.0,2024.0,abc346_b,B,Piano,B. Piano,213.0,12621,"['brute force', 'periodicity', 'string', 'implementation']",4,https://atcoder.jp/contests/abc346/tasks/abc346_b,https://atcoder-tagged-backend.onrender.com/problems/all,2.3.0-sponsor-abc-kenkoooo-diff,ja,2026-06-04T18:46:05.900291+00:00,32.268,,,,
atcoder,abc,public_sponsored_abc,unique_vision,abc346,UNIQUE VISION Programming Contest 2024 Spring(AtCoder Beginner Contest 346),2024,2024-03-23,1711195200.0,2024.0,abc346_c,C,Σ,C. Σ,78.0,14100,"['formula', 'set', 'deduplication']",3,https://atcoder.jp/contests/abc346/tasks/abc346_c,https://atcoder-tagged-backend.onrender.com/problems/all,2.3.0-sponsor-abc-kenkoooo-diff,ja,2026-06-04T18:46:05.900291+00:00,29.603,,,,
atcoder,abc,public_sponsored_abc,unique_vision,abc346,UNIQUE VISION Programming Contest 2024 Spring(AtCoder Beginner Contest 346),2024,2024-03-23,1711195200.0,2024.0,abc346_d,D,Gomamayo Sequence,D. Gomamayo Sequence,845.0,7866,"['dp', 'prefix suffix', 'string', 'pattern']",4,https://atcoder.jp/contests/abc346/tasks/abc346_d,https://atcoder-tagged-backend.onrender.com/problems/all,2.3.0-sponsor-abc-kenkoooo-diff,ja,2026-06-04T18:46:05.900291+00:00,44.74,,,,
atcoder,abc,public_sponsored_abc,unique_vision,abc346,UNIQUE VISION Programming Contest 2024 Spring(AtCoder Beginner Contest 346),2024,2024-03-23,1711195200.0,2024.0,abc346_e,E,Paint,E. Paint,1053.0,6323,"['reversal', 'greedy', 'counting', 'simulation']",4,https://atcoder.jp/contests/abc346/tasks/abc346_e,https://atcoder-tagged-backend.onrender.com/problems/all,2.3.0-sponsor-abc-kenkoooo-diff,ja,2026-06-04T18:46:05.900291+00:00,48.845,,,,
atcoder,abc,public_sponsored_abc,unique_vision,abc346,UNIQUE VISION Programming Contest 2024 Spring(AtCoder Beginner Contest 346),2024,2024-03-23,1711195200.0,2024.0,abc346_f,F,SSttrriinngg in StringString,F. SSttrriinngg in StringString,1840.0,2360,"['binary search', 'string', 'subsequence', 'precomputation', 'greedy']",5,https://atcoder.jp/contests/abc346/tasks/abc346_f,https://atcoder-tagged-backend.onrender.com/problems/all,2.3.0-sponsor-abc-kenkoooo-diff,ja,2026-06-04T18:46:05.900291+00:00,64.377,,,,
atcoder,abc,public_sponsored_abc,unique_vision,abc346,UNIQUE VISION Programming Contest 2024 Spring(AtCoder Beginner Contest 346),2024,2024-03-23,1711195200.0,2024.0,abc346_g,G,Alone,G. Alone,2166.0,1543,"['plane sweep', 'lazy segment tree', 'range update', '2d range counting', 'rectangle union']",5,https://atcoder.jp/contests/abc346/tasks/abc346_g,https://atcoder-tagged-backend.onrender.com/problems/all,2.3.0-sponsor-abc-kenkoooo-diff,ja,2026-06-04T18:46:05.900291+00:00,70.811,,,,
atcoder,abc,public_sponsored_abc,toyota,abc348,Toyota Programming Contest 2024#4（AtCoder Beginner Contest 348）,2024,2024-04-06,1712404800.0,2024.0,abc348_a,A,Penalty Kick,A. Penalty Kick,-1088.0,16486,"['string', 'language features', 'math', 'implementation']",4,https://atcoder.jp/contests/abc348/tasks/abc348_a,https://atcoder-tagged-backend.onrender.com/problems/all,2.3.0-sponsor-abc-kenkoooo-diff,ja,2026-06-04T18:46:05.900291+00:00,6.592,,,,
atcoder,abc,public_sponsored_abc,toyota,abc348,Toyota Programming Contest 2024#4（AtCoder Beginner Contest 348）,2024,2024-04-06,1712404800.0,2024.0,abc348_b,B,Farthest Point,B. Farthest Point,-251.0,13877,"['brute force', 'geometry']",2,https://atcoder.jp/contests/abc348/tasks/abc348_b,https://atcoder-tagged-backend.onrender.com/problems/all,2.3.0-sponsor-abc-kenkoooo-diff,ja,2026-06-04T18:46:05.900291+00:00,23.11,,,,
atcoder,abc,public_sponsored_abc,toyota,abc348,Toyota Programming Contest 2024#4（AtCoder Beginner Contest 348）,2024,2024-04-06,1712404800.0,2024.0,abc348_c,C,Colorful Beans,C. Colorful Beans,23.0,13108,"['data structure', 'hash map', 'implementation']",3,https://atcoder.jp/contests/abc348/tasks/abc348_c,https://atcoder-tagged-backend.onrender.com/problems/all,2.3.0-sponsor-abc-kenkoooo-diff,ja,2026-06-04T18:46:05.900291+00:00,28.518,,,,
atcoder,abc,public_sponsored_abc,toyota,abc348,Toyota Programming Contest 2024#4（AtCoder Beginner Contest 348）,2024,2024-04-06,1712404800.0,2024.0,abc348_d,D,Medicines on Grid,D. Medicines on Grid,1108.0,6335,"['bfs', 'graph', 'shortest path', 'grid']",4,https://atcoder.jp/contests/abc348/tasks/abc348_d,https://atcoder-tagged-backend.onrender.com/problems/all,2.3.0-sponsor-abc-kenkoooo-diff,ja,2026-06-04T18:46:05.900291+00:00,49.931,,,,
atcoder,abc,public_sponsored_abc,toyota,abc348,Toyota Programming Contest 2024#4（AtCoder Beginner Contest 348）,2024,2024-04-06,1712404800.0,2024.0,abc348_e,E,Minimize Sum of Distances,E. Minimize Sum of Distances,1347.0,4972,"['dp on trees', 'rerooting', 'centroid']",3,https://atcoder.jp/contests/abc348/tasks/abc348_e,https://atcoder-tagged-backend.onrender.com/problems/all,2.3.0-sponsor-abc-kenkoooo-diff,ja,2026-06-04T18:46:05.900291+00:00,54.648,,,,
atcoder,abc,public_sponsored_abc,toyota,abc348,Toyota Programming Contest 2024#4（AtCoder Beginner Contest 348）,2024,2024-04-06,1712404800.0,2024.0,abc348_f,F,Oddly Similar,F. Oddly Similar,1955.0,2541,"['bitset', 'xor', 'parity', 'implementation']",4,https://atcoder.jp/contests/abc348/tasks/abc348_f,https://atcoder-tagged-backend.onrender.com/problems/all,2.3.0-sponsor-abc-kenkoooo-diff,ja,2026-06-04T18:46:05.900291+00:00,66.647,,,,
atcoder,abc,public_sponsored_abc,toyota,abc348,Toyota Programming Contest 2024#4（AtCoder Beginner Contest 348）,2024,2024-04-06,1712404800.0,2024.0,abc348_g,G,Max (Sum - Max),G. Max (Sum - Max),2559.0,708,"['divide and conquer', 'convex optimization', 'optimization', 'sequence']",4,https://atcoder.jp/contests/abc348/tasks/abc348_g,https://atcoder-tagged-backend.onrender.com/problems/all,2.3.0-sponsor-abc-kenkoooo-diff,ja,2026-06-04T18:46:05.900291+00:00,78.567,,,,
atcoder,abc,public_sponsored_abc,panasonic,abc354,Panasonic Programming Contest 2024（AtCoder Beginner Contest 354）,2024,2024-05-18,1716033600.0,2024.0,abc354_a,A,Exponential Plant,A. Exponential Plant,-770.0,17084,"['implementation', 'simulation', 'geometric progression', 'powers of two']",4,https://atcoder.jp/contests/abc354/tasks/abc354_a,https://atcoder-tagged-backend.onrender.com/problems/all,2.3.0-sponsor-abc-kenkoooo-diff,ja,2026-06-04T18:46:05.900291+00:00,12.868,,,,
atcoder,abc,public_sponsored_abc,panasonic,abc354,Panasonic Programming Contest 2024（AtCoder Beginner Contest 354）,2024,2024-05-18,1716033600.0,2024.0,abc354_b,B,AtCoder Janken 2,B. AtCoder Janken 2,-403.0,15331,"['implementation', 'sorting', 'string', 'modular arithmetic']",4,https://atcoder.jp/contests/abc354/tasks/abc354_b,https://atcoder-tagged-backend.onrender.com/problems/all,2.3.0-sponsor-abc-kenkoooo-diff,ja,2026-06-04T18:46:05.900291+00:00,20.111,,,,
atcoder,abc,public_sponsored_abc,panasonic,abc354,Panasonic Programming Contest 2024（AtCoder Beginner Contest 354）,2024,2024-05-18,1716033600.0,2024.0,abc354_c,C,AtCoder Magics,C. AtCoder Magics,441.0,11637,"['sorting', 'greedy', 'implementation']",3,https://atcoder.jp/contests/abc354/tasks/abc354_c,https://atcoder-tagged-backend.onrender.com/problems/all,2.3.0-sponsor-abc-kenkoooo-diff,ja,2026-06-04T18:46:05.900291+00:00,36.767,,,,
atcoder,abc,public_sponsored_abc,panasonic,abc354,Panasonic Programming Contest 2024（AtCoder Beginner Contest 354）,2024,2024-05-18,1716033600.0,2024.0,abc354_d,D,AtCoder Wallpaper,D. AtCoder Wallpaper,1259.0,4855,"['2d prefix sum', 'inclusion exclusion', 'implementation', 'geometry', 'periodicity']",5,https://atcoder.jp/contests/abc354/tasks/abc354_d,https://atcoder-tagged-backend.onrender.com/problems/all,2.3.0-sponsor-abc-kenkoooo-diff,ja,2026-06-04T18:46:05.900291+00:00,52.911,,,,
atcoder,abc,public_sponsored_abc,panasonic,abc354,Panasonic Programming Contest 2024（AtCoder Beginner Contest 354）,2024,2024-05-18,1716033600.0,2024.0,abc354_e,E,Remove Pairs,E. Remove Pairs,1223.0,5155,"['bitmask dp', 'game theory', 'memoization', 'impartial game']",4,https://atcoder.jp/contests/abc354/tasks/abc354_e,https://atcoder-tagged-backend.onrender.com/problems/all,2.3.0-sponsor-abc-kenkoooo-diff,ja,2026-06-04T18:46:05.900291+00:00,52.201,,,,
atcoder,abc,public_sponsored_abc,panasonic,abc354,Panasonic Programming Contest 2024（AtCoder Beginner Contest 354）,2024,2024-05-18,1716033600.0,2024.0,abc354_f,F,Useless for LIS,F. Useless for LIS,1639.0,3031,"['lis', 'dp', 'binary search', 'coordinate compression']",4,https://atcoder.jp/contests/abc354/tasks/abc354_f,https://atcoder-tagged-backend.onrender.com/problems/all,2.3.0-sponsor-abc-kenkoooo-diff,ja,2026-06-04T18:46:05.900291+00:00,60.41,,,,
atcoder,abc,public_sponsored_abc,panasonic,abc354,Panasonic Programming Contest 2024（AtCoder Beginner Contest 354）,2024,2024-05-18,1716033600.0,2024.0,abc354_g,G,Select Strings,G. Select Strings,2665.0,623,"['string matching', 'poset', 'antichain', 'dilworth theorem', 'max flow', 'min cut']",6,https://atcoder.jp/contests/abc354/tasks/abc354_g,https://atcoder-tagged-backend.onrender.com/problems/all,2.3.0-sponsor-abc-kenkoooo-diff,ja,2026-06-04T18:46:05.900291+00:00,80.659,,,,
atcoder,abc,public_sponsored_abc,tokyo_marine,abc355,Tokio Marine &amp; Nichido Fire Insurance Programming Contest 2024 (AtCoder Beginner Contest 355),2024,2024-05-25,1716638400.0,2024.0,abc355_a,A,Who Ate the Cake?,A. Who Ate the Cake?,-988.0,17008,"['implementation', 'case work']",2,https://atcoder.jp/contests/abc355/tasks/abc355_a,https://atcoder-tagged-backend.onrender.com/problems/all,2.3.0-sponsor-abc-kenkoooo-diff,ja,2026-06-04T18:46:05.900291+00:00,8.565,,,,
atcoder,abc,public_sponsored_abc,tokyo_marine,abc355,Tokio Marine &amp; Nichido Fire Insurance Programming Contest 2024 (AtCoder Beginner Contest 355),2024,2024-05-25,1716638400.0,2024.0,abc355_b,B,Piano 2,B. Piano 2,-136.0,14131,"['sorting', 'implementation', 'array']",3,https://atcoder.jp/contests/abc355/tasks/abc355_b,https://atcoder-tagged-backend.onrender.com/problems/all,2.3.0-sponsor-abc-kenkoooo-diff,ja,2026-06-04T18:46:05.900291+00:00,25.38,,,,
atcoder,abc,public_sponsored_abc,tokyo_marine,abc355,Tokio Marine &amp; Nichido Fire Insurance Programming Contest 2024 (AtCoder Beginner Contest 355),2024,2024-05-25,1716638400.0,2024.0,abc355_c,C,Bingo 2,C. Bingo 2,317.0,11456,"['implementation', 'simulation', 'grid', 'counting']",4,https://atcoder.jp/contests/abc355/tasks/abc355_c,https://atcoder-tagged-backend.onrender.com/problems/all,2.3.0-sponsor-abc-kenkoooo-diff,ja,2026-06-04T18:46:05.900291+00:00,34.32,,,,
atcoder,abc,public_sponsored_abc,tokyo_marine,abc355,Tokio Marine &amp; Nichido Fire Insurance Programming Contest 2024 (AtCoder Beginner Contest 355),2024,2024-05-25,1716638400.0,2024.0,abc355_d,D,Intersecting Intervals,D. Intersecting Intervals,735.0,8737,"['interval', 'sorting', 'two pointer', 'binary search']",4,https://atcoder.jp/contests/abc355/tasks/abc355_d,https://atcoder-tagged-backend.onrender.com/problems/all,2.3.0-sponsor-abc-kenkoooo-diff,ja,2026-06-04T18:46:05.900291+00:00,42.57,,,,
atcoder,abc,public_sponsored_abc,tokyo_marine,abc355,Tokio Marine &amp; Nichido Fire Insurance Programming Contest 2024 (AtCoder Beginner Contest 355),2024,2024-05-25,1716638400.0,2024.0,abc355_e,E,Guess the Sum,E. Guess the Sum,2299.0,1471,"['interactive', 'bfs', 'shortest path', 'prefix sum', 'graph']",5,https://atcoder.jp/contests/abc355/tasks/abc355_e,https://atcoder-tagged-backend.onrender.com/problems/all,2.3.0-sponsor-abc-kenkoooo-diff,ja,2026-06-04T18:46:05.900291+00:00,73.436,,,,
atcoder,abc,public_sponsored_abc,tokyo_marine,abc355,Tokio Marine &amp; Nichido Fire Insurance Programming Contest 2024 (AtCoder Beginner Contest 355),2024,2024-05-25,1716638400.0,2024.0,abc355_f,F,MST Query,F. MST Query,1924.0,2520,"['minimum spanning tree', 'dsu', 'kruskal', 'graph theory']",4,https://atcoder.jp/contests/abc355/tasks/abc355_f,https://atcoder-tagged-backend.onrender.com/problems/all,2.3.0-sponsor-abc-kenkoooo-diff,ja,2026-06-04T18:46:05.900291+00:00,66.035,,,,
atcoder,abc,public_sponsored_abc,tokyo_marine,abc355,Tokio Marine &amp; Nichido Fire Insurance Programming Contest 2024 (AtCoder Beginner Contest 355),2024,2024-05-25,1716638400.0,2024.0,abc355_g,G,Baseball,G. Baseball,2991.0,262,"['dp', 'alien trick', 'wqs binary search', 'monge optimization', 'divide and conquer optimization', 'quadrangle inequality', 'expectation']",7,https://atcoder.jp/contests/abc355/tasks/abc355_g,https://atcoder-tagged-backend.onrender.com/problems/all,2.3.0-sponsor-abc-kenkoooo-diff,ja,2026-06-04T18:46:05.900291+00:00,87.093,,,,
atcoder,abc,public_sponsored_abc,unique_vision,abc359,UNIQUE VISION Programming Contest 2024 Summer (AtCoder Beginner Contest 359),2024,2024-06-22,1719057600.0,2024.0,abc359_a,A,Count Takahashi,A. Count Takahashi,-1075.0,16497,"['implementation', 'string', 'counting']",3,https://atcoder.jp/contests/abc359/tasks/abc359_a,https://atcoder-tagged-backend.onrender.com/problems/all,2.3.0-sponsor-abc-kenkoooo-diff,ja,2026-06-04T18:46:05.900291+00:00,6.848,,,,
atcoder,abc,public_sponsored_abc,unique_vision,abc359,UNIQUE VISION Programming Contest 2024 Summer (AtCoder Beginner Contest 359),2024,2024-06-22,1719057600.0,2024.0,abc359_b,B,Couples,B. Couples,-678.0,15741,"['implementation', 'brute force', 'array']",3,https://atcoder.jp/contests/abc359/tasks/abc359_b,https://atcoder-tagged-backend.onrender.com/problems/all,2.3.0-sponsor-abc-kenkoooo-diff,ja,2026-06-04T18:46:05.900291+00:00,14.683,,,,
atcoder,abc,public_sponsored_abc,unique_vision,abc359,UNIQUE VISION Programming Contest 2024 Summer (AtCoder Beginner Contest 359),2024,2024-06-22,1719057600.0,2024.0,abc359_c,C,Tile Distance 2,C. Tile Distance 2,828.0,7872,"['coordinate geometry', 'manhattan distance', 'greedy', 'case work', 'grid']",5,https://atcoder.jp/contests/abc359/tasks/abc359_c,https://atcoder-tagged-backend.onrender.com/problems/all,2.3.0-sponsor-abc-kenkoooo-diff,ja,2026-06-04T18:46:05.900291+00:00,44.405,,,,
atcoder,abc,public_sponsored_abc,unique_vision,abc359,UNIQUE VISION Programming Contest 2024 Summer (AtCoder Beginner Contest 359),2024,2024-06-22,1719057600.0,2024.0,abc359_d,D,Avoid K Palindrome,D. Avoid K Palindrome,1381.0,4468,"['dp', 'bitmask dp', 'string', 'counting']",4,https://atcoder.jp/contests/abc359/tasks/abc359_d,https://atcoder-tagged-backend.onrender.com/problems/all,2.3.0-sponsor-abc-kenkoooo-diff,ja,2026-06-04T18:46:05.900291+00:00,55.319,,,,
atcoder,abc,public_sponsored_abc,unique_vision,abc359,UNIQUE VISION Programming Contest 2024 Summer (AtCoder Beginner Contest 359),2024,2024-06-22,1719057600.0,2024.0,abc359_e,E,Water Tank,E. Water Tank,1275.0,5382,"['monotonic stack', 'data structure', 'prefix sum']",3,https://atcoder.jp/contests/abc359/tasks/abc359_e,https://atcoder-tagged-backend.onrender.com/problems/all,2.3.0-sponsor-abc-kenkoooo-diff,ja,2026-06-04T18:46:05.900291+00:00,53.227,,,,
atcoder,abc,public_sponsored_abc,unique_vision,abc359,UNIQUE VISION Programming Contest 2024 Summer (AtCoder Beginner Contest 359),2024,2024-06-22,1719057600.0,2024.0,abc359_f,F,Tree Degree Optimization,F. Tree Degree Optimization,1792.0,2835,"['greedy', 'priority queue', 'tree', 'convex optimization', 'prufer sequence']",5,https://atcoder.jp/contests/abc359/tasks/abc359_f,https://atcoder-tagged-backend.onrender.com/problems/all,2.3.0-sponsor-abc-kenkoooo-diff,ja,2026-06-04T18:46:05.900291+00:00,63.43,,,,
atcoder,abc,public_sponsored_abc,unique_vision,abc359,UNIQUE VISION Programming Contest 2024 Summer (AtCoder Beginner Contest 359),2024,2024-06-22,1719057600.0,2024.0,abc359_g,G,Sum of Tree Distance,G. Sum of Tree Distance,2099.0,1949,"['tree', 'lca', 'virtual tree', 'auxiliary tree', 'small to large merging', 'dsu on tree', 'centroid decomposition', 'contribution counting', 'dp on trees']",9,https://atcoder.jp/contests/abc359/tasks/abc359_g,https://atcoder-tagged-backend.onrender.com/problems/all,2.3.0-sponsor-abc-kenkoooo-diff,ja,2026-06-04T18:46:05.900291+00:00,69.489,,,,
atcoder,abc,public_sponsored_abc,denso,abc361,Denso Create Programming Contest 2024（AtCoder Beginner Contest 361）,2024,2024-07-06,1720267200.0,2024.5,abc361_a,A,Insert,A. Insert,-910.0,16141,"['implementation', 'array', 'linked list']",3,https://atcoder.jp/contests/abc361/tasks/abc361_a,https://atcoder-tagged-backend.onrender.com/problems/all,2.3.0-sponsor-abc-kenkoooo-diff,ja,2026-06-04T18:46:05.900291+00:00,10.105,,,,
atcoder,abc,public_sponsored_abc,denso,abc361,Denso Create Programming Contest 2024（AtCoder Beginner Contest 361）,2024,2024-07-06,1720267200.0,2024.5,abc361_b,B,Intesection of Cuboids,B. Intesection of Cuboids,283.0,11332,"['3d geometry', 'interval', 'bounding box']",3,https://atcoder.jp/contests/abc361/tasks/abc361_b,https://atcoder-tagged-backend.onrender.com/problems/all,2.3.0-sponsor-abc-kenkoooo-diff,ja,2026-06-04T18:46:05.900291+00:00,33.649,,,,
atcoder,abc,public_sponsored_abc,denso,abc361,Denso Create Programming Contest 2024（AtCoder Beginner Contest 361）,2024,2024-07-06,1720267200.0,2024.5,abc361_c,C,Make Them Narrow,C. Make Them Narrow,337.0,11852,"['sorting', 'greedy', 'sliding window']",3,https://atcoder.jp/contests/abc361/tasks/abc361_c,https://atcoder-tagged-backend.onrender.com/problems/all,2.3.0-sponsor-abc-kenkoooo-diff,ja,2026-06-04T18:46:05.900291+00:00,34.715,,,,
atcoder,abc,public_sponsored_abc,denso,abc361,Denso Create Programming Contest 2024（AtCoder Beginner Contest 361）,2024,2024-07-06,1720267200.0,2024.5,abc361_d,D,Go Stone Puzzle,D. Go Stone Puzzle,1202.0,5937,"['bfs', 'shortest path', 'search']",3,https://atcoder.jp/contests/abc361/tasks/abc361_d,https://atcoder-tagged-backend.onrender.com/problems/all,2.3.0-sponsor-abc-kenkoooo-diff,ja,2026-06-04T18:46:05.900291+00:00,51.786,,,,
atcoder,abc,public_sponsored_abc,denso,abc361,Denso Create Programming Contest 2024（AtCoder Beginner Contest 361）,2024,2024-07-06,1720267200.0,2024.5,abc361_e,E,Tree and Hamilton Path 2,E. Tree and Hamilton Path 2,1213.0,5648,"['tree', 'tree diameter', 'graph theory', 'greedy', 'bfs', 'dfs']",6,https://atcoder.jp/contests/abc361/tasks/abc361_e,https://atcoder-tagged-backend.onrender.com/problems/all,2.3.0-sponsor-abc-kenkoooo-diff,ja,2026-06-04T18:46:05.900291+00:00,52.003,,,,
atcoder,abc,public_sponsored_abc,denso,abc361,Denso Create Programming Contest 2024（AtCoder Beginner Contest 361）,2024,2024-07-06,1720267200.0,2024.5,abc361_f,F,x = a^b,F. x = a^b,1606.0,3510,"['mobius inversion', 'inclusion exclusion', 'number theory', 'binary search', 'perfect powers']",5,https://atcoder.jp/contests/abc361/tasks/abc361_f,https://atcoder-tagged-backend.onrender.com/problems/all,2.3.0-sponsor-abc-kenkoooo-diff,ja,2026-06-04T18:46:05.900291+00:00,59.759,,,,
atcoder,abc,public_sponsored_abc,denso,abc361,Denso Create Programming Contest 2024（AtCoder Beginner Contest 361）,2024,2024-07-06,1720267200.0,2024.5,abc361_g,G,Go Territory,G. Go Territory,2613.0,632,"['bfs', 'connected components', 'plane sweep', 'dsu', 'grid', 'geometry']",6,https://atcoder.jp/contests/abc361/tasks/abc361_g,https://atcoder-tagged-backend.onrender.com/problems/all,2.3.0-sponsor-abc-kenkoooo-diff,ja,2026-06-04T18:46:05.900291+00:00,79.633,,,,
atcoder,abc,public_sponsored_abc,toyota,abc362,Toyota Programming Contest 2024#7（AtCoder Beginner Contest 362）,2024,2024-07-13,1720872000.0,2024.5,abc362_a,A,Buy a Pen,A. Buy a Pen,-1001.0,17110,"['implementation', 'conditional', 'string', 'optimization']",4,https://atcoder.jp/contests/abc362/tasks/abc362_a,https://atcoder-tagged-backend.onrender.com/problems/all,2.3.0-sponsor-abc-kenkoooo-diff,ja,2026-06-04T18:46:05.900291+00:00,8.309,,,,
atcoder,abc,public_sponsored_abc,toyota,abc362,Toyota Programming Contest 2024#7（AtCoder Beginner Contest 362）,2024,2024-07-13,1720872000.0,2024.5,abc362_b,B,Right Triangle,B. Right Triangle,-320.0,14905,"['geometry', 'coordinate geometry', 'pythagorean theorem', 'dot product', 'implementation']",5,https://atcoder.jp/contests/abc362/tasks/abc362_b,https://atcoder-tagged-backend.onrender.com/problems/all,2.3.0-sponsor-abc-kenkoooo-diff,ja,2026-06-04T18:46:05.900291+00:00,21.749,,,,
atcoder,abc,public_sponsored_abc,toyota,abc362,Toyota Programming Contest 2024#7（AtCoder Beginner Contest 362）,2024,2024-07-13,1720872000.0,2024.5,abc362_c,C,Sum = 0,C. Sum = 0,521.0,11323,"['greedy', 'constructive']",2,https://atcoder.jp/contests/abc362/tasks/abc362_c,https://atcoder-tagged-backend.onrender.com/problems/all,2.3.0-sponsor-abc-kenkoooo-diff,ja,2026-06-04T18:46:05.900291+00:00,38.346,,,,
atcoder,abc,public_sponsored_abc,toyota,abc362,Toyota Programming Contest 2024#7（AtCoder Beginner Contest 362）,2024,2024-07-13,1720872000.0,2024.5,abc362_d,D,Shortest Path 3,D. Shortest Path 3,634.0,9380,"['dijkstra', 'shortest path', 'graph theory', 'vertex']",4,https://atcoder.jp/contests/abc362/tasks/abc362_d,https://atcoder-tagged-backend.onrender.com/problems/all,2.3.0-sponsor-abc-kenkoooo-diff,ja,2026-06-04T18:46:05.900291+00:00,40.576,,,,
atcoder,abc,public_sponsored_abc,toyota,abc362,Toyota Programming Contest 2024#7（AtCoder Beginner Contest 362）,2024,2024-07-13,1720872000.0,2024.5,abc362_e,E,Count Arithmetic Subsequences,E. Count Arithmetic Subsequences,1225.0,5329,"['dp', 'arithmetic progression', 'subsequence dp']",3,https://atcoder.jp/contests/abc362/tasks/abc362_e,https://atcoder-tagged-backend.onrender.com/problems/all,2.3.0-sponsor-abc-kenkoooo-diff,ja,2026-06-04T18:46:05.900291+00:00,52.24,,,,
atcoder,abc,public_sponsored_abc,toyota,abc362,Toyota Programming Contest 2024#7（AtCoder Beginner Contest 362）,2024,2024-07-13,1720872000.0,2024.5,abc362_f,F,Perfect Matching on a Tree,F. Perfect Matching on a Tree,2186.0,1522,"['tree', 'centroid', 'constructive', 'dfs']",4,https://atcoder.jp/contests/abc362/tasks/abc362_f,https://atcoder-tagged-backend.onrender.com/problems/all,2.3.0-sponsor-abc-kenkoooo-diff,ja,2026-06-04T18:46:05.900291+00:00,71.206,,,,
atcoder,abc,public_sponsored_abc,toyota,abc362,Toyota Programming Contest 2024#7（AtCoder Beginner Contest 362）,2024,2024-07-13,1720872000.0,2024.5,abc362_g,G,Count Substring Query,G. Count Substring Query,1625.0,2678,"['suffix array', 'aho corasick', 'suffix automaton', 'binary search', 'string']",5,https://atcoder.jp/contests/abc362/tasks/abc362_g,https://atcoder-tagged-backend.onrender.com/problems/all,2.3.0-sponsor-abc-kenkoooo-diff,ja,2026-06-04T18:46:05.900291+00:00,60.134,,,,
atcoder,abc,public_sponsored_abc,toyota,abc365,Toyota Programming Contest 2024#8（AtCoder Beginner Contest 365）,2024,2024-08-03,1722686400.0,2024.5,abc365_a,A,Leap Year,A. Leap Year,-1071.0,17250,"['conditional', 'case work', 'divisibility', 'implementation']",4,https://atcoder.jp/contests/abc365/tasks/abc365_a,https://atcoder-tagged-backend.onrender.com/problems/all,2.3.0-sponsor-abc-kenkoooo-diff,ja,2026-06-04T18:46:05.900291+00:00,6.927,,,,
atcoder,abc,public_sponsored_abc,toyota,abc365,Toyota Programming Contest 2024#8（AtCoder Beginner Contest 365）,2024,2024-08-03,1722686400.0,2024.5,abc365_b,B,Second Best,B. Second Best,-757.0,15919,"['array', 'sorting', 'search', 'implementation']",4,https://atcoder.jp/contests/abc365/tasks/abc365_b,https://atcoder-tagged-backend.onrender.com/problems/all,2.3.0-sponsor-abc-kenkoooo-diff,ja,2026-06-04T18:46:05.900291+00:00,13.124,,,,
atcoder,abc,public_sponsored_abc,toyota,abc365,Toyota Programming Contest 2024#8（AtCoder Beginner Contest 365）,2024,2024-08-03,1722686400.0,2024.5,abc365_c,C,Transportation Expenses,C. Transportation Expenses,241.0,12580,"['binary search', 'binary search on answer', 'monotonic']",3,https://atcoder.jp/contests/abc365/tasks/abc365_c,https://atcoder-tagged-backend.onrender.com/problems/all,2.3.0-sponsor-abc-kenkoooo-diff,ja,2026-06-04T18:46:05.900291+00:00,32.82,,,,
atcoder,abc,public_sponsored_abc,toyota,abc365,Toyota Programming Contest 2024#8（AtCoder Beginner Contest 365）,2024,2024-08-03,1722686400.0,2024.5,abc365_d,D,AtCoder Janken 3,D. AtCoder Janken 3,730.0,9249,"['dp', 'game theory', 'string']",3,https://atcoder.jp/contests/abc365/tasks/abc365_d,https://atcoder-tagged-backend.onrender.com/problems/all,2.3.0-sponsor-abc-kenkoooo-diff,ja,2026-06-04T18:46:05.900291+00:00,42.471,,,,
atcoder,abc,public_sponsored_abc,toyota,abc365,Toyota Programming Contest 2024#8（AtCoder Beginner Contest 365）,2024,2024-08-03,1722686400.0,2024.5,abc365_e,E,Xor Sigma Problem,E. Xor Sigma Problem,1102.0,6555,"['bit manipulation', 'prefix sum', 'counting']",3,https://atcoder.jp/contests/abc365/tasks/abc365_e,https://atcoder-tagged-backend.onrender.com/problems/all,2.3.0-sponsor-abc-kenkoooo-diff,ja,2026-06-04T18:46:05.900291+00:00,49.813,,,,
atcoder,abc,public_sponsored_abc,toyota,abc365,Toyota Programming Contest 2024#8（AtCoder Beginner Contest 365）,2024,2024-08-03,1722686400.0,2024.5,abc365_f,F,Takahashi on Grid,F. Takahashi on Grid,2561.0,646,"['segment tree', 'data structure', 'monoid', 'greedy']",4,https://atcoder.jp/contests/abc365/tasks/abc365_f,https://atcoder-tagged-backend.onrender.com/problems/all,2.3.0-sponsor-abc-kenkoooo-diff,ja,2026-06-04T18:46:05.900291+00:00,78.607,,,,
atcoder,abc,public_sponsored_abc,toyota,abc365,Toyota Programming Contest 2024#8（AtCoder Beginner Contest 365）,2024,2024-08-03,1722686400.0,2024.5,abc365_g,G,AtCoder Office,G. AtCoder Office,2254.0,1252,"['sqrt decomposition', 'prefix sum', 'two pointer']",3,https://atcoder.jp/contests/abc365/tasks/abc365_g,https://atcoder-tagged-backend.onrender.com/problems/all,2.3.0-sponsor-abc-kenkoooo-diff,ja,2026-06-04T18:46:05.900291+00:00,72.548,,,,
atcoder,abc,public_sponsored_abc,hitachi,abc368,Hitachi Vantara Programming Contest 2024（AtCoder Beginner Contest 368）,2024,2024-08-24,1724500800.0,2024.5,abc368_a,A,Cut,A. Cut,-791.0,15602,"['implementation', 'array', 'simulation']",3,https://atcoder.jp/contests/abc368/tasks/abc368_a,https://atcoder-tagged-backend.onrender.com/problems/all,2.3.0-sponsor-abc-kenkoooo-diff,ja,2026-06-04T18:46:05.900291+00:00,12.453,,,,
atcoder,abc,public_sponsored_abc,hitachi,abc368,Hitachi Vantara Programming Contest 2024（AtCoder Beginner Contest 368）,2024,2024-08-24,1724500800.0,2024.5,abc368_b,B,Decrease 2 max elements,B. Decrease 2 max elements,-384.0,13762,"['simulation', 'sorting']",2,https://atcoder.jp/contests/abc368/tasks/abc368_b,https://atcoder-tagged-backend.onrender.com/problems/all,2.3.0-sponsor-abc-kenkoooo-diff,ja,2026-06-04T18:46:05.900291+00:00,20.485,,,,
atcoder,abc,public_sponsored_abc,hitachi,abc368,Hitachi Vantara Programming Contest 2024（AtCoder Beginner Contest 368）,2024,2024-08-24,1724500800.0,2024.5,abc368_c,C,Triple Attack,C. Triple Attack,367.0,11404,"['simulation', 'modular arithmetic']",2,https://atcoder.jp/contests/abc368/tasks/abc368_c,https://atcoder-tagged-backend.onrender.com/problems/all,2.3.0-sponsor-abc-kenkoooo-diff,ja,2026-06-04T18:46:05.900291+00:00,35.307,,,,
atcoder,abc,public_sponsored_abc,hitachi,abc368,Hitachi Vantara Programming Contest 2024（AtCoder Beginner Contest 368）,2024,2024-08-24,1724500800.0,2024.5,abc368_d,D,Minimum Steiner Tree,D. Minimum Steiner Tree,816.0,8165,"['tree', 'graph theory', 'greedy', 'dp on trees', 'dfs']",5,https://atcoder.jp/contests/abc368/tasks/abc368_d,https://atcoder-tagged-backend.onrender.com/problems/all,2.3.0-sponsor-abc-kenkoooo-diff,ja,2026-06-04T18:46:05.900291+00:00,44.168,,,,
atcoder,abc,public_sponsored_abc,hitachi,abc368,Hitachi Vantara Programming Contest 2024（AtCoder Beginner Contest 368）,2024,2024-08-24,1724500800.0,2024.5,abc368_e,E,Train Delay,E. Train Delay,2140.0,1779,"['sorting', 'plane sweep', 'greedy', 'dp']",4,https://atcoder.jp/contests/abc368/tasks/abc368_e,https://atcoder-tagged-backend.onrender.com/problems/all,2.3.0-sponsor-abc-kenkoooo-diff,ja,2026-06-04T18:46:05.900291+00:00,70.298,,,,
atcoder,abc,public_sponsored_abc,hitachi,abc368,Hitachi Vantara Programming Contest 2024（AtCoder Beginner Contest 368）,2024,2024-08-24,1724500800.0,2024.5,abc368_f,F,Dividing Game,F. Dividing Game,1180.0,5106,"['game theory', 'nim', 'prime factorization', 'sprague grundy']",4,https://atcoder.jp/contests/abc368/tasks/abc368_f,https://atcoder-tagged-backend.onrender.com/problems/all,2.3.0-sponsor-abc-kenkoooo-diff,ja,2026-06-04T18:46:05.900291+00:00,51.352,,,,
atcoder,abc,public_sponsored_abc,hitachi,abc368,Hitachi Vantara Programming Contest 2024（AtCoder Beginner Contest 368）,2024,2024-08-24,1724500800.0,2024.5,abc368_g,G,Add and Multiply Queries,G. Add and Multiply Queries,1841.0,2300,"['segment tree', 'binary search']",2,https://atcoder.jp/contests/abc368/tasks/abc368_g,https://atcoder-tagged-backend.onrender.com/problems/all,2.3.0-sponsor-abc-kenkoooo-diff,ja,2026-06-04T18:46:05.900291+00:00,64.397,,,,
atcoder,abc,public_sponsored_abc,toyota,abc370,Toyota Programming Contest 2024#9（AtCoder Beginner Contest 370）,2024,2024-09-07,1725710400.0,2024.5,abc370_a,A,Raise Both Hands,A. Raise Both Hands,-1042.0,16458,"['implementation', 'conditional']",2,https://atcoder.jp/contests/abc370/tasks/abc370_a,https://atcoder-tagged-backend.onrender.com/problems/all,2.3.0-sponsor-abc-kenkoooo-diff,ja,2026-06-04T18:46:05.900291+00:00,7.5,,,,
atcoder,abc,public_sponsored_abc,toyota,abc370,Toyota Programming Contest 2024#9（AtCoder Beginner Contest 370）,2024,2024-09-07,1725710400.0,2024.5,abc370_b,B,Binary Alchemy,B. Binary Alchemy,-226.0,13710,"['implementation', 'simulation', 'matrix', '2d array']",4,https://atcoder.jp/contests/abc370/tasks/abc370_b,https://atcoder-tagged-backend.onrender.com/problems/all,2.3.0-sponsor-abc-kenkoooo-diff,ja,2026-06-04T18:46:05.900291+00:00,23.604,,,,
atcoder,abc,public_sponsored_abc,toyota,abc370,Toyota Programming Contest 2024#9（AtCoder Beginner Contest 370）,2024,2024-09-07,1725710400.0,2024.5,abc370_c,C,Word Ladder,C. Word Ladder,176.0,12045,"['greedy', 'string', 'constructive', 'lexicographical']",4,https://atcoder.jp/contests/abc370/tasks/abc370_c,https://atcoder-tagged-backend.onrender.com/problems/all,2.3.0-sponsor-abc-kenkoooo-diff,ja,2026-06-04T18:46:05.900291+00:00,31.537,,,,
atcoder,abc,public_sponsored_abc,toyota,abc370,Toyota Programming Contest 2024#9（AtCoder Beginner Contest 370）,2024,2024-09-07,1725710400.0,2024.5,abc370_d,D,Cross Explosion,D. Cross Explosion,1088.0,6635,"['set', 'binary search', 'balanced bst', 'grid']",4,https://atcoder.jp/contests/abc370/tasks/abc370_d,https://atcoder-tagged-backend.onrender.com/problems/all,2.3.0-sponsor-abc-kenkoooo-diff,ja,2026-06-04T18:46:05.900291+00:00,49.536,,,,
atcoder,abc,public_sponsored_abc,toyota,abc370,Toyota Programming Contest 2024#9（AtCoder Beginner Contest 370）,2024,2024-09-07,1725710400.0,2024.5,abc370_e,E,Avoid K Partition,E. Avoid K Partition,1453.0,4236,"['dp', 'prefix sum', 'map', 'counting']",4,https://atcoder.jp/contests/abc370/tasks/abc370_e,https://atcoder-tagged-backend.onrender.com/problems/all,2.3.0-sponsor-abc-kenkoooo-diff,ja,2026-06-04T18:46:05.900291+00:00,56.74,,,,
atcoder,abc,public_sponsored_abc,toyota,abc370,Toyota Programming Contest 2024#9（AtCoder Beginner Contest 370）,2024,2024-09-07,1725710400.0,2024.5,abc370_f,F,Cake Division,F. Cake Division,2102.0,1668,"['binary search on answer', 'binary lifting', 'two pointer', 'prefix sum', 'circular array', 'greedy']",6,https://atcoder.jp/contests/abc370/tasks/abc370_f,https://atcoder-tagged-backend.onrender.com/problems/all,2.3.0-sponsor-abc-kenkoooo-diff,ja,2026-06-04T18:46:05.900291+00:00,69.548,,,,
atcoder,abc,public_sponsored_abc,toyota,abc370,Toyota Programming Contest 2024#9（AtCoder Beginner Contest 370）,2024,2024-09-07,1725710400.0,2024.5,abc370_g,G,Divisible by 3,G. Divisible by 3,3428.0,137,"['min 25 sieve', 'math', 'combinatorics', 'stars and bars', 'number theory']",5,https://atcoder.jp/contests/abc370/tasks/abc370_g,https://atcoder-tagged-backend.onrender.com/problems/all,2.3.0-sponsor-abc-kenkoooo-diff,ja,2026-06-04T18:46:05.900291+00:00,95.717,,,,
atcoder,abc,public_sponsored_abc,unique_vision,abc372,UNIQUE VISION Programming Contest 2024 Autumn (AtCoder Beginner Contest 372),2024,2024-09-21,1726920000.0,2024.5,abc372_a,A,delete .,A. delete .,-1013.0,14538,"['string', 'implementation', 'iteration']",3,https://atcoder.jp/contests/abc372/tasks/abc372_a,https://atcoder-tagged-backend.onrender.com/problems/all,2.3.0-sponsor-abc-kenkoooo-diff,ja,2026-06-04T18:46:05.900291+00:00,8.072,,,,
atcoder,abc,public_sponsored_abc,unique_vision,abc372,UNIQUE VISION Programming Contest 2024 Autumn (AtCoder Beginner Contest 372),2024,2024-09-21,1726920000.0,2024.5,abc372_b,B,3^A,B. 3^A,-48.0,11754,"['base representation', 'base conversion', 'greedy', 'implementation']",4,https://atcoder.jp/contests/abc372/tasks/abc372_b,https://atcoder-tagged-backend.onrender.com/problems/all,2.3.0-sponsor-abc-kenkoooo-diff,ja,2026-06-04T18:46:05.900291+00:00,27.117,,,,
atcoder,abc,public_sponsored_abc,unique_vision,abc372,UNIQUE VISION Programming Contest 2024 Autumn (AtCoder Beginner Contest 372),2024,2024-09-21,1726920000.0,2024.5,abc372_c,C,Count ABC Again,C. Count ABC Again,336.0,10315,"['string', 'point update', 'contribution counting']",3,https://atcoder.jp/contests/abc372/tasks/abc372_c,https://atcoder-tagged-backend.onrender.com/problems/all,2.3.0-sponsor-abc-kenkoooo-diff,ja,2026-06-04T18:46:05.900291+00:00,34.695,,,,
atcoder,abc,public_sponsored_abc,unique_vision,abc372,UNIQUE VISION Programming Contest 2024 Autumn (AtCoder Beginner Contest 372),2024,2024-09-21,1726920000.0,2024.5,abc372_d,D,Buildings,D. Buildings,901.0,7550,"['monotonic stack', 'difference array', 'data structure', 'array']",4,https://atcoder.jp/contests/abc372/tasks/abc372_d,https://atcoder-tagged-backend.onrender.com/problems/all,2.3.0-sponsor-abc-kenkoooo-diff,ja,2026-06-04T18:46:05.900291+00:00,45.846,,,,
atcoder,abc,public_sponsored_abc,unique_vision,abc372,UNIQUE VISION Programming Contest 2024 Autumn (AtCoder Beginner Contest 372),2024,2024-09-21,1726920000.0,2024.5,abc372_e,E,K-th Largest Connected Components,E. K-th Largest Connected Components,1042.0,6054,"['dsu', 'connected components', 'merge', 'search']",4,https://atcoder.jp/contests/abc372/tasks/abc372_e,https://atcoder-tagged-backend.onrender.com/problems/all,2.3.0-sponsor-abc-kenkoooo-diff,ja,2026-06-04T18:46:05.900291+00:00,48.628,,,,
atcoder,abc,public_sponsored_abc,unique_vision,abc372,UNIQUE VISION Programming Contest 2024 Autumn (AtCoder Beginner Contest 372),2024,2024-09-21,1726920000.0,2024.5,abc372_f,F,Teleporting Takahashi 2,F. Teleporting Takahashi 2,1722.0,2584,"['dp', 'graph theory', 'path', 'dp optimization', 'array']",5,https://atcoder.jp/contests/abc372/tasks/abc372_f,https://atcoder-tagged-backend.onrender.com/problems/all,2.3.0-sponsor-abc-kenkoooo-diff,ja,2026-06-04T18:46:05.900291+00:00,62.049,,,,
atcoder,abc,public_sponsored_abc,unique_vision,abc372,UNIQUE VISION Programming Contest 2024 Autumn (AtCoder Beginner Contest 372),2024,2024-09-21,1726920000.0,2024.5,abc372_g,G,Ax + By < C,G. Ax + By < C,2925.0,232,"['half plane intersection', 'convex hull', 'floor sum', 'euclidean algorithm', 'geometry', 'lattice points']",6,https://atcoder.jp/contests/abc372/tasks/abc372_g,https://atcoder-tagged-backend.onrender.com/problems/all,2.3.0-sponsor-abc-kenkoooo-diff,ja,2026-06-04T18:46:05.900291+00:00,85.79,,,,
atcoder,abc,public_sponsored_abc,panasonic,abc375,Panasonic Programming Contest 2024（AtCoder Beginner Contest 375）,2024,2024-10-12,1728734400.0,2024.5,abc375_a,A,Seats,A. Seats,-789.0,15488,"['implementation', 'string', 'brute force']",3,https://atcoder.jp/contests/abc375/tasks/abc375_a,https://atcoder-tagged-backend.onrender.com/problems/all,2.3.0-sponsor-abc-kenkoooo-diff,ja,2026-06-04T18:46:05.900291+00:00,12.493,,,,
atcoder,abc,public_sponsored_abc,panasonic,abc375,Panasonic Programming Contest 2024（AtCoder Beginner Contest 375）,2024,2024-10-12,1728734400.0,2024.5,abc375_b,B,Traveling Takahashi Problem,B. Traveling Takahashi Problem,-325.0,13776,"['computational geometry', 'euclidean distance', 'simulation', 'implementation']",4,https://atcoder.jp/contests/abc375/tasks/abc375_b,https://atcoder-tagged-backend.onrender.com/problems/all,2.3.0-sponsor-abc-kenkoooo-diff,ja,2026-06-04T18:46:05.900291+00:00,21.65,,,,
atcoder,abc,public_sponsored_abc,panasonic,abc375,Panasonic Programming Contest 2024（AtCoder Beginner Contest 375）,2024,2024-10-12,1728734400.0,2024.5,abc375_c,C,Spiral Rotation,C. Spiral Rotation,972.0,6715,"['grid', 'coordinate geometry', 'modular arithmetic', 'implementation', 'observation']",5,https://atcoder.jp/contests/abc375/tasks/abc375_c,https://atcoder-tagged-backend.onrender.com/problems/all,2.3.0-sponsor-abc-kenkoooo-diff,ja,2026-06-04T18:46:05.900291+00:00,47.247,,,,
atcoder,abc,public_sponsored_abc,panasonic,abc375,Panasonic Programming Contest 2024（AtCoder Beginner Contest 375）,2024,2024-10-12,1728734400.0,2024.5,abc375_d,D,ABA,D. ABA,658.0,9136,"['counting', 'string', 'prefix sum', 'contribution counting']",4,https://atcoder.jp/contests/abc375/tasks/abc375_d,https://atcoder-tagged-backend.onrender.com/problems/all,2.3.0-sponsor-abc-kenkoooo-diff,ja,2026-06-04T18:46:05.900291+00:00,41.05,,,,
atcoder,abc,public_sponsored_abc,panasonic,abc375,Panasonic Programming Contest 2024（AtCoder Beginner Contest 375）,2024,2024-10-12,1728734400.0,2024.5,abc375_e,E,3 Team Division,E. 3 Team Division,1424.0,4665,"['dp', 'knapsack', 'subset sum']",3,https://atcoder.jp/contests/abc375/tasks/abc375_e,https://atcoder-tagged-backend.onrender.com/problems/all,2.3.0-sponsor-abc-kenkoooo-diff,ja,2026-06-04T18:46:05.900291+00:00,56.167,,,,
atcoder,abc,public_sponsored_abc,panasonic,abc375,Panasonic Programming Contest 2024（AtCoder Beginner Contest 375）,2024,2024-10-12,1728734400.0,2024.5,abc375_f,F,Road Blocked,F. Road Blocked,1546.0,3837,"['floyd warshall', 'shortest path', 'all pairs shortest paths', 'offline processing', 'reversal']",5,https://atcoder.jp/contests/abc375/tasks/abc375_f,https://atcoder-tagged-backend.onrender.com/problems/all,2.3.0-sponsor-abc-kenkoooo-diff,ja,2026-06-04T18:46:05.900291+00:00,58.575,,,,
atcoder,abc,public_sponsored_abc,panasonic,abc375,Panasonic Programming Contest 2024（AtCoder Beginner Contest 375）,2024,2024-10-12,1728734400.0,2024.5,abc375_g,G,Road Blocked 2,G. Road Blocked 2,2014.0,1782,"['dijkstra', 'shortest path', 'bridge', 'graph theory']",4,https://atcoder.jp/contests/abc375/tasks/abc375_g,https://atcoder-tagged-backend.onrender.com/problems/all,2.3.0-sponsor-abc-kenkoooo-diff,ja,2026-06-04T18:46:05.900291+00:00,67.811,,,,
atcoder,abc,public_sponsored_abc,toyota,abc379,Toyota Programming Contest 2024#11（AtCoder Beginner Contest 379）,2024,2024-11-09,1731153600.0,2024.5,abc379_a,A,Cyclic,A. Cyclic,-1053.0,14724,"['implementation', 'string', 'digit']",3,https://atcoder.jp/contests/abc379/tasks/abc379_a,https://atcoder-tagged-backend.onrender.com/problems/all,2.3.0-sponsor-abc-kenkoooo-diff,ja,2026-06-04T18:46:05.900291+00:00,7.282,,,,
atcoder,abc,public_sponsored_abc,toyota,abc379,Toyota Programming Contest 2024#11（AtCoder Beginner Contest 379）,2024,2024-11-09,1731153600.0,2024.5,abc379_b,B,Strawberries,B. Strawberries,-533.0,13345,"['greedy', 'implementation', 'string']",3,https://atcoder.jp/contests/abc379/tasks/abc379_b,https://atcoder-tagged-backend.onrender.com/problems/all,2.3.0-sponsor-abc-kenkoooo-diff,ja,2026-06-04T18:46:05.900291+00:00,17.545,,,,
atcoder,abc,public_sponsored_abc,toyota,abc379,Toyota Programming Contest 2024#11（AtCoder Beginner Contest 379）,2024,2024-11-09,1731153600.0,2024.5,abc379_c,C,Sowing Stones,C. Sowing Stones,951.0,7272,"['sorting', 'greedy', 'arithmetic progression']",3,https://atcoder.jp/contests/abc379/tasks/abc379_c,https://atcoder-tagged-backend.onrender.com/problems/all,2.3.0-sponsor-abc-kenkoooo-diff,ja,2026-06-04T18:46:05.900291+00:00,46.832,,,,
atcoder,abc,public_sponsored_abc,toyota,abc379,Toyota Programming Contest 2024#11（AtCoder Beginner Contest 379）,2024,2024-11-09,1731153600.0,2024.5,abc379_d,D,Home Garden,D. Home Garden,745.0,7591,"['queue', 'simulation', 'monotonic']",3,https://atcoder.jp/contests/abc379/tasks/abc379_d,https://atcoder-tagged-backend.onrender.com/problems/all,2.3.0-sponsor-abc-kenkoooo-diff,ja,2026-06-04T18:46:05.900291+00:00,42.767,,,,
atcoder,abc,public_sponsored_abc,toyota,abc379,Toyota Programming Contest 2024#11（AtCoder Beginner Contest 379）,2024,2024-11-09,1731153600.0,2024.5,abc379_e,E,Sum of All Substrings,E. Sum of All Substrings,1246.0,4687,"['contribution counting', 'prefix sum', 'big integer', 'math']",4,https://atcoder.jp/contests/abc379/tasks/abc379_e,https://atcoder-tagged-backend.onrender.com/problems/all,2.3.0-sponsor-abc-kenkoooo-diff,ja,2026-06-04T18:46:05.900291+00:00,52.654,,,,
atcoder,abc,public_sponsored_abc,toyota,abc379,Toyota Programming Contest 2024#11（AtCoder Beginner Contest 379）,2024,2024-11-09,1731153600.0,2024.5,abc379_f,F,Buildings 2,F. Buildings 2,1659.0,2757,"['monotonic stack', 'binary indexed tree', 'offline processing', 'range query']",4,https://atcoder.jp/contests/abc379/tasks/abc379_f,https://atcoder-tagged-backend.onrender.com/problems/all,2.3.0-sponsor-abc-kenkoooo-diff,ja,2026-06-04T18:46:05.900291+00:00,60.805,,,,
atcoder,abc,public_sponsored_abc,toyota,abc379,Toyota Programming Contest 2024#11（AtCoder Beginner Contest 379）,2024,2024-11-09,1731153600.0,2024.5,abc379_g,G,Count Grid 3-coloring,G. Count Grid 3-coloring,2304.0,881,"['dp', 'bitmask dp', 'broken profile dp', 'combinatorics']",4,https://atcoder.jp/contests/abc379/tasks/abc379_g,https://atcoder-tagged-backend.onrender.com/problems/all,2.3.0-sponsor-abc-kenkoooo-diff,ja,2026-06-04T18:46:05.900291+00:00,73.535,,,,
atcoder,abc,public_sponsored_abc,toyota,abc384,Toyota Programming Contest 2024#12（AtCoder Beginner Contest 384）,2024,2024-12-14,1734177600.0,2024.5,abc384_a,A,aaaadaa,A. aaaadaa,-1039.0,14575,"['implementation', 'string']",2,https://atcoder.jp/contests/abc384/tasks/abc384_a,https://atcoder-tagged-backend.onrender.com/problems/all,2.3.0-sponsor-abc-kenkoooo-diff,ja,2026-06-04T18:46:05.900291+00:00,7.559,,,,
atcoder,abc,public_sponsored_abc,toyota,abc384,Toyota Programming Contest 2024#12（AtCoder Beginner Contest 384）,2024,2024-12-14,1734177600.0,2024.5,abc384_b,B,ARC Division,B. ARC Division,-641.0,13010,"['simulation', 'implementation', 'conditional']",3,https://atcoder.jp/contests/abc384/tasks/abc384_b,https://atcoder-tagged-backend.onrender.com/problems/all,2.3.0-sponsor-abc-kenkoooo-diff,ja,2026-06-04T18:46:05.900291+00:00,15.413,,,,
atcoder,abc,public_sponsored_abc,toyota,abc384,Toyota Programming Contest 2024#12（AtCoder Beginner Contest 384）,2024,2024-12-14,1734177600.0,2024.5,abc384_c,C,Perfect Standings,C. Perfect Standings,95.0,10908,"['bitmask', 'brute force', 'sorting', 'implementation']",4,https://atcoder.jp/contests/abc384/tasks/abc384_c,https://atcoder-tagged-backend.onrender.com/problems/all,2.3.0-sponsor-abc-kenkoooo-diff,ja,2026-06-04T18:46:05.900291+00:00,29.939,,,,
atcoder,abc,public_sponsored_abc,toyota,abc384,Toyota Programming Contest 2024#12（AtCoder Beginner Contest 384）,2024,2024-12-14,1734177600.0,2024.5,abc384_d,D,Repeated Sequence,D. Repeated Sequence,666.0,8086,"['modular arithmetic', 'prefix sum', 'binary search', 'two pointer']",4,https://atcoder.jp/contests/abc384/tasks/abc384_d,https://atcoder-tagged-backend.onrender.com/problems/all,2.3.0-sponsor-abc-kenkoooo-diff,ja,2026-06-04T18:46:05.900291+00:00,41.208,,,,
atcoder,abc,public_sponsored_abc,toyota,abc384,Toyota Programming Contest 2024#12（AtCoder Beginner Contest 384）,2024,2024-12-14,1734177600.0,2024.5,abc384_e,E,Takahashi is Slime 2,E. Takahashi is Slime 2,1002.0,5744,"['greedy', 'priority queue', 'bfs', 'grid']",4,https://atcoder.jp/contests/abc384/tasks/abc384_e,https://atcoder-tagged-backend.onrender.com/problems/all,2.3.0-sponsor-abc-kenkoooo-diff,ja,2026-06-04T18:46:05.900291+00:00,47.839,,,,
atcoder,abc,public_sponsored_abc,toyota,abc384,Toyota Programming Contest 2024#12（AtCoder Beginner Contest 384）,2024,2024-12-14,1734177600.0,2024.5,abc384_f,F,Double Sum 2,F. Double Sum 2,1908.0,2127,"['contribution counting', 'bit manipulation', 'modular arithmetic', 'math']",4,https://atcoder.jp/contests/abc384/tasks/abc384_f,https://atcoder-tagged-backend.onrender.com/problems/all,2.3.0-sponsor-abc-kenkoooo-diff,ja,2026-06-04T18:46:05.900291+00:00,65.719,,,,
atcoder,abc,public_sponsored_abc,toyota,abc384,Toyota Programming Contest 2024#12（AtCoder Beginner Contest 384）,2024,2024-12-14,1734177600.0,2024.5,abc384_g,G,Abs Sum,G. Abs Sum,2343.0,992,"[""mo's algorithm"", 'binary indexed tree', 'coordinate compression', 'offline processing', 'sqrt decomposition']",5,https://atcoder.jp/contests/abc384/tasks/abc384_g,https://atcoder-tagged-backend.onrender.com/problems/all,2.3.0-sponsor-abc-kenkoooo-diff,ja,2026-06-04T18:46:05.900291+00:00,74.304,,,,
atcoder,abc,public_sponsored_abc,unique_vision,abc385,UNIQUE VISION Programming Contest 2024 Christmas (AtCoder Beginner Contest 385),2024,2024-12-21,1734782400.0,2024.5,abc385_a,A,Equally,A. Equally,-938.0,14544,"['implementation', 'conditional', 'case work']",3,https://atcoder.jp/contests/abc385/tasks/abc385_a,https://atcoder-tagged-backend.onrender.com/problems/all,2.3.0-sponsor-abc-kenkoooo-diff,ja,2026-06-04T18:46:05.900291+00:00,9.552,,,,
atcoder,abc,public_sponsored_abc,unique_vision,abc385,UNIQUE VISION Programming Contest 2024 Christmas (AtCoder Beginner Contest 385),2024,2024-12-21,1734782400.0,2024.5,abc385_b,B,Santa Claus 1,B. Santa Claus 1,-257.0,11853,"['simulation', 'grid', 'implementation', 'set']",4,https://atcoder.jp/contests/abc385/tasks/abc385_b,https://atcoder-tagged-backend.onrender.com/problems/all,2.3.0-sponsor-abc-kenkoooo-diff,ja,2026-06-04T18:46:05.900291+00:00,22.992,,,,
atcoder,abc,public_sponsored_abc,unique_vision,abc385,UNIQUE VISION Programming Contest 2024 Christmas (AtCoder Beginner Contest 385),2024,2024-12-21,1734782400.0,2024.5,abc385_c,C,Illuminate Buildings,C. Illuminate Buildings,446.0,9544,"['brute force', 'implementation', 'arithmetic progression', 'modular arithmetic', 'array']",5,https://atcoder.jp/contests/abc385/tasks/abc385_c,https://atcoder-tagged-backend.onrender.com/problems/all,2.3.0-sponsor-abc-kenkoooo-diff,ja,2026-06-04T18:46:05.900291+00:00,36.866,,,,
atcoder,abc,public_sponsored_abc,unique_vision,abc385,UNIQUE VISION Programming Contest 2024 Christmas (AtCoder Beginner Contest 385),2024,2024-12-21,1734782400.0,2024.5,abc385_d,D,Santa Claus 2,D. Santa Claus 2,1171.0,5111,"['simulation', 'binary search', 'set', 'geometry', 'data structure']",5,https://atcoder.jp/contests/abc385/tasks/abc385_d,https://atcoder-tagged-backend.onrender.com/problems/all,2.3.0-sponsor-abc-kenkoooo-diff,ja,2026-06-04T18:46:05.900291+00:00,51.174,,,,
atcoder,abc,public_sponsored_abc,unique_vision,abc385,UNIQUE VISION Programming Contest 2024 Christmas (AtCoder Beginner Contest 385),2024,2024-12-21,1734782400.0,2024.5,abc385_e,E,Snowflake Tree,E. Snowflake Tree,1406.0,3767,"['tree', 'greedy', 'sorting', 'enumeration']",4,https://atcoder.jp/contests/abc385/tasks/abc385_e,https://atcoder-tagged-backend.onrender.com/problems/all,2.3.0-sponsor-abc-kenkoooo-diff,ja,2026-06-04T18:46:05.900291+00:00,55.812,,,,
atcoder,abc,public_sponsored_abc,unique_vision,abc385,UNIQUE VISION Programming Contest 2024 Christmas (AtCoder Beginner Contest 385),2024,2024-12-21,1734782400.0,2024.5,abc385_f,F,Visible Buildings,F. Visible Buildings,1905.0,2134,"['geometry', 'convex hull', 'data types']",3,https://atcoder.jp/contests/abc385/tasks/abc385_f,https://atcoder-tagged-backend.onrender.com/problems/all,2.3.0-sponsor-abc-kenkoooo-diff,ja,2026-06-04T18:46:05.900291+00:00,65.66,,,,
atcoder,abc,public_sponsored_abc,unique_vision,abc385,UNIQUE VISION Programming Contest 2024 Christmas (AtCoder Beginner Contest 385),2024,2024-12-21,1734782400.0,2024.5,abc385_g,G,Counting Buildings,G. Counting Buildings,2492.0,448,"['permutation', 'stirling numbers', 'generating function', 'ntt', 'divide and conquer']",5,https://atcoder.jp/contests/abc385/tasks/abc385_g,https://atcoder-tagged-backend.onrender.com/problems/all,2.3.0-sponsor-abc-kenkoooo-diff,ja,2026-06-04T18:46:05.900291+00:00,77.245,,,,
atcoder,abc,public_sponsored_abc,hhkb,abc388,HHKB Programming Contest 2025(AtCoder Beginner Contest 388),2025,2025-01-11,1736596800.0,2025.0,abc388_a,A,?UPC,A. ?UPC,-1184.0,15227,"['string', 'implementation']",2,https://atcoder.jp/contests/abc388/tasks/abc388_a,https://atcoder-tagged-backend.onrender.com/problems/all,2.3.0-sponsor-abc-kenkoooo-diff,ja,2026-06-04T18:46:05.900291+00:00,4.697,,,,
atcoder,abc,public_sponsored_abc,hhkb,abc388,HHKB Programming Contest 2025(AtCoder Beginner Contest 388),2025,2025-01-11,1736596800.0,2025.0,abc388_b,B,Heavy Snake,B. Heavy Snake,-633.0,13754,"['brute force', 'implementation', 'simulation']",3,https://atcoder.jp/contests/abc388/tasks/abc388_b,https://atcoder-tagged-backend.onrender.com/problems/all,2.3.0-sponsor-abc-kenkoooo-diff,ja,2026-06-04T18:46:05.900291+00:00,15.571,,,,
atcoder,abc,public_sponsored_abc,hhkb,abc388,HHKB Programming Contest 2025(AtCoder Beginner Contest 388),2025,2025-01-11,1736596800.0,2025.0,abc388_c,C,Various Kagamimochi,C. Various Kagamimochi,145.0,11883,"['binary search', 'two pointer', 'counting']",3,https://atcoder.jp/contests/abc388/tasks/abc388_c,https://atcoder-tagged-backend.onrender.com/problems/all,2.3.0-sponsor-abc-kenkoooo-diff,ja,2026-06-04T18:46:05.900291+00:00,30.926,,,,
atcoder,abc,public_sponsored_abc,hhkb,abc388,HHKB Programming Contest 2025(AtCoder Beginner Contest 388),2025,2025-01-11,1736596800.0,2025.0,abc388_d,D,Coming of Age Celebration,D. Coming of Age Celebration,659.0,8454,"['simulation', 'difference array', 'range update']",3,https://atcoder.jp/contests/abc388/tasks/abc388_d,https://atcoder-tagged-backend.onrender.com/problems/all,2.3.0-sponsor-abc-kenkoooo-diff,ja,2026-06-04T18:46:05.900291+00:00,41.07,,,,
atcoder,abc,public_sponsored_abc,hhkb,abc388,HHKB Programming Contest 2025(AtCoder Beginner Contest 388),2025,2025-01-11,1736596800.0,2025.0,abc388_e,E,Simultaneous Kagamimochi,E. Simultaneous Kagamimochi,1068.0,6478,"['binary search', 'two pointer', 'greedy']",3,https://atcoder.jp/contests/abc388/tasks/abc388_e,https://atcoder-tagged-backend.onrender.com/problems/all,2.3.0-sponsor-abc-kenkoooo-diff,ja,2026-06-04T18:46:05.900291+00:00,49.142,,,,
atcoder,abc,public_sponsored_abc,hhkb,abc388,HHKB Programming Contest 2025(AtCoder Beginner Contest 388),2025,2025-01-11,1736596800.0,2025.0,abc388_f,F,Dangerous Sugoroku ,F. Dangerous Sugoroku ,2214.0,1177,"['dp', 'bitset', 'frobenius number']",3,https://atcoder.jp/contests/abc388/tasks/abc388_f,https://atcoder-tagged-backend.onrender.com/problems/all,2.3.0-sponsor-abc-kenkoooo-diff,ja,2026-06-04T18:46:05.900291+00:00,71.758,,,,
atcoder,abc,public_sponsored_abc,hhkb,abc388,HHKB Programming Contest 2025(AtCoder Beginner Contest 388),2025,2025-01-11,1736596800.0,2025.0,abc388_g,G,Simultaneous Kagamimochi 2,G. Simultaneous Kagamimochi 2,2001.0,1736,"['binary search on answer', 'range maximum query', 'sparse table', 'two pointer', 'greedy']",5,https://atcoder.jp/contests/abc388/tasks/abc388_g,https://atcoder-tagged-backend.onrender.com/problems/all,2.3.0-sponsor-abc-kenkoooo-diff,ja,2026-06-04T18:46:05.900291+00:00,67.555,,,,
atcoder,abc,public_sponsored_abc,toyota,abc389,Toyota Programming Contest  2025（AtCoder Beginner Contest 389),2025,2025-01-18,1737201600.0,2025.0,abc389_a,A,9x9,A. 9x9,-1170.0,15958,"['implementation', 'string', 'math']",3,https://atcoder.jp/contests/abc389/tasks/abc389_a,https://atcoder-tagged-backend.onrender.com/problems/all,2.3.0-sponsor-abc-kenkoooo-diff,ja,2026-06-04T18:46:05.900291+00:00,4.973,,,,
atcoder,abc,public_sponsored_abc,toyota,abc389,Toyota Programming Contest  2025（AtCoder Beginner Contest 389),2025,2025-01-18,1737201600.0,2025.0,abc389_b,B,tcaF,B. tcaF,-703.0,14837,"['factorial', 'implementation', 'brute force']",3,https://atcoder.jp/contests/abc389/tasks/abc389_b,https://atcoder-tagged-backend.onrender.com/problems/all,2.3.0-sponsor-abc-kenkoooo-diff,ja,2026-06-04T18:46:05.900291+00:00,14.19,,,,
atcoder,abc,public_sponsored_abc,toyota,abc389,Toyota Programming Contest  2025（AtCoder Beginner Contest 389),2025,2025-01-18,1737201600.0,2025.0,abc389_c,C,Snake Queue,C. Snake Queue,220.0,11260,"['queue', 'prefix sum', 'implementation']",3,https://atcoder.jp/contests/abc389/tasks/abc389_c,https://atcoder-tagged-backend.onrender.com/problems/all,2.3.0-sponsor-abc-kenkoooo-diff,ja,2026-06-04T18:46:05.900291+00:00,32.406,,,,
atcoder,abc,public_sponsored_abc,toyota,abc389,Toyota Programming Contest  2025（AtCoder Beginner Contest 389),2025,2025-01-18,1737201600.0,2025.0,abc389_d,D,Squares in Circle,D. Squares in Circle,749.0,7393,"['coordinate geometry', 'counting', 'two pointer', 'symmetry']",4,https://atcoder.jp/contests/abc389/tasks/abc389_d,https://atcoder-tagged-backend.onrender.com/problems/all,2.3.0-sponsor-abc-kenkoooo-diff,ja,2026-06-04T18:46:05.900291+00:00,42.846,,,,
atcoder,abc,public_sponsored_abc,toyota,abc389,Toyota Programming Contest  2025（AtCoder Beginner Contest 389),2025,2025-01-18,1737201600.0,2025.0,abc389_e,E,Square Price,E. Square Price,1897.0,2752,"['binary search on answer', 'greedy', 'optimization']",3,https://atcoder.jp/contests/abc389/tasks/abc389_e,https://atcoder-tagged-backend.onrender.com/problems/all,2.3.0-sponsor-abc-kenkoooo-diff,ja,2026-06-04T18:46:05.900291+00:00,65.502,,,,
atcoder,abc,public_sponsored_abc,toyota,abc389,Toyota Programming Contest  2025（AtCoder Beginner Contest 389),2025,2025-01-18,1737201600.0,2025.0,abc389_f,F,Rated Range,F. Rated Range,1642.0,2811,"['segment tree', 'lazy propagation', 'binary search on segment tree', 'monotonic']",4,https://atcoder.jp/contests/abc389/tasks/abc389_f,https://atcoder-tagged-backend.onrender.com/problems/all,2.3.0-sponsor-abc-kenkoooo-diff,ja,2026-06-04T18:46:05.900291+00:00,60.47,,,,
atcoder,abc,public_sponsored_abc,toyota,abc389,Toyota Programming Contest  2025（AtCoder Beginner Contest 389),2025,2025-01-18,1737201600.0,2025.0,abc389_g,G,Odd Even Graph,G. Odd Even Graph,2762.0,356,"['dp', 'inclusion exclusion', 'generating function', 'combinatorics']",4,https://atcoder.jp/contests/abc389/tasks/abc389_g,https://atcoder-tagged-backend.onrender.com/problems/all,2.3.0-sponsor-abc-kenkoooo-diff,ja,2026-06-04T18:46:05.900291+00:00,82.574,,,,
atcoder,abc,public_sponsored_abc,unique_vision,abc398,UNIQUE VISION Programming Contest 2025 Spring (AtCoder Beginner Contest 398),2025,2025-03-22,1742644800.0,2025.0,abc398_a,A,Doors in the Center,A. Doors in the Center,-1093.0,15464,"['string', 'constructive', 'implementation', 'parity', 'palindrome']",5,https://atcoder.jp/contests/abc398/tasks/abc398_a,https://atcoder-tagged-backend.onrender.com/problems/all,2.3.0-sponsor-abc-kenkoooo-diff,ja,2026-06-04T18:46:05.900291+00:00,6.493,,,,
atcoder,abc,public_sponsored_abc,unique_vision,abc398,UNIQUE VISION Programming Contest 2025 Spring (AtCoder Beginner Contest 398),2025,2025-03-22,1742644800.0,2025.0,abc398_b,B,Full House 3,B. Full House 3,-461.0,13774,"['implementation', 'brute force', 'counting', 'case work']",4,https://atcoder.jp/contests/abc398/tasks/abc398_b,https://atcoder-tagged-backend.onrender.com/problems/all,2.3.0-sponsor-abc-kenkoooo-diff,ja,2026-06-04T18:46:05.900291+00:00,18.966,,,,
atcoder,abc,public_sponsored_abc,unique_vision,abc398,UNIQUE VISION Programming Contest 2025 Spring (AtCoder Beginner Contest 398),2025,2025-03-22,1742644800.0,2025.0,abc398_c,C,Uniqueness,C. Uniqueness,-70.0,12840,"['implementation', 'counting', 'hashing']",3,https://atcoder.jp/contests/abc398/tasks/abc398_c,https://atcoder-tagged-backend.onrender.com/problems/all,2.3.0-sponsor-abc-kenkoooo-diff,ja,2026-06-04T18:46:05.900291+00:00,26.682,,,,
atcoder,abc,public_sponsored_abc,unique_vision,abc398,UNIQUE VISION Programming Contest 2025 Spring (AtCoder Beginner Contest 398),2025,2025-03-22,1742644800.0,2025.0,abc398_d,D,Bonfire,D. Bonfire,746.0,7983,"['prefix sum', 'hash map', 'ad hoc', 'simulation', 'grid']",5,https://atcoder.jp/contests/abc398/tasks/abc398_d,https://atcoder-tagged-backend.onrender.com/problems/all,2.3.0-sponsor-abc-kenkoooo-diff,ja,2026-06-04T18:46:05.900291+00:00,42.787,,,,
atcoder,abc,public_sponsored_abc,unique_vision,abc398,UNIQUE VISION Programming Contest 2025 Spring (AtCoder Beginner Contest 398),2025,2025-03-22,1742644800.0,2025.0,abc398_e,E,Tree Game,E. Tree Game,1238.0,4205,"['bipartite graph', 'game theory', 'graph theory', 'interactive', 'dfs', 'parity']",6,https://atcoder.jp/contests/abc398/tasks/abc398_e,https://atcoder-tagged-backend.onrender.com/problems/all,2.3.0-sponsor-abc-kenkoooo-diff,ja,2026-06-04T18:46:05.900291+00:00,52.497,,,,
atcoder,abc,public_sponsored_abc,unique_vision,abc398,UNIQUE VISION Programming Contest 2025 Spring (AtCoder Beginner Contest 398),2025,2025-03-22,1742644800.0,2025.0,abc398_f,F,ABCBA,F. ABCBA,1033.0,5259,"['manacher', 'hashing', 'kmp', 'palindrome', 'string']",5,https://atcoder.jp/contests/abc398/tasks/abc398_f,https://atcoder-tagged-backend.onrender.com/problems/all,2.3.0-sponsor-abc-kenkoooo-diff,ja,2026-06-04T18:46:05.900291+00:00,48.451,,,,
atcoder,abc,public_sponsored_abc,unique_vision,abc398,UNIQUE VISION Programming Contest 2025 Spring (AtCoder Beginner Contest 398),2025,2025-03-22,1742644800.0,2025.0,abc398_g,G,Not Only Tree Game,G. Not Only Tree Game,3352.0,208,"['game theory', 'bipartite graph', 'connected components', 'bfs', 'dfs', 'parity']",6,https://atcoder.jp/contests/abc398/tasks/abc398_g,https://atcoder-tagged-backend.onrender.com/problems/all,2.3.0-sponsor-abc-kenkoooo-diff,ja,2026-06-04T18:46:05.900291+00:00,94.217,,,,
atcoder,abc,public_sponsored_abc,tokyo_marine,abc402,Tokio Marine &amp; Nichido Fire Insurance Programming Contest 2025  (AtCoder Beginner Contest 402),2025,2025-04-19,1745064000.0,2025.0,abc402_a,A,CBC,A. CBC,-1084.0,14900,"['implementation', 'string']",2,https://atcoder.jp/contests/abc402/tasks/abc402_a,https://atcoder-tagged-backend.onrender.com/problems/all,2.3.0-sponsor-abc-kenkoooo-diff,ja,2026-06-04T18:46:05.900291+00:00,6.671,,,,
atcoder,abc,public_sponsored_abc,tokyo_marine,abc402,Tokio Marine &amp; Nichido Fire Insurance Programming Contest 2025  (AtCoder Beginner Contest 402),2025,2025-04-19,1745064000.0,2025.0,abc402_b,B,Restaurant Queue,B. Restaurant Queue,-680.0,13838,"['queue', 'simulation', 'data structure']",3,https://atcoder.jp/contests/abc402/tasks/abc402_b,https://atcoder-tagged-backend.onrender.com/problems/all,2.3.0-sponsor-abc-kenkoooo-diff,ja,2026-06-04T18:46:05.900291+00:00,14.644,,,,
atcoder,abc,public_sponsored_abc,tokyo_marine,abc402,Tokio Marine &amp; Nichido Fire Insurance Programming Contest 2025  (AtCoder Beginner Contest 402),2025,2025-04-19,1745064000.0,2025.0,abc402_c,C,Dislike Foods,C. Dislike Foods,331.0,9993,"['simulation', 'graph', 'counting', 'implementation', 'reasoning']",5,https://atcoder.jp/contests/abc402/tasks/abc402_c,https://atcoder-tagged-backend.onrender.com/problems/all,2.3.0-sponsor-abc-kenkoooo-diff,ja,2026-06-04T18:46:05.900291+00:00,34.596,,,,
atcoder,abc,public_sponsored_abc,tokyo_marine,abc402,Tokio Marine &amp; Nichido Fire Insurance Programming Contest 2025  (AtCoder Beginner Contest 402),2025,2025-04-19,1745064000.0,2025.0,abc402_d,D,Line Crossing,D. Line Crossing,827.0,7061,"['sorting', 'binary indexed tree', 'plane sweep', 'geometry']",4,https://atcoder.jp/contests/abc402/tasks/abc402_d,https://atcoder-tagged-backend.onrender.com/problems/all,2.3.0-sponsor-abc-kenkoooo-diff,ja,2026-06-04T18:46:05.900291+00:00,44.385,,,,
atcoder,abc,public_sponsored_abc,tokyo_marine,abc402,Tokio Marine &amp; Nichido Fire Insurance Programming Contest 2025  (AtCoder Beginner Contest 402),2025,2025-04-19,1745064000.0,2025.0,abc402_e,E,Payment Required,E. Payment Required,1409.0,3610,"['dp', 'bitmask dp', 'expectation', 'probability']",4,https://atcoder.jp/contests/abc402/tasks/abc402_e,https://atcoder-tagged-backend.onrender.com/problems/all,2.3.0-sponsor-abc-kenkoooo-diff,ja,2026-06-04T18:46:05.900291+00:00,55.871,,,,
atcoder,abc,public_sponsored_abc,tokyo_marine,abc402,Tokio Marine &amp; Nichido Fire Insurance Programming Contest 2025  (AtCoder Beginner Contest 402),2025,2025-04-19,1745064000.0,2025.0,abc402_f,F,Path to Integer,F. Path to Integer,1645.0,2358,"['meet in the middle', 'dp', 'grid', 'modular arithmetic']",4,https://atcoder.jp/contests/abc402/tasks/abc402_f,https://atcoder-tagged-backend.onrender.com/problems/all,2.3.0-sponsor-abc-kenkoooo-diff,ja,2026-06-04T18:46:05.900291+00:00,60.529,,,,
atcoder,abc,public_sponsored_abc,tokyo_marine,abc402,Tokio Marine &amp; Nichido Fire Insurance Programming Contest 2025  (AtCoder Beginner Contest 402),2025,2025-04-19,1745064000.0,2025.0,abc402_g,G,Sum of Prod of Mod of Linear,G. Sum of Prod of Mod of Linear,3381.0,115,"['floor sum', 'euclidean algorithm', 'number theory', 'polynomial']",4,https://atcoder.jp/contests/abc402/tasks/abc402_g,https://atcoder-tagged-backend.onrender.com/problems/all,2.3.0-sponsor-abc-kenkoooo-diff,ja,2026-06-04T18:46:05.900291+00:00,94.79,,,,
atcoder,abc,public_sponsored_abc,panasonic,abc406,Panasonic Programming Contest 2025（AtCoder Beginner Contest 406）,2025,2025-05-17,1747483200.0,2025.0,abc406_a,A,Not Acceptable,A. Not Acceptable,-1020.0,15729,"['implementation', 'conditional']",2,https://atcoder.jp/contests/abc406/tasks/abc406_a,https://atcoder-tagged-backend.onrender.com/problems/all,2.3.0-sponsor-abc-kenkoooo-diff,ja,2026-06-04T18:46:05.900291+00:00,7.934,,,,
atcoder,abc,public_sponsored_abc,panasonic,abc406,Panasonic Programming Contest 2025（AtCoder Beginner Contest 406）,2025,2025-05-17,1747483200.0,2025.0,abc406_b,B,Product Calculator,B. Product Calculator,75.0,12289,"['implementation', 'simulation', 'integer overflow', 'math']",4,https://atcoder.jp/contests/abc406/tasks/abc406_b,https://atcoder-tagged-backend.onrender.com/problems/all,2.3.0-sponsor-abc-kenkoooo-diff,ja,2026-06-04T18:46:05.900291+00:00,29.544,,,,
atcoder,abc,public_sponsored_abc,panasonic,abc406,Panasonic Programming Contest 2025（AtCoder Beginner Contest 406）,2025,2025-05-17,1747483200.0,2025.0,abc406_c,C,~,C. ~,862.0,7448,"['compression', 'combinatorics', 'counting', 'subarray']",4,https://atcoder.jp/contests/abc406/tasks/abc406_c,https://atcoder-tagged-backend.onrender.com/problems/all,2.3.0-sponsor-abc-kenkoooo-diff,ja,2026-06-04T18:46:05.900291+00:00,45.076,,,,
atcoder,abc,public_sponsored_abc,panasonic,abc406,Panasonic Programming Contest 2025（AtCoder Beginner Contest 406）,2025,2025-05-17,1747483200.0,2025.0,abc406_d,D,Garbage Removal,D. Garbage Removal,694.0,7662,"['data structure', 'set', 'simulation', 'amortized analysis']",4,https://atcoder.jp/contests/abc406/tasks/abc406_d,https://atcoder-tagged-backend.onrender.com/problems/all,2.3.0-sponsor-abc-kenkoooo-diff,ja,2026-06-04T18:46:05.900291+00:00,41.76,,,,
atcoder,abc,public_sponsored_abc,panasonic,abc406,Panasonic Programming Contest 2025（AtCoder Beginner Contest 406）,2025,2025-05-17,1747483200.0,2025.0,abc406_e,E,Popcount Sum 3,E. Popcount Sum 3,1365.0,3665,"['digit dp', 'combinatorics', 'bit manipulation']",3,https://atcoder.jp/contests/abc406/tasks/abc406_e,https://atcoder-tagged-backend.onrender.com/problems/all,2.3.0-sponsor-abc-kenkoooo-diff,ja,2026-06-04T18:46:05.900291+00:00,55.003,,,,
atcoder,abc,public_sponsored_abc,panasonic,abc406,Panasonic Programming Contest 2025（AtCoder Beginner Contest 406）,2025,2025-05-17,1747483200.0,2025.0,abc406_f,F,Compare Tree Weights,F. Compare Tree Weights,1470.0,2976,"['tree', 'dfs', 'euler tour', 'subtree', 'binary indexed tree']",5,https://atcoder.jp/contests/abc406/tasks/abc406_f,https://atcoder-tagged-backend.onrender.com/problems/all,2.3.0-sponsor-abc-kenkoooo-diff,ja,2026-06-04T18:46:05.900291+00:00,57.075,,,,
atcoder,abc,public_sponsored_abc,panasonic,abc406,Panasonic Programming Contest 2025（AtCoder Beginner Contest 406）,2025,2025-05-17,1747483200.0,2025.0,abc406_g,G,Travelling Salesman Problem,G. Travelling Salesman Problem,3197.0,118,"['dp', 'slope trick', 'dp optimization', 'data structure']",4,https://atcoder.jp/contests/abc406/tasks/abc406_g,https://atcoder-tagged-backend.onrender.com/problems/all,2.3.0-sponsor-abc-kenkoooo-diff,ja,2026-06-04T18:46:05.900291+00:00,91.158,,,,
atcoder,abc,public_sponsored_abc,unique_vision,abc411,UNIQUE VISION Programming Contest 2025 Summer (AtCoder Beginner Contest 411),2025,2025-06-21,1750507200.0,2025.0,abc411_a,A,Required Length,A. Required Length,-1028.0,13787,"['implementation', 'conditional', 'string']",3,https://atcoder.jp/contests/abc411/tasks/abc411_a,https://atcoder-tagged-backend.onrender.com/problems/all,2.3.0-sponsor-abc-kenkoooo-diff,ja,2026-06-04T18:46:05.900291+00:00,7.776,,,,
atcoder,abc,public_sponsored_abc,unique_vision,abc411,UNIQUE VISION Programming Contest 2025 Summer (AtCoder Beginner Contest 411),2025,2025-06-21,1750507200.0,2025.0,abc411_b,B,Distance Table,B. Distance Table,-606.0,12689,"['implementation', 'prefix sum']",2,https://atcoder.jp/contests/abc411/tasks/abc411_b,https://atcoder-tagged-backend.onrender.com/problems/all,2.3.0-sponsor-abc-kenkoooo-diff,ja,2026-06-04T18:46:05.900291+00:00,16.104,,,,
atcoder,abc,public_sponsored_abc,unique_vision,abc411,UNIQUE VISION Programming Contest 2025 Summer (AtCoder Beginner Contest 411),2025,2025-06-21,1750507200.0,2025.0,abc411_c,C,Black Intervals,C. Black Intervals,185.0,10360,"['simulation', 'ad hoc', 'difference array', 'case work', 'counting']",5,https://atcoder.jp/contests/abc411/tasks/abc411_c,https://atcoder-tagged-backend.onrender.com/problems/all,2.3.0-sponsor-abc-kenkoooo-diff,ja,2026-06-04T18:46:05.900291+00:00,31.715,,,,
atcoder,abc,public_sponsored_abc,unique_vision,abc411,UNIQUE VISION Programming Contest 2025 Summer (AtCoder Beginner Contest 411),2025,2025-06-21,1750507200.0,2025.0,abc411_d,D,Conflict 2,D. Conflict 2,1018.0,5866,"['offline processing', 'persistent data structure', 'string', 'tree']",4,https://atcoder.jp/contests/abc411/tasks/abc411_d,https://atcoder-tagged-backend.onrender.com/problems/all,2.3.0-sponsor-abc-kenkoooo-diff,ja,2026-06-04T18:46:05.900291+00:00,48.155,,,,
atcoder,abc,public_sponsored_abc,unique_vision,abc411,UNIQUE VISION Programming Contest 2025 Summer (AtCoder Beginner Contest 411),2025,2025-06-21,1750507200.0,2025.0,abc411_e,E,E [max],E. E [max],1400.0,3162,"['expectation', 'probability', 'coordinate compression', 'modular arithmetic', 'plane sweep']",5,https://atcoder.jp/contests/abc411/tasks/abc411_e,https://atcoder-tagged-backend.onrender.com/problems/all,2.3.0-sponsor-abc-kenkoooo-diff,ja,2026-06-04T18:46:05.900291+00:00,55.694,,,,
atcoder,abc,public_sponsored_abc,unique_vision,abc411,UNIQUE VISION Programming Contest 2025 Summer (AtCoder Beginner Contest 411),2025,2025-06-21,1750507200.0,2025.0,abc411_f,F,Contraction,F. Contraction,1898.0,1739,"['dsu', 'small to large merging', 'graph', 'amortized analysis', 'simulation']",5,https://atcoder.jp/contests/abc411/tasks/abc411_f,https://atcoder-tagged-backend.onrender.com/problems/all,2.3.0-sponsor-abc-kenkoooo-diff,ja,2026-06-04T18:46:05.900291+00:00,65.522,,,,
atcoder,abc,public_sponsored_abc,unique_vision,abc411,UNIQUE VISION Programming Contest 2025 Summer (AtCoder Beginner Contest 411),2025,2025-06-21,1750507200.0,2025.0,abc411_g,G,Count Cycles,G. Count Cycles,2093.0,1067,"['bitmask dp', 'graph', 'counting', 'combinatorics', 'cycle']",5,https://atcoder.jp/contests/abc411/tasks/abc411_g,https://atcoder-tagged-backend.onrender.com/problems/all,2.3.0-sponsor-abc-kenkoooo-diff,ja,2026-06-04T18:46:05.900291+00:00,69.37,,,,
atcoder,abc,public_sponsored_abc,denso,abc413,Denso Create Programming Contest 2025（AtCoder Beginner Contest 413）,2025,2025-07-05,1751716800.0,2025.5,abc413_a,A,Content Too Large,A. Content Too Large,-1081.0,14614,"['implementation', 'sum', 'comparison']",3,https://atcoder.jp/contests/abc413/tasks/abc413_a,https://atcoder-tagged-backend.onrender.com/problems/all,2.3.0-sponsor-abc-kenkoooo-diff,ja,2026-06-04T18:46:05.900291+00:00,6.73,,,,
atcoder,abc,public_sponsored_abc,denso,abc413,Denso Create Programming Contest 2025（AtCoder Beginner Contest 413）,2025,2025-07-05,1751716800.0,2025.5,abc413_b,B,cat 2,B. cat 2,-426.0,12970,"['brute force', 'implementation', 'string', 'set']",4,https://atcoder.jp/contests/abc413/tasks/abc413_b,https://atcoder-tagged-backend.onrender.com/problems/all,2.3.0-sponsor-abc-kenkoooo-diff,ja,2026-06-04T18:46:05.900291+00:00,19.657,,,,
atcoder,abc,public_sponsored_abc,denso,abc413,Denso Create Programming Contest 2025（AtCoder Beginner Contest 413）,2025,2025-07-05,1751716800.0,2025.5,abc413_c,C,Large Queue,C. Large Queue,177.0,10977,"['simulation', 'queue', 'compression']",3,https://atcoder.jp/contests/abc413/tasks/abc413_c,https://atcoder-tagged-backend.onrender.com/problems/all,2.3.0-sponsor-abc-kenkoooo-diff,ja,2026-06-04T18:46:05.900291+00:00,31.557,,,,
atcoder,abc,public_sponsored_abc,denso,abc413,Denso Create Programming Contest 2025（AtCoder Beginner Contest 413）,2025,2025-07-05,1751716800.0,2025.5,abc413_d,D,Make Geometric Sequence,D. Make Geometric Sequence,943.0,6808,"['sorting', 'case work', 'implementation', 'number theory', 'geometric progression']",5,https://atcoder.jp/contests/abc413/tasks/abc413_d,https://atcoder-tagged-backend.onrender.com/problems/all,2.3.0-sponsor-abc-kenkoooo-diff,ja,2026-06-04T18:46:05.900291+00:00,46.675,,,,
atcoder,abc,public_sponsored_abc,denso,abc413,Denso Create Programming Contest 2025（AtCoder Beginner Contest 413）,2025,2025-07-05,1751716800.0,2025.5,abc413_e,E,Reverse 2^i,E. Reverse 2^i,1241.0,4384,"['divide and conquer', 'greedy', 'binary tree', 'constructive', 'permutation']",5,https://atcoder.jp/contests/abc413/tasks/abc413_e,https://atcoder-tagged-backend.onrender.com/problems/all,2.3.0-sponsor-abc-kenkoooo-diff,ja,2026-06-04T18:46:05.900291+00:00,52.556,,,,
atcoder,abc,public_sponsored_abc,denso,abc413,Denso Create Programming Contest 2025（AtCoder Beginner Contest 413）,2025,2025-07-05,1751716800.0,2025.5,abc413_f,F,No Passage,F. No Passage,1635.0,2744,"['bfs', 'game theory', 'shortest path', 'grid']",4,https://atcoder.jp/contests/abc413/tasks/abc413_f,https://atcoder-tagged-backend.onrender.com/problems/all,2.3.0-sponsor-abc-kenkoooo-diff,ja,2026-06-04T18:46:05.900291+00:00,60.332,,,,
atcoder,abc,public_sponsored_abc,denso,abc413,Denso Create Programming Contest 2025（AtCoder Beginner Contest 413）,2025,2025-07-05,1751716800.0,2025.5,abc413_g,G,Big Banned Grid,G. Big Banned Grid,1723.0,2405,"['coordinate compression', 'bfs', 'graph theory', 'connectivity']",4,https://atcoder.jp/contests/abc413/tasks/abc413_g,https://atcoder-tagged-backend.onrender.com/problems/all,2.3.0-sponsor-abc-kenkoooo-diff,ja,2026-06-04T18:46:05.900291+00:00,62.068,,,,
atcoder,abc,public_sponsored_abc,unique_vision,abc425,UNIQUE VISION Programming Contest 2025 Autumn (AtCoder Beginner Contest 425),2025,2025-09-27,1758974400.0,2025.5,abc425_a,A,Sigma Cubes,A. Sigma Cubes,-968.0,12599,"['implementation', 'simulation', 'math', 'sum']",4,https://atcoder.jp/contests/abc425/tasks/abc425_a,https://atcoder-tagged-backend.onrender.com/problems/all,2.3.0-sponsor-abc-kenkoooo-diff,ja,2026-06-04T18:46:05.900291+00:00,8.96,,,,
atcoder,abc,public_sponsored_abc,unique_vision,abc425,UNIQUE VISION Programming Contest 2025 Autumn (AtCoder Beginner Contest 425),2025,2025-09-27,1758974400.0,2025.5,abc425_b,B,Find Permutation 2,B. Find Permutation 2,-233.0,10659,"['constructive', 'permutation', 'implementation']",3,https://atcoder.jp/contests/abc425/tasks/abc425_b,https://atcoder-tagged-backend.onrender.com/problems/all,2.3.0-sponsor-abc-kenkoooo-diff,ja,2026-06-04T18:46:05.900291+00:00,23.466,,,,
atcoder,abc,public_sponsored_abc,unique_vision,abc425,UNIQUE VISION Programming Contest 2025 Autumn (AtCoder Beginner Contest 425),2025,2025-09-27,1758974400.0,2025.5,abc425_c,C,Rotate and Sum Query,C. Rotate and Sum Query,304.0,9149,"['prefix sum', 'modular arithmetic', 'range sum query', 'implementation']",4,https://atcoder.jp/contests/abc425/tasks/abc425_c,https://atcoder-tagged-backend.onrender.com/problems/all,2.3.0-sponsor-abc-kenkoooo-diff,ja,2026-06-04T18:46:05.900291+00:00,34.064,,,,
atcoder,abc,public_sponsored_abc,unique_vision,abc425,UNIQUE VISION Programming Contest 2025 Autumn (AtCoder Beginner Contest 425),2025,2025-09-27,1758974400.0,2025.5,abc425_d,D,Ulam-Warburton Automaton,D. Ulam-Warburton Automaton,882.0,5751,"['bfs', 'simulation', 'grid', 'cellular automaton']",4,https://atcoder.jp/contests/abc425/tasks/abc425_d,https://atcoder-tagged-backend.onrender.com/problems/all,2.3.0-sponsor-abc-kenkoooo-diff,ja,2026-06-04T18:46:05.900291+00:00,45.471,,,,
atcoder,abc,public_sponsored_abc,unique_vision,abc425,UNIQUE VISION Programming Contest 2025 Autumn (AtCoder Beginner Contest 425),2025,2025-09-27,1758974400.0,2025.5,abc425_e,E,Count Sequences 2,E. Count Sequences 2,1221.0,4212,"['combinatorics', 'counting', 'multinomial coefficient', 'binomial coefficient', 'pascal triangle']",5,https://atcoder.jp/contests/abc425/tasks/abc425_e,https://atcoder-tagged-backend.onrender.com/problems/all,2.3.0-sponsor-abc-kenkoooo-diff,ja,2026-06-04T18:46:05.900291+00:00,52.161,,,,
atcoder,abc,public_sponsored_abc,unique_vision,abc425,UNIQUE VISION Programming Contest 2025 Autumn (AtCoder Beginner Contest 425),2025,2025-09-27,1758974400.0,2025.5,abc425_f,F,Inserting Process,F. Inserting Process,1831.0,2308,"['dp', 'bitmask dp', 'counting', 'string']",4,https://atcoder.jp/contests/abc425/tasks/abc425_f,https://atcoder-tagged-backend.onrender.com/problems/all,2.3.0-sponsor-abc-kenkoooo-diff,ja,2026-06-04T18:46:05.900291+00:00,64.2,,,,
atcoder,abc,public_sponsored_abc,unique_vision,abc425,UNIQUE VISION Programming Contest 2025 Autumn (AtCoder Beginner Contest 425),2025,2025-09-27,1758974400.0,2025.5,abc425_g,G,Sum of Min of XOR,G. Sum of Min of XOR,2205.0,864,"['binary trie', 'digit dp', 'bit manipulation', 'trie', 'contribution counting']",5,https://atcoder.jp/contests/abc425/tasks/abc425_g,https://atcoder-tagged-backend.onrender.com/problems/all,2.3.0-sponsor-abc-kenkoooo-diff,ja,2026-06-04T18:46:05.900291+00:00,71.581,,,,
atcoder,abc,public_sponsored_abc,panasonic,abc427,Panasonic Programming Contest 2025（AtCoder Beginner Contest 427）,2025,2025-10-11,1760184000.0,2025.5,abc427_a,A,ABC -> AC,A. ABC -> AC,-1031.0,12874,"['implementation', 'string']",2,https://atcoder.jp/contests/abc427/tasks/abc427_a,https://atcoder-tagged-backend.onrender.com/problems/all,2.3.0-sponsor-abc-kenkoooo-diff,ja,2026-06-04T18:46:05.900291+00:00,7.717,,,,
atcoder,abc,public_sponsored_abc,panasonic,abc427,Panasonic Programming Contest 2025（AtCoder Beginner Contest 427）,2025,2025-10-11,1760184000.0,2025.5,abc427_b,B,Sum of Digits Sequence,B. Sum of Digits Sequence,-404.0,11453,"['implementation', 'simulation', 'digit sum']",3,https://atcoder.jp/contests/abc427/tasks/abc427_b,https://atcoder-tagged-backend.onrender.com/problems/all,2.3.0-sponsor-abc-kenkoooo-diff,ja,2026-06-04T18:46:05.900291+00:00,20.091,,,,
atcoder,abc,public_sponsored_abc,panasonic,abc427,Panasonic Programming Contest 2025（AtCoder Beginner Contest 427）,2025,2025-10-11,1760184000.0,2025.5,abc427_c,C,Bipartize,C. Bipartize,629.0,7610,"['bipartite graph', 'brute force', 'bitmask']",3,https://atcoder.jp/contests/abc427/tasks/abc427_c,https://atcoder-tagged-backend.onrender.com/problems/all,2.3.0-sponsor-abc-kenkoooo-diff,ja,2026-06-04T18:46:05.900291+00:00,40.478,,,,
atcoder,abc,public_sponsored_abc,panasonic,abc427,Panasonic Programming Contest 2025（AtCoder Beginner Contest 427）,2025,2025-10-11,1760184000.0,2025.5,abc427_d,D,The Simple Game,D. The Simple Game,981.0,5210,"['game theory', 'graph theory', 'dp', 'bfs']",4,https://atcoder.jp/contests/abc427/tasks/abc427_d,https://atcoder-tagged-backend.onrender.com/problems/all,2.3.0-sponsor-abc-kenkoooo-diff,ja,2026-06-04T18:46:05.900291+00:00,47.425,,,,
atcoder,abc,public_sponsored_abc,panasonic,abc427,Panasonic Programming Contest 2025（AtCoder Beginner Contest 427）,2025,2025-10-11,1760184000.0,2025.5,abc427_e,E,Wind Cleaning,E. Wind Cleaning,1734.0,2007,"['bfs', 'bitset', 'shortest path', 'grid', 'search', 'precomputation']",6,https://atcoder.jp/contests/abc427/tasks/abc427_e,https://atcoder-tagged-backend.onrender.com/problems/all,2.3.0-sponsor-abc-kenkoooo-diff,ja,2026-06-04T18:46:05.900291+00:00,62.285,,,,
atcoder,abc,public_sponsored_abc,panasonic,abc427,Panasonic Programming Contest 2025（AtCoder Beginner Contest 427）,2025,2025-10-11,1760184000.0,2025.5,abc427_f,F,Not Adjacent,F. Not Adjacent,1605.0,2253,"['meet in the middle', 'dp', 'modular arithmetic', 'counting']",4,https://atcoder.jp/contests/abc427/tasks/abc427_f,https://atcoder-tagged-backend.onrender.com/problems/all,2.3.0-sponsor-abc-kenkoooo-diff,ja,2026-06-04T18:46:05.900291+00:00,59.739,,,,
atcoder,abc,public_sponsored_abc,panasonic,abc427,Panasonic Programming Contest 2025（AtCoder Beginner Contest 427）,2025,2025-10-11,1760184000.0,2025.5,abc427_g,G,Takahashi's Expectation 2,G. Takahashi's Expectation 2,2975.0,137,"['greedy', 'binary search', 'amortized analysis', 'constructive', 'function', 'piecewise function', 'math']",7,https://atcoder.jp/contests/abc427/tasks/abc427_g,https://atcoder-tagged-backend.onrender.com/problems/all,2.3.0-sponsor-abc-kenkoooo-diff,ja,2026-06-04T18:46:05.900291+00:00,86.777,,,,
atcoder,abc,public_sponsored_abc,sky,abc434,"Ｓｋｙ Inc, Programming Contest 2025 (AtCoder Beginner Contest 434)",2025,2025-11-29,1764417600.0,2025.5,abc434_a,A,Balloon Trip,A. Balloon Trip,-1206.0,11496,"['implementation', 'math']",2,https://atcoder.jp/contests/abc434/tasks/abc434_a,https://atcoder-tagged-backend.onrender.com/problems/all,2.3.0-sponsor-abc-kenkoooo-diff,ja,2026-06-04T18:46:05.900291+00:00,4.263,,,,
atcoder,abc,public_sponsored_abc,sky,abc434,"Ｓｋｙ Inc, Programming Contest 2025 (AtCoder Beginner Contest 434)",2025,2025-11-29,1764417600.0,2025.5,abc434_b,B,Bird Watching,B. Bird Watching,-657.0,10314,"['implementation', 'bucket sort', 'data types']",3,https://atcoder.jp/contests/abc434/tasks/abc434_b,https://atcoder-tagged-backend.onrender.com/problems/all,2.3.0-sponsor-abc-kenkoooo-diff,ja,2026-06-04T18:46:05.900291+00:00,15.098,,,,
atcoder,abc,public_sponsored_abc,sky,abc434,"Ｓｋｙ Inc, Programming Contest 2025 (AtCoder Beginner Contest 434)",2025,2025-11-29,1764417600.0,2025.5,abc434_c,C,Flapping Takahashi,C. Flapping Takahashi,373.0,7284,"['greedy', 'interval', 'simulation']",3,https://atcoder.jp/contests/abc434/tasks/abc434_c,https://atcoder-tagged-backend.onrender.com/problems/all,2.3.0-sponsor-abc-kenkoooo-diff,ja,2026-06-04T18:46:05.900291+00:00,35.425,,,,
atcoder,abc,public_sponsored_abc,sky,abc434,"Ｓｋｙ Inc, Programming Contest 2025 (AtCoder Beginner Contest 434)",2025,2025-11-29,1764417600.0,2025.5,abc434_d,D,Clouds,D. Clouds,909.0,4947,"['2d prefix sum', '2d difference array', 'difference array']",3,https://atcoder.jp/contests/abc434/tasks/abc434_d,https://atcoder-tagged-backend.onrender.com/problems/all,2.3.0-sponsor-abc-kenkoooo-diff,ja,2026-06-04T18:46:05.900291+00:00,46.004,,,,
atcoder,abc,public_sponsored_abc,sky,abc434,"Ｓｋｙ Inc, Programming Contest 2025 (AtCoder Beginner Contest 434)",2025,2025-11-29,1764417600.0,2025.5,abc434_e,E,Distribute Bunnies,E. Distribute Bunnies,1317.0,2801,"['graph theory', 'connected components', 'tree', 'max flow', 'bipartite matching']",5,https://atcoder.jp/contests/abc434/tasks/abc434_e,https://atcoder-tagged-backend.onrender.com/problems/all,2.3.0-sponsor-abc-kenkoooo-diff,ja,2026-06-04T18:46:05.900291+00:00,54.056,,,,
atcoder,abc,public_sponsored_abc,sky,abc434,"Ｓｋｙ Inc, Programming Contest 2025 (AtCoder Beginner Contest 434)",2025,2025-11-29,1764417600.0,2025.5,abc434_f,F,Concat (2nd),F. Concat (2nd),2600.0,465,"['string', 'sorting', 'z algorithm', 'greedy']",4,https://atcoder.jp/contests/abc434/tasks/abc434_f,https://atcoder-tagged-backend.onrender.com/problems/all,2.3.0-sponsor-abc-kenkoooo-diff,ja,2026-06-04T18:46:05.900291+00:00,79.376,,,,
atcoder,abc,public_sponsored_abc,sky,abc434,"Ｓｋｙ Inc, Programming Contest 2025 (AtCoder Beginner Contest 434)",2025,2025-11-29,1764417600.0,2025.5,abc434_g,G,Keyboard,G. Keyboard,3645.0,86,"['segment tree', 'binary search', 'data structure', 'string']",4,https://atcoder.jp/contests/abc434/tasks/abc434_g,https://atcoder-tagged-backend.onrender.com/problems/all,2.3.0-sponsor-abc-kenkoooo-diff,ja,2026-06-04T18:46:05.900291+00:00,100.0,,,,
atcoder,abc,public_sponsored_abc,unique_vision,abc437,UNIQUE VISION Programming Contest 2025 Christmas (AtCoder Beginner Contest 437),2025,2025-12-20,1766232000.0,2025.5,abc437_a,A,Feet,A. Feet,-1191.0,13482,"['math', 'implementation']",2,https://atcoder.jp/contests/abc437/tasks/abc437_a,https://atcoder-tagged-backend.onrender.com/problems/all,2.3.0-sponsor-abc-kenkoooo-diff,ja,2026-06-04T18:46:05.900291+00:00,4.559,,,,
atcoder,abc,public_sponsored_abc,unique_vision,abc437,UNIQUE VISION Programming Contest 2025 Christmas (AtCoder Beginner Contest 437),2025,2025-12-20,1766232000.0,2025.5,abc437_b,B,Tombola,B. Tombola,-581.0,12045,"['simulation', 'brute force', 'implementation']",3,https://atcoder.jp/contests/abc437/tasks/abc437_b,https://atcoder-tagged-backend.onrender.com/problems/all,2.3.0-sponsor-abc-kenkoooo-diff,ja,2026-06-04T18:46:05.900291+00:00,16.598,,,,
atcoder,abc,public_sponsored_abc,unique_vision,abc437,UNIQUE VISION Programming Contest 2025 Christmas (AtCoder Beginner Contest 437),2025,2025-12-20,1766232000.0,2025.5,abc437_c,C,Reindeer and Sleigh 2,C. Reindeer and Sleigh 2,489.0,9097,"['sorting', 'greedy', 'implementation']",3,https://atcoder.jp/contests/abc437/tasks/abc437_c,https://atcoder-tagged-backend.onrender.com/problems/all,2.3.0-sponsor-abc-kenkoooo-diff,ja,2026-06-04T18:46:05.900291+00:00,37.715,,,,
atcoder,abc,public_sponsored_abc,unique_vision,abc437,UNIQUE VISION Programming Contest 2025 Christmas (AtCoder Beginner Contest 437),2025,2025-12-20,1766232000.0,2025.5,abc437_d,D,Sum of Differences,D. Sum of Differences,509.0,8153,"['sorting', 'binary search', 'prefix sum', 'implementation']",4,https://atcoder.jp/contests/abc437/tasks/abc437_d,https://atcoder-tagged-backend.onrender.com/problems/all,2.3.0-sponsor-abc-kenkoooo-diff,ja,2026-06-04T18:46:05.900291+00:00,38.109,,,,
atcoder,abc,public_sponsored_abc,unique_vision,abc437,UNIQUE VISION Programming Contest 2025 Christmas (AtCoder Beginner Contest 437),2025,2025-12-20,1766232000.0,2025.5,abc437_e,E,Sort Arrays,E. Sort Arrays,1279.0,3642,"['trie', 'dfs', 'sorting', 'implementation']",4,https://atcoder.jp/contests/abc437/tasks/abc437_e,https://atcoder-tagged-backend.onrender.com/problems/all,2.3.0-sponsor-abc-kenkoooo-diff,ja,2026-06-04T18:46:05.900291+00:00,53.306,,,,
atcoder,abc,public_sponsored_abc,unique_vision,abc437,UNIQUE VISION Programming Contest 2025 Christmas (AtCoder Beginner Contest 437),2025,2025-12-20,1766232000.0,2025.5,abc437_f,F,Manhattan Christmas Tree 2,F. Manhattan Christmas Tree 2,1332.0,3059,"['segment tree', 'manhattan distance', 'implementation']",3,https://atcoder.jp/contests/abc437/tasks/abc437_f,https://atcoder-tagged-backend.onrender.com/problems/all,2.3.0-sponsor-abc-kenkoooo-diff,ja,2026-06-04T18:46:05.900291+00:00,54.352,,,,
atcoder,abc,public_sponsored_abc,unique_vision,abc437,UNIQUE VISION Programming Contest 2025 Christmas (AtCoder Beginner Contest 437),2025,2025-12-20,1766232000.0,2025.5,abc437_g,G,Colorful Christmas Tree,G. Colorful Christmas Tree,2806.0,243,"['bipartite graph', 'max flow', 'greedy', 'implementation']",4,https://atcoder.jp/contests/abc437/tasks/abc437_g,https://atcoder-tagged-backend.onrender.com/problems/all,2.3.0-sponsor-abc-kenkoooo-diff,ja,2026-06-04T18:46:05.900291+00:00,83.442,,,,
